Year,Month,Day,Period,Agave PVS Solar,Badger 1,Pioneer PVS-Solar,Catclaw PVS-Solar,Chino Valley Solar,CO Bar C PVS-Solar,Mesquite 5 PVS-Solar,Cotton Center Solar,Desert Star Solar,Foothills Solar,Gila Bend Solar,Gillespie 1 Solar,Harquahala Sun 2 PVS-Solar,Hashknife 2 PVS-Solar,Hashknife 1 PVS-Solar,Hashknife I PVS-Solar,Hyder I Solar,Hyder II Solar,Ironwood PVS-Solar,Ironwood_PVS_Solar,Kitt PVS-Solar,Legacy Solar,Luke AFB Solar,Maricopa 1 PVS-Solar,Maricopa 2 PVS-Solar,New Solar,Paloma Solar,Papago Solar,Ajo Solar,Bagdad Solar,Prescott Solar,PVS Solar 5 HR,PVS Solar 5 HR ITC,PVS TBD Planned 2027 Solar,PVS TBD Planned 2029 Solar,Red Rock Solar,Saddle Mountain Solar,Sawtooth Solar,Serrano_PVS_Solar,Snowflake 1 PVS-Solar,Snowflake 2 PVS-Solar,Solana,SunStreams3 PVS-Solar,SunStreams4 PVS-Solar,Utility Owned DE,Yuma PVS-Solar,Arlington A,Arlington B,Arlington DB,Griffith A,Griffith B,Griffith DB,Harquahala 2022,Harquahala 2023,Redhawk 1 A,Redhawk 1 B,Redhawk 1 DB,Redhawk 2 A,Redhawk 2 B,Redhawk 2 DB,South Point A,South Point B,South Point DB,West Phoenix CC1,West Phoenix CC2,West Phoenix CC3,West Phoenix CC4,West Phoenix CC5 A,West Phoenix CC5 B,West Phoenix CC5 DB,Future LM6000 CT 1,Future LM6000 CT 10,Future LM6000 CT 11,Future LM6000 CT 12,Future LM6000 CT 2,Future LM6000 CT 3,Future LM6000 CT 4,Future LM6000 CT 5,Future LM6000 CT 6,Future LM6000 CT 7,Future LM6000 CT 8,Future LM6000 CT 9,Ocotillo CT 1,Ocotillo CT 2,Ocotillo CT 3,Ocotillo CT 4,Ocotillo CT 5,Ocotillo CT 6,Ocotillo CT 7,Redhawk  CT1,Redhawk  CT2,Redhawk  CT3,Redhawk  CT4,Redhawk  CT5,Redhawk  CT6,Redhawk  CT7,Redhawk  CT8,Redhawk Generating Station (ProEnergy Services) BTA,Saguaro CT 1,Saguaro CT 2,Saguaro CT 3,Sundance CT 1,Sundance CT 10,Sundance CT 2,Sundance CT 3,Sundance CT 4,Sundance CT 5,Sundance CT 6,Sundance CT 7,Sundance CT 8,Sundance CT 9,Sundance CT11,Sundance CT12,West Phoenix CT 1,West Phoenix CT 2,Yucca CT 1,Yucca CT 2,Yucca CT 3,Yucca CT 5,Yucca CT 6,Douglas,Microgrid - FUTURE,Microgrid XHLF,Microgrid Forrest Lakes,Microgrid Preacher,Microgrid Punkin Center,Microgrid Aligned,Microgrid City of Phx,Microgrid MCASY,Microgrid TSMC,Yucca CT 4,Cholla 1,Cholla 3,Four Corners 4,Four Corners 5,Aragonne,Chevelon Butte,Chevelon Butte II,High Lonesome,Perrin Ranch,West Camp (100MW) (AES),West Camp,Demand Side Curtailment Area1 First Block,Demand Side Curtailment Area1 Second Block,EE_Baseline,Embedded_DG,Incremental_DG,Cedarvale Wind Project (Agua Fria) WindNM,NM Wind FC,Solar Tranche 1,Solar Tranche 2,Solar Tranche 3,Solar Tranche 4,Solar Tranche 5,Solar Tranche 6,AZ Wind Tranche 1,NM Wind Tranche 4,New WindNMT4 (actually T3) Early,New WindNMWC,Generic AdvNuc,New_FC_CCS_F,New_FC_CCS_H,Generic FC LgFrameCT,Generic SMR,NM Wind Hidalgo,NMWindTranche2_NEW,Pyramid Mountain Wind (EDF Renewables),Updated_CCS_F,Updated_CCS_F_TL,Updated_CCS_H,Updated_CCS_H_TL,Updated_LgFrameCT,Updated_LgFrameCT_TL,AGX,Eastern Mining Load,External,Short-Term Purch,Summer Purchase 1,Summer Purchase 2,TempGen,Vitol_75 Summer 2022,Palo Verde 1,Palo Verde 2,Palo Verde 3,CE TURBO,Novo BioPower,WM Landfill,Arlington A_2030,Arlington B_2030,Arlington DB_2030,Redhawk 1 A_2030,Redhawk 1 B_2030,Redhawk 1 DB_2030,Redhawk 2 A_2030,Redhawk 2 B_2030,Redhawk 2 DB_2030,Redhawk EPC CT1_2030,Redhawk EPC CT2_2030,Redhawk EPC CT3_2030,Redhawk EPC CT4_2030,Redhawk EPC CT5_2030,Redhawk EPC CT6_2030,Redhawk EPC CT7_2030,Redhawk EPC CT8_2030,Redhawk Generating Station (ProEnergy Services) BTA_2030,Sundance CT 1_2030,Sundance CT 10_2030,Sundance CT 2_2030,Sundance CT 3_2030,Sundance CT 4_2030,Sundance CT 5_2030,Sundance CT 6_2030,Sundance CT 7_2030,Sundance CT 8_2030,Sundance CT 9_2030,Sundance EPC 1_2030,Sundance EPC 2_2030,Eagle PumpHydro ,SRP PumpHydro Phase 1,SRP PumpHydro Phase 2,Cedarvale Wind Project (Agua Fria) WindNM_2030,Cedarvale Wind Project (Agua Fria) WindNM_2031,Cedarvale Wind Project (Agua Fria) WindNM_2032,Cedarvale Wind Project (Agua Fria) WindNM_2033,Cedarvale Wind Project (Agua Fria) WindNM_2034,Cedarvale Wind Project (Agua Fria) WindNM_2035,Eagle PumpHydro _2034,Eagle PumpHydro _2035,Eagle PumpHydro _2036,Eagle PumpHydro _2037,Eagle PumpHydro _2038,Eagle PumpHydro _2039,New Mexico WindNMT2 (FC Wind)_2032,New Mexico WindNMT2 (FC Wind)_2033,Solar Tranche 1_2029,Solar Tranche 1_2030,Solar Tranche 1_2031,Solar Tranche 1_2032,Solar Tranche 1_2033,Solar Tranche 1_2034,Solar Tranche 1_2035,Solar Tranche 1_2036,Solar Tranche 1_2037,Solar Tranche 1_2038,Solar Tranche 1_2039,Solar Tranche 2_2029,Solar Tranche 2_2030,Solar Tranche 2_2031,Solar Tranche 2_2032,Solar Tranche 2_2033,Solar Tranche 2_2034,Solar Tranche 2_2035,Solar Tranche 2_2036,Solar Tranche 2_2037,Solar Tranche 2_2038,Solar Tranche 2_2039,Solar Tranche 3_2029,Solar Tranche 3_2030,Solar Tranche 3_2031,Solar Tranche 3_2032,Solar Tranche 3_2033,Solar Tranche 3_2034,Solar Tranche 3_2035,Solar Tranche 3_2036,Solar Tranche 3_2037,Solar Tranche 3_2038,Solar Tranche 3_2039,Solar Tranche 4_2040,Solar Tranche 4_2041,Solar Tranche 4_2042,Solar Tranche 4_2043,Solar Tranche 4_2044,Solar Tranche 5_2040,Solar Tranche 5_2041,Solar Tranche 5_2042,Solar Tranche 5_2043,Solar Tranche 5_2044,Solar Tranche 6_2040,Solar Tranche 6_2041,Solar Tranche 6_2042,Solar Tranche 6_2043,Solar Tranche 6_2044,AZ Wind Tranche 1_2030,AZ Wind Tranche 1_2031,AZ Wind Tranche 1_2032,AZ Wind Tranche 1_2033,AZ Wind Tranche 1_2034,AZ Wind Tranche 1_2035,AZ Wind Tranche 1_2036,AZ Wind Tranche 1_2037,AZ Wind Tranche 1_2038,AZ Wind Tranche 1_2039,AZ Wind Tranche 1_2040,AZ Wind Tranche 1_2041,AZ Wind Tranche 1_2042,AZ Wind Tranche 1_2043,AZ Wind Tranche 1_2044,New WindNMT4 (actually T3)_2040,New WindNMT4 (actually T3)_2041,New WindNMT4 (actually T3)_2042,New WindNMT4 (actually T3)_2043,New WindNMT4 (actually T3)_2044,Generic AdvNuc_2040,Generic AdvNuc_2041,Generic AdvNuc_2042,Generic AdvNuc_2043,Generic AdvNuc_2044,Generic SMR_2040,Generic SMR_2041,Generic SMR_2042,Generic SMR_2043,Generic SMR_2044,NM Wind Hidalgo_2030,NM Wind Hidalgo_2031,NM Wind Hidalgo_2032,NM Wind Hidalgo_2033,Pyramid Mountain Wind (EDF Renewables)_2030,Pyramid Mountain Wind (EDF Renewables)_2031,Pyramid Mountain Wind (EDF Renewables)_2032,Pyramid Mountain Wind (EDF Renewables)_2033,SRP PumpHydro Phase 1_2034,SRP PumpHydro Phase 2_2036,SRP PumpHydro Phase 2_2037,SRP PumpHydro Phase 2_2038,SRP PumpHydro Phase 2_2039,Updated_CCS_F_2031,Updated_CCS_F_2032,Updated_CCS_F_2033,Updated_CCS_F_2034,Updated_CCS_F_2035,Updated_CCS_F_2036,Updated_CCS_F_2037,Updated_CCS_F_2038,Updated_CCS_F_2039,Updated_CCS_F_TL_2040,Updated_CCS_F_TL_2041,Updated_CCS_F_TL_2042,Updated_CCS_F_TL_2043,Updated_CCS_F_TL_2044,Updated_CCS_H_2031,Updated_CCS_H_2032,Updated_CCS_H_2033,Updated_CCS_H_2034,Updated_CCS_H_2035,Updated_CCS_H_2036,Updated_CCS_H_2037,Updated_CCS_H_2038,Updated_CCS_H_2039,Updated_CCS_H_TL_2040,Updated_CCS_H_TL_2041,Updated_CCS_H_TL_2042,Updated_CCS_H_TL_2043,Updated_CCS_H_TL_2044,Updated_LgFrameCT_2031,Updated_LgFrameCT_2032,Updated_LgFrameCT_2033,Updated_LgFrameCT_2034,Updated_LgFrameCT_2035,Updated_LgFrameCT_2036,Updated_LgFrameCT_2037,Updated_LgFrameCT_2038,Updated_LgFrameCT_2039,Updated_LgFrameCT_TL_2040,Updated_LgFrameCT_TL_2041,Updated_LgFrameCT_TL_2042,Updated_LgFrameCT_TL_2043,Updated_LgFrameCT_TL_2044
2029,1,1,1,0,0,0,0,0,0,0,0,0,0,0,0,0,0,0,0,0,0,0,0,0,0,0,0,0,0,0,0,0,0,0,0,0,0,0,0,0,0,0,0,0,0,0,0,0,0,0,0,0,0,0,0,0,0,257.1061,257.1061,0,253.5542,253.5542,0,0,0,0,0,0,0,0,0,0,0,0,0,0,0,0,0,0,0,0,0,0,0,0,0,0,0,0,0,0,0,0,0,0,0,0,0,0,0,0,0,0,0,0,0,0,0,0,0,0,0,0,0,0,0,0,0,0,0,0,0,0,0,0,0,0,0,0,0,0,0,0,0,0,403.0425,386.0325,107.1031,115.6023,110.1306,7.066139,0,0,183.9402,0,0,65.77078,0,0,0,0,0,0,0,0,0,0,0,0,0,0,0,0,0,0,0,0,0,0,0,0,0,0,0,0,73.47237,0,300,0,0,0,0,0,374.1562,374.7265,373.87,6.8176,12.5566,2.581,0,0,0,0,0,0,0,0,0,0,0,0,0,0,0,0,0,0,0,0,0,0,0,0,0,0,0,0,0,0,0,0,0,0,0,0,0,0,0,0,0,0,0,0,0,0,0,0,0,0,0,0,0,0,0,0,0,0,0,0,0,0,0,0,0,0,0,0,0,0,0,0,0,0,0,0,0,0,0,0,0,0,0,0,0,0,0,0,0,0,0,0,0,0,0,0,0,0,0,0,0,0,0,0,0,0,0,0,0,0,0,0,0,0,0,0,0,0,0,0,0,0,0,0,0,0,0,0,0,0,0,0,0,0,0,0,0,0,0,0,0,0,0,0,0,0,0,0,0,0,0,0,0,0,0,0,0,0,0,0,0,0,0,0,0,0,0,0,0,0,0,0,0,0,0,0,0,0,0,0
2029,1,1,2,0,0,0,0,0,0,0,0,0,0,0,0,0,0,0,0,0,0,0,0,0,0,0,0,0,0,0,0,0,0,0,0,0,0,0,0,0,0,0,0,0,0,0,0,0,0,0,0,0,0,0,0,0,0,257.1061,257.1061,0,253.5542,253.5542,0,0,0,0,0,0,0,0,0,0,0,0,0,0,0,0,0,0,0,0,0,0,0,0,0,0,0,0,0,0,0,0,0,0,0,0,0,0,0,0,0,0,0,0,0,0,0,0,0,0,0,0,0,0,0,0,0,0,0,0,0,0,0,0,0,0,0,0,0,0,0,0,0,0,403.0425,386.0325,54.12706,69.85258,63.41046,5.246073,0,0,190.2238,0,0,69.70206,0,0,0,0,0,0,0,0,0,0,0,0,0,0,0,0,0,0,0,0,0,0,0,0,0,0,0,0,73.24887,0,300,0,0,0,0,0,374.1562,374.7265,373.87,6.8176,12.5566,2.581,0,0,0,0,0,0,0,0,0,0,0,0,0,0,0,0,0,0,0,0,0,0,0,0,0,0,0,0,0,0,0,0,0,0,0,0,0,0,0,0,0,0,0,0,0,0,0,0,0,0,0,0,0,0,0,0,0,0,0,0,0,0,0,0,0,0,0,0,0,0,0,0,0,0,0,0,0,0,0,0,0,0,0,0,0,0,0,0,0,0,0,0,0,0,0,0,0,0,0,0,0,0,0,0,0,0,0,0,0,0,0,0,0,0,0,0,0,0,0,0,0,0,0,0,0,0,0,0,0,0,0,0,0,0,0,0,0,0,0,0,0,0,0,0,0,0,0,0,0,0,0,0,0,0,0,0,0,0,0,0,0,0,0,0,0,0,0,0,0,0,0,0,0,0,0,0,0,0,0,0
2029,1,1,3,0,0,0,0,0,0,0,0,0,0,0,0,0,0,0,0,0,0,0,0,0,0,0,0,0,0,0,0,0,0,0,0,0,0,0,0,0,0,0,0,0,0,0,0,0,0,0,0,0,0,0,0,0,0,257.1061,257.1061,0,253.5542,253.5542,0,0,0,0,0,0,0,0,0,0,0,0,0,0,0,0,0,0,0,0,0,0,0,0,0,0,0,0,0,0,0,0,0,0,0,0,0,0,0,0,0,0,0,0,0,0,0,0,0,0,0,0,0,0,0,0,0,0,0,0,0,0,0,0,0,0,0,0,0,0,0,0,0,0,403.0425,386.0325,161.9773,25.88605,23.37062,4.754552,0,0,98.08182,0,0,68.78493,0,0,0,0,0,0,0,0,0,0,0,0,0,0,0,0,0,0,0,0,0,0,0,0,0,0,0,0,71.77472,0,0,0,0,0,0,0,374.1562,374.7265,373.87,6.8176,12.5566,2.581,0,0,0,0,0,0,0,0,0,0,0,0,0,0,0,0,0,0,0,0,0,0,0,0,0,0,0,0,0,0,0,0,0,0,0,0,0,0,0,0,0,0,0,0,0,0,0,0,0,0,0,0,0,0,0,0,0,0,0,0,0,0,0,0,0,0,0,0,0,0,0,0,0,0,0,0,0,0,0,0,0,0,0,0,0,0,0,0,0,0,0,0,0,0,0,0,0,0,0,0,0,0,0,0,0,0,0,0,0,0,0,0,0,0,0,0,0,0,0,0,0,0,0,0,0,0,0,0,0,0,0,0,0,0,0,0,0,0,0,0,0,0,0,0,0,0,0,0,0,0,0,0,0,0,0,0,0,0,0,0,0,0,0,0,0,0,0,0,0,0,0,0,0,0,0,0,0,0,0,0
2029,1,1,4,0,0,0,0,0,0,0,0,0,0,0,0,0,0,0,0,0,0,0,0,0,0,0,0,0,0,0,0,0,0,0,0,0,0,0,0,0,0,0,0,0,0,0,0,0,0,0,0,0,0,0,0,0,0,257.1061,257.1061,0,253.5542,253.5542,0,0,0,0,0,0,0,0,0,0,0,0,0,0,0,0,0,0,0,0,0,0,0,0,0,0,0,0,0,0,0,0,0,0,0,0,0,0,0,0,0,0,0,0,0,0,0,0,0,0,0,0,0,0,0,0,0,0,0,0,0,0,0,0,0,0,0,0,0,0,0,0,0,0,403.0425,386.0325,74.13069,57.87463,52.55756,2.610342,0,0,60.72433,0,0,72.53651,0,0,0,0,0,0,0,0,0,0,0,0,0,0,0,0,0,0,0,0,0,0,0,0,0,0,0,0,72.64964,0,0,0,0,0,0,0,374.1562,374.7265,373.87,6.8176,12.5566,2.581,0,0,0,0,0,0,0,0,0,0,0,0,0,0,0,0,0,0,0,0,0,0,0,0,0,0,0,0,0,0,0,0,0,0,0,0,0,0,0,0,0,0,0,0,0,0,0,0,0,0,0,0,0,0,0,0,0,0,0,0,0,0,0,0,0,0,0,0,0,0,0,0,0,0,0,0,0,0,0,0,0,0,0,0,0,0,0,0,0,0,0,0,0,0,0,0,0,0,0,0,0,0,0,0,0,0,0,0,0,0,0,0,0,0,0,0,0,0,0,0,0,0,0,0,0,0,0,0,0,0,0,0,0,0,0,0,0,0,0,0,0,0,0,0,0,0,0,0,0,0,0,0,0,0,0,0,0,0,0,0,0,0,0,0,0,0,0,0,0,0,0,0,0,0,0,0,0,0,0,0
2029,1,1,5,0,0,0,0,0,0,0,0,0,0,0,0,0,0,0,0,0,0,0,0,0,0,0,0,0,0,0,0,0,0,0,0,0,0,0,0,0,0,0,0,0,0,0,0,0,0,0,0,0,0,0,0,0,0,257.1061,257.1061,0,253.5542,253.5542,0,0,0,0,0,0,0,0,0,0,0,0,0,0,0,0,0,0,0,0,0,0,0,0,0,0,0,0,0,0,0,0,0,0,0,0,0,0,0,0,0,0,0,0,0,0,0,0,0,0,0,0,0,0,0,0,0,0,0,0,0,0,0,0,0,0,0,0,0,0,0,0,0,0,403.0425,386.0325,69.12179,103.9809,97.40218,2.796795,0,0,26.85223,0,0,76.8542,0,0,0,0,0,0,0,0,0,0,0,0,0,0,0,0,0,0,0,0,0,0,0,0,0,0,0,0,74.01749,0,0,0,0,0,0,0,374.1562,374.7265,373.87,6.8176,12.5566,2.581,0,0,0,0,0,0,0,0,0,0,0,0,0,0,0,0,0,0,0,0,0,0,0,0,0,0,0,0,0,0,0,0,0,0,0,0,0,0,0,0,0,0,0,0,0,0,0,0,0,0,0,0,0,0,0,0,0,0,0,0,0,0,0,0,0,0,0,0,0,0,0,0,0,0,0,0,0,0,0,0,0,0,0,0,0,0,0,0,0,0,0,0,0,0,0,0,0,0,0,0,0,0,0,0,0,0,0,0,0,0,0,0,0,0,0,0,0,0,0,0,0,0,0,0,0,0,0,0,0,0,0,0,0,0,0,0,0,0,0,0,0,0,0,0,0,0,0,0,0,0,0,0,0,0,0,0,0,0,0,0,0,0,0,0,0,0,0,0,0,0,0,0,0,0,0,0,0,0,0,0
2029,1,1,6,0,0,0,0,0,0,0,0,0,0,0,0,0,0,0,0,0,0,0,0,0,0,0,0,0,0,0,0,0,0,0,0,0,0,0,0,0,0,0,0,0,0,0,0,0,0,0,0,0,0,0,0,0,0,257.1061,257.1061,0,253.5542,253.5542,0,0,0,0,0,0,0,0,0,0,0,0,0,0,0,0,0,0,0,0,0,0,0,0,0,0,0,0,0,0,0,0,0,0,0,0,0,0,0,0,0,0,0,0,0,0,0,0,0,0,0,0,0,0,0,0,0,0,0,0,0,0,0,0,0,0,0,0,0,0,0,0,0,0,403.0425,386.0325,113.8477,81.16808,74.20014,0.932265,0.8327317,0,0,0,0,93.70811,0,0,0,0,0,0,0,0,0,0,0,0,0,0,0,0,0,0,0,0,0,0,0,0,0,0,0,0,75.50228,0,0,0,0,0,0,0,374.1562,374.7265,373.87,6.8176,12.5566,2.581,0,0,0,0,0,0,0,0,0,0,0,0,0,0,0,0,0,0,0,0,0,0,0,0,0,0,0,0,0,0,0,0,0,0,0,0,0,0,0,0,0,0,0,0,0,0,0,0,0,0,0,0,0,0,0,0,0,0,0,0,0,0,0,0,0,0,0,0,0,0,0,0,0,0,0,0,0,0,0,0,0,0,0,0,0,0,0,0,0,0,0,0,0,0,0,0,0,0,0,0,0,0,0,0,0,0,0,0,0,0,0,0,0,0,0,0,0,0,0,0,0,0,0,0,0,0,0,0,0,0,0,0,0,0,0,0,0,0,0,0,0,0,0,0,0,0,0,0,0,0,0,0,0,0,0,0,0,0,0,0,0,0,0,0,0,0,0,0,0,0,0,0,0,0,0,0,0,0,0,0
2029,1,1,7,0,0,0,0,0,0,0,0,0,0,0,0,0,1.99,2.915,0,0,0,0,0,0,0,0,0,0,0,0,0,0,0,0,0,0,0,0,0,0,0,0,0,0,0,0,0,0,0,0,0,0,0,0,0,0,0,257.1061,257.1061,0,253.5542,253.5542,0,0,0,0,0,0,0,0,0,0,0,0,0,0,0,0,0,0,0,0,0,0,0,0,0,0,0,0,0,0,0,0,0,0,0,0,0,0,0,0,0,0,0,0,0,0,0,0,0,0,0,0,0,0,0,0,0,0,0,0,0,0,0,0,0,0,0,0,0,0,0,0,0,0,403.0425,386.0325,92.15955,25.37928,22.23265,0.4282508,2.185921,0,0,0,0,125.6922,0,0,0,0,0,0,0,0,0,0,0,0,0,0,0,0,0,0,0,0,0,0,0,0,0,0,0,0,74.73475,0,0,0,0,0,0,0,374.1562,374.7265,373.87,6.8176,12.5566,2.581,0,0,0,0,0,0,0,0,0,0,0,0,0,0,0,0,0,0,0,0,0,0,0,0,0,0,0,0,0,0,0,0,0,0,0,0,0,0,0,0,0,0,0,0,0,0,0,0,0,0,0,0,0,0,0,0,0,0,0,0,0,0,0,0,0,0,0,0,0,0,0,0,0,0,0,0,0,0,0,0,0,0,0,0,0,0,0,0,0,0,0,0,0,0,0,0,0,0,0,0,0,0,0,0,0,0,0,0,0,0,0,0,0,0,0,0,0,0,0,0,0,0,0,0,0,0,0,0,0,0,0,0,0,0,0,0,0,0,0,0,0,0,0,0,0,0,0,0,0,0,0,0,0,0,0,0,0,0,0,0,0,0,0,0,0,0,0,0,0,0,0,0,0,0,0,0,0,0,0,0
2029,1,1,8,0,0,0,2.3625,0,0,0,0,0.08812,0.298827,0.290266,0.1135388,0,73.232,106.205,0,0,0.122696,0,0,0.80093,0.02193787,0.093645,0,0,0,0.094009,0,0,0,0,0,0,0,0,0.338416,0,0,0,3.147858,0.590223,0,0,0,0,0,0,0,0,0,0,0,0,0,257.1061,257.1061,0,253.5542,253.5542,0,0,0,0,0,0,0,0,0,0,0,0,0,0,0,0,0,0,0,0,0,0,0,0,0,0,0,0,0,0,0,0,0,0,0,0,0,0,0,0,0,0,0,0,0,0,0,0,0,0,0,0,0,0,0,0,0,0,0,0,0,0,0,0,0,0,0,0,0,0,0,0,0,0,403.0425,386.0325,125.4299,21.59241,18.77658,0,10.30506,0,0,0,0,125.1467,32.344,16.8147,0,0,0,0,0,0,0,0,0,0,0,0,0,0,0,0,0,0,0,0,0,0,0,0,0,0,73.13062,0,0,0,0,0,0,0,374.1562,374.7265,373.87,6.8176,12.5566,2.581,0,0,0,0,0,0,0,0,0,0,0,0,0,0,0,0,0,0,0,0,0,0,0,0,0,0,0,0,0,0,0,0,0,0,0,0,0,0,0,0,0,0,0,0,0,0,0,4.315878,0,0,0,0,0,0,0,0,0,0,0.049469,0,0,0,0,0,0,0,0,0,0,0,0,0,0,0,0,0,0,0,0,0,0,0,0,0,0,0,0,0,0,0,0,0,0,0,0,0,0,0,0,0,0,0,0,0,0,0,0,0,0,0,0,0,0,0,0,0,0,0,0,0,0,0,0,0,0,0,0,0,0,0,0,0,0,0,0,0,0,0,0,0,0,0,0,0,0,0,0,0,0,0,0,0,0,0,0,0,0,0,0,0,0,0,0,0,0,0,0,0,0,0,0,0,0,0,0,0,0,0,0,0
2029,1,1,9,8.617786,0.9077121,89.30366,48.2175,1.43224,49.81367,21.7249,1.067213,2.860938,9.701805,9.423844,3.686182,69.59061,121.6885,173.69,0,0.943898,3.983484,81.3792,0,38.3506,0.658136,3.040315,61.89136,124.4387,0,2.820279,66.315,0.2279825,1.064916,0.7581544,0,0,0,0,11.26084,0.8294001,0,57.34769,164.5504,30.8532,0,79.71996,79.90882,3.753803,23.73573,0,0,0,0,0,0,0,0,257.1061,0,0,253.5542,253.5542,0,0,0,0,0,0,0,0,0,0,0,0,0,0,0,0,0,0,0,0,0,0,0,0,0,0,0,0,0,0,0,0,0,0,0,0,0,0,0,0,0,0,0,0,0,0,0,0,0,0,0,0,0,0,0,0,0,0,0,0,0,0,0,0,0,0,0,0,0,0,0,0,0,0,403.0425,386.0325,178.4988,28.76603,25.30939,0,22.06739,0,0,0,0,130.1873,170.9256,202.7655,0,0,0,0,0,0,0,0,0,0,0,0,0,0,0,0,0,0,0,0,0,0,0,0,0,0,72.15222,0,0,0,0,0,0,0,374.1562,374.7265,373.87,6.8176,12.5566,2.581,0,0,0,0,0,0,0,0,0,0,0,0,0,0,0,0,0,0,0,0,0,0,0,0,0,0,0,0,0,0,0,0,0,0,0,0,0,0,0,0,0,0,0,0,0,0,0,143.6113,0,0,0,0,0,0,0,0,0,0,1.646072,0,0,0,0,0,0,0,0,0,0,0,0,0,0,0,0,0,0,0,0,0,0,0,0,0,0,0,0,0,0,0,0,0,0,0,0,0,0,0,0,0,0,0,0,0,0,0,0,0,0,0,0,0,0,0,0,0,0,0,0,0,0,0,0,0,0,0,0,0,0,0,0,0,0,0,0,0,0,0,0,0,0,0,0,0,0,0,0,0,0,0,0,0,0,0,0,0,0,0,0,0,0,0,0,0,0,0,0,0,0,0,0,0,0,0,0,0,0,0,0,0
2029,1,1,10,35.52636,8.124464,227.3496,162.6975,12.31542,137.883,50.2687,9.552075,6.207482,21.05036,20.44726,7.998044,155.8438,115.3205,164.945,0,8.448342,8.64311,138.348,0,83.00271,1.294334,6.596682,138.7207,278.9116,0,5.54655,116.955,2.040554,9.156908,6.519151,0,0,0,0,24.56475,7.423533,0,112.1852,217.4438,40.77072,117.4772,155.4911,72.01084,10.90619,53.42286,0,0,0,0,0,0,0,0,0,0,0,0,0,0,0,0,0,0,0,0,0,0,0,0,0,0,0,0,0,0,0,0,0,0,0,0,0,0,0,0,0,0,0,0,0,0,0,0,0,0,0,0,0,0,0,0,0,0,0,0,0,0,0,0,0,0,0,0,0,0,0,0,0,0,0,0,0,0,0,0,0,0,0,0,0,0,0,403.0425,356.2017,163.9953,20.31799,17.47001,0,20.08965,0,0,0,0,132.3872,343.344,448.0623,0,0,0,0,0,0,0,0,0,0,0,0,0,0,0,0,0,0,0,0,0,0,0,0,0,0,74.26711,0,1000,0,0,0,0,0,374.1562,374.7265,373.87,6.8176,12.5566,2.581,0,0,0,0,0,0,0,0,0,0,0,0,0,0,0,0,0,0,0,0,0,0,0,0,0,0,0,0,0,0,0,0,0,0,0,0,0,0,0,0,0,0,0,0,0,0,0,313.2781,0,0,0,0,0,0,0,0,0,0,3.590794,0,0,0,0,0,0,0,0,0,0,0,0,0,0,0,0,0,0,0,0,0,0,0,0,0,0,0,0,0,0,0,0,0,0,0,0,0,0,0,0,0,0,0,0,0,0,0,0,0,0,0,0,0,0,0,0,0,0,0,0,0,0,0,0,0,0,0,0,0,0,0,0,0,0,0,0,0,0,0,0,0,0,0,0,0,0,0,0,0,0,0,0,0,0,0,0,0,0,0,0,0,0,0,0,0,0,0,0,0,0,0,0,0,0,0,0,0,0,0,0,0
2029,1,1,11,103.2359,9.293115,233.4231,183.4425,12.36469,153.4895,48.60448,10.92608,7.100388,24.07832,23.38846,9.148511,172.5063,71.043,100.98,0,9.663581,9.886365,140.0616,0,84.63229,2.56673,7.545571,146.7054,294.9658,0,10.99909,116.61,2.334074,9.193539,6.545229,0,0,0,0,28.15017,8.49136,0,117.2711,180.2146,33.79023,213.0771,156.8516,146.1322,18.8734,54.27246,0,0,0,0,0,0,0,0,0,0,0,0,0,0,0,0,0,0,0,0,0,0,0,0,0,0,0,0,0,0,0,0,0,0,0,0,0,0,0,0,0,0,0,0,0,0,0,0,0,0,0,0,0,0,0,0,0,0,0,0,0,0,0,0,0,0,0,0,0,0,0,0,0,0,0,0,0,0,0,0,0,0,0,0,0,0,0,403.0425,349.7559,194.64,13.71136,11.48511,0,13.94826,0,0,0,0,124.5779,488.892,655.0668,0,0,0,0,0,0,0,0,0,0,0,0,0,0,0,0,0,0,0,0,0,0,0,0,0,0,75.71463,0,1000,0,0,0,0,0,374.1562,374.7265,373.87,6.8176,12.5566,2.581,0,0,0,0,0,0,0,0,0,0,0,0,0,0,0,0,0,0,0,0,0,0,0,0,0,0,0,0,0,0,0,0,0,0,0,0,0,0,0,0,0,0,0,0,0,0,0,359.0036,0,0,0,0,0,0,0,0,0,0,4.114899,0,0,0,0,0,0,0,0,0,0,0,0,0,0,0,0,0,0,0,0,0,0,0,0,0,0,0,0,0,0,0,0,0,0,0,0,0,0,0,0,0,0,0,0,0,0,0,0,0,0,0,0,0,0,0,0,0,0,0,0,0,0,0,0,0,0,0,0,0,0,0,0,0,0,0,0,0,0,0,0,0,0,0,0,0,0,0,0,0,0,0,0,0,0,0,0,0,0,0,0,0,0,0,0,0,0,0,0,0,0,0,0,0,0,0,0,0,0,0,0,0
2029,1,1,12,102.8322,9.411133,223.8942,175.6125,11.81291,149.8508,45.05601,11.06483,7.19056,24.3841,23.68549,9.264692,172.5063,84.376,119.7625,0,9.786304,10.01192,132.2328,0,80.45042,3.049364,7.641396,137.8802,277.2217,0,13.0673,109.38,2.363716,8.783277,6.253148,0,0,0,0,28.53026,8.599195,0,113.0631,280.5211,52.59771,195.0738,151.1209,155.3549,22.80721,52.04991,0,0,0,0,0,0,0,0,0,0,0,0,0,0,0,0,0,0,0,0,0,0,0,0,0,0,0,0,0,0,0,0,0,0,0,0,0,0,0,0,0,0,0,0,0,0,0,0,0,0,0,0,0,0,0,0,0,0,0,0,0,0,0,0,0,0,0,0,0,0,0,0,0,0,0,0,0,0,0,0,0,0,0,0,0,0,0,403.0425,386.0325,194.64,18.58747,15.99486,0,14.98917,0,0,0,0,121.6162,583.6848,790.0083,0,0,0,0,0,0,0,0,0,0,0,0,0,0,0,0,0,0,0,0,0,0,0,0,0,0,76.10724,0,1000,0,0,0,0,0,374.1562,374.7265,373.87,6.8176,12.5566,2.581,0,0,0,0,0,0,0,0,0,0,0,0,0,0,0,0,0,0,0,0,0,0,0,0,0,0,0,0,0,0,0,0,0,0,0,0,0,0,0,0,0,0,0,0,0,0,0,363.8509,0,0,0,0,0,0,0,0,0,0,4.170459,0,0,0,0,0,0,0,0,0,0,0,0,0,0,0,0,0,0,0,0,0,0,0,0,0,0,0,0,0,0,0,0,0,0,0,0,0,0,0,0,0,0,0,0,0,0,0,0,0,0,0,0,0,0,0,0,0,0,0,0,0,0,0,0,0,0,0,0,0,0,0,0,0,0,0,0,0,0,0,0,0,0,0,0,0,0,0,0,0,0,0,0,0,0,0,0,0,0,0,0,0,0,0,0,0,0,0,0,0,0,0,0,0,0,0,0,0,0,0,0,0
2029,1,1,13,99.05602,9.840896,215.0386,171.405,11.35967,139.7705,42.35265,11.57011,7.518919,25.49761,24.76709,9.687767,163.685,69.7495,98.7525,0,10.2332,10.46911,127.6464,0,77.95358,3.224866,7.990343,131.309,264.0097,0,13.81937,104.625,2.471656,8.446275,6.013224,0,0,0,0,29.87519,8.991881,0,109.4536,273.5514,51.29089,183.4514,146.77,149.7519,24.31716,49.82449,0,0,0,0,0,0,0,0,0,0,0,0,0,0,0,0,0,0,0,0,0,0,0,0,0,0,0,0,0,0,0,0,0,0,0,0,0,0,0,0,0,0,0,0,0,0,0,0,0,0,0,0,0,0,0,0,0,0,0,0,0,0,0,0,0,0,0,0,0,0,0,0,0,0,0,0,0,0,0,0,0,0,0,0,0,0,0,403.0425,276.1364,194.64,43.53312,38.60683,0,15.50963,0,0,0,0,131.3435,620.0096,841.8654,0,0,0,0,0,0,0,0,0,0,0,0,0,0,0,0,0,0,0,0,0,0,0,0,0,0,76.34328,0,1000,0,0,0,0,0,374.1562,374.7265,373.87,6.8176,12.5566,2.581,0,0,0,0,0,0,0,0,0,0,0,0,0,0,0,0,0,0,0,0,0,0,0,0,0,0,0,0,0,0,0,0,0,0,0,0,0,0,0,0,0,0,0,0,0,0,0,381.003,0,0,0,0,0,0,0,0,0,0,4.367057,0,0,0,0,0,0,0,0,0,0,0,0,0,0,0,0,0,0,0,0,0,0,0,0,0,0,0,0,0,0,0,0,0,0,0,0,0,0,0,0,0,0,0,0,0,0,0,0,0,0,0,0,0,0,0,0,0,0,0,0,0,0,0,0,0,0,0,0,0,0,0,0,0,0,0,0,0,0,0,0,0,0,0,0,0,0,0,0,0,0,0,0,0,0,0,0,0,0,0,0,0,0,0,0,0,0,0,0,0,0,0,0,0,0,0,0,0,0,0,0,0
2029,1,1,14,102.5289,10.61031,217.2154,176.625,11.79321,144.4219,41.38852,12.47473,8.10679,27.49115,26.70352,10.44521,170.546,68.1575,96.2775,0,11.03329,11.28765,129.8808,0,79.03271,3.224866,8.615073,135.5879,272.6129,0,13.81937,106.11,2.664904,8.768624,6.242716,0,0,0,0,32.23612,9.694917,0,113.5486,286.3692,53.69423,193.7064,151.8905,145.5147,23.16483,50.50323,0,0,0,0,0,0,0,0,0,0,0,0,0,0,0,0,0,0,0,0,0,0,0,0,0,0,0,0,0,0,0,0,0,0,0,0,0,0,0,0,0,0,0,0,0,0,0,0,0,0,0,0,0,0,0,0,0,0,0,0,0,0,0,0,0,0,0,0,0,0,0,0,0,0,0,0,0,0,0,0,0,0,0,0,0,0,0,403.0425,386.0325,167.6955,45.3405,40.27165,0,19.5692,0,10.16163,0,0,121.9319,592.2684,802.3014,0,0,0,0,0,0,0,0,0,0,0,0,0,0,0,0,0,0,0,0,0,0,0,0,0,0,77.05611,0,1000,0,0,0,0,0,374.1562,374.7265,373.87,6.8176,12.5566,2.581,0,0,0,0,0,0,0,0,0,0,0,0,0,0,0,0,0,0,0,0,0,0,0,0,0,0,0,0,0,0,0,0,0,0,0,0,0,0,0,0,0,0,0,0,0,0,0,411.1123,0,0,0,0,0,0,0,0,0,0,4.712169,0,0,0,0,0,0,0,0,0,0,0,0,0,0,0,0,0,0,0,0,0,0,0,0,0,0,0,0,0,0,0,0,0,0,0,0,0,0,0,0,0,0,0,0,0,0,0,0,0,0,0,0,0,0,0,0,0,0,0,0,0,0,0,0,0,0,0,0,0,0,0,0,0,0,0,0,0,0,0,0,0,0,0,0,0,0,0,0,0,0,0,0,0,0,0,0,0,0,0,0,0,0,0,0,0,0,0,0,0,0,0,0,0,0,0,0,0,0,0,0,0
2029,1,1,15,107.8615,11.32431,226.6105,176.6475,12.63072,155.53,46.17516,13.31419,8.652316,29.3411,28.50047,11.1481,178.3872,37.7105,52.6075,0,11.77575,12.04722,136.4832,0,80.41082,2.917736,9.194803,143.4199,288.3597,0,12.50324,111.615,2.844232,9.391344,6.686054,0,0,0,0,34.4144,10.34731,0,118.9899,300.582,56.35913,215.1281,159.3555,129.5304,19.50917,52.50245,0,0,0,0,0,0,0,0,0,0,0,0,0,0,0,0,0,0,0,0,0,0,0,0,0,0,0,0,0,0,0,0,0,0,0,0,0,0,0,0,0,0,0,0,0,0,0,0,0,0,0,0,0,0,0,0,0,0,0,0,0,0,0,0,0,0,0,0,0,0,0,0,0,0,0,0,0,0,0,0,0,0,0,0,0,0,0,403.0425,276.1364,141.038,37.74995,33.86528,0,23.42058,0,0,0,0,121.4251,504.1932,676.9683,0,0,0,0,0,0,0,0,0,0,0,0,0,0,0,0,0,0,0,0,0,0,0,0,0,0,78.21749,0,1000,0,0,0,0,0,374.1562,374.7265,373.87,6.8176,12.5566,2.581,0,0,0,0,0,0,0,0,0,0,0,0,0,0,0,0,0,0,0,0,0,0,0,0,0,0,0,0,0,0,0,0,0,0,0,0,0,0,0,0,0,0,0,0,0,0,0,438.8922,0,0,0,0,0,0,0,0,0,0,5.030583,0,0,0,0,0,0,0,0,0,0,0,0,0,0,0,0,0,0,0,0,0,0,0,0,0,0,0,0,0,0,0,0,0,0,0,0,0,0,0,0,0,0,0,0,0,0,0,0,0,0,0,0,0,0,0,0,0,0,0,0,0,0,0,0,0,0,0,0,0,0,0,0,0,0,0,0,0,0,0,0,0,0,0,0,0,0,0,0,0,0,0,0,0,0,0,0,0,0,0,0,0,0,0,0,0,0,0,0,0,0,0,0,0,0,0,0,0,0,0,0,0
2029,1,1,16,108.6944,11.23403,229.206,183.7125,12.82778,154.5864,47.48333,13.20805,8.583343,29.1072,28.27327,11.05923,181.3277,30.3475,43.395,0,11.68187,11.95119,138.6336,0,80.91375,2.281538,9.121505,143.4199,288.3597,0,9.776969,112.875,2.821558,9.537866,6.790369,0,0,0,0,34.11647,10.26483,0,114.6612,305.0633,57.19936,218.3185,161.4291,134.4434,11.89957,52.96565,0,0,0,0,0,0,0,0,0,0,0,0,0,0,0,0,0,0,0,0,0,0,0,0,0,0,0,0,0,0,0,0,0,0,0,0,0,0,0,0,0,0,0,0,0,0,0,0,0,0,0,0,0,0,0,0,0,0,0,0,0,0,0,0,0,0,0,0,0,0,0,0,0,0,0,0,0,0,0,0,0,0,0,0,0,0,0,403.0425,276.1364,169.7386,20.53701,17.91256,0,17.38328,0,20.47053,0,0,122.1784,367.2288,482.1156,0,0,0,0,0,0,0,0,0,0,0,0,0,0,0,0,0,0,0,0,0,0,0,0,0,0,77.70725,0,1000,0,0,0,0,0,374.1562,374.7265,373.87,6.8176,12.5566,2.581,0,0,0,0,0,0,0,0,0,0,0,0,0,0,0,0,0,0,0,0,0,0,0,0,0,0,0,0,0,0,0,0,0,0,0,0,0,0,0,0,0,0,0,0,0,0,0,435.0927,0,0,0,0,0,0,0,0,0,0,4.987032,0,0,0,0,0,0,0,0,0,0,0,0,0,0,0,0,0,0,0,0,0,0,0,0,0,0,0,0,0,0,0,0,0,0,0,0,0,0,0,0,0,0,0,0,0,0,0,0,0,0,0,0,0,0,0,0,0,0,0,0,0,0,0,0,0,0,0,0,0,0,0,0,0,0,0,0,0,0,0,0,0,0,0,0,0,0,0,0,0,0,0,0,0,0,0,0,0,0,0,0,0,0,0,0,0,0,0,0,0,0,0,0,0,0,0,0,0,0,0,0,0
2029,1,1,17,61.42604,3.289152,163.3714,89.55,1.481506,70.72318,23.89719,3.867114,4.680474,15.87208,15.41734,6.030567,294.0449,0,0,0,3.420273,6.516949,110.9136,0,39.1545,1.162707,4.973932,79.46545,159.7731,0,4.982494,79.83,0.8261091,1.101547,0.7842331,0,0,0,0,18.58127,3.005384,0,44.10031,105.5123,19.78356,197.7629,102.1645,110.3509,4.707454,38.81707,0,0,0,0,0,0,0,0,0,257.1061,0,0,0,0,0,0,0,0,0,0,0,223.6361,0,0,0,0,0,0,0,0,0,0,0,0,0,0,0,0,0,0,0,0,0,0,0,0,0,0,0,0,0,0,0,0,0,0,0,0,0,0,0,0,0,0,0,0,0,0,0,0,0,0,0,0,0,0,0,0,0,0,0,0,0,0,0,0,0,403.0425,386.0325,116.1417,0.7562338,0,0,12.49098,0,16.64151,0,0,113.1998,193.9396,235.4058,0,0,0,0,0,0,0,0,0,0,0,0,0,0,0,0,0,0,0,0,0,0,0,0,0,0,76.91399,0,0,0,0,0,0,0,374.1562,374.7265,373.87,6.8176,12.5566,2.581,0,0,0,0,0,0,0,0,0,0,0,0,0,0,0,0,0,0,0,0,0,0,0,0,0,0,0,0,0,0,0,0,0,0,0,0,0,0,0,0,0,0,0,0,0,0,0,236.9699,0,0,0,0,0,0,0,0,0,0,2.716149,0,0,0,0,0,0,0,0,0,0,0,0,0,0,0,0,0,0,0,0,0,0,0,0,0,0,0,0,0,0,0,0,0,0,0,0,0,0,0,0,0,0,0,0,0,0,0,0,0,0,0,0,0,0,0,0,0,0,0,0,0,0,0,0,0,0,0,0,0,0,0,0,0,0,0,0,0,0,0,0,0,0,0,0,0,0,0,0,0,0,0,0,0,0,0,0,0,0,0,0,0,0,0,0,0,0,0,0,0,0,0,0,0,0,0,0,0,0,0,0,0
2029,1,1,18,0,0,6.486884,3.555,0,0.400705,0,0,0.266878,0.905017,0.879088,0.3438595,294.0449,0,0,0,0,0.371593,0,0,1.222681,0.08775147,0.283611,2.750727,5.530608,0,0.376037,0,0,0,0,0,0,0,0,1.066226,0,0,0,0,0,30.90187,2.337307,0,0,3.136878,0,0,0,0,0,0,0,0,257.1061,257.1061,0,253.5542,253.5542,0,0,0,0,0,0,0,0,223.6361,0,0,0,0,0,0,0,0,0,0,0,0,0,0,0,0,0,0,0,0,0,0,0,0,0,0,0,0,0,0,0,0,0,0,0,0,0,0,0,0,0,0,0,0,0,0,0,0,0,0,0,0,0,0,0,0,0,0,0,0,0,0,0,0,0,403.0425,386.0325,139.8023,0,0,0.372906,12.59507,0,26.26315,0,0,122.4768,44.2864,23.0319,0,0,0,0,0,0,0,0,0,0,0,0,0,0,0,0,0,0,0,0,0,0,0,0,0,0,77.59266,0,0,0,0,0,0,0,374.1562,374.7265,373.87,6.8176,12.5566,2.581,0,0,0,0,0,0,0,0,0,0,0,0,0,0,0,0,0,0,0,0,0,0,0,0,0,0,0,0,0,0,0,0,0,0,0,0,0,0,0,0,0,0,0,0,0,0,0,13.59775,0,0,0,0,0,0,0,0,0,0,0.155857,0,0,0,0,0,0,0,0,0,0,0,0,0,0,0,0,0,0,0,0,0,0,0,0,0,0,0,0,0,0,0,0,0,0,0,0,0,0,0,0,0,0,0,0,0,0,0,0,0,0,0,0,0,0,0,0,0,0,0,0,0,0,0,0,0,0,0,0,0,0,0,0,0,0,0,0,0,0,0,0,0,0,0,0,0,0,0,0,0,0,0,0,0,0,0,0,0,0,0,0,0,0,0,0,0,0,0,0,0,0,0,0,0,0,0,0,0,0,0,0,0
2029,1,1,19,0,0,0,0,0,0,0,0,0,0,0,0,294.0449,0,0,0,0,0,0,0,0,0,0,0,0,0,0,0,0,0,0,0,0,0,0,0,0,0,0,0,0,0,0,0,0,0,0,0,0,0,0,0,0,0,257.1061,257.1061,0,253.5542,253.5542,0,0,0,0,0,0,0,0,223.6361,0,0,0,0,0,0,0,0,0,0,0,0,0,0,0,0,0,0,0,0,0,0,0,0,0,0,0,0,0,0,0,0,0,0,0,0,0,0,0,0,0,0,0,0,0,0,0,0,0,0,0,0,0,0,0,0,0,0,0,0,0,0,0,0,0,403.0425,386.0325,163.8805,0,0,1.025492,2.185921,0,0,0,0,101.5507,0,0,0,0,0,0,0,0,0,0,0,0,0,0,0,0,0,0,0,0,0,0,0,0,0,0,0,0,77.16051,0,0,0,0,0,0,0,374.1562,374.7265,373.87,6.8176,12.5566,2.581,0,0,0,0,0,0,0,0,0,0,0,0,0,0,0,0,0,0,0,0,0,0,0,0,0,0,0,0,0,0,0,0,0,0,0,0,0,0,0,0,0,0,0,0,0,0,0,0,0,0,0,0,0,0,0,0,0,0,0,0,0,0,0,0,0,0,0,0,0,0,0,0,0,0,0,0,0,0,0,0,0,0,0,0,0,0,0,0,0,0,0,0,0,0,0,0,0,0,0,0,0,0,0,0,0,0,0,0,0,0,0,0,0,0,0,0,0,0,0,0,0,0,0,0,0,0,0,0,0,0,0,0,0,0,0,0,0,0,0,0,0,0,0,0,0,0,0,0,0,0,0,0,0,0,0,0,0,0,0,0,0,0,0,0,0,0,0,0,0,0,0,0,0,0,0,0,0,0,0,0
2029,1,1,20,0,0,0,0,0,0,0,0,0,0,0,0,294.0449,0,0,0,0,0,0,0,0,0,0,0,0,0,0,0,0,0,0,0,0,0,0,0,0,0,0,0,0,0,0,0,0,0,0,0,0,0,0,0,0,0,257.1061,257.1061,0,253.5542,253.5542,0,0,0,0,0,0,0,0,223.6361,0,0,0,0,0,0,0,0,0,0,0,0,0,0,0,0,0,0,0,0,0,0,0,0,0,0,0,0,0,0,0,0,0,0,0,0,0,0,0,0,0,0,0,0,0,0,0,0,0,0,0,0,0,0,0,0,0,0,0,0,0,0,0,0,0,403.0425,386.0325,194.64,0,0,1.584851,2.706378,0,0,0,0,120.3993,0,0,0,0,0,0,0,0,0,0,0,0,0,0,0,0,0,0,0,0,0,0,0,0,0,0,0,0,76.8028,0,0,0,0,0,0,0,374.1562,374.7265,373.87,6.8176,12.5566,2.581,0,0,0,0,0,0,0,0,0,0,0,0,0,0,0,0,0,0,0,0,0,0,0,0,0,0,0,0,0,0,0,0,0,0,0,0,0,0,0,0,0,0,0,0,0,0,0,0,0,0,0,0,0,0,0,0,0,0,0,0,0,0,0,0,0,0,0,0,0,0,0,0,0,0,0,0,0,0,0,0,0,0,0,0,0,0,0,0,0,0,0,0,0,0,0,0,0,0,0,0,0,0,0,0,0,0,0,0,0,0,0,0,0,0,0,0,0,0,0,0,0,0,0,0,0,0,0,0,0,0,0,0,0,0,0,0,0,0,0,0,0,0,0,0,0,0,0,0,0,0,0,0,0,0,0,0,0,0,0,0,0,0,0,0,0,0,0,0,0,0,0,0,0,0,0,0,0,0,0,0
2029,1,1,21,0,0,0,0,0,0,0,0,0,0,0,0,112.7172,0,0,0,0,0,0,0,0,0,0,0,0,0,0,0,0,0,0,0,0,0,0,0,0,0,0,0,0,0,0,0,0,0,0,0,0,0,0,0,0,0,257.1061,257.1061,0,253.5542,253.5542,0,0,0,0,0,0,0,0,223.6361,0,0,0,0,0,0,0,0,0,0,0,0,0,0,0,0,0,0,0,0,0,0,0,0,0,0,0,0,0,0,0,0,0,0,0,0,0,0,0,0,0,0,0,0,0,0,0,0,0,0,0,0,0,0,0,0,0,0,0,0,0,0,0,0,0,403.0425,386.0325,194.64,0,0,2.237436,0,0,9.37619,0,0,122.6406,0,0,0,0,0,0,0,0,0,0,0,0,0,0,0,0,0,0,0,0,0,0,0,0,0,0,0,0,76.65176,0,218.9687,0,0,0,0,0,374.1562,374.7265,373.87,6.8176,12.5566,2.581,0,0,0,0,0,0,0,0,0,0,0,0,0,0,0,0,0,0,0,0,0,0,0,0,0,0,0,0,0,0,0,0,0,0,0,0,0,0,0,0,0,0,0,0,0,0,0,0,0,0,0,0,0,0,0,0,0,0,0,0,0,0,0,0,0,0,0,0,0,0,0,0,0,0,0,0,0,0,0,0,0,0,0,0,0,0,0,0,0,0,0,0,0,0,0,0,0,0,0,0,0,0,0,0,0,0,0,0,0,0,0,0,0,0,0,0,0,0,0,0,0,0,0,0,0,0,0,0,0,0,0,0,0,0,0,0,0,0,0,0,0,0,0,0,0,0,0,0,0,0,0,0,0,0,0,0,0,0,0,0,0,0,0,0,0,0,0,0,0,0,0,0,0,0,0,0,0,0,0,0
2029,1,1,22,0,0,0,0,0,0,0,0,0,0,0,0,0,0,0,0,0,0,0,0,0,0,0,0,0,0,0,0,0,0,0,0,0,0,0,0,0,0,0,0,0,0,0,0,0,0,0,0,0,0,0,0,0,0,257.1061,257.1061,0,253.5542,253.5542,0,0,0,0,0,0,0,0,223.6361,0,0,0,0,0,0,0,0,0,0,0,0,0,0,0,0,0,0,0,0,0,0,0,0,0,0,0,0,0,0,0,0,0,0,0,0,0,0,0,0,0,0,0,0,0,0,0,0,0,0,0,0,0,0,0,0,0,0,0,0,0,0,0,0,0,403.0425,386.0325,194.64,0,0,3.822287,0,0,0,0,0,89.73485,0,0,0,0,0,0,0,0,0,0,0,0,0,0,0,0,0,0,0,0,0,0,0,0,0,0,0,0,76.36599,0,126.938,0,0,0,0,0,374.1562,374.7265,373.87,6.8176,12.5566,2.581,0,0,0,0,0,0,0,0,0,0,0,0,0,0,0,0,0,0,0,0,0,0,0,0,0,0,0,0,0,0,0,0,0,0,0,0,0,0,0,0,0,0,0,0,0,0,0,0,0,0,0,0,0,0,0,0,0,0,0,0,0,0,0,0,0,0,0,0,0,0,0,0,0,0,0,0,0,0,0,0,0,0,0,0,0,0,0,0,0,0,0,0,0,0,0,0,0,0,0,0,0,0,0,0,0,0,0,0,0,0,0,0,0,0,0,0,0,0,0,0,0,0,0,0,0,0,0,0,0,0,0,0,0,0,0,0,0,0,0,0,0,0,0,0,0,0,0,0,0,0,0,0,0,0,0,0,0,0,0,0,0,0,0,0,0,0,0,0,0,0,0,0,0,0,0,0,0,0,0,0
2029,1,1,23,0,0,0,0,0,0,0,0,0,0,0,0,0,0,0,0,0,0,0,0,0,0,0,0,0,0,0,0,0,0,0,0,0,0,0,0,0,0,0,0,0,0,0,0,0,0,0,0,0,0,0,0,0,0,257.1061,257.1061,0,253.5542,253.5542,0,0,0,0,0,0,0,0,223.6361,0,0,0,0,0,0,0,0,0,0,0,0,0,0,0,0,0,0,0,0,0,0,0,0,0,0,0,0,0,0,0,0,0,0,0,0,0,0,0,0,0,0,0,0,0,0,0,0,0,0,0,0,0,0,0,0,0,0,0,0,0,0,0,0,0,403.0425,386.0325,194.64,0.848283,0,9.042971,0,0,17.27968,0,0,90.81425,0,0,0,0,0,0,0,0,0,0,0,0,0,0,0,0,0,0,0,0,0,0,0,0,0,0,0,0,74.67181,0,500,0,0,0,0,0,374.1562,374.7265,373.87,6.8176,12.5566,2.581,0,0,0,0,0,0,0,0,0,0,0,0,0,0,0,0,0,0,0,0,0,0,0,0,0,0,0,0,0,0,0,0,0,0,0,0,0,0,0,0,0,0,0,0,0,0,0,0,0,0,0,0,0,0,0,0,0,0,0,0,0,0,0,0,0,0,0,0,0,0,0,0,0,0,0,0,0,0,0,0,0,0,0,0,0,0,0,0,0,0,0,0,0,0,0,0,0,0,0,0,0,0,0,0,0,0,0,0,0,0,0,0,0,0,0,0,0,0,0,0,0,0,0,0,0,0,0,0,0,0,0,0,0,0,0,0,0,0,0,0,0,0,0,0,0,0,0,0,0,0,0,0,0,0,0,0,0,0,0,0,0,0,0,0,0,0,0,0,0,0,0,0,0,0,0,0,0,0,0,0
2029,1,1,24,0,0,0,0,0,0,0,0,0,0,0,0,0,0,0,0,0,0,0,0,0,0,0,0,0,0,0,0,0,0,0,0,0,0,0,0,0,0,0,0,0,0,0,0,0,0,0,0,0,0,0,0,0,0,257.1061,257.1061,0,253.5542,253.5542,0,0,0,0,0,0,0,0,223.6361,0,0,0,0,0,0,0,0,0,0,0,0,0,0,0,0,0,0,0,0,0,0,0,0,0,0,0,0,0,0,0,0,0,0,0,0,0,0,0,0,0,0,0,0,0,0,0,0,0,0,0,0,0,0,0,0,0,0,0,0,0,0,0,0,0,403.0425,386.0325,186.3636,16.26684,14.18253,12.86526,0,0,24.34864,0,0,91.72894,0,0,0,0,0,0,0,0,0,0,0,0,0,0,0,0,0,0,0,0,0,0,0,0,0,0,0,0,73.14448,0,0,0,0,0,0,0,374.1562,374.7265,373.87,6.8176,12.5566,2.581,0,0,0,0,0,0,0,0,0,0,0,0,0,0,0,0,0,0,0,0,0,0,0,0,0,0,0,0,0,0,0,0,0,0,0,0,0,0,0,0,0,0,0,0,0,0,0,0,0,0,0,0,0,0,0,0,0,0,0,0,0,0,0,0,0,0,0,0,0,0,0,0,0,0,0,0,0,0,0,0,0,0,0,0,0,0,0,0,0,0,0,0,0,0,0,0,0,0,0,0,0,0,0,0,0,0,0,0,0,0,0,0,0,0,0,0,0,0,0,0,0,0,0,0,0,0,0,0,0,0,0,0,0,0,0,0,0,0,0,0,0,0,0,0,0,0,0,0,0,0,0,0,0,0,0,0,0,0,0,0,0,0,0,0,0,0,0,0,0,0,0,0,0,0,0,0,0,0,0,0
2029,1,2,1,0,0,0,0,0,0,0,0,0,0,0,0,0,0,0,0,0,0,0,0,0,0,0,0,0,0,0,0,0,0,0,0,0,0,0,0,0,0,0,0,0,0,0,0,0,0,0,0,0,0,0,0,0,0,257.1061,257.3635,0,253.5542,253.808,0,0,0,0,0,0,0,0,131.2656,0,0,0,0,0,0,0,0,0,0,0,0,0,0,0,0,0,0,0,0,0,0,0,0,0,0,0,0,0,0,0,0,0,0,0,0,0,0,0,0,0,0,0,0,0,0,0,0,0,0,0,0,0,0,0,0,0,0,0,0,0,0,0,0,0,276.1364,276.1364,164.8125,20.79478,18.06008,18.08594,49.50492,0,28.22675,0,0,37.47934,0,0,0,0,0,0,0,0,0,0,0,0,0,0,0,0,0,0,0,0,0,0,0,0,0,0,0,0,73.92704,0,0,0,0,0,0,0,374.1562,374.7265,373.87,6.8176,12.5566,2.581,0,0,0,0,0,0,0,0,0,0,0,0,0,0,0,0,0,0,0,0,0,0,0,0,0,0,0,0,0,0,0,0,0,0,0,0,0,0,0,0,0,0,0,0,0,0,0,0,0,0,0,0,0,0,0,0,0,0,0,0,0,0,0,0,0,0,0,0,0,0,0,0,0,0,0,0,0,0,0,0,0,0,0,0,0,0,0,0,0,0,0,0,0,0,0,0,0,0,0,0,0,0,0,0,0,0,0,0,0,0,0,0,0,0,0,0,0,0,0,0,0,0,0,0,0,0,0,0,0,0,0,0,0,0,0,0,0,0,0,0,0,0,0,0,0,0,0,0,0,0,0,0,0,0,0,0,0,0,0,0,0,0,0,0,0,0,0,0,0,0,0,0,0,0,0,0,0,0,0,0
2029,1,2,2,0,0,0,0,0,0,0,0,0,0,0,0,0,0,0,0,0,0,0,0,0,0,0,0,0,0,0,0,0,0,0,0,0,0,0,0,0,0,0,0,0,0,0,0,0,0,0,0,0,0,0,0,0,0,257.1061,257.3635,0,253.5542,253.808,0,0,0,0,0,0,0,0,131.2656,0,0,0,0,0,0,0,0,0,0,0,0,0,0,3.612968,3.612968,0,0,0,0,0,0,0,0,0,0,0,0,0,0,0,0,0,0,0,0,0,0,0,0,0,0,0,0,0,3.225839,0,0,0,0,0,0,1.89,0,0,0,0,0,0,0,0,0,0,0,0,276.1364,276.1364,145.3263,9.291095,7.776158,10.62782,46.57477,0,72.30957,0,0,41.76614,0,0,0,0,0,0,0,0,0,0,0,0,0,0,0,0,0,0,0,0,0,0,0,0,0,0,0,0,73.48047,0,0,0,0,0,0,0,374.1562,374.7265,373.87,6.8176,12.5566,2.581,0,0,0,0,0,0,0,0,0,0,0,0,0,0,0,0,0,0,0,0,0,0,0,0,0,0,0,0,0,0,0,0,0,0,0,0,0,0,0,0,0,0,0,0,0,0,0,0,0,0,0,0,0,0,0,0,0,0,0,0,0,0,0,0,0,0,0,0,0,0,0,0,0,0,0,0,0,0,0,0,0,0,0,0,0,0,0,0,0,0,0,0,0,0,0,0,0,0,0,0,0,0,0,0,0,0,0,0,0,0,0,0,0,0,0,0,0,0,0,0,0,0,0,0,0,0,0,0,0,0,0,0,0,0,0,0,0,0,0,0,0,0,0,0,0,0,0,0,0,0,0,0,0,0,0,0,0,0,0,0,0,0,0,0,0,0,0,0,0,0,0,0,0,0,0,0,0,0,0,0
2029,1,2,3,0,0,0,0,0,0,0,0,0,0,0,0,0,0,0,0,0,0,0,0,0,0,0,0,0,0,0,0,0,0,0,0,0,0,0,0,0,0,0,0,0,0,0,0,0,0,0,0,0,0,0,0,0,0,257.1061,257.3635,0,253.5542,253.808,0,0,0,0,0,0,0,0,131.2656,166.1068,0,0,0,0,0,0,0,0,0,0,0,0,0,3.612968,3.612968,0,0,0,0,0,0,0,0,0,0,0,0,0,0,0,3.612968,42.12937,0,0,0,0,0,0,0,0,0,0,0,0,3.225839,3.225839,0,0,4.435484,0,0,0,0,0,0,0,0,0,0,0,0,4.426229,0,0,276.1364,276.1364,173.298,16.20164,14.03502,10.06846,68.61327,0,101.9599,0,0,62.51759,0,0,0,0,0,0,0,0,0,0,0,0,0,0,0,0,0,0,0,0,0,0,0,0,0,0,0,0,73.32702,0,0,0,0,0,0,0,374.1562,374.7265,373.87,6.8176,12.5566,2.581,0,0,0,0,0,0,0,0,0,0,0,0,0,0,0,0,0,0,0,0,0,0,0,0,0,0,0,0,0,0,0,0,0,0,0,0,0,0,0,0,0,0,0,0,0,0,0,0,0,0,0,0,0,0,0,0,0,0,0,0,0,0,0,0,0,0,0,0,0,0,0,0,0,0,0,0,0,0,0,0,0,0,0,0,0,0,0,0,0,0,0,0,0,0,0,0,0,0,0,0,0,0,0,0,0,0,0,0,0,0,0,0,0,0,0,0,0,0,0,0,0,0,0,0,0,0,0,0,0,0,0,0,0,0,0,0,0,0,0,0,0,0,0,0,0,0,0,0,0,0,0,0,0,0,0,0,0,0,0,0,0,0,0,0,0,0,0,0,0,0,0,0,0,0,0,0,0,0,0,0
2029,1,2,4,0,0,0,0,0,0,0,0,0,0,0,0,0,0,0,0,0,0,0,0,0,0,0,0,0,0,0,0,0,0,0,0,0,0,0,0,0,0,0,0,0,0,0,0,0,0,0,0,0,0,0,0,0,0,257.1061,257.3635,0,253.5542,253.808,0,0,0,0,0,0,0,0,131.2656,166.1068,0,0,0,0,0,0,0,0,0,0,0,0,0,3.612968,3.612968,0,0,0,0,0,0,0,0,0,0,0,0,0,0,0,3.612968,42.12937,0,0,0,0,0,0,0,0,0,0,0,0,3.225839,3.225839,0,0,4.435484,0,0,0,0,0,0,0,0,0,0,0,0,4.426229,0,0,276.1364,276.1364,170.4837,5.758351,4.615119,3.72906,53.05337,0,173.2386,0,0,73.01071,0,0,0,0,0,0,0,0,0,0,0,0,0,0,0,0,0,0,0,0,0,0,0,0,0,0,0,0,73.84382,0,0,0,0,0,0,0,374.1562,374.7265,373.87,6.8176,12.5566,2.581,0,0,0,0,0,0,0,0,0,0,0,0,0,0,0,0,0,0,0,0,0,0,0,0,0,0,0,0,0,0,0,0,0,0,0,0,0,0,0,0,0,0,0,0,0,0,0,0,0,0,0,0,0,0,0,0,0,0,0,0,0,0,0,0,0,0,0,0,0,0,0,0,0,0,0,0,0,0,0,0,0,0,0,0,0,0,0,0,0,0,0,0,0,0,0,0,0,0,0,0,0,0,0,0,0,0,0,0,0,0,0,0,0,0,0,0,0,0,0,0,0,0,0,0,0,0,0,0,0,0,0,0,0,0,0,0,0,0,0,0,0,0,0,0,0,0,0,0,0,0,0,0,0,0,0,0,0,0,0,0,0,0,0,0,0,0,0,0,0,0,0,0,0,0,0,0,0,0,0,0
2029,1,2,5,0,0,0,0,0,0,0,0,0,0,0,0,0,0,0,0,0,0,0,0,0,0,0,0,0,0,0,0,0,0,0,0,0,0,0,0,0,0,0,0,0,0,0,0,0,0,0,0,0,0,0,0,0,0,257.1061,257.3635,0,253.5542,253.808,0,0,0,0,0,0,0,0,131.2656,166.1068,0,0,0,0,0,0,0,0,0,0,0,0,0,3.612968,3.612968,0,0,52.5,48.0012,52.5,0,0,0,0,0,0,0,0,0,0,3.612968,42.12937,0,0,0,0,0,0,0,0,0,0,19.90022,19.90022,3.225839,3.225839,0,0,4.435484,0,0,0,0,0,0,0,0,0,0,0,0,0,0,0,276.1364,276.1364,177.5033,13.69041,11.61155,4.00874,24.96931,0,166.7096,0,0,65.95067,0,0,0,0,0,0,0,0,0,0,0,0,0,0,0,0,0,0,0,0,0,0,0,0,0,0,0,0,74.68348,0,0,0,0,0,0,0,374.1562,374.7265,373.87,6.8176,12.5566,2.581,0,0,0,0,0,0,0,0,0,0,0,0,0,0,0,0,0,0,0,0,0,0,0,0,0,0,0,0,0,0,0,0,0,0,0,0,0,0,0,0,0,0,0,0,0,0,0,0,0,0,0,0,0,0,0,0,0,0,0,0,0,0,0,0,0,0,0,0,0,0,0,0,0,0,0,0,0,0,0,0,0,0,0,0,0,0,0,0,0,0,0,0,0,0,0,0,0,0,0,0,0,0,0,0,0,0,0,0,0,0,0,0,0,0,0,0,0,0,0,0,0,0,0,0,0,0,0,0,0,0,0,0,0,0,0,0,0,0,0,0,0,0,0,0,0,0,0,0,0,0,0,0,0,0,0,0,0,0,0,0,0,0,0,0,0,0,0,0,0,0,0,0,0,0,0,0,0,0,0,0
2029,1,2,6,0,0,0,0,0,0,0,0,0,0,0,0,0,0,0,0,0,0,0,0,0,0,0,0,0,0,0,0,0,0,0,0,0,0,0,0,0,0,0,0,0,0,0,0,0,0,0,0,0,0,0,0,0,0,257.1061,257.3635,0,253.5542,253.808,0,0,0,0,0,0,0,0,131.2656,166.1068,0,0,0,0,0,0,0,0,0,0,0,0,0,3.612968,3.612968,53.4982,48.0012,52.5,48.0012,52.5,0,0,0,0,0,0,0,0,0,0,3.612968,42.12937,0,0,0,0,0,0,0,0,0,0,19.90022,19.90022,3.225839,3.225839,0,0,4.435484,0,0,0,0,0,0,0,0,0,0,0,0,0,0,0,276.1364,276.1364,172.3245,39.26698,35.10862,4.195193,24.90941,0,87.96928,0,0,43.46758,0,0,0,0,0,0,0,0,0,0,0,0,0,0,0,0,0,0,0,0,0,0,0,0,0,0,0,0,76.38972,0,0,0,0,0,0,0,374.1562,374.7265,373.87,6.8176,12.5566,2.581,0,0,0,0,0,0,0,0,0,0,0,0,0,0,0,0,0,0,0,0,0,0,0,0,0,0,0,0,0,0,0,0,0,0,0,0,0,0,0,0,0,0,0,0,0,0,0,0,0,0,0,0,0,0,0,0,0,0,0,0,0,0,0,0,0,0,0,0,0,0,0,0,0,0,0,0,0,0,0,0,0,0,0,0,0,0,0,0,0,0,0,0,0,0,0,0,0,0,0,0,0,0,0,0,0,0,0,0,0,0,0,0,0,0,0,0,0,0,0,0,0,0,0,0,0,0,0,0,0,0,0,0,0,0,0,0,0,0,0,0,0,0,0,0,0,0,0,0,0,0,0,0,0,0,0,0,0,0,0,0,0,0,0,0,0,0,0,0,0,0,0,0,0,0,0,0,0,0,0,0
2029,1,2,7,0,0,0,0,0,0,0,0,0,0,0,0,0,1.592,2.2275,0,0,0,0,0,0,0,0,0,0,0,0,0,0,0,0,0,0,0,0,0,0,0,0,0,0,0,0,0,0,0,0,0,0,0,0,0,0,0,257.1061,257.3635,0,253.5542,253.808,0,0,0,0,0,0,0,0,131.2656,166.1068,0,0,0,0,0,0,0,0,0,0,0,0,0,3.612968,3.612968,53.4982,48.0012,52.5,48.0012,52.5,0,0,0,0,0,0,0,0,0,0,3.612968,42.12937,0,0,0,0,0,0,0,0,0,0,19.90022,19.90022,3.225839,3.225839,0,0,4.435484,0,0,0,0,0,0,0,0,0,0,0,0,0,0,0,276.1364,276.1364,117.8614,83.94216,72.5564,4.195193,21.65578,0,86.49658,0,0,116.8774,0,0,0,0,0,0,0,0,0,0,0,0,0,0,0,0,0,0,0,0,0,0,0,0,0,0,0,0,77.39535,0,0,0,0,0,0,0,374.1562,374.7265,373.87,6.8176,12.5566,2.581,0,0,0,0,0,0,0,0,0,0,0,0,0,0,0,0,0,0,0,0,0,0,0,0,0,0,0,0,0,0,0,0,0,0,0,0,0,0,0,0,0,0,0,0,0,0,0,0,0,0,0,0,0,0,0,0,0,0,0,0,0,0,0,0,0,0,0,0,0,0,0,0,0,0,0,0,0,0,0,0,0,0,0,0,0,0,0,0,0,0,0,0,0,0,0,0,0,0,0,0,0,0,0,0,0,0,0,0,0,0,0,0,0,0,0,0,0,0,0,0,0,0,0,0,0,0,0,0,0,0,0,0,0,0,0,0,0,0,0,0,0,0,0,0,0,0,0,0,0,0,0,0,0,0,0,0,0,0,0,0,0,0,0,0,0,0,0,0,0,0,0,0,0,0,0,0,0,0,0,0
2029,1,2,8,0,0,0,1.2375,0,0,0.166532,0,0.233787,0.792803,0.770089,0.3012239,0,66.3665,96.0575,0,0,0.325519,0,0,1.155359,0.02325674,0.248446,0,0,0,0.099661,0,0,0,0,0,0,0,0,0.930336,0,0,0,2.988638,0.56037,0,0,0,0,0,0,0,0,0,0,0,0,0,257.1061,257.3635,0,253.5542,253.808,0,0,0,0,0,0,0,0,131.2656,166.1068,0,0,0,0,0,0,0,0,0,0,0,0,0,3.612968,3.612968,53.4982,48.0012,52.5,48.0012,52.5,0,0,0,0,0,0,0,0,0,0,3.612968,42.12937,0,0,0,0,0,0,0,0,0,0,19.90022,19.90022,3.225839,3.225839,0,0,4.435484,0,0,0,0,0,0,0,0,0,0,0,0,0,0,0,276.1364,276.1364,75.67274,14.94314,12.26484,5.500364,26.89552,0,81.29304,0,0,115.8884,0,0,0,0,0,0,0,0,0,0,0,0,0,0,0,0,0,0,0,0,0,0,0,0,0,0,0,0,76.81669,0,0,0,0,0,0,0,374.1562,374.7265,373.87,6.8176,12.5566,2.581,0,0,0,0,0,0,0,0,0,0,0,0,0,0,0,0,0,0,0,0,0,0,0,0,0,0,0,0,0,0,0,0,0,0,0,0,0,0,0,0,0,0,0,0,0,0,0,11.86473,0,0,0,0,0,0,0,0,0,0,0.135993,0,0,0,0,0,0,0,0,0,0,0,0,0,0,0,0,0,0,0,0,0,0,0,0,0,0,0,0,0,0,0,0,0,0,0,0,0,0,0,0,0,0,0,0,0,0,0,0,0,0,0,0,0,0,0,0,0,0,0,0,0,0,0,0,0,0,0,0,0,0,0,0,0,0,0,0,0,0,0,0,0,0,0,0,0,0,0,0,0,0,0,0,0,0,0,0,0,0,0,0,0,0,0,0,0,0,0,0,0,0,0,0,0,0,0,0,0,0,0,0,0
2029,1,2,9,49.84594,2.015592,86.65244,71.6625,2.124636,55.87151,10.11535,2.369767,3.707412,12.5723,12.2121,4.776823,0,133.8275,190.96,0,2.095943,5.162088,38.7408,0,41.82162,0.8844078,3.939861,61.3565,123.3633,0,3.789911,61.125,0.5062395,1.579735,1.124673,0,0,0,0,14.75332,1.841699,0,63.017,40.72281,7.635526,0,57.34681,34.59224,0.2570825,22.81463,0,0,0,0,0,0,0,0,246.1978,257.3635,0,185.0753,253.808,0,0,0,0,0,0,0,0,131.2656,166.1068,0,0,0,0,0,0,0,0,0,0,0,0,0,3.612968,3.612968,53.4982,48.0012,52.5,48.0012,52.5,0,0,0,0,0,0,0,0,0,0,3.612968,42.12937,0,0,0,0,0,0,0,0,0,0,19.90022,19.90022,3.225839,3.225839,0,0,4.435484,0,0,0,0,0,0,0,0,0,0,0,0,0,0,0,276.1364,276.1364,117.968,19.43543,15.93164,4.754552,18.85349,0,72.80047,0,0,98.32813,85.836,83.6496,0,0,0,0,0,0,0,0,0,0,0,0,0,0,0,0,0,0,0,0,0,0,0,0,0,0,77.90971,0,0,0,0,0,0,0,374.1562,374.7265,373.87,6.8176,12.5566,2.581,0,0,0,0,0,0,0,0,0,0,0,0,0,0,0,0,0,0,0,0,0,0,0,0,0,0,0,0,0,0,0,0,0,0,0,0,0,0,0,0,0,0,0,0,0,0,0,188.1514,0,0,0,0,0,0,0,0,0,0,2.156591,0,0,0,0,0,0,0,0,0,0,0,0,0,0,0,0,0,0,0,0,0,0,0,0,0,0,0,0,0,0,0,0,0,0,0,0,0,0,0,0,0,0,0,0,0,0,0,0,0,0,0,0,0,0,0,0,0,0,0,0,0,0,0,0,0,0,0,0,0,0,0,0,0,0,0,0,0,0,0,0,0,0,0,0,0,0,0,0,0,0,0,0,0,0,0,0,0,0,0,0,0,0,0,0,0,0,0,0,0,0,0,0,0,0,0,0,0,0,0,0,0
2029,1,2,10,107.6011,10.51007,222.3806,185.355,13.72369,140.2205,27.95073,12.35687,8.030199,27.23142,26.45123,10.34653,0,137.111,196.8725,0,10.92905,11.181,133.2072,0,83.41257,2.117952,8.53368,137.0397,275.5318,0,9.07596,112.62,2.639726,10.204,7.264618,0,0,0,0,31.95547,9.603322,0,121.482,61.98415,11.62203,63.3534,116.4897,94.10281,3.356449,51.9549,0,0,0,0,0,0,0,0,128.7091,257.3635,0,128.7091,253.808,0,0,0,0,0,0,0,0,131.2656,131.2656,0,0,0,0,0,0,0,0,0,0,0,0,0,3.612968,3.612968,0,0,0,0,0,0,0,0,0,0,0,0,0,0,0,3.612968,42.12937,0,0,0,0,0,0,0,0,0,0,19.90022,19.90022,3.225839,3.225839,0,0,4.435484,0,0,0,0,0,0,0,0,0,0,0,0,0,0,0,276.1364,276.1364,115.831,103.4676,88.86737,1.025492,15.7709,0,22.87594,0,0,14.52585,160.476,189.9072,0,0,0,0,0,0,0,0,0,0,0,0,0,0,0,0,0,0,0,0,0,0,0,0,0,0,78.45663,0,491.8404,0,0,0,0,0,374.1562,374.7265,373.87,6.8176,12.5566,2.581,0,0,0,0,0,0,0,0,0,0,0,0,0,0,0,0,0,0,0,0,0,0,0,0,0,0,0,0,0,0,0,0,0,0,0,0,0,0,0,0,0,0,0,0,0,0,0,407.5331,0,0,0,0,0,0,0,0,0,0,4.671144,0,0,0,0,0,0,0,0,0,0,0,0,0,0,0,0,0,0,0,0,0,0,0,0,0,0,0,0,0,0,0,0,0,0,0,0,0,0,0,0,0,0,0,0,0,0,0,0,0,0,0,0,0,0,0,0,0,0,0,0,0,0,0,0,0,0,0,0,0,0,0,0,0,0,0,0,0,0,0,0,0,0,0,0,0,0,0,0,0,0,0,0,0,0,0,0,0,0,0,0,0,0,0,0,0,0,0,0,0,0,0,0,0,0,0,0,0,0,0,0,0
2029,1,2,11,109.4463,11.42363,229.8188,186.75,13.82246,148.7975,41.49153,13.43097,8.728208,29.59846,28.75045,11.24588,0,131.4395,189.9975,0,11.87903,12.15289,135.492,0,83.88284,3.00236,9.275453,144.9862,291.5091,0,12.86587,114.3,2.869179,10.27744,7.316898,0,0,0,0,34.73314,10.43807,0,120.3923,94.99087,17.81079,107.7919,138.5389,119.3213,11.20446,52.84313,0,0,0,0,0,0,0,0,128.7091,257.3635,0,128.7091,253.808,0,0,0,0,0,0,0,0,131.2656,131.2656,0,0,0,0,0,0,0,0,0,0,0,0,0,3.612968,3.612968,0,0,0,0,0,0,0,0,0,0,0,0,0,0,0,3.612968,42.12937,0,0,0,0,0,0,0,0,0,0,19.90022,19.90022,3.225839,3.225839,0,0,4.435484,0,0,0,0,0,0,0,0,0,0,0,0,0,0,0,276.1364,276.1364,48.9985,89.50355,75.19061,0,10.27087,0,5.54717,0,0,76.72546,303.1628,392.9553,0,0,0,0,0,0,0,0,0,0,0,0,0,0,0,0,0,0,0,0,0,0,0,0,0,0,78.70066,0,0,0,0,0,0,0,374.1562,374.7265,373.87,6.8176,12.5566,2.581,0,0,0,0,0,0,0,0,0,0,0,0,0,0,0,0,0,0,0,0,0,0,0,0,0,0,0,0,0,0,0,0,0,0,0,0,0,0,0,0,0,0,0,0,0,0,0,442.9571,0,0,0,0,0,0,0,0,0,0,5.077174,0,0,0,0,0,0,0,0,0,0,0,0,0,0,0,0,0,0,0,0,0,0,0,0,0,0,0,0,0,0,0,0,0,0,0,0,0,0,0,0,0,0,0,0,0,0,0,0,0,0,0,0,0,0,0,0,0,0,0,0,0,0,0,0,0,0,0,0,0,0,0,0,0,0,0,0,0,0,0,0,0,0,0,0,0,0,0,0,0,0,0,0,0,0,0,0,0,0,0,0,0,0,0,0,0,0,0,0,0,0,0,0,0,0,0,0,0,0,0,0,0
2029,1,2,12,102.21,11.0375,220.2561,175.7925,12.53892,142.2732,39.46126,12.97699,8.433186,28.598,27.77866,10.86576,0,125.37,179.63,0,11.47751,11.74211,129.7464,0,79.68216,3.537672,8.961933,133.5631,268.5417,0,15.15982,105.3,2.772198,9.323086,6.637459,0,0,0,0,33.55912,10.08525,0,113.5496,57.23191,10.73098,109.3872,105.5621,195.8102,0.9527099,49.52464,0,0,0,0,0,0,0,0,128.7091,257.3635,0,128.7091,253.808,0,0,0,0,0,0,0,0,131.2656,131.2656,0,0,0,0,0,0,0,0,0,0,0,0,0,3.612968,3.612968,0,0,0,0,0,0,0,0,0,0,0,0,0,0,0,3.612968,42.12937,0,0,0,0,0,0,0,0,0,0,19.90022,19.90022,3.225839,3.225839,0,0,4.435484,0,0,0,0,0,0,0,0,0,0,0,0,0,0,0,276.1364,276.1364,58.00927,51.10899,40.12413,0,14.09509,0,0,0,0,139.0431,56.1044,41.4009,0,0,0,0,0,0,0,0,0,0,0,0,0,0,0,0,0,0,0,0,0,0,0,0,0,0,78.95181,0,83.22066,0,0,0,0,0,374.1562,374.7265,373.87,6.8176,12.5566,2.581,0,0,0,0,0,0,0,0,0,0,0,0,0,0,0,0,0,0,0,0,0,0,0,0,0,0,0,0,0,0,0,0,0,0,0,0,0,0,0,0,0,0,0,0,0,0,0,427.9847,0,0,0,0,0,0,0,0,0,0,4.905561,0,0,0,0,0,0,0,0,0,0,0,0,0,0,0,0,0,0,0,0,0,0,0,0,0,0,0,0,0,0,0,0,0,0,0,0,0,0,0,0,0,0,0,0,0,0,0,0,0,0,0,0,0,0,0,0,0,0,0,0,0,0,0,0,0,0,0,0,0,0,0,0,0,0,0,0,0,0,0,0,0,0,0,0,0,0,0,0,0,0,0,0,0,0,0,0,0,0,0,0,0,0,0,0,0,0,0,0,0,0,0,0,0,0,0,0,0,0,0,0,0
2029,1,2,13,96.89291,10.54255,211.719,171.945,11.94653,138.878,40.27637,12.39507,8.05502,27.31559,26.53299,10.37851,0,123.181,177.045,0,10.96283,11.21556,125.496,0,77.96942,3.816957,8.560057,128.2144,257.7878,0,16.35662,101.355,2.647886,8.882626,6.323879,0,0,0,0,32.05424,9.633004,0,109.4802,114.2203,21.41631,109.3872,130.0646,187.6283,9.575305,47.37227,0,0,0,0,0,0,0,0,128.7091,257.3635,0,128.7091,253.808,0,0,0,0,0,0,0,0,131.2656,131.2656,0,0,0,0,0,0,0,0,0,0,0,0,0,3.612968,3.612968,0,0,0,0,0,0,0,0,0,0,0,0,0,0,0,3.612968,42.12937,0,0,0,0,0,0,0,0,0,0,19.90022,19.90022,3.225839,3.225839,0,0,4.435484,0,0,0,0,0,0,0,0,0,0,0,0,0,0,0,276.1364,276.1364,30.27463,37.57547,29.16586,0.1070627,22.28081,0,0,0,0,167.3569,263.9768,337.1418,0,0,0,0,0,0,0,0,0,0,0,0,0,0,0,0,0,0,0,0,0,0,0,0,0,0,79.23233,0,260.918,0,0,0,0,0,374.1562,374.7265,373.87,6.8176,12.5566,2.581,0,0,0,0,0,0,0,0,0,0,0,0,0,0,0,0,0,0,0,0,0,0,0,0,0,0,0,0,0,0,0,0,0,0,0,0,0,0,0,0,0,0,0,0,0,0,0,408.7928,0,0,0,0,0,0,0,0,0,0,4.685582,0,0,0,0,0,0,0,0,0,0,0,0,0,0,0,0,0,0,0,0,0,0,0,0,0,0,0,0,0,0,0,0,0,0,0,0,0,0,0,0,0,0,0,0,0,0,0,0,0,0,0,0,0,0,0,0,0,0,0,0,0,0,0,0,0,0,0,0,0,0,0,0,0,0,0,0,0,0,0,0,0,0,0,0,0,0,0,0,0,0,0,0,0,0,0,0,0,0,0,0,0,0,0,0,0,0,0,0,0,0,0,0,0,0,0,0,0,0,0,0,0
2029,1,2,14,100.0322,10.49063,216.2841,175.23,12.34139,145.0859,43.87985,12.33402,8.015348,27.18106,26.40232,10.32739,0,107.9575,154.7425,0,10.90884,11.16033,127.3608,0,78.50304,3.7937,8.517898,115.1867,231.5942,0,16.25696,104.085,2.634845,9.176219,6.532898,0,0,0,0,31.89637,9.585562,0,112.8379,41.8508,7.847024,109.8429,136.7544,194.126,9.853454,47.81392,0,0,0,0,0,0,0,0,128.7091,257.3635,0,128.7091,253.808,0,0,0,0,0,0,0,0,131.2656,131.2656,0,0,0,0,0,0,0,0,0,0,0,0,0,3.612968,3.612968,0,0,0,0,0,0,0,0,0,0,0,0,0,0,0,3.612968,42.12937,0,0,0,0,0,0,0,0,0,0,19.90022,19.90022,3.225839,3.225839,0,0,4.435484,0,0,0,0,0,0,0,0,0,0,0,0,0,0,0,276.1364,276.1364,8.114989,18.87619,14.03502,1.070627,26.0289,0,0,0,0,178.6255,270.6944,346.6089,0,0,0,0,0,0,0,0,0,0,0,0,0,0,0,0,0,0,0,0,0,0,0,0,0,0,79.42733,0,258.4925,0,0,0,0,0,374.1562,374.7265,373.87,6.8176,12.5566,2.581,0,0,0,0,0,0,0,0,0,0,0,0,0,0,0,0,0,0,0,0,0,0,0,0,0,0,0,0,0,0,0,0,0,0,0,0,0,0,0,0,0,0,0,0,0,0,0,406.7794,0,0,0,0,0,0,0,0,0,0,4.662506,0,0,0,0,0,0,0,0,0,0,0,0,0,0,0,0,0,0,0,0,0,0,0,0,0,0,0,0,0,0,0,0,0,0,0,0,0,0,0,0,0,0,0,0,0,0,0,0,0,0,0,0,0,0,0,0,0,0,0,0,0,0,0,0,0,0,0,0,0,0,0,0,0,0,0,0,0,0,0,0,0,0,0,0,0,0,0,0,0,0,0,0,0,0,0,0,0,0,0,0,0,0,0,0,0,0,0,0,0,0,0,0,0,0,0,0,0,0,0,0,0
2029,1,2,15,106.4269,10.57825,226.1973,183.1725,13.23007,149.9848,46.36018,12.43703,8.082294,27.40808,26.62283,10.41365,0,126.2655,180.2075,0,10.99995,11.25354,130.452,0,79.99996,3.421307,8.589042,67.20179,135.1158,0,14.66117,109.335,2.656851,9.836979,7.003319,0,0,0,0,32.16278,9.665623,0,118.6564,85.75829,16.07968,108.7035,130.7424,203.3201,8.383242,50.25665,0,0,0,0,0,0,0,0,128.7091,257.3635,0,128.7091,253.808,0,0,0,0,0,0,0,0,131.2656,131.2656,0,0,0,0,0,0,0,0,0,0,0,0,0,3.612968,3.612968,0,0,0,0,0,0,0,0,0,0,0,0,0,0,0,3.612968,42.12937,0,0,0,0,0,0,0,0,0,0,19.90022,19.90022,3.225839,3.225839,0,0,4.435484,0,0,0,0,0,0,0,0,0,0,0,0,0,0,0,276.1364,276.1364,8.822144,9.819754,7.017509,1.070627,29.75854,0,0,0,0,166.312,235.2404,296.3061,0,0,0,0,0,0,0,0,0,0,0,0,0,0,0,0,0,0,0,0,0,0,0,0,0,0,80.22037,0,0,0,0,0,0,0,374.1562,374.7265,373.87,6.8176,12.5566,2.581,0,0,0,0,0,0,0,0,0,0,0,0,0,0,0,0,0,0,0,0,0,0,0,0,0,0,0,0,0,0,0,0,0,0,0,0,0,0,0,0,0,0,0,0,0,0,0,410.1769,0,0,0,0,0,0,0,0,0,0,4.701448,0,0,0,0,0,0,0,0,0,0,0,0,0,0,0,0,0,0,0,0,0,0,0,0,0,0,0,0,0,0,0,0,0,0,0,0,0,0,0,0,0,0,0,0,0,0,0,0,0,0,0,0,0,0,0,0,0,0,0,0,0,0,0,0,0,0,0,0,0,0,0,0,0,0,0,0,0,0,0,0,0,0,0,0,0,0,0,0,0,0,0,0,0,0,0,0,0,0,0,0,0,0,0,0,0,0,0,0,0,0,0,0,0,0,0,0,0,0,0,0,0
2029,1,2,16,108.1678,10.30763,226.0989,182.0025,13.52617,148.2476,42.41965,12.11887,7.875529,26.70692,25.94175,10.14724,0,59.103,85.14,0,10.71854,10.96565,131.5104,0,76.93286,2.723075,8.369312,61.54752,123.7474,0,11.66907,109.53,2.588882,10.05714,7.160058,0,0,0,0,31.33997,9.418351,0,116.8407,241.4026,45.26298,108.2477,79.61728,203.8888,0,50.08708,0,0,0,0,0,0,0,0,128.7091,257.3635,0,128.7091,253.808,0,0,0,0,0,0,0,0,131.2656,131.2656,0,0,0,0,0,0,0,0,0,0,0,0,0,3.612968,3.612968,0,0,0,0,0,0,0,0,0,0,0,0,0,0,0,3.612968,42.12937,0,0,0,0,0,0,0,0,0,0,19.90022,19.90022,3.225839,3.225839,0,0,4.435484,0,0,0,0,0,0,0,0,0,0,0,0,0,0,0,276.1364,276.1364,26.4944,5.498446,3.561438,3.104819,31.22329,0,0,0,0,166.784,45.6548,26.4231,0,0,0,0,0,0,0,0,0,0,0,0,0,0,0,0,0,0,0,0,0,0,0,0,0,0,80.57349,0,548.6882,0,0,0,0,0,374.1562,374.7265,373.87,6.8176,12.5566,2.581,0,0,0,0,0,0,0,0,0,0,0,0,0,0,0,0,0,0,0,0,0,0,0,0,0,0,0,0,0,0,0,0,0,0,0,0,0,0,0,0,0,0,0,0,0,0,0,399.6836,0,0,0,0,0,0,0,0,0,0,4.581173,0,0,0,0,0,0,0,0,0,0,0,0,0,0,0,0,0,0,0,0,0,0,0,0,0,0,0,0,0,0,0,0,0,0,0,0,0,0,0,0,0,0,0,0,0,0,0,0,0,0,0,0,0,0,0,0,0,0,0,0,0,0,0,0,0,0,0,0,0,0,0,0,0,0,0,0,0,0,0,0,0,0,0,0,0,0,0,0,0,0,0,0,0,0,0,0,0,0,0,0,0,0,0,0,0,0,0,0,0,0,0,0,0,0,0,0,0,0,0,0,0
2029,1,2,17,63.78029,3.739785,168.1672,91.3725,4.395616,74.63691,22.91105,4.396931,5.024779,17.03966,16.55147,6.474187,294.0449,0.8955,1.375,0,3.88887,6.996349,103.992,0,41.46225,1.41972,5.339825,27.39266,55.07564,0,6.08386,76.38,0.9392908,3.268281,2.326813,0,0,0,0,19.99566,3.417139,0,59.90919,109.1421,20.46415,163.6022,61.44144,114.3061,0,35.82409,0,0,0,0,0,0,0,0,128.7091,257.3635,0,128.7091,253.808,0,0,0,0,0,0,0,0,131.2656,131.2656,0,0,0,0,0,0,0,0,0,0,0,0,0,3.612968,3.612968,53.4982,48.0012,52.5,48.0012,52.5,0,0,0,0,0,0,0,0,0,0,3.612968,42.12937,0,0,0,0,0,0,0,0,0,0,19.90022,19.90022,3.225839,3.225839,0,0,4.435484,0,0,0,0,0,0,0,0,0,0,0,0,0,0,0,276.1364,276.1364,33.69846,1.743886,0,7.551347,19.40101,0,10.11254,0,0,223.5187,36.8224,19.2168,0,0,0,0,0,0,0,0,0,0,0,0,0,0,0,0,0,0,0,0,0,0,0,0,0,0,80.25089,0,0,0,0,0,0,0,374.1562,374.7265,373.87,6.8176,12.5566,2.581,0,0,0,0,0,0,0,0,0,0,0,0,0,0,0,0,0,0,0,0,0,0,0,0,0,0,0,0,0,0,0,0,0,0,0,0,0,0,0,0,0,0,0,0,0,0,0,255.0078,0,0,0,0,0,0,0,0,0,0,2.9229,0,0,0,0,0,0,0,0,0,0,0,0,0,0,0,0,0,0,0,0,0,0,0,0,0,0,0,0,0,0,0,0,0,0,0,0,0,0,0,0,0,0,0,0,0,0,0,0,0,0,0,0,0,0,0,0,0,0,0,0,0,0,0,0,0,0,0,0,0,0,0,0,0,0,0,0,0,0,0,0,0,0,0,0,0,0,0,0,0,0,0,0,0,0,0,0,0,0,0,0,0,0,0,0,0,0,0,0,0,0,0,0,0,0,0,0,0,0,0,0,0
2029,1,2,18,0,0,6.611526,3.735,0,1.142369,0.879867,0,0.709344,2.405477,2.336559,0.9139563,294.0449,0,0,0,0,0.98767,0,0,1.459297,0.1396626,0.753819,0,0,0,0.59849,0,0,0,0,0,0,0,0,2.822773,0,0,0,0,0,120.4626,2.656213,0,0,2.787467,0,0,0,0,0,0,0,0,257.1061,257.3635,0,253.5542,253.808,0,0,0,0,0,0,0,0,131.2656,166.1068,0,0,0,0,0,0,0,0,0,0,0,0,0,3.612968,3.612968,53.4982,48.0012,52.5,48.0012,52.5,0,0,0,0,0,0,0,0,0,0,3.612968,42.12937,0,0,0,0,0,0,0,0,0,0,19.90022,19.90022,3.225839,3.225839,0,0,4.435484,0,0,0,0,0,0,0,0,0,0,0,0,0,0,0,276.1364,276.1364,34.61639,10.22589,7.080729,24.79825,19.90109,0,15.02154,0,0,210.4636,0,0,0,0,0,0,0,0,0,0,0,0,0,0,0,0,0,0,0,0,0,0,0,0,0,0,0,0,80.09373,0,0,0,0,0,0,0,374.1562,374.7265,373.87,6.8176,12.5566,2.581,0,0,0,0,0,0,0,0,0,0,0,0,0,0,0,0,0,0,0,0,0,0,0,0,0,0,0,0,0,0,0,0,0,0,0,0,0,0,0,0,0,0,0,0,0,0,0,35.99927,0,0,0,0,0,0,0,0,0,0,0.412624,0,0,0,0,0,0,0,0,0,0,0,0,0,0,0,0,0,0,0,0,0,0,0,0,0,0,0,0,0,0,0,0,0,0,0,0,0,0,0,0,0,0,0,0,0,0,0,0,0,0,0,0,0,0,0,0,0,0,0,0,0,0,0,0,0,0,0,0,0,0,0,0,0,0,0,0,0,0,0,0,0,0,0,0,0,0,0,0,0,0,0,0,0,0,0,0,0,0,0,0,0,0,0,0,0,0,0,0,0,0,0,0,0,0,0,0,0,0,0,0,0
2029,1,2,19,0,0,0,0,0,0,0,0,0,0,0,0,294.0449,0,0,0,0,0,0,0,0,0,0,0,0,0,0,0,0,0,0,0,0,0,0,0,0,0,0,0,0,107.1994,0,0,0,0,0,0,0,0,0,0,0,0,257.1061,257.3635,0,253.5542,253.808,0,0,0,0,0,0,0,0,162.9109,166.1068,0,0,0,0,0,0,0,0,0,0,0,0,0,3.612968,3.612968,53.4982,48.0012,52.5,48.0012,52.5,0,0,0,0,0,0,0,0,0,0,3.612968,42.12937,0,0,0,0,0,0,0,0,0,0,19.90022,19.90022,3.225839,3.225839,0,0,4.435484,0,0,0,0,0,0,0,0,0,0,0,0,0,0,0,276.1364,276.1364,40.09075,3.645767,0,42.97742,9.019656,0,21.01052,0,0,191.7046,0,0,0,0,0,0,0,0,0,0,0,0,0,0,0,0,0,0,0,0,0,0,0,0,0,0,0,0,79.1128,0,0,0,0,0,0,0,374.1562,374.7265,373.87,6.8176,12.5566,2.581,0,0,0,0,0,0,0,0,0,0,0,0,0,0,0,0,0,0,0,0,0,0,0,0,0,0,0,0,0,0,0,0,0,0,0,0,0,0,0,0,0,0,0,0,0,0,0,0,0,0,0,0,0,0,0,0,0,0,0,0,0,0,0,0,0,0,0,0,0,0,0,0,0,0,0,0,0,0,0,0,0,0,0,0,0,0,0,0,0,0,0,0,0,0,0,0,0,0,0,0,0,0,0,0,0,0,0,0,0,0,0,0,0,0,0,0,0,0,0,0,0,0,0,0,0,0,0,0,0,0,0,0,0,0,0,0,0,0,0,0,0,0,0,0,0,0,0,0,0,0,0,0,0,0,0,0,0,0,0,0,0,0,0,0,0,0,0,0,0,0,0,0,0,0,0,0,0,0,0,0
2029,1,2,20,0,0,0,0,0,0,0,0,0,0,0,0,294.0449,0,0,0,0,0,0,0,0,0,0,0,0,0,0,0,0,0,0,0,0,0,0,0,0,0,0,0,0,107.1994,0,0,0,0,0,0,0,0,0,0,0,0,257.1061,257.3635,0,253.5542,253.808,0,0,0,0,0,0,0,0,166.1068,166.1068,0,0,0,0,0,0,0,0,0,0,0,0,0,3.612968,3.612968,53.4982,48.0012,52.5,48.0012,52.5,0,0,0,0,0,0,0,0,0,0,3.612968,42.12937,0,0,0,0,0,0,0,0,0,0,19.90022,19.90022,3.225839,3.225839,0,0,4.435484,0,0,0,0,0,0,0,0,0,0,0,0,0,0,0,276.1364,276.1364,31.10937,3.248415,0,42.32483,1.300109,0,49.28636,0,0,151.3214,0,0,0,0,0,0,0,0,0,0,0,0,0,0,0,0,0,0,0,0,0,0,0,0,0,0,0,0,77.72087,0,0,0,0,0,0,0,374.1562,374.7265,373.87,6.8176,12.5566,2.581,0,0,0,0,0,0,0,0,0,0,0,0,0,0,0,0,0,0,0,0,0,0,0,0,0,0,0,0,0,0,0,0,0,0,0,0,0,0,0,0,0,0,0,0,0,0,0,0,0,0,0,0,0,0,0,0,0,0,0,0,0,0,0,0,0,0,0,0,0,0,0,0,0,0,0,0,0,0,0,0,0,0,0,0,0,0,0,0,0,0,0,0,0,0,0,0,0,0,0,0,0,0,0,0,0,0,0,0,0,0,0,0,0,0,0,0,0,0,0,0,0,0,0,0,0,0,0,0,0,0,0,0,0,0,0,0,0,0,0,0,0,0,0,0,0,0,0,0,0,0,0,0,0,0,0,0,0,0,0,0,0,0,0,0,0,0,0,0,0,0,0,0,0,0,0,0,0,0,0,0
2029,1,2,21,0,0,0,0,0,0,0,0,0,0,0,0,28.42434,0,0,0,0,0,0,0,0,0,0,0,0,0,0,0,0,0,0,0,0,0,0,0,0,0,0,0,0,107.1994,0,0,0,0,0,0,0,0,0,0,0,0,257.1061,257.3635,0,253.5542,253.808,0,0,0,0,0,0,0,0,166.1068,166.1068,0,0,0,0,0,0,0,0,0,0,0,0,0,3.612968,3.612968,0,48.0012,52.5,48.0012,52.5,0,0,0,0,0,0,0,0,0,0,3.612968,42.12937,0,0,0,0,0,0,0,0,0,0,19.90022,19.90022,3.225839,3.225839,0,0,4.435484,0,0,0,0,0,0,0,0,0,0,0,0,0,0,0,276.1364,276.1364,47.54352,6.104459,3.961837,44.65549,0.000441482,0,42.85557,0,0,123.505,0,0,0,0,0,0,0,0,0,0,0,0,0,0,0,0,0,0,0,0,0,0,0,0,0,0,0,0,78.27963,0,0,0,0,0,0,0,374.1562,374.7265,373.87,6.8176,12.5566,2.581,0,0,0,0,0,0,0,0,0,0,0,0,0,0,0,0,0,0,0,0,0,0,0,0,0,0,0,0,0,0,0,0,0,0,0,0,0,0,0,0,0,0,0,0,0,0,0,0,0,0,0,0,0,0,0,0,0,0,0,0,0,0,0,0,0,0,0,0,0,0,0,0,0,0,0,0,0,0,0,0,0,0,0,0,0,0,0,0,0,0,0,0,0,0,0,0,0,0,0,0,0,0,0,0,0,0,0,0,0,0,0,0,0,0,0,0,0,0,0,0,0,0,0,0,0,0,0,0,0,0,0,0,0,0,0,0,0,0,0,0,0,0,0,0,0,0,0,0,0,0,0,0,0,0,0,0,0,0,0,0,0,0,0,0,0,0,0,0,0,0,0,0,0,0,0,0,0,0,0,0
2029,1,2,22,0,0,0,0,0,0,0,0,0,0,0,0,0,0,0,0,0,0,0,0,0,0,0,0,0,0,0,0,0,0,0,0,0,0,0,0,0,0,0,0,0,107.1994,0,0,0,0,0,0,0,0,0,0,0,0,257.1061,257.3635,0,253.5542,253.808,0,0,0,0,0,0,0,0,166.1068,166.1068,0,0,0,0,0,0,0,0,0,0,0,0,0,3.612968,3.612968,0,48.0012,52.5,48.0012,52.5,0,0,0,0,0,0,0,0,0,0,3.612968,42.12937,0,0,0,0,0,0,0,0,0,0,19.90022,19.90022,3.225839,3.225839,0,0,4.435484,0,0,0,0,0,0,0,0,0,0,0,0,0,0,0,276.1364,276.1364,28.94958,12.4549,8.513735,30.57829,0,0,0,0,0,68.01183,0,0,0,0,0,0,0,0,0,0,0,0,0,0,0,0,0,0,0,0,0,0,0,0,0,0,0,0,77.38977,0,0,0,0,0,0,0,374.1562,374.7265,373.87,6.8176,12.5566,2.581,0,0,0,0,0,0,0,0,0,0,0,0,0,0,0,0,0,0,0,0,0,0,0,0,0,0,0,0,0,0,0,0,0,0,0,0,0,0,0,0,0,0,0,0,0,0,0,0,0,0,0,0,0,0,0,0,0,0,0,0,0,0,0,0,0,0,0,0,0,0,0,0,0,0,0,0,0,0,0,0,0,0,0,0,0,0,0,0,0,0,0,0,0,0,0,0,0,0,0,0,0,0,0,0,0,0,0,0,0,0,0,0,0,0,0,0,0,0,0,0,0,0,0,0,0,0,0,0,0,0,0,0,0,0,0,0,0,0,0,0,0,0,0,0,0,0,0,0,0,0,0,0,0,0,0,0,0,0,0,0,0,0,0,0,0,0,0,0,0,0,0,0,0,0,0,0,0,0,0,0
2029,1,2,23,0,0,0,0,0,0,0,0,0,0,0,0,0,0,0,0,0,0,0,0,0,0,0,0,0,0,0,0,0,0,0,0,0,0,0,0,0,0,0,0,0,80.39956,0,0,0,0,0,0,0,0,0,0,0,0,257.1061,257.3635,0,253.5542,253.808,0,0,0,0,0,0,0,0,166.1068,166.1068,0,0,0,0,0,0,0,0,0,0,0,0,0,3.612968,3.612968,0,48.0012,52.5,48.0012,52.5,0,0,0,0,0,0,0,0,0,0,3.612968,42.12937,0,0,0,0,0,0,0,0,0,0,19.90022,19.90022,3.225839,3.225839,0,0,4.435484,0,0,0,0,0,0,0,0,0,0,0,0,0,0,0,276.1364,276.1364,48.4325,0,0,32.53605,0,0,0,0,0,61.09705,0,0,0,0,0,0,0,0,0,0,0,0,0,0,0,0,0,0,0,0,0,0,0,0,0,0,0,0,76.19912,0,0,0,0,0,0,0,374.1562,374.7265,373.87,6.8176,12.5566,2.581,0,0,0,0,0,0,0,0,0,0,0,0,0,0,0,0,0,0,0,0,0,0,0,0,0,0,0,0,0,0,0,0,0,0,0,0,0,0,0,0,0,0,0,0,0,0,0,0,0,0,0,0,0,0,0,0,0,0,0,0,0,0,0,0,0,0,0,0,0,0,0,0,0,0,0,0,0,0,0,0,0,0,0,0,0,0,0,0,0,0,0,0,0,0,0,0,0,0,0,0,0,0,0,0,0,0,0,0,0,0,0,0,0,0,0,0,0,0,0,0,0,0,0,0,0,0,0,0,0,0,0,0,0,0,0,0,0,0,0,0,0,0,0,0,0,0,0,0,0,0,0,0,0,0,0,0,0,0,0,0,0,0,0,0,0,0,0,0,0,0,0,0,0,0,0,0,0,0,0,0
2029,1,2,24,0,0,0,0,0,0,0,0,0,0,0,0,0,0,0,0,0,0,0,0,0,0,0,0,0,0,0,0,0,0,0,0,0,0,0,0,0,0,0,0,0,0,0,0,0,0,0,0,0,0,0,0,0,0,257.1061,257.3635,0,253.5542,253.808,0,0,0,0,0,0,0,0,166.1068,166.1068,0,0,0,0,0,0,0,0,0,0,0,0,0,3.612968,3.612968,0,48.0012,52.5,48.0012,52.5,0,0,0,0,0,0,0,0,0,0,3.612968,42.12937,0,0,0,0,0,0,0,0,0,0,19.90022,19.90022,3.225839,3.225839,0,0,4.435484,0,0,0,0,0,0,0,0,0,0,0,0,0,0,0,403.0425,276.1364,110.6786,6.778057,4.341162,29.64603,0,0,0,0,0,44.01215,0,0,0,0,0,0,0,0,0,0,0,0,0,0,0,0,0,0,0,0,0,0,0,0,0,0,0,0,74.90622,0,0,0,0,0,0,0,374.1562,374.7265,373.87,6.8176,12.5566,2.581,0,0,0,0,0,0,0,0,0,0,0,0,0,0,0,0,0,0,0,0,0,0,0,0,0,0,0,0,0,0,0,0,0,0,0,0,0,0,0,0,0,0,0,0,0,0,0,0,0,0,0,0,0,0,0,0,0,0,0,0,0,0,0,0,0,0,0,0,0,0,0,0,0,0,0,0,0,0,0,0,0,0,0,0,0,0,0,0,0,0,0,0,0,0,0,0,0,0,0,0,0,0,0,0,0,0,0,0,0,0,0,0,0,0,0,0,0,0,0,0,0,0,0,0,0,0,0,0,0,0,0,0,0,0,0,0,0,0,0,0,0,0,0,0,0,0,0,0,0,0,0,0,0,0,0,0,0,0,0,0,0,0,0,0,0,0,0,0,0,0,0,0,0,0,0,0,0,0,0,0
2029,1,3,1,0,0,0,0,0,0,0,0,0,0,0,0,0,0,0,0,0,0,0,0,0,0,0,0,0,0,0,0,0,0,0,0,0,0,0,0,0,0,0,0,0,0,0,0,0,0,0,0,0,0,0,0,0,0,185.0753,185.0753,0,185.0753,185.0753,0,0,0,0,0,0,0,0,131.2656,166.1068,0,0,0,0,0,0,0,0,0,0,0,0,0,0,0,53.4982,48.0012,52.5,48.0012,52.5,0,0,0,0,0,0,0,0,0,0,0,42.12937,0,0,0,0,0,0,0,0,0,0,0,0,0,0,0,0,0,0,0,0,0,0,0,0,0,0,0,0,0,0,0,0,276.1364,276.1364,166.5942,3.533128,0,28.43408,2.006945,0,9.86709,0,0,37.47934,0,0,0,0,0,0,0,0,0,0,0,0,0,0,0,0,0,0,0,0,0,0,0,0,0,0,0,0,73.63434,0,300,0,0,0,0,0,374.1562,374.7265,373.87,6.8176,12.5566,2.581,0,0,0,0,0,0,0,0,0,0,0,0,0,0,0,0,0,0,0,0,0,0,0,0,0,0,0,0,0,0,0,0,0,0,0,0,0,0,0,0,0,0,0,0,0,0,0,0,0,0,0,0,0,0,0,0,0,0,0,0,0,0,0,0,0,0,0,0,0,0,0,0,0,0,0,0,0,0,0,0,0,0,0,0,0,0,0,0,0,0,0,0,0,0,0,0,0,0,0,0,0,0,0,0,0,0,0,0,0,0,0,0,0,0,0,0,0,0,0,0,0,0,0,0,0,0,0,0,0,0,0,0,0,0,0,0,0,0,0,0,0,0,0,0,0,0,0,0,0,0,0,0,0,0,0,0,0,0,0,0,0,0,0,0,0,0,0,0,0,0,0,0,0,0,0,0,0,0,0,0
2029,1,3,2,0,0,0,0,0,0,0,0,0,0,0,0,0,0,0,0,0,0,0,0,0,0,0,0,0,0,0,0,0,0,0,0,0,0,0,0,0,0,0,0,0,0,0,0,0,0,0,0,0,0,0,0,0,0,185.0753,185.0753,0,185.0753,185.0753,0,0,0,0,0,0,46.19566,101.6295,131.2656,166.1068,0,0,0,0,0,0,0,0,0,0,0,0,0,0,0,53.4982,48.0012,52.5,48.0012,52.5,0,0,0,0,0,0,0,0,0,0,0,42.12937,0,0,0,0,0,0,0,0,0,0,0,0,0,0,0,0,0,0,0,0,0,0,0,0,0,0,0,0,0,0,0,0,276.1364,276.1364,194.64,26.90408,18.86087,32.62928,7.710894,0,48.20638,0,0,41.76614,0,0,0,0,0,0,0,0,0,0,0,0,0,0,0,0,0,0,0,0,0,0,0,0,0,0,0,0,73.22706,0,300,0,0,0,0,0,374.1562,374.7265,373.87,6.8176,12.5566,2.581,0,0,0,0,0,0,0,0,0,0,0,0,0,0,0,0,0,0,0,0,0,0,0,0,0,0,0,0,0,0,0,0,0,0,0,0,0,0,0,0,0,0,0,0,0,0,0,0,0,0,0,0,0,0,0,0,0,0,0,0,0,0,0,0,0,0,0,0,0,0,0,0,0,0,0,0,0,0,0,0,0,0,0,0,0,0,0,0,0,0,0,0,0,0,0,0,0,0,0,0,0,0,0,0,0,0,0,0,0,0,0,0,0,0,0,0,0,0,0,0,0,0,0,0,0,0,0,0,0,0,0,0,0,0,0,0,0,0,0,0,0,0,0,0,0,0,0,0,0,0,0,0,0,0,0,0,0,0,0,0,0,0,0,0,0,0,0,0,0,0,0,0,0,0,0,0,0,0,0,0
2029,1,3,3,0,0,0,0,0,0,0,0,0,0,0,0,0,0,0,0,0,0,0,0,0,0,0,0,0,0,0,0,0,0,0,0,0,0,0,0,0,0,0,0,0,0,0,0,0,0,0,0,0,0,0,0,0,0,185.0753,185.0753,0,185.0753,185.0753,0,0,0,0,0,0,46.19566,101.6295,131.2656,166.1068,0,0,0,0,0,0,0,0,0,0,0,0,0,0,0,53.4982,48.0012,52.5,48.0012,52.5,0,0,0,0,0,0,0,0,0,0,0,42.12937,0,0,0,0,0,0,0,0,0,0,0,0,0,0,0,0,0,0,0,0,0,0,0,0,0,0,0,0,0,0,0,0,276.1364,276.1364,137.5277,122.6278,91.24869,31.32411,9.400953,0,53.999,0,0,62.51759,0,0,0,0,0,0,0,0,0,0,0,0,0,0,0,0,0,0,0,0,0,0,0,0,0,0,0,0,73.06126,0,0,0,0,0,0,0,374.1562,374.7265,373.87,6.8176,12.5566,2.581,0,0,0,0,0,0,0,0,0,0,0,0,0,0,0,0,0,0,0,0,0,0,0,0,0,0,0,0,0,0,0,0,0,0,0,0,0,0,0,0,0,0,0,0,0,0,0,0,0,0,0,0,0,0,0,0,0,0,0,0,0,0,0,0,0,0,0,0,0,0,0,0,0,0,0,0,0,0,0,0,0,0,0,0,0,0,0,0,0,0,0,0,0,0,0,0,0,0,0,0,0,0,0,0,0,0,0,0,0,0,0,0,0,0,0,0,0,0,0,0,0,0,0,0,0,0,0,0,0,0,0,0,0,0,0,0,0,0,0,0,0,0,0,0,0,0,0,0,0,0,0,0,0,0,0,0,0,0,0,0,0,0,0,0,0,0,0,0,0,0,0,0,0,0,0,0,0,0,0,0
2029,1,3,4,0,0,0,0,0,0,0,0,0,0,0,0,0,0,0,0,0,0,0,0,0,0,0,0,0,0,0,0,0,0,0,0,0,0,0,0,0,0,0,0,0,0,0,0,0,0,0,0,0,0,0,0,0,0,185.0753,185.0753,0,185.0753,185.0753,0,0,0,0,0,0,46.19566,101.6295,131.2656,166.1068,0,0,0,0,0,0,0,0,0,0,0,0,0,0,0,53.4982,48.0012,52.5,48.0012,52.5,0,0,0,0,0,0,0,0,0,0,0,42.12937,0,0,0,0,0,0,0,0,0,0,0,0,0,0,0,0,0,0,0,0,0,0,0,0,0,0,0,0,0,0,0,0,276.1364,276.1364,144.6015,34.68233,24.88792,42.51129,19.43568,0,31.02488,0,0,73.01071,0,0,0,0,0,0,0,0,0,0,0,0,0,0,0,0,0,0,0,0,0,0,0,0,0,0,0,0,73.57582,0,0,0,0,0,0,0,374.1562,374.7265,373.87,6.8176,12.5566,2.581,0,0,0,0,0,0,0,0,0,0,0,0,0,0,0,0,0,0,0,0,0,0,0,0,0,0,0,0,0,0,0,0,0,0,0,0,0,0,0,0,0,0,0,0,0,0,0,0,0,0,0,0,0,0,0,0,0,0,0,0,0,0,0,0,0,0,0,0,0,0,0,0,0,0,0,0,0,0,0,0,0,0,0,0,0,0,0,0,0,0,0,0,0,0,0,0,0,0,0,0,0,0,0,0,0,0,0,0,0,0,0,0,0,0,0,0,0,0,0,0,0,0,0,0,0,0,0,0,0,0,0,0,0,0,0,0,0,0,0,0,0,0,0,0,0,0,0,0,0,0,0,0,0,0,0,0,0,0,0,0,0,0,0,0,0,0,0,0,0,0,0,0,0,0,0,0,0,0,0,0
2029,1,3,5,0,0,0,0,0,0,0,0,0,0,0,0,0,0,0,0,0,0,0,0,0,0,0,0,0,0,0,0,0,0,0,0,0,0,0,0,0,0,0,0,0,0,0,0,0,0,0,0,0,0,0,0,0,0,185.0753,185.0753,0,185.0753,185.0753,0,0,0,0,0,0,46.19566,101.6295,131.2656,166.1068,0,0,0,0,0,0,0,0,0,0,0,0,0,0,0,53.4982,48.0012,52.5,48.0012,52.5,0,0,0,0,0,0,0,0,0,0,0,42.12937,0,0,0,0,0,0,0,0,0,0,0,0,0,0,0,0,0,0,0,0,0,0,0,0,0,0,0,0,0,0,0,0,276.1364,276.1364,170.5776,11.23788,7.67079,40.92644,20.38634,0,17.52513,0,0,65.95067,0,0,0,0,0,0,0,0,0,0,0,0,0,0,0,0,0,0,0,0,0,0,0,0,0,0,0,0,74.45676,0,0,0,0,0,0,0,374.1562,374.7265,373.87,6.8176,12.5566,2.581,0,0,0,0,0,0,0,0,0,0,0,0,0,0,0,0,0,0,0,0,0,0,0,0,0,0,0,0,0,0,0,0,0,0,0,0,0,0,0,0,0,0,0,0,0,0,0,0,0,0,0,0,0,0,0,0,0,0,0,0,0,0,0,0,0,0,0,0,0,0,0,0,0,0,0,0,0,0,0,0,0,0,0,0,0,0,0,0,0,0,0,0,0,0,0,0,0,0,0,0,0,0,0,0,0,0,0,0,0,0,0,0,0,0,0,0,0,0,0,0,0,0,0,0,0,0,0,0,0,0,0,0,0,0,0,0,0,0,0,0,0,0,0,0,0,0,0,0,0,0,0,0,0,0,0,0,0,0,0,0,0,0,0,0,0,0,0,0,0,0,0,0,0,0,0,0,0,0,0,0
2029,1,3,6,0,0,0,0,0,0,0,0,0,0,0,0,0,0,0,0,0,0,0,0,0,0,0,0,0,0,0,0,0,0,0,0,0,0,0,0,0,0,0,0,0,0,0,0,0,0,0,0,0,0,0,0,0,0,185.0753,185.0753,0,185.0753,185.0753,0,0,0,0,0,0,46.19566,101.6295,131.2656,166.1068,0,0,0,0,0,0,0,0,0,0,0,0,0,0,0,53.4982,48.0012,52.5,48.0012,52.5,0,0,0,0,0,0,0,0,0,0,0,42.12937,0,0,0,0,0,0,0,0,0,0,0,0,0,0,0,0,0,0,0,0,0,0,0,0,0,0,0,0,0,0,0,0,276.1364,276.1364,180.6797,0,0,40.64676,18.06251,0,12.61613,0,0,43.46758,0,0,0,0,0,0,0,0,0,0,0,0,0,0,0,0,0,0,0,0,0,0,0,0,0,0,0,0,76.1552,0,0,0,0,0,0,0,374.1562,374.7265,373.87,6.8176,12.5566,2.581,0,0,0,0,0,0,0,0,0,0,0,0,0,0,0,0,0,0,0,0,0,0,0,0,0,0,0,0,0,0,0,0,0,0,0,0,0,0,0,0,0,0,0,0,0,0,0,0,0,0,0,0,0,0,0,0,0,0,0,0,0,0,0,0,0,0,0,0,0,0,0,0,0,0,0,0,0,0,0,0,0,0,0,0,0,0,0,0,0,0,0,0,0,0,0,0,0,0,0,0,0,0,0,0,0,0,0,0,0,0,0,0,0,0,0,0,0,0,0,0,0,0,0,0,0,0,0,0,0,0,0,0,0,0,0,0,0,0,0,0,0,0,0,0,0,0,0,0,0,0,0,0,0,0,0,0,0,0,0,0,0,0,0,0,0,0,0,0,0,0,0,0,0,0,0,0,0,0,0,0
2029,1,3,7,0,0,0,0,0,0,0,0,0,0,0,0,0,1.592,2.255,0,0,0,0,0,0,0,0,0,0,0,0,0,0,0,0,0,0,0,0,0,0,0,0,0,0,0,0,0,0,0,0,0,0,0,0,0,0,0,185.0753,185.0753,0,185.0753,185.0753,0,0,0,0,0,0,46.19566,101.6295,131.2656,166.1068,0,0,0,0,0,0,0,0,0,0,0,0,0,0,0,53.4982,48.0012,52.5,48.0012,52.5,32.86969,32.86969,0,0,32.86969,32.86969,32.86969,32.86969,0,0,0,42.12937,0,0,0,0,0,0,0,0,0,0,0,0,0,0,0,0,0,0,0,0,0,0,0,0,0,0,0,0,0,0,0,0,276.1364,276.1364,152.7751,3.576928,0,39.0619,13.09796,0,8.14894,0,0,116.8774,0,0,0,0,0,0,0,0,0,0,0,0,0,0,0,0,0,0,0,0,0,0,0,0,0,0,0,0,77.1659,0,0,0,0,0,0,0,374.1562,374.7265,373.87,6.8176,12.5566,2.581,0,0,0,0,0,0,0,0,0,0,0,0,0,0,0,0,0,0,0,0,0,0,0,0,0,0,0,0,0,0,0,0,0,0,0,0,0,0,0,0,0,0,0,0,0,0,0,0,0,0,0,0,0,0,0,0,0,0,0,0,0,0,0,0,0,0,0,0,0,0,0,0,0,0,0,0,0,0,0,0,0,0,0,0,0,0,0,0,0,0,0,0,0,0,0,0,0,0,0,0,0,0,0,0,0,0,0,0,0,0,0,0,0,0,0,0,0,0,0,0,0,0,0,0,0,0,0,0,0,0,0,0,0,0,0,0,0,0,0,0,0,0,0,0,0,0,0,0,0,0,0,0,0,0,0,0,0,0,0,0,0,0,0,0,0,0,0,0,0,0,0,0,0,0,0,0,0,0,0,0
2029,1,3,8,0,0,0,1.2375,0,0,0,0,0.064118,0.217432,0.211202,0.08261277,0,70.9435,102.74,0,0,0.089276,0,0,1.144469,0.04403226,0.068138,0,0,0,0.188689,0,0,0,0,0,0,0,0,0.255151,0,0,0,0,0,0,0,0,0,0,0,0,0,0,0,0,0,0,185.0753,185.0753,0,185.0753,185.0753,0,0,0,0,0,0,46.19566,101.6295,131.2656,166.1068,0,0,0,0,0,0,0,0,0,0,0,0,0,0,0,53.4982,48.0012,52.5,48.0012,52.5,32.86969,32.86969,32.86969,32.86969,32.86969,32.86969,32.86969,32.86969,0,0,0,42.12937,0,0,0,0,0,0,0,0,0,0,0,0,0,0,0,0,0,0,0,0,0,0,0,0,0,0,0,0,0,0,0,0,276.1364,276.1364,130.5111,0,0,54.81718,7.394008,0,5.64535,0,0,115.8884,32.344,16.8147,0,0,0,0,0,0,0,0,0,0,0,0,0,0,0,0,0,0,0,0,0,0,0,0,0,0,76.62981,0,0,0,0,0,0,0,374.1562,374.7265,373.87,6.8176,12.5566,2.581,0,0,0,0,0,0,0,0,0,0,0,0,0,0,0,0,0,0,0,0,0,0,0,0,0,0,0,0,0,0,0,0,0,0,0,0,0,0,0,0,0,0,0,0,0,0,0,3.253984,0,0,0,0,0,0,0,0,0,0,0.037297,0,0,0,0,0,0,0,0,0,0,0,0,0,0,0,0,0,0,0,0,0,0,0,0,0,0,0,0,0,0,0,0,0,0,0,0,0,0,0,0,0,0,0,0,0,0,0,0,0,0,0,0,0,0,0,0,0,0,0,0,0,0,0,0,0,0,0,0,0,0,0,0,0,0,0,0,0,0,0,0,0,0,0,0,0,0,0,0,0,0,0,0,0,0,0,0,0,0,0,0,0,0,0,0,0,0,0,0,0,0,0,0,0,0,0,0,0,0,0,0,0
2029,1,3,9,48.46791,0.1960614,85.93849,72.3375,0.516568,71.28777,10.59341,0.230513,2.317203,7.857929,7.632796,2.985605,0,116.614,166.1,0,0.203877,3.226403,32.76,0,41.1692,0.5944356,2.462488,47.45004,95.40298,0,2.547307,59.715,0.04924311,0.3840844,0.2734443,0,0,0,0,9.221105,0.1791464,0,61.98898,162.68,30.5025,0,36.90779,60.05539,2.720681,21.64429,0,0,0,0,0,0,0,0,185.0753,185.0753,0,185.0753,185.0753,0,0,0,0,0,0,46.19566,86.40128,131.2656,131.2656,0,0,0,0,0,0,0,0,0,0,0,0,0,0,0,53.4982,48.0012,52.5,48.0012,52.5,32.86969,32.86969,32.86969,32.86969,32.86969,32.86969,32.86969,32.86969,0,0,0,42.12937,0,0,0,0,0,0,0,0,0,0,0,0,0,0,0,0,0,0,0,0,0,0,0,0,0,0,0,0,0,0,0,0,276.1364,276.1364,103.5147,0,0,52.57975,8.555923,0,0,0,0,98.32813,145.0504,168.4296,0,0,0,0,0,0,0,0,0,0,0,0,0,0,0,0,0,0,0,0,0,0,0,0,0,0,77.61387,0,0,0,0,0,0,0,374.1562,374.7265,373.87,6.8176,12.5566,2.581,0,0,0,0,0,0,0,0,0,0,0,0,0,0,0,0,0,0,0,0,0,0,0,0,0,0,0,0,0,0,0,0,0,0,0,0,0,0,0,0,0,0,0,0,0,0,0,117.5982,0,0,0,0,0,0,0,0,0,0,1.34791,0,0,0,0,0,0,0,0,0,0,0,0,0,0,0,0,0,0,0,0,0,0,0,0,0,0,0,0,0,0,0,0,0,0,0,0,0,0,0,0,0,0,0,0,0,0,0,0,0,0,0,0,0,0,0,0,0,0,0,0,0,0,0,0,0,0,0,0,0,0,0,0,0,0,0,0,0,0,0,0,0,0,0,0,0,0,0,0,0,0,0,0,0,0,0,0,0,0,0,0,0,0,0,0,0,0,0,0,0,0,0,0,0,0,0,0,0,0,0,0,0
2029,1,3,10,104.6539,10.24901,218.5634,185.67,12.59109,166.2751,30.7371,12.04994,7.830737,26.55502,25.79421,10.08953,0,106.465,152.075,0,10.65758,10.90328,87.8136,0,81.43549,1.915403,8.321712,67.96588,136.6521,0,8.207989,109.29,2.574158,9.361876,6.665075,0,0,0,0,31.16173,9.364785,0,120.1889,289.5367,54.28813,27.84815,116.4609,60.05253,9.435974,50.22115,0,0,0,0,0,0,0,0,128.7091,128.7091,0,128.7091,128.7091,0,0,0,0,0,0,46.19566,69.30102,131.2656,131.2656,0,0,0,0,0,0,0,0,0,0,0,0,0,0,0,0,0,0,0,0,32.86969,32.86969,32.86969,32.86969,32.86969,32.86969,32.86969,32.86969,0,0,0,42.12937,0,0,0,0,0,0,0,0,0,0,0,0,0,0,0,0,0,0,0,0,0,0,0,0,0,0,0,0,0,0,0,0,276.1364,276.1364,77.6411,0,0,54.53751,13.09796,0,0,0,0,14.52585,306.8948,398.6073,0,0,0,0,0,0,0,0,0,0,0,0,0,0,0,0,0,0,0,0,0,0,0,0,0,0,78.11693,0,0,0,0,0,0,0,374.1562,374.7265,373.87,6.8176,12.5566,2.581,0,0,0,0,0,0,0,0,0,0,0,0,0,0,0,0,0,0,0,0,0,0,0,0,0,0,0,0,0,0,0,0,0,0,0,0,0,0,0,0,0,0,0,0,0,0,0,397.4104,0,0,0,0,0,0,0,0,0,0,4.555118,0,0,0,0,0,0,0,0,0,0,0,0,0,0,0,0,0,0,0,0,0,0,0,0,0,0,0,0,0,0,0,0,0,0,0,0,0,0,0,0,0,0,0,0,0,0,0,0,0,0,0,0,0,0,0,0,0,0,0,0,0,0,0,0,0,0,0,0,0,0,0,0,0,0,0,0,0,0,0,0,0,0,0,0,0,0,0,0,0,0,0,0,0,0,0,0,0,0,0,0,0,0,0,0,0,0,0,0,0,0,0,0,0,0,0,0,0,0,0,0,0
2029,1,3,11,108.4047,10.4452,174.6783,185.31,11.10737,163.7269,11.17949,12.2806,7.980637,27.06335,26.28798,10.28267,0,118.405,170.9125,0,10.86159,11.112,77.0448,0,83.76701,2.707984,8.48101,111.0606,223.2983,0,11.6044,23.385,2.623434,8.258686,5.879672,0,0,0,0,31.75824,9.544049,0,119.159,260.735,48.88782,127.0486,52.05158,103.6419,17.95949,40.83986,0,0,0,0,0,0,0,0,128.7091,128.7091,0,128.7091,128.7091,0,0,0,0,0,0,46.19566,69.30102,131.2656,131.2656,0,0,0,0,0,0,0,0,0,0,0,0,0,0,0,0,0,0,0,0,32.86969,32.86969,32.86969,32.86969,32.86969,32.86969,32.86969,32.86969,0,0,0,42.12937,0,0,0,0,0,0,0,0,0,0,0,0,0,0,0,0,0,0,0,0,0,0,0,0,0,0,0,0,0,0,0,0,276.1364,276.1364,100.7261,0,0,53.97815,19.75256,0,0,0,0,76.72546,465.878,624.8286,0,0,0,0,0,0,0,0,0,0,0,0,0,0,0,0,0,0,0,0,0,0,0,0,0,0,78.31274,0,162.106,0,0,0,0,0,374.1562,374.7265,373.87,6.8176,12.5566,2.581,0,0,0,0,0,0,0,0,0,0,0,0,0,0,0,0,0,0,0,0,0,0,0,0,0,0,0,0,0,0,0,0,0,0,0,0,0,0,0,0,0,0,0,0,0,0,0,405.0178,0,0,0,0,0,0,0,0,0,0,4.642314,0,0,0,0,0,0,0,0,0,0,0,0,0,0,0,0,0,0,0,0,0,0,0,0,0,0,0,0,0,0,0,0,0,0,0,0,0,0,0,0,0,0,0,0,0,0,0,0,0,0,0,0,0,0,0,0,0,0,0,0,0,0,0,0,0,0,0,0,0,0,0,0,0,0,0,0,0,0,0,0,0,0,0,0,0,0,0,0,0,0,0,0,0,0,0,0,0,0,0,0,0,0,0,0,0,0,0,0,0,0,0,0,0,0,0,0,0,0,0,0,0
2029,1,3,12,101.2181,9.391558,47.75788,174.78,11.7809,149.9714,13.5168,11.04182,7.175603,24.33338,23.63622,9.245422,0,115.3205,165.11,0,9.765949,9.991092,116.2224,0,78.63769,2.994194,7.625503,133.3339,268.0809,0,12.83088,76.095,2.358799,8.759477,6.236204,0,0,0,0,28.55468,8.58131,0,112.9063,166.6734,31.25127,114.1729,92.60188,126.0293,22.64827,13.02391,0,0,0,0,0,0,0,0,128.7091,128.7091,0,128.7091,128.7091,0,0,0,0,0,0,46.19566,69.30102,131.2656,131.2656,0,0,0,0,0,0,0,0,0,0,0,0,0,0,0,0,0,0,0,0,32.86969,32.86969,32.86969,0,0,0,0,0,0,0,0,42.12937,0,0,0,0,0,0,0,0,0,0,0,0,0,0,0,0,0,0,0,0,0,0,0,0,0,0,0,0,0,0,0,0,276.1364,276.1364,83.16781,0,0,58.77742,16.37245,0,0,0,0,139.0431,578.8332,785.628,0,0,0,0,0,0,0,0,0,0,0,0,0,0,0,0,0,0,0,0,0,0,0,0,0,0,78.57679,0,668.2141,0,0,0,0,0,374.1562,374.7265,373.87,6.8176,12.5566,2.581,0,0,0,0,0,0,0,0,0,0,0,0,0,0,0,0,0,0,0,0,0,0,0,0,0,0,0,0,0,0,0,0,0,0,0,0,0,0,0,0,0,0,0,0,0,0,0,364.1623,0,0,0,0,0,0,0,0,0,0,4.174029,0,0,0,0,0,0,0,0,0,0,0,0,0,0,0,0,0,0,0,0,0,0,0,0,0,0,0,0,0,0,0,0,0,0,0,0,0,0,0,0,0,0,0,0,0,0,0,0,0,0,0,0,0,0,0,0,0,0,0,0,0,0,0,0,0,0,0,0,0,0,0,0,0,0,0,0,0,0,0,0,0,0,0,0,0,0,0,0,0,0,0,0,0,0,0,0,0,0,0,0,0,0,0,0,0,0,0,0,0,0,0,0,0,0,0,0,0,0,0,0,0
2029,1,3,13,95.51001,9.164372,123.3105,0,0,0,0,0,0,0,23.06445,9.021771,0,117.211,168.355,0,0,0,117.3144,0,77.39421,3.038226,7.441038,127.3739,85.93742,0,0,0,2.301739,7.699833,5.481803,0,0,0,0,0,8.373724,0,108.4408,51.17486,9.595286,128.8717,91.81676,100.9656,24.07875,0,0,0,0,0,0,0,0,0,128.7091,128.7091,0,128.7091,128.7091,0,0,0,0,0,0,46.19566,69.30102,131.2656,131.2656,0,0,0,0,0,0,0,0,0,0,0,0,0,0,0,0,0,0,0,0,32.86969,32.86969,32.86969,0,0,0,0,0,0,0,0,42.12937,0,0,0,0,0,0,0,0,0,0,0,0,0,0,0,0,0,0,0,0,0,0,0,0,0,0,0,0,0,0,0,0,276.1364,276.1364,97.14093,0,0,59.84805,14.25987,0,0,0,0,167.3569,613.292,834.8004,0,0,0,0,0,0,0,0,0,0,0,0,0,0,0,0,0,0,0,0,0,0,0,0,0,0,78.83818,0,0,0,0,0,0,0,374.1562,374.7265,373.87,6.8176,12.5566,2.581,0,0,0,0,0,0,0,0,0,0,0,0,0,0,0,0,0,0,0,0,0,0,0,0,0,0,0,0,0,0,0,0,0,0,0,0,0,0,0,0,0,0,0,0,0,0,0,355.3531,0,0,0,0,0,0,0,0,0,0,4.073057,0,0,0,0,0,0,0,0,0,0,0,0,0,0,0,0,0,0,0,0,0,0,0,0,0,0,0,0,0,0,0,0,0,0,0,0,0,0,0,0,0,0,0,0,0,0,0,0,0,0,0,0,0,0,0,0,0,0,0,0,0,0,0,0,0,0,0,0,0,0,0,0,0,0,0,0,0,0,0,0,0,0,0,0,0,0,0,0,0,0,0,0,0,0,0,0,0,0,0,0,0,0,0,0,0,0,0,0,0,0,0,0,0,0,0,0,0,0,0,0,0
2029,1,3,14,97.79697,9.233485,219.5827,172.575,11.46854,147.5616,30.08301,10.85597,7.054828,23.92382,23.23839,9.089809,0,126.166,181.5275,0,9.601575,9.822928,124.9752,0,78.75451,3.192339,7.497155,131.2708,263.9329,0,13.67998,101.79,2.319098,8.527225,6.070856,0,0,0,0,28.07407,8.436875,0,112.5158,41.27919,7.739849,64.88026,139.9768,118.6101,22.92642,48.80575,0,0,0,0,0,0,0,0,128.7091,128.7091,0,128.7091,128.7091,0,0,0,0,0,0,46.19566,69.30102,131.2656,131.2656,0,0,0,0,0,0,0,0,0,0,0,0,0,0,0,0,0,0,0,0,32.86969,32.86969,32.86969,32.86969,32.86969,32.86969,32.86969,32.86969,0,0,0,42.12937,0,0,0,0,0,0,0,0,0,0,0,0,0,0,0,0,0,0,0,0,0,0,0,0,0,0,0,0,0,0,0,0,276.1364,276.1364,46.90309,0,0,52.56779,15.73867,0,0,0,0,178.6255,585.5508,795.2364,0,0,0,0,0,0,0,0,0,0,0,0,0,0,0,0,0,0,0,0,0,0,0,0,0,0,79.02419,0,0,0,0,0,0,0,374.1562,374.7265,373.87,6.8176,12.5566,2.581,0,0,0,0,0,0,0,0,0,0,0,0,0,0,0,0,0,0,0,0,0,0,0,0,0,0,0,0,0,0,0,0,0,0,0,0,0,0,0,0,0,0,0,0,0,0,0,358.033,0,0,0,0,0,0,0,0,0,0,4.103774,0,0,0,0,0,0,0,0,0,0,0,0,0,0,0,0,0,0,0,0,0,0,0,0,0,0,0,0,0,0,0,0,0,0,0,0,0,0,0,0,0,0,0,0,0,0,0,0,0,0,0,0,0,0,0,0,0,0,0,0,0,0,0,0,0,0,0,0,0,0,0,0,0,0,0,0,0,0,0,0,0,0,0,0,0,0,0,0,0,0,0,0,0,0,0,0,0,0,0,0,0,0,0,0,0,0,0,0,0,0,0,0,0,0,0,0,0,0,0,0,0
2029,1,3,15,107.2754,10.45042,228.5672,183.195,12.23968,162.5507,27.96873,12.28674,7.984626,27.07688,26.30112,10.28781,0,133.33,190.6025,0,10.86702,11.11755,91.98,0,81.14146,3.060242,8.48525,136.161,273.7651,0,13.11391,110.58,2.624746,9.100595,6.479059,0,0,0,0,31.77412,9.548821,0,118.4768,48.08036,9.015068,55.85582,126.4133,109.0653,19.23102,51.03424,0,0,0,0,0,0,0,0,128.7091,128.7091,0,128.7091,128.7091,0,0,0,0,0,0,46.19566,69.30102,131.2656,131.2656,0,0,0,0,0,0,0,0,0,0,0,0,0,0,0,0,0,0,0,0,32.86969,32.86969,32.86969,32.86969,32.86969,32.86969,32.86969,32.86969,0,0,0,42.12937,0,0,0,0,0,0,0,0,0,0,0,0,0,0,0,0,0,0,0,0,0,0,0,0,0,0,0,0,0,0,0,0,276.1364,276.1364,65.96198,0,0,60.2763,19.43568,0,0,0,0,166.312,496.4804,668.4903,0,0,0,0,0,0,0,0,0,0,0,0,0,0,0,0,0,0,0,0,0,0,0,0,0,0,79.84784,0,72.09844,0,0,0,0,0,374.1562,374.7265,373.87,6.8176,12.5566,2.581,0,0,0,0,0,0,0,0,0,0,0,0,0,0,0,0,0,0,0,0,0,0,0,0,0,0,0,0,0,0,0,0,0,0,0,0,0,0,0,0,0,0,0,0,0,0,0,405.2203,0,0,0,0,0,0,0,0,0,0,4.644635,0,0,0,0,0,0,0,0,0,0,0,0,0,0,0,0,0,0,0,0,0,0,0,0,0,0,0,0,0,0,0,0,0,0,0,0,0,0,0,0,0,0,0,0,0,0,0,0,0,0,0,0,0,0,0,0,0,0,0,0,0,0,0,0,0,0,0,0,0,0,0,0,0,0,0,0,0,0,0,0,0,0,0,0,0,0,0,0,0,0,0,0,0,0,0,0,0,0,0,0,0,0,0,0,0,0,0,0,0,0,0,0,0,0,0,0,0,0,0,0,0
2029,1,3,16,108.9597,10.03218,231.7943,185.5125,12.73751,161.6862,38.57214,11.79501,7.66507,25.99322,25.24851,9.876076,0,59.4015,85.635,0,10.43211,10.67261,104.244,0,79.44852,2.355726,8.145658,134.5564,270.5389,0,10.09488,112.65,2.519699,9.470744,6.742582,0,0,0,0,30.50247,9.166663,0,116.4084,43.73385,8.200097,78.30298,83.91079,44.46399,11.58169,51.69745,0,0,0,0,0,0,0,0,128.7091,128.7091,0,128.7091,128.7091,0,0,0,0,0,0,46.19566,69.30102,131.2656,131.2656,0,0,0,0,0,0,0,0,0,0,0,0,0,0,0,0,0,0,0,0,32.86969,32.86969,32.86969,32.86969,32.86969,32.86969,32.86969,32.86969,0,0,0,42.12937,0,0,0,0,0,0,0,0,0,0,0,0,0,0,0,0,0,0,0,0,0,0,0,0,0,0,0,0,0,0,0,0,276.1364,276.1364,13.36368,0,0,48.38456,7.182751,0,0,0,0,166.784,358.5208,472.2246,0,0,0,0,0,0,0,0,0,0,0,0,0,0,0,0,0,0,0,0,0,0,0,0,0,0,80.23927,0,0,0,0,0,0,0,374.1562,374.7265,373.87,6.8176,12.5566,2.581,0,0,0,0,0,0,0,0,0,0,0,0,0,0,0,0,0,0,0,0,0,0,0,0,0,0,0,0,0,0,0,0,0,0,0,0,0,0,0,0,0,0,0,0,0,0,0,389.0028,0,0,0,0,0,0,0,0,0,0,4.45875,0,0,0,0,0,0,0,0,0,0,0,0,0,0,0,0,0,0,0,0,0,0,0,0,0,0,0,0,0,0,0,0,0,0,0,0,0,0,0,0,0,0,0,0,0,0,0,0,0,0,0,0,0,0,0,0,0,0,0,0,0,0,0,0,0,0,0,0,0,0,0,0,0,0,0,0,0,0,0,0,0,0,0,0,0,0,0,0,0,0,0,0,0,0,0,0,0,0,0,0,0,0,0,0,0,0,0,0,0,0,0,0,0,0,0,0,0,0,0,0,0
2029,1,3,17,66.47783,2.316026,179.7945,92.0025,3.113071,77.59023,6.614482,2.722992,3.936958,13.35072,12.96822,5.072582,294.0449,0,0,0,2.408353,5.4817,51.8448,0,35.73792,1.122823,4.183799,72.93247,146.6379,0,4.81158,81.795,0.5816969,2.314667,1.6479,0,0,0,0,15.66678,2.116213,0,58.90683,60.41591,11.32798,32.63383,32.70414,33.12696,4.508777,39.1831,0,0,0,0,0,0,0,0,128.7091,128.7091,0,128.7091,128.7091,0,0,0,0,0,0,46.19566,69.30102,131.2656,131.2656,0,0,0,0,0,0,0,0,0,0,0,0,0,0,0,53.4982,48.0012,52.5,48.0012,52.5,32.86969,32.86969,32.86969,32.86969,32.86969,32.86969,32.86969,32.86969,0,0,0,42.12937,0,0,0,0,0,0,0,0,0,0,0,0,0,0,0,0,0,0,0,0,0,0,0,0,0,0,0,0,0,0,0,0,276.1364,276.1364,53.44218,0,0,61.56105,3.908261,0,0,0,0,223.5187,188.0928,229.7538,0,0,0,0,0,0,0,0,0,0,0,0,0,0,0,0,0,0,0,0,0,0,0,0,0,0,79.9188,0,0,0,0,0,0,0,374.1562,374.7265,373.87,6.8176,12.5566,2.581,0,0,0,0,0,0,0,0,0,0,0,0,0,0,0,0,0,0,0,0,0,0,0,0,0,0,0,0,0,0,0,0,0,0,0,0,0,0,0,0,0,0,0,0,0,0,0,199.8009,0,0,0,0,0,0,0,0,0,0,2.290117,0,0,0,0,0,0,0,0,0,0,0,0,0,0,0,0,0,0,0,0,0,0,0,0,0,0,0,0,0,0,0,0,0,0,0,0,0,0,0,0,0,0,0,0,0,0,0,0,0,0,0,0,0,0,0,0,0,0,0,0,0,0,0,0,0,0,0,0,0,0,0,0,0,0,0,0,0,0,0,0,0,0,0,0,0,0,0,0,0,0,0,0,0,0,0,0,0,0,0,0,0,0,0,0,0,0,0,0,0,0,0,0,0,0,0,0,0,0,0,0,0
2029,1,3,18,0,0,10.05079,3.51,0,0.566562,0,0,0.198304,0.672474,0.653208,0.2555054,294.0449,0,0,0,0,0.276113,0,0,1.56523,0.08806453,0.210737,1.795614,3.610258,0,0.377379,0,0,0,0,0,0,0,0,0.789134,0,0,0,0,0,0,2.067938,0,0,3.7012,0,0,0,0,0,0,0,0,185.0753,185.0753,0,185.0753,185.0753,0,0,0,0,0,0,46.19566,101.6295,131.2656,166.1068,0,0,0,0,0,0,0,0,0,0,0,0,0,0,0,53.4982,48.0012,52.5,48.0012,52.5,32.86969,32.86969,32.86969,32.86969,32.86969,32.86969,32.86969,32.86969,0,0,0,42.12937,0,0,0,0,0,0,0,0,0,0,0,0,0,0,0,0,0,0,0,0,0,0,0,0,0,0,0,0,0,0,0,0,276.1364,276.1364,54.45873,0,0,57.52076,8.661552,0,0,0,0,210.4636,43.54,23.8797,0,0,0,0,0,0,0,0,0,0,0,0,0,0,0,0,0,0,0,0,0,0,0,0,0,0,79.72197,0,0,0,0,0,0,0,374.1562,374.7265,373.87,6.8176,12.5566,2.581,0,0,0,0,0,0,0,0,0,0,0,0,0,0,0,0,0,0,0,0,0,0,0,0,0,0,0,0,0,0,0,0,0,0,0,0,0,0,0,0,0,0,0,0,0,0,0,10.06394,0,0,0,0,0,0,0,0,0,0,0.115353,0,0,0,0,0,0,0,0,0,0,0,0,0,0,0,0,0,0,0,0,0,0,0,0,0,0,0,0,0,0,0,0,0,0,0,0,0,0,0,0,0,0,0,0,0,0,0,0,0,0,0,0,0,0,0,0,0,0,0,0,0,0,0,0,0,0,0,0,0,0,0,0,0,0,0,0,0,0,0,0,0,0,0,0,0,0,0,0,0,0,0,0,0,0,0,0,0,0,0,0,0,0,0,0,0,0,0,0,0,0,0,0,0,0,0,0,0,0,0,0,0
2029,1,3,19,0,0,0,0,0,0,0,0,0,0,0,0,294.0449,0,0,0,0,0,0,0,0,0,0,0,0,0,0,0,0,0,0,0,0,0,0,0,0,0,0,0,0,0,0,0,0,0,0,0,0,0,0,0,0,0,185.0753,185.0753,0,185.0753,185.0753,0,0,0,0,0,0,46.19566,101.6295,131.2656,166.1068,0,0,0,0,0,0,0,0,0,0,0,0,0,0,0,53.4982,48.0012,52.5,48.0012,52.5,0,0,0,0,0,0,0,0,0,0,0,42.12937,0,0,0,0,0,0,0,0,0,0,0,0,0,0,0,0,0,0,0,0,0,0,0,0,0,0,0,0,0,0,0,0,276.1364,276.1364,73.95162,0,0,53.41879,8.555923,0,0,0,0,191.7046,0,0,0,0,0,0,0,0,0,0,0,0,0,0,0,0,0,0,0,0,0,0,0,0,0,0,0,0,78.75373,0,0,0,0,0,0,0,374.1562,374.7265,373.87,6.8176,12.5566,2.581,0,0,0,0,0,0,0,0,0,0,0,0,0,0,0,0,0,0,0,0,0,0,0,0,0,0,0,0,0,0,0,0,0,0,0,0,0,0,0,0,0,0,0,0,0,0,0,0,0,0,0,0,0,0,0,0,0,0,0,0,0,0,0,0,0,0,0,0,0,0,0,0,0,0,0,0,0,0,0,0,0,0,0,0,0,0,0,0,0,0,0,0,0,0,0,0,0,0,0,0,0,0,0,0,0,0,0,0,0,0,0,0,0,0,0,0,0,0,0,0,0,0,0,0,0,0,0,0,0,0,0,0,0,0,0,0,0,0,0,0,0,0,0,0,0,0,0,0,0,0,0,0,0,0,0,0,0,0,0,0,0,0,0,0,0,0,0,0,0,0,0,0,0,0,0,0,0,0,0,0
2029,1,3,20,0,0,0,0,0,0,0,0,0,0,0,0,293.0647,0,0,0,0,0,0,0,0,0,0,0,0,0,0,0,0,0,0,0,0,0,0,0,0,0,0,0,0,0,0,0,0,0,0,0,0,0,0,0,0,0,185.0753,185.0753,0,185.0753,185.0753,0,0,0,0,0,0,46.19566,101.6295,131.2656,166.1068,0,0,0,0,0,0,0,0,0,0,0,0,0,0,0,53.4982,48.0012,52.5,48.0012,52.5,0,0,0,0,0,0,0,0,0,0,0,42.12937,0,0,0,0,0,0,0,0,0,0,0,0,0,0,0,0,0,0,0,0,0,0,0,0,0,0,0,0,0,0,0,0,276.1364,276.1364,70.20725,34.21358,26.84777,42.23161,0.316886,0,0,0,0,151.3214,0,0,0,0,0,0,0,0,0,0,0,0,0,0,0,0,0,0,0,0,0,0,0,0,0,0,0,0,77.42175,0,0,0,0,0,0,0,374.1562,374.7265,373.87,6.8176,12.5566,2.581,0,0,0,0,0,0,0,0,0,0,0,0,0,0,0,0,0,0,0,0,0,0,0,0,0,0,0,0,0,0,0,0,0,0,0,0,0,0,0,0,0,0,0,0,0,0,0,0,0,0,0,0,0,0,0,0,0,0,0,0,0,0,0,0,0,0,0,0,0,0,0,0,0,0,0,0,0,0,0,0,0,0,0,0,0,0,0,0,0,0,0,0,0,0,0,0,0,0,0,0,0,0,0,0,0,0,0,0,0,0,0,0,0,0,0,0,0,0,0,0,0,0,0,0,0,0,0,0,0,0,0,0,0,0,0,0,0,0,0,0,0,0,0,0,0,0,0,0,0,0,0,0,0,0,0,0,0,0,0,0,0,0,0,0,0,0,0,0,0,0,0,0,0,0,0,0,0,0,0,0
2029,1,3,21,0,0,0,0,0,0,0,0,0,0,0,0,0,0,0,0,0,0,0,0,0,0,0,0,0,0,0,0,0,0,0,0,0,0,0,0,0,0,0,0,0,0,0,0,0,0,0,0,0,0,0,0,0,0,185.0753,185.0753,0,185.0753,185.0753,0,0,0,0,0,0,46.19566,101.6295,131.2656,166.1068,0,0,0,0,0,0,0,0,0,0,0,0,0,0,0,53.4982,48.0012,52.5,48.0012,52.5,32.86969,32.86969,32.86969,32.86969,32.86969,32.86969,32.86969,32.86969,0,0,0,42.12937,0,0,0,0,0,0,0,0,0,0,0,0,0,0,0,0,0,0,0,0,0,0,0,0,0,0,0,0,0,0,0,0,276.1364,276.1364,84.08657,7.682146,5.50021,41.01966,0,0,0,0,0,123.505,0,0,0,0,0,0,0,0,0,0,0,0,0,0,0,0,0,0,0,0,0,0,0,0,0,0,0,0,77.99724,0,0,0,0,0,0,0,374.1562,374.7265,373.87,6.8176,12.5566,2.581,0,0,0,0,0,0,0,0,0,0,0,0,0,0,0,0,0,0,0,0,0,0,0,0,0,0,0,0,0,0,0,0,0,0,0,0,0,0,0,0,0,0,0,0,0,0,0,0,0,0,0,0,0,0,0,0,0,0,0,0,0,0,0,0,0,0,0,0,0,0,0,0,0,0,0,0,0,0,0,0,0,0,0,0,0,0,0,0,0,0,0,0,0,0,0,0,0,0,0,0,0,0,0,0,0,0,0,0,0,0,0,0,0,0,0,0,0,0,0,0,0,0,0,0,0,0,0,0,0,0,0,0,0,0,0,0,0,0,0,0,0,0,0,0,0,0,0,0,0,0,0,0,0,0,0,0,0,0,0,0,0,0,0,0,0,0,0,0,0,0,0,0,0,0,0,0,0,0,0,0
2029,1,3,22,0,0,0,0,0,0,0,0,0,0,0,0,0,0,0,0,0,0,0,0,0,0,0,0,0,0,0,0,0,0,0,0,0,0,0,0,0,0,0,0,0,0,0,0,0,0,0,0,0,0,0,0,0,0,257.1061,185.0753,0,185.0753,185.0753,0,0,0,0,0,0,46.19566,101.6295,131.2656,166.1068,0,0,0,0,0,0,0,0,0,0,0,0,0,0,0,53.4982,48.0012,52.5,48.0012,52.5,32.86969,32.86969,32.86969,32.86969,32.86969,32.86969,32.86969,32.86969,0,0,0,42.12937,0,0,0,0,0,0,0,0,0,0,0,0,0,0,0,0,0,0,0,0,0,0,0,0,0,0,0,0,0,0,0,0,276.1364,276.1364,93.52668,0,0,41.8587,0,0,0,0,0,68.01183,0,0,0,0,0,0,0,0,0,0,0,0,0,0,0,0,0,0,0,0,0,0,0,0,0,0,0,0,77.08744,0,0,0,0,0,0,0,374.1562,374.7265,373.87,6.8176,12.5566,2.581,0,0,0,0,0,0,0,0,0,0,0,0,0,0,0,0,0,0,0,0,0,0,0,0,0,0,0,0,0,0,0,0,0,0,0,0,0,0,0,0,0,0,0,0,0,0,0,0,0,0,0,0,0,0,0,0,0,0,0,0,0,0,0,0,0,0,0,0,0,0,0,0,0,0,0,0,0,0,0,0,0,0,0,0,0,0,0,0,0,0,0,0,0,0,0,0,0,0,0,0,0,0,0,0,0,0,0,0,0,0,0,0,0,0,0,0,0,0,0,0,0,0,0,0,0,0,0,0,0,0,0,0,0,0,0,0,0,0,0,0,0,0,0,0,0,0,0,0,0,0,0,0,0,0,0,0,0,0,0,0,0,0,0,0,0,0,0,0,0,0,0,0,0,0,0,0,0,0,0,0
2029,1,3,23,0,0,0,0,0,0,0,0,0,0,0,0,0,0,0,0,0,0,0,0,0,0,0,0,0,0,0,0,0,0,0,0,0,0,0,0,0,0,0,0,0,0,0,0,0,0,0,0,0,0,0,0,0,0,257.1061,185.0753,0,185.0753,185.0753,0,0,0,0,0,0,46.19566,101.6295,131.2656,166.1068,0,0,0,0,0,0,0,0,0,0,0,0,0,0,0,53.4982,48.0012,52.5,48.0012,52.5,32.86969,32.86969,32.86969,32.86969,32.86969,32.86969,32.86969,32.86969,0,0,0,42.12937,0,0,0,0,0,0,0,0,0,0,0,0,0,0,0,0,0,0,0,0,0,0,0,0,0,0,0,0,0,0,0,0,276.1364,276.1364,74.43529,0,0,54.35105,0.1056287,0,10.35799,0,0,61.09705,0,0,0,0,0,0,0,0,0,0,0,0,0,0,0,0,0,0,0,0,0,0,0,0,0,0,0,0,75.90749,0,0,0,0,0,0,0,374.1562,374.7265,373.87,6.8176,12.5566,2.581,0,0,0,0,0,0,0,0,0,0,0,0,0,0,0,0,0,0,0,0,0,0,0,0,0,0,0,0,0,0,0,0,0,0,0,0,0,0,0,0,0,0,0,0,0,0,0,0,0,0,0,0,0,0,0,0,0,0,0,0,0,0,0,0,0,0,0,0,0,0,0,0,0,0,0,0,0,0,0,0,0,0,0,0,0,0,0,0,0,0,0,0,0,0,0,0,0,0,0,0,0,0,0,0,0,0,0,0,0,0,0,0,0,0,0,0,0,0,0,0,0,0,0,0,0,0,0,0,0,0,0,0,0,0,0,0,0,0,0,0,0,0,0,0,0,0,0,0,0,0,0,0,0,0,0,0,0,0,0,0,0,0,0,0,0,0,0,0,0,0,0,0,0,0,0,0,0,0,0,0
2029,1,3,24,0,0,0,0,0,0,0,0,0,0,0,0,0,0,0,0,0,0,0,0,0,0,0,0,0,0,0,0,0,0,0,0,0,0,0,0,0,0,0,0,0,0,0,0,0,0,0,0,0,0,0,0,0,0,251.8821,185.0753,0,185.0753,185.0753,0,0,0,0,0,0,46.19566,101.6295,131.2656,166.1068,0,0,0,0,0,0,0,0,0,0,0,0,0,0,0,53.4982,48.0012,52.5,48.0012,52.5,32.86969,32.86969,32.86969,32.86969,32.86969,32.86969,32.86969,32.86969,0,0,0,42.12937,0,0,0,0,0,0,0,0,0,0,0,0,0,0,0,0,0,0,0,0,0,0,0,0,0,0,0,0,0,0,0,0,276.1364,276.1364,101.9544,6.912937,4.931222,68.14857,1.161916,0,0,0,0,44.01215,0,0,0,0,0,0,0,0,0,0,0,0,0,0,0,0,0,0,0,0,0,0,0,0,0,0,0,0,74.58733,0,0,0,0,0,0,0,374.1562,374.7265,373.87,6.8176,12.5566,2.581,0,0,0,0,0,0,0,0,0,0,0,0,0,0,0,0,0,0,0,0,0,0,0,0,0,0,0,0,0,0,0,0,0,0,0,0,0,0,0,0,0,0,0,0,0,0,0,0,0,0,0,0,0,0,0,0,0,0,0,0,0,0,0,0,0,0,0,0,0,0,0,0,0,0,0,0,0,0,0,0,0,0,0,0,0,0,0,0,0,0,0,0,0,0,0,0,0,0,0,0,0,0,0,0,0,0,0,0,0,0,0,0,0,0,0,0,0,0,0,0,0,0,0,0,0,0,0,0,0,0,0,0,0,0,0,0,0,0,0,0,0,0,0,0,0,0,0,0,0,0,0,0,0,0,0,0,0,0,0,0,0,0,0,0,0,0,0,0,0,0,0,0,0,0,0,0,0,0,0,0
2029,1,4,1,0,0,0,0,0,0,0,0,0,0,0,0,0,0,0,0,0,0,0,0,0,0,0,0,0,0,0,0,0,0,0,0,0,0,0,0,0,0,0,0,0,0,0,0,0,0,0,0,0,0,0,0,0,0,185.0753,185.0753,0,185.0753,185.0753,0,0,0,0,0,0,46.19566,101.6295,131.2656,166.1068,0,0,0,0,0,0,0,0,0,0,0,0,0,0,0,53.4982,48.0012,52.5,48.0012,52.5,0,0,0,0,0,0,0,0,0,0,0,42.12937,0,0,0,0,0,0,0,0,0,0,0,0,0,0,0,0,0,0,0,0,0,0,0,0,0,0,0,0,0,0,0,0,276.1364,276.1364,100.6098,10.5123,7.881526,73.18281,8.239038,0,0,0,0,37.47934,0,0,0,0,0,0,0,0,0,0,0,0,0,0,0,0,0,0,0,0,0,0,0,0,0,0,0,0,73.63434,0,0,0,0,0,0,0,374.1562,374.7265,373.87,6.8176,12.5566,2.581,0,0,0,0,0,0,0,0,0,0,0,0,0,0,0,0,0,0,0,0,0,0,0,0,0,0,0,0,0,0,0,0,0,0,0,0,0,0,0,0,0,0,0,0,0,0,0,0,0,0,0,0,0,0,0,0,0,0,0,0,0,0,0,0,0,0,0,0,0,0,0,0,0,0,0,0,0,0,0,0,0,0,0,0,0,0,0,0,0,0,0,0,0,0,0,0,0,0,0,0,0,0,0,0,0,0,0,0,0,0,0,0,0,0,0,0,0,0,0,0,0,0,0,0,0,0,0,0,0,0,0,0,0,0,0,0,0,0,0,0,0,0,0,0,0,0,0,0,0,0,0,0,0,0,0,0,0,0,0,0,0,0,0,0,0,0,0,0,0,0,0,0,0,0,0,0,0,0,0,0
2029,1,4,2,0,0,0,0,0,0,0,0,0,0,0,0,0,0,0,0,0,0,0,0,0,0,0,0,0,0,0,0,0,0,0,0,0,0,0,0,0,0,0,0,0,0,0,0,0,0,0,0,0,0,0,0,0,0,185.0753,185.0753,0,185.0753,185.0753,0,0,0,0,0,0,46.19566,101.6295,131.2656,166.1068,0,0,0,0,0,0,0,0,0,0,0,0,0,0,0,53.4982,48.0012,52.5,48.0012,52.5,0,0,0,0,0,0,0,0,0,0,0,42.12937,0,0,0,0,0,0,0,0,0,0,0,0,0,0,0,0,0,0,0,0,0,0,0,0,0,0,0,0,0,0,0,0,276.1364,276.1364,84.30505,0,0,76.35251,16.37245,0,0,0,0,41.76614,0,0,0,0,0,0,0,0,0,0,0,0,0,0,0,0,0,0,0,0,0,0,0,0,0,0,0,0,73.22706,0,0,0,0,0,0,0,374.1562,374.7265,373.87,6.8176,12.5566,2.581,0,0,0,0,0,0,0,0,0,0,0,0,0,0,0,0,0,0,0,0,0,0,0,0,0,0,0,0,0,0,0,0,0,0,0,0,0,0,0,0,0,0,0,0,0,0,0,0,0,0,0,0,0,0,0,0,0,0,0,0,0,0,0,0,0,0,0,0,0,0,0,0,0,0,0,0,0,0,0,0,0,0,0,0,0,0,0,0,0,0,0,0,0,0,0,0,0,0,0,0,0,0,0,0,0,0,0,0,0,0,0,0,0,0,0,0,0,0,0,0,0,0,0,0,0,0,0,0,0,0,0,0,0,0,0,0,0,0,0,0,0,0,0,0,0,0,0,0,0,0,0,0,0,0,0,0,0,0,0,0,0,0,0,0,0,0,0,0,0,0,0,0,0,0,0,0,0,0,0,0
2029,1,4,3,0,0,0,0,0,0,0,0,0,0,0,0,0,0,0,0,0,0,0,0,0,0,0,0,0,0,0,0,0,0,0,0,0,0,0,0,0,0,0,0,0,0,0,0,0,0,0,0,0,0,0,0,0,0,185.0753,185.0753,0,185.0753,185.0753,0,0,0,0,0,0,46.19566,101.6295,131.2656,166.1068,0,0,0,0,0,0,0,0,0,0,0,0,0,0,0,53.4982,48.0012,52.5,48.0012,52.5,32.86969,32.86969,32.86969,32.86969,32.86969,32.86969,32.86969,32.86969,0,0,0,42.12937,0,0,0,0,0,0,0,0,0,0,0,0,0,0,0,0,0,0,0,0,0,0,0,0,0,0,0,0,0,0,0,0,276.1364,276.1364,80.17563,0,0,72.99635,8.661552,0,0,0,0,62.51759,0,0,0,0,0,0,0,0,0,0,0,0,0,0,0,0,0,0,0,0,0,0,0,0,0,0,0,0,73.06126,0,0,0,0,0,0,0,374.1562,374.7265,373.87,6.8176,12.5566,2.581,0,0,0,0,0,0,0,0,0,0,0,0,0,0,0,0,0,0,0,0,0,0,0,0,0,0,0,0,0,0,0,0,0,0,0,0,0,0,0,0,0,0,0,0,0,0,0,0,0,0,0,0,0,0,0,0,0,0,0,0,0,0,0,0,0,0,0,0,0,0,0,0,0,0,0,0,0,0,0,0,0,0,0,0,0,0,0,0,0,0,0,0,0,0,0,0,0,0,0,0,0,0,0,0,0,0,0,0,0,0,0,0,0,0,0,0,0,0,0,0,0,0,0,0,0,0,0,0,0,0,0,0,0,0,0,0,0,0,0,0,0,0,0,0,0,0,0,0,0,0,0,0,0,0,0,0,0,0,0,0,0,0,0,0,0,0,0,0,0,0,0,0,0,0,0,0,0,0,0,0
2029,1,4,4,0,0,0,0,0,0,0,0,0,0,0,0,0,0,0,0,0,0,0,0,0,0,0,0,0,0,0,0,0,0,0,0,0,0,0,0,0,0,0,0,0,0,0,0,0,0,0,0,0,0,0,0,0,0,185.0753,185.0753,0,185.0753,185.0753,0,0,0,0,0,0,46.19566,101.6295,131.2656,166.1068,0,0,0,0,0,0,0,0,0,0,0,0,0,0,0,53.4982,48.0012,52.5,48.0012,52.5,32.86969,32.86969,32.86969,32.86969,32.86969,32.86969,32.86969,32.86969,0,0,0,42.12937,0,0,0,0,0,0,0,0,0,0,0,0,0,0,0,0,0,0,0,0,0,0,0,0,0,0,0,0,0,0,0,0,276.1364,276.1364,40.44609,0,0,65.63146,7.816523,0,0,0,0,73.01071,0,0,0,0,0,0,0,0,0,0,0,0,0,0,0,0,0,0,0,0,0,0,0,0,0,0,0,0,73.57582,0,0,0,0,0,0,0,374.1562,374.7265,373.87,6.8176,12.5566,2.581,0,0,0,0,0,0,0,0,0,0,0,0,0,0,0,0,0,0,0,0,0,0,0,0,0,0,0,0,0,0,0,0,0,0,0,0,0,0,0,0,0,0,0,0,0,0,0,0,0,0,0,0,0,0,0,0,0,0,0,0,0,0,0,0,0,0,0,0,0,0,0,0,0,0,0,0,0,0,0,0,0,0,0,0,0,0,0,0,0,0,0,0,0,0,0,0,0,0,0,0,0,0,0,0,0,0,0,0,0,0,0,0,0,0,0,0,0,0,0,0,0,0,0,0,0,0,0,0,0,0,0,0,0,0,0,0,0,0,0,0,0,0,0,0,0,0,0,0,0,0,0,0,0,0,0,0,0,0,0,0,0,0,0,0,0,0,0,0,0,0,0,0,0,0,0,0,0,0,0,0
2029,1,4,5,0,0,0,0,0,0,0,0,0,0,0,0,0,0,0,0,0,0,0,0,0,0,0,0,0,0,0,0,0,0,0,0,0,0,0,0,0,0,0,0,0,0,0,0,0,0,0,0,0,0,0,0,0,0,185.0753,185.0753,0,185.0753,185.0753,0,0,0,0,0,0,46.19566,101.6295,131.2656,166.1068,0,0,0,0,0,0,0,0,0,0,0,0,0,0,0,53.4982,48.0012,52.5,48.0012,52.5,32.86969,32.86969,32.86969,32.86969,32.86969,32.86969,32.86969,0,0,0,0,42.12937,0,0,0,0,0,0,0,0,0,0,0,0,0,0,0,0,0,0,0,0,0,0,0,0,0,0,0,0,0,0,0,0,276.1364,276.1364,41.00314,0,0,56.9614,7.816523,0,0,0,0,65.95067,0,0,0,0,0,0,0,0,0,0,0,0,0,0,0,0,0,0,0,0,0,0,0,0,0,0,0,0,74.45676,0,0,0,0,0,0,0,374.1562,374.7265,373.87,6.8176,12.5566,2.581,0,0,0,0,0,0,0,0,0,0,0,0,0,0,0,0,0,0,0,0,0,0,0,0,0,0,0,0,0,0,0,0,0,0,0,0,0,0,0,0,0,0,0,0,0,0,0,0,0,0,0,0,0,0,0,0,0,0,0,0,0,0,0,0,0,0,0,0,0,0,0,0,0,0,0,0,0,0,0,0,0,0,0,0,0,0,0,0,0,0,0,0,0,0,0,0,0,0,0,0,0,0,0,0,0,0,0,0,0,0,0,0,0,0,0,0,0,0,0,0,0,0,0,0,0,0,0,0,0,0,0,0,0,0,0,0,0,0,0,0,0,0,0,0,0,0,0,0,0,0,0,0,0,0,0,0,0,0,0,0,0,0,0,0,0,0,0,0,0,0,0,0,0,0,0,0,0,0,0,0
2029,1,4,6,0,0,0,0,0,0,0,0,0,0,0,0,0,0,0,0,0,0,0,0,0,0,0,0,0,0,0,0,0,0,0,0,0,0,0,0,0,0,0,0,0,0,0,0,0,0,0,0,0,0,0,0,0,0,185.0753,185.0753,0,185.0753,185.0753,0,0,0,0,0,0,46.19566,101.6295,131.2656,166.1068,0,0,0,0,0,0,0,0,0,0,0,0,0,0,0,53.4982,48.0012,52.5,48.0012,52.5,32.86969,32.86969,32.86969,32.86969,32.86969,0,32.86969,32.86969,0,0,0,42.12937,0,0,0,0,0,0,0,0,0,0,0,0,0,0,0,0,0,0,0,0,0,0,0,0,0,0,0,0,0,0,0,0,276.1364,276.1364,48.96152,0.1007997,0,54.1646,0.9665024,0,0,0,0,43.46758,0,0,0,0,0,0,0,0,0,0,0,0,0,0,0,0,0,0,0,0,0,0,0,0,0,0,0,0,76.1552,0,0,0,0,0,0,0,374.1562,374.7265,373.87,6.8176,12.5566,2.581,0,0,0,0,0,0,0,0,0,0,0,0,0,0,0,0,0,0,0,0,0,0,0,0,0,0,0,0,0,0,0,0,0,0,0,0,0,0,0,0,0,0,0,0,0,0,0,0,0,0,0,0,0,0,0,0,0,0,0,0,0,0,0,0,0,0,0,0,0,0,0,0,0,0,0,0,0,0,0,0,0,0,0,0,0,0,0,0,0,0,0,0,0,0,0,0,0,0,0,0,0,0,0,0,0,0,0,0,0,0,0,0,0,0,0,0,0,0,0,0,0,0,0,0,0,0,0,0,0,0,0,0,0,0,0,0,0,0,0,0,0,0,0,0,0,0,0,0,0,0,0,0,0,0,0,0,0,0,0,0,0,0,0,0,0,0,0,0,0,0,0,0,0,0,0,0,0,0,0,0
2029,1,4,7,0,0,0,0,0,0,0,0,0,0,0,0,0,0,0,0,0,0,0,0,0,0,0,0,0,0,0,0,0,0,0,0,0,0,0,0,0,0,0,0,0,0,0,0,0,0,0,0,0,0,0,0,0,0,185.0753,185.0753,0,185.0753,185.0753,0,0,0,0,0,0,46.19566,101.6295,131.2656,166.1068,0,0,0,0,0,0,0,0,0,0,0,0,0,0,0,53.4982,48.0012,52.5,48.0012,52.5,32.86969,32.86969,32.86969,32.86969,32.86969,32.86969,32.86969,32.86969,0,0,0,42.12937,0,0,0,0,0,0,0,0,0,0,0,0,0,0,0,0,0,0,0,0,0,0,0,0,0,0,0,0,0,0,0,0,276.1364,276.1364,40.80513,0,0,59.01238,1.040443,0,0,0,0,116.8774,0,0,0,0,0,0,0,0,0,0,0,0,0,0,0,0,0,0,0,0,0,0,0,0,0,0,0,0,77.1659,0,0,0,0,0,0,0,374.1562,374.7265,373.87,6.8176,12.5566,2.581,0,0,0,0,0,0,0,0,0,0,0,0,0,0,0,0,0,0,0,0,0,0,0,0,0,0,0,0,0,0,0,0,0,0,0,0,0,0,0,0,0,0,0,0,0,0,0,0,0,0,0,0,0,0,0,0,0,0,0,0,0,0,0,0,0,0,0,0,0,0,0,0,0,0,0,0,0,0,0,0,0,0,0,0,0,0,0,0,0,0,0,0,0,0,0,0,0,0,0,0,0,0,0,0,0,0,0,0,0,0,0,0,0,0,0,0,0,0,0,0,0,0,0,0,0,0,0,0,0,0,0,0,0,0,0,0,0,0,0,0,0,0,0,0,0,0,0,0,0,0,0,0,0,0,0,0,0,0,0,0,0,0,0,0,0,0,0,0,0,0,0,0,0,0,0,0,0,0,0,0
2029,1,4,8,0,0,0,1.5075,0,0,0.317362,0,0.175278,0.594389,0.57736,0.225837,0,38.7055,55.6325,0,0,0.244051,0,0,0,0.05548065,0.186267,0,0,0,0.237749,0,0,0,0,0,0,0,0,0.68282,0,0,0,1.523936,0.285738,0,0,0,0,0,0,0,0,0,0,0,0,0,185.0753,185.0753,0,185.0753,185.0753,0,0,0,0,0,0,46.19566,101.6295,131.2656,166.1068,0,0,0,0,0,0,0,0,0,0,0,0,0,0,0,53.4982,48.0012,52.5,48.0012,52.5,0,0,0,0,0,0,0,0,0,0,0,42.12937,0,0,0,0,0,0,0,0,0,0,0,0,0,0,0,0,0,0,0,0,0,0,0,0,0,0,0,0,0,0,0,0,276.1364,276.1364,58.97905,2.041551,0,62.08885,4.647662,0,0,0,0,115.8884,0,0,0,0,0,0,0,0,0,0,0,0,0,0,0,0,0,0,0,0,0,0,0,0,0,0,0,0,76.62981,0,0,0,0,0,0,0,374.1562,374.7265,373.87,6.8176,12.5566,2.581,0,0,0,0,0,0,0,0,0,0,0,0,0,0,0,0,0,0,0,0,0,0,0,0,0,0,0,0,0,0,0,0,0,0,0,0,0,0,0,0,0,0,0,0,0,0,0,8.708113,0,0,0,0,0,0,0,0,0,0,0.099812,0,0,0,0,0,0,0,0,0,0,0,0,0,0,0,0,0,0,0,0,0,0,0,0,0,0,0,0,0,0,0,0,0,0,0,0,0,0,0,0,0,0,0,0,0,0,0,0,0,0,0,0,0,0,0,0,0,0,0,0,0,0,0,0,0,0,0,0,0,0,0,0,0,0,0,0,0,0,0,0,0,0,0,0,0,0,0,0,0,0,0,0,0,0,0,0,0,0,0,0,0,0,0,0,0,0,0,0,0,0,0,0,0,0,0,0,0,0,0,0,0
2029,1,4,9,51.76035,3.205863,97.34366,68.76,3.524021,74.96722,23.2761,3.769189,4.616836,15.65628,15.20772,5.948573,0,110.246,156.805,0,3.333663,6.428342,1.4952,0,2.500803,0.8806453,4.906304,58.8732,118.3704,0,3.773788,64.08,0.8051898,2.620222,1.865436,0,0,0,0,18.26848,2.92928,0,58.60089,21.03701,3.944439,0,73.76134,8.694082,3.992216,23.81243,0,0,0,0,0,0,0,0,185.0753,185.0753,0,185.0753,185.0753,0,0,0,0,0,0,46.19566,101.6295,131.2656,166.1068,0,0,0,0,0,0,0,0,0,0,0,0,0,0,0,53.4982,48.0012,52.5,48.0012,52.5,0,32.86969,0,0,32.86969,32.86969,32.86969,32.86969,0,0,0,42.12937,0,0,0,0,0,0,0,0,0,0,0,0,0,0,0,0,0,0,0,0,0,0,0,0,0,0,0,0,0,0,0,0,276.1364,276.1364,41.72677,0,0,49.96941,14.3655,0,0,0,0,98.32813,175.2796,212.3739,0,0,0,0,0,0,0,0,0,0,0,0,0,0,0,0,0,0,0,0,0,0,0,0,0,0,77.61387,0,0,0,0,0,0,0,374.1562,374.7265,373.87,6.8176,12.5566,2.581,0,0,0,0,0,0,0,0,0,0,0,0,0,0,0,0,0,0,0,0,0,0,0,0,0,0,0,0,0,0,0,0,0,0,0,0,0,0,0,0,0,0,0,0,0,0,0,232.9808,0,0,0,0,0,0,0,0,0,0,2.670426,0,0,0,0,0,0,0,0,0,0,0,0,0,0,0,0,0,0,0,0,0,0,0,0,0,0,0,0,0,0,0,0,0,0,0,0,0,0,0,0,0,0,0,0,0,0,0,0,0,0,0,0,0,0,0,0,0,0,0,0,0,0,0,0,0,0,0,0,0,0,0,0,0,0,0,0,0,0,0,0,0,0,0,0,0,0,0,0,0,0,0,0,0,0,0,0,0,0,0,0,0,0,0,0,0,0,0,0,0,0,0,0,0,0,0,0,0,0,0,0,0
2029,1,4,10,106.6337,12.10082,225.4645,182.0025,14.69074,165.4976,50.43372,14.22714,9.245608,31.35303,30.45475,11.91252,0,133.927,191.455,0,12.58321,12.8733,11.5416,0,6.146075,2.0475,9.825293,134.4418,270.3085,0,8.774057,115.335,3.039262,10.92304,7.776524,0,0,0,0,36.72124,11.05683,0,118.0493,209.4958,39.28046,0,158.2822,36.14736,11.46248,52.8542,0,0,0,0,0,0,0,0,128.7091,128.7091,0,128.7091,128.7091,0,0,0,0,0,0,46.19566,69.30102,131.2656,131.2656,0,0,0,0,0,0,0,0,0,0,0,0,0,0,0,0,0,0,0,0,32.86969,32.86969,32.86969,32.86969,32.86969,32.86969,32.86969,32.86969,0,0,0,42.12937,0,0,0,0,0,0,0,0,0,0,0,0,0,0,0,0,0,0,0,0,0,0,0,0,0,0,0,0,0,0,0,0,276.1364,276.1364,44.3251,0,0,40.36708,16.68933,0,0,0,0,14.52585,355.2864,468.5508,0,0,0,0,0,0,0,0,0,0,0,0,0,0,0,0,0,0,0,0,0,0,0,0,0,0,78.11693,0,0,0,0,0,0,0,374.1562,374.7265,373.87,6.8176,12.5566,2.581,0,0,0,0,0,0,0,0,0,0,0,0,0,0,0,0,0,0,0,0,0,0,0,0,0,0,0,0,0,0,0,0,0,0,0,0,0,0,0,0,0,0,0,0,0,0,0,468.3117,0,0,0,0,0,0,0,0,0,0,5.367789,0,0,0,0,0,0,0,0,0,0,0,0,0,0,0,0,0,0,0,0,0,0,0,0,0,0,0,0,0,0,0,0,0,0,0,0,0,0,0,0,0,0,0,0,0,0,0,0,0,0,0,0,0,0,0,0,0,0,0,0,0,0,0,0,0,0,0,0,0,0,0,0,0,0,0,0,0,0,0,0,0,0,0,0,0,0,0,0,0,0,0,0,0,0,0,0,0,0,0,0,0,0,0,0,0,0,0,0,0,0,0,0,0,0,0,0,0,0,0,0,0
2029,1,4,11,110.1573,12.5966,231.6888,181.8675,15.20809,164.311,49.33958,14.81004,9.624407,32.63758,31.70251,12.40059,0,138.2055,199.5125,0,13.09875,13.40073,33.0288,0,8.837953,2.972178,10.22784,143.8783,289.2815,0,12.73653,115.41,3.163782,11.3077,8.050382,0,0,0,0,38.27016,11.50984,0,118.6384,196.7388,36.88852,0,160.9654,93.67365,19.50917,54.00673,0,0,0,0,0,0,0,0,128.7091,128.7091,0,128.7091,128.7091,0,0,0,0,0,0,46.19566,69.30102,131.2656,131.2656,0,0,0,0,0,0,0,0,0,0,0,0,0,0,0,0,0,0,0,0,32.86969,0,0,0,0,0,0,0,0,0,0,42.12937,0,0,0,0,0,0,0,0,0,0,0,0,0,0,0,0,0,0,0,0,0,0,0,0,0,0,0,0,0,0,0,0,276.1364,276.1364,87.39457,0,0,32.16314,6.020835,0,0,0,0,76.72546,502.8248,678.5226,0,0,0,0,0,0,0,0,0,0,0,0,0,0,0,0,0,0,0,0,0,0,0,0,0,0,78.31274,0,66.78763,0,0,0,0,0,374.1562,374.7265,373.87,6.8176,12.5566,2.581,0,0,0,0,0,0,0,0,0,0,0,0,0,0,0,0,0,0,0,0,0,0,0,0,0,0,0,0,0,0,0,0,0,0,0,0,0,0,0,0,0,0,0,0,0,0,0,488.0653,0,0,0,0,0,0,0,0,0,0,5.594205,0,0,0,0,0,0,0,0,0,0,0,0,0,0,0,0,0,0,0,0,0,0,0,0,0,0,0,0,0,0,0,0,0,0,0,0,0,0,0,0,0,0,0,0,0,0,0,0,0,0,0,0,0,0,0,0,0,0,0,0,0,0,0,0,0,0,0,0,0,0,0,0,0,0,0,0,0,0,0,0,0,0,0,0,0,0,0,0,0,0,0,0,0,0,0,0,0,0,0,0,0,0,0,0,0,0,0,0,0,0,0,0,0,0,0,0,0,0,0,0,0
2029,1,4,12,103.351,11.95756,222.5121,175.2525,14.08554,154.7373,46.27117,14.05872,9.136155,30.98186,30.09422,11.7715,0,134.723,192.7475,0,12.43425,12.7209,54.684,0,11.70804,3.478549,9.708978,134.0979,269.6171,0,14.90646,107.16,3.003282,10.47305,7.456162,0,0,0,0,36.34312,10.92594,0,112.5785,93.86639,17.59995,0,149.7005,192.4571,23.48272,50.81318,0,0,0,0,0,0,0,0,128.7091,128.7091,0,128.7091,128.7091,0,0,0,0,0,0,46.19566,69.30102,131.2656,131.2656,0,0,0,0,0,0,0,0,0,0,0,0,0,0,0,0,0,0,0,0,0,0,0,0,0,0,0,0,0,0,0,42.12937,0,0,0,0,0,0,0,0,0,0,0,0,0,0,0,0,0,0,0,0,0,0,0,0,0,0,0,0,0,0,0,0,276.1364,276.1364,138.492,0,0,34.68026,0.2524526,0,0,0,0,139.0431,598.4884,814.7358,0,0,0,0,0,0,0,0,0,0,0,0,0,0,0,0,0,0,0,0,0,0,0,0,0,0,78.57679,0,453.6026,0,0,0,0,0,374.1562,374.7265,373.87,6.8176,12.5566,2.581,0,0,0,0,0,0,0,0,0,0,0,0,0,0,0,0,0,0,0,0,0,0,0,0,0,0,0,0,0,0,0,0,0,0,0,0,0,0,0,0,0,0,0,0,0,0,0,463.4895,0,0,0,0,0,0,0,0,0,0,5.312516,0,0,0,0,0,0,0,0,0,0,0,0,0,0,0,0,0,0,0,0,0,0,0,0,0,0,0,0,0,0,0,0,0,0,0,0,0,0,0,0,0,0,0,0,0,0,0,0,0,0,0,0,0,0,0,0,0,0,0,0,0,0,0,0,0,0,0,0,0,0,0,0,0,0,0,0,0,0,0,0,0,0,0,0,0,0,0,0,0,0,0,0,0,0,0,0,0,0,0,0,0,0,0,0,0,0,0,0,0,0,0,0,0,0,0,0,0,0,0,0,0
2029,1,4,13,97.41857,11.54961,213.8802,66.27606,0,147.8165,0,0,0,29.92486,0,11.36989,0,139.101,199.65,0,12.01003,12.28691,63.2856,0,15.8206,3.764759,9.377739,127.7178,256.7892,0,0,103.155,2.90082,9.798072,6.975619,0,0,0,0,0,10.55318,0,109.5838,168.0937,31.51757,0,141.4341,184.6538,24.95293,0,0,0,0,0,0,0,0,0,128.7091,128.7091,0,128.7091,128.7091,0,0,0,0,0,0,46.19566,69.30102,131.2656,131.2656,0,0,0,0,0,0,0,0,0,0,0,0,0,0,0,0,0,0,0,0,0,0,0,0,0,0,0,0,0,0,0,42.12937,0,0,0,0,0,0,0,0,0,0,0,0,0,0,0,0,0,0,0,0,0,0,0,0,0,0,0,0,0,0,0,0,276.1364,276.1364,168.644,0,0,42.32483,1.267544,0,0,0,0,167.3569,633.9424,865.1799,0,0,0,0,0,0,0,0,0,0,0,0,0,0,0,0,0,0,0,0,0,0,0,0,0,0,78.83818,0,0,0,0,0,0,0,374.1562,374.7265,373.87,6.8176,12.5566,2.581,0,0,0,0,0,0,0,0,0,0,0,0,0,0,0,0,0,0,0,0,0,0,0,0,0,0,0,0,0,0,0,0,0,0,0,0,0,0,0,0,0,0,0,0,0,0,0,447.7572,0,0,0,0,0,0,0,0,0,0,5.132193,0,0,0,0,0,0,0,0,0,0,0,0,0,0,0,0,0,0,0,0,0,0,0,0,0,0,0,0,0,0,0,0,0,0,0,0,0,0,0,0,0,0,0,0,0,0,0,0,0,0,0,0,0,0,0,0,0,0,0,0,0,0,0,0,0,0,0,0,0,0,0,0,0,0,0,0,0,0,0,0,0,0,0,0,0,0,0,0,0,0,0,0,0,0,0,0,0,0,0,0,0,0,0,0,0,0,0,0,0,0,0,0,0,0,0,0,0,0,0,0,0
2029,1,4,14,102.3104,11.7263,219.0401,175.2975,14.36862,152.3786,42.7317,13.78682,8.959462,30.38267,29.5122,11.54384,0,146.7625,210.925,0,12.19377,12.47488,10.164,0,28.15829,3.720726,9.521206,131.6147,264.6242,0,15.94425,105.87,2.945198,10.68353,7.606009,0,0,0,0,35.65275,10.71463,0,113.9667,165.9032,31.10684,0,148.0361,190.7357,23.8006,49.29409,0,0,0,0,0,0,0,0,128.7091,128.7091,0,128.7091,128.7091,0,0,0,0,0,0,46.19566,69.30102,131.2656,131.2656,0,0,0,0,0,0,0,0,0,0,0,0,0,0,0,0,0,0,0,0,0,0,0,0,0,0,0,0,0,0,0,42.12937,0,0,0,0,0,0,0,0,0,0,0,0,0,0,0,0,0,0,0,0,0,0,0,0,0,0,0,0,0,0,0,0,276.1364,276.1364,161.5311,0,0,45.12163,0.6137027,0,0,0,0,178.6255,606.2012,825.6159,0,0,0,0,0,0,0,0,0,0,0,0,0,0,0,0,0,0,0,0,0,0,0,0,0,0,79.02419,0,414.0482,0,0,0,0,0,374.1562,374.7265,373.87,6.8176,12.5566,2.581,0,0,0,0,0,0,0,0,0,0,0,0,0,0,0,0,0,0,0,0,0,0,0,0,0,0,0,0,0,0,0,0,0,0,0,0,0,0,0,0,0,0,0,0,0,0,0,454.6852,0,0,0,0,0,0,0,0,0,0,5.211601,0,0,0,0,0,0,0,0,0,0,0,0,0,0,0,0,0,0,0,0,0,0,0,0,0,0,0,0,0,0,0,0,0,0,0,0,0,0,0,0,0,0,0,0,0,0,0,0,0,0,0,0,0,0,0,0,0,0,0,0,0,0,0,0,0,0,0,0,0,0,0,0,0,0,0,0,0,0,0,0,0,0,0,0,0,0,0,0,0,0,0,0,0,0,0,0,0,0,0,0,0,0,0,0,0,0,0,0,0,0,0,0,0,0,0,0,0,0,0,0,0
2029,1,4,15,108.6964,12.24229,227.994,182.3625,14.92501,162.4631,46.95826,14.39347,9.353697,31.71957,30.81079,12.05179,0,146.9615,209.8525,0,12.73032,13.0238,2.604,0,56.16016,3.478549,9.940159,137.8038,277.0681,0,14.90646,111.195,3.074793,11.09722,7.900535,0,0,0,0,37.21708,11.18609,0,119.7424,96.82207,18.15414,0,161.1608,100.4447,19.94626,51.48321,0,0,0,0,0,0,0,0,128.7091,128.7091,0,128.7091,128.7091,0,0,0,0,0,0,46.19566,69.30102,131.2656,131.2656,0,0,0,0,0,0,0,0,0,0,0,0,0,0,0,0,0,0,0,0,0,0,0,0,0,0,0,0,0,0,0,42.12937,0,0,0,0,0,0,0,0,0,0,0,0,0,0,0,0,0,0,0,0,0,0,0,0,0,0,0,0,0,0,0,0,276.1364,276.1364,194.64,0,0,50.34231,0.7721457,0,9.22892,0,0,166.312,513.2744,693.5004,0,0,0,0,0,0,0,0,0,0,0,0,0,0,0,0,0,0,0,0,0,0,0,0,0,0,79.84784,0,568.4673,0,0,0,0,0,374.1562,374.7265,373.87,6.8176,12.5566,2.581,0,0,0,0,0,0,0,0,0,0,0,0,0,0,0,0,0,0,0,0,0,0,0,0,0,0,0,0,0,0,0,0,0,0,0,0,0,0,0,0,0,0,0,0,0,0,0,474.6352,0,0,0,0,0,0,0,0,0,0,5.440269,0,0,0,0,0,0,0,0,0,0,0,0,0,0,0,0,0,0,0,0,0,0,0,0,0,0,0,0,0,0,0,0,0,0,0,0,0,0,0,0,0,0,0,0,0,0,0,0,0,0,0,0,0,0,0,0,0,0,0,0,0,0,0,0,0,0,0,0,0,0,0,0,0,0,0,0,0,0,0,0,0,0,0,0,0,0,0,0,0,0,0,0,0,0,0,0,0,0,0,0,0,0,0,0,0,0,0,0,0,0,0,0,0,0,0,0,0,0,0,0,0
2029,1,4,16,110.1446,12.27436,227.8596,183.5775,14.90549,164.7066,47.75637,14.43118,9.378201,31.80267,30.89151,12.08336,190.149,66.1675,95.37,0,12.76367,13.05792,26.712,0,38.41198,2.884113,9.9662,138.3387,278.1435,0,12.35916,112.545,3.082848,11.08271,7.890201,0,0,0,0,37.33083,11.2154,0,118.5481,126.7597,23.76744,0,166.2169,78.08702,12.13799,51.89678,0,0,0,0,0,0,0,0,128.7091,128.7091,0,128.7091,128.7091,0,0,0,0,0,0,46.19566,69.30102,131.2656,131.2656,0,0,0,0,0,0,0,0,0,0,0,0,0,0,0,0,0,0,0,0,0,0,0,0,0,0,0,0,0,0,0,42.12937,0,0,0,0,0,0,0,0,0,0,0,0,0,0,0,0,0,0,0,0,0,0,0,0,0,0,0,0,0,0,0,0,276.1364,276.1364,176.5276,0,0,47.91842,2.851974,0,20.76507,0,0,166.784,371.5828,491.724,0,0,0,0,0,0,0,0,0,0,0,0,0,0,0,0,0,0,0,0,0,0,0,0,0,0,80.23927,0,0,0,0,0,0,0,374.1562,374.7265,373.87,6.8176,12.5566,2.581,0,0,0,0,0,0,0,0,0,0,0,0,0,0,0,0,0,0,0,0,0,0,0,0,0,0,0,0,0,0,0,0,0,0,0,0,0,0,0,0,0,0,0,0,0,0,0,476.086,0,0,0,0,0,0,0,0,0,0,5.456898,0,0,0,0,0,0,0,0,0,0,0,0,0,0,0,0,0,0,0,0,0,0,0,0,0,0,0,0,0,0,0,0,0,0,0,0,0,0,0,0,0,0,0,0,0,0,0,0,0,0,0,0,0,0,0,0,0,0,0,0,0,0,0,0,0,0,0,0,0,0,0,0,0,0,0,0,0,0,0,0,0,0,0,0,0,0,0,0,0,0,0,0,0,0,0,0,0,0,0,0,0,0,0,0,0,0,0,0,0,0,0,0,0,0,0,0,0,0,0,0,0
2029,1,4,17,67.69494,5.976445,172.6276,89.8425,8.023977,85.45178,25.69243,7.026611,6.733695,22.83481,22.18059,8.676044,294.0449,0.8955,1.3475,0,6.214693,9.375791,7.4424,0,7.621212,1.783307,7.155887,77.55522,155.9324,0,7.641921,82.29,1.501054,5.966082,4.24748,0,0,0,0,26.86872,5.460832,0,62.03269,27.7021,5.194143,0,111.8335,39.91904,4.826661,38.48545,0,0,0,0,0,0,0,0,128.7091,128.7091,0,128.7091,128.7091,0,0,0,0,0,0,46.19566,69.30102,131.2656,131.2656,0,0,0,0,0,0,0,0,0,0,0,0,0,0,0,53.4982,48.0012,52.5,48.0012,52.5,32.86969,32.86969,32.86969,32.86969,32.86969,32.86969,32.86969,32.86969,0,0,0,42.12937,0,0,0,0,0,0,0,0,0,0,0,0,0,0,0,0,0,0,0,0,0,0,0,0,0,0,0,0,0,0,0,0,276.1364,276.1364,194.64,0,0,52.48652,1.074244,0,13.2543,0,0,223.5187,195.308,241.0578,0,0,0,0,0,0,0,0,0,0,0,0,0,0,0,0,0,0,0,0,0,0,0,0,0,0,79.9188,0,0,0,0,0,0,0,374.1562,374.7265,373.87,6.8176,12.5566,2.581,0,0,0,0,0,0,0,0,0,0,0,0,0,0,0,0,0,0,0,0,0,0,0,0,0,0,0,0,0,0,0,0,0,0,0,0,0,0,0,0,0,0,0,0,0,0,0,342.6609,0,0,0,0,0,0,0,0,0,0,3.927579,0,0,0,0,0,0,0,0,0,0,0,0,0,0,0,0,0,0,0,0,0,0,0,0,0,0,0,0,0,0,0,0,0,0,0,0,0,0,0,0,0,0,0,0,0,0,0,0,0,0,0,0,0,0,0,0,0,0,0,0,0,0,0,0,0,0,0,0,0,0,0,0,0,0,0,0,0,0,0,0,0,0,0,0,0,0,0,0,0,0,0,0,0,0,0,0,0,0,0,0,0,0,0,0,0,0,0,0,0,0,0,0,0,0,0,0,0,0,0,0,0
2029,1,4,18,0,0,9.025238,3.78,0,1.091622,1.060841,0,1.181952,4.008149,3.893314,1.522889,294.0449,0,0,0,0,1.645714,0,0,1.614731,0.3910065,1.256059,1.451773,2.918932,0,1.675562,0,0,0,0,0,0,0,0,4.735231,0,0,0,0,0,0,5.794661,0,0,3.73035,0,0,0,0,0,0,0,0,185.0753,185.0753,0,185.0753,185.0753,0,0,0,0,0,0,46.19566,101.6295,131.2656,166.1068,0,0,0,0,0,0,0,0,0,0,0,0,0,0,0,53.4982,48.0012,52.5,48.0012,52.5,32.86969,32.86969,32.86969,32.86969,32.86969,32.86969,32.86969,32.86969,0,0,0,42.12937,0,0,0,0,0,0,0,0,0,0,0,0,0,0,0,0,0,0,0,0,0,0,0,0,0,0,0,0,0,0,0,0,276.1364,276.1364,194.64,0,0,68.98762,3.908261,0,6.97078,0,0,210.4636,0,0,0,0,0,0,0,0,0,0,0,0,0,0,0,0,0,0,0,0,0,0,0,0,0,0,0,0,79.72197,0,0,0,0,0,0,0,374.1562,374.7265,373.87,6.8176,12.5566,2.581,0,0,0,0,0,0,0,0,0,0,0,0,0,0,0,0,0,0,0,0,0,0,0,0,0,0,0,0,0,0,0,0,0,0,0,0,0,0,0,0,0,0,0,0,0,0,0,60.38914,0,0,0,0,0,0,0,0,0,0,0.69218,0,0,0,0,0,0,0,0,0,0,0,0,0,0,0,0,0,0,0,0,0,0,0,0,0,0,0,0,0,0,0,0,0,0,0,0,0,0,0,0,0,0,0,0,0,0,0,0,0,0,0,0,0,0,0,0,0,0,0,0,0,0,0,0,0,0,0,0,0,0,0,0,0,0,0,0,0,0,0,0,0,0,0,0,0,0,0,0,0,0,0,0,0,0,0,0,0,0,0,0,0,0,0,0,0,0,0,0,0,0,0,0,0,0,0,0,0,0,0,0,0
2029,1,4,19,0,0,0,0,0,0,0,0,0,0,0,0,294.0449,0,0,0,0,0,0,0,0,0,0,0,0,0,0,0,0,0,0,0,0,0,0,0,0,0,0,0,0,0,0,0,0,0,0,0,0,0,0,0,0,0,185.0753,185.0753,0,185.0753,185.0753,0,0,0,0,0,0,46.19566,101.6295,131.2656,166.1068,0,0,0,0,0,0,0,0,0,0,0,0,0,0,0,53.4982,48.0012,52.5,48.0012,52.5,32.86969,32.86969,32.86969,32.86969,32.86969,32.86969,32.86969,32.86969,0,0,0,42.12937,0,0,0,0,0,0,0,0,0,0,0,0,0,0,0,0,0,0,0,0,0,0,0,0,0,0,0,0,0,0,0,0,276.1364,276.1364,194.64,0.9129472,0,76.91187,16.90059,0,0,0,0,191.7046,0,0,0,0,0,0,0,0,0,0,0,0,0,0,0,0,0,0,0,0,0,0,0,0,0,0,0,0,78.75373,0,0,0,0,0,0,0,374.1562,374.7265,373.87,6.8176,12.5566,2.581,0,0,0,0,0,0,0,0,0,0,0,0,0,0,0,0,0,0,0,0,0,0,0,0,0,0,0,0,0,0,0,0,0,0,0,0,0,0,0,0,0,0,0,0,0,0,0,0,0,0,0,0,0,0,0,0,0,0,0,0,0,0,0,0,0,0,0,0,0,0,0,0,0,0,0,0,0,0,0,0,0,0,0,0,0,0,0,0,0,0,0,0,0,0,0,0,0,0,0,0,0,0,0,0,0,0,0,0,0,0,0,0,0,0,0,0,0,0,0,0,0,0,0,0,0,0,0,0,0,0,0,0,0,0,0,0,0,0,0,0,0,0,0,0,0,0,0,0,0,0,0,0,0,0,0,0,0,0,0,0,0,0,0,0,0,0,0,0,0,0,0,0,0,0,0,0,0,0,0,0
2029,1,4,20,0,0,0,0,0,0,0,0,0,0,0,0,294.0449,0,0,0,0,0,0,0,0,0,0,0,0,0,0,0,0,0,0,0,0,0,0,0,0,0,0,0,0,0,0,0,0,0,0,0,0,0,0,0,0,0,188.8564,185.0753,0,185.0753,185.0753,0,0,0,0,0,0,46.19566,101.6295,131.2656,166.1068,0,0,0,0,0,0,0,0,0,0,0,0,0,0,0,53.4982,48.0012,52.5,48.0012,52.5,32.86969,32.86969,32.86969,32.86969,32.86969,32.86969,32.86969,32.86969,0,0,0,42.12937,0,0,0,0,0,0,0,0,0,0,0,0,0,0,0,0,0,0,0,0,0,0,0,0,0,0,0,0,0,0,0,0,276.1364,276.1364,194.64,0,0,79.42899,39.61076,0,0,0,0,151.3214,0,0,0,0,0,0,0,0,0,0,0,0,0,0,0,0,0,0,0,0,0,0,0,0,0,0,0,0,77.42175,0,0,0,0,0,0,0,374.1562,374.7265,373.87,6.8176,12.5566,2.581,0,0,0,0,0,0,0,0,0,0,0,0,0,0,0,0,0,0,0,0,0,0,0,0,0,0,0,0,0,0,0,0,0,0,0,0,0,0,0,0,0,0,0,0,0,0,0,0,0,0,0,0,0,0,0,0,0,0,0,0,0,0,0,0,0,0,0,0,0,0,0,0,0,0,0,0,0,0,0,0,0,0,0,0,0,0,0,0,0,0,0,0,0,0,0,0,0,0,0,0,0,0,0,0,0,0,0,0,0,0,0,0,0,0,0,0,0,0,0,0,0,0,0,0,0,0,0,0,0,0,0,0,0,0,0,0,0,0,0,0,0,0,0,0,0,0,0,0,0,0,0,0,0,0,0,0,0,0,0,0,0,0,0,0,0,0,0,0,0,0,0,0,0,0,0,0,0,0,0,0
2029,1,4,21,0,0,0,0,0,0,0,0,0,0,0,0,132.3202,0,0,0,0,0,0,0,0,0,0,0,0,0,0,0,0,0,0,0,0,0,0,0,0,0,0,0,0,0,0,0,0,0,0,0,0,0,0,0,0,0,257.1061,185.0753,0,185.0753,185.0753,0,0,0,0,0,0,46.19566,101.6295,131.2656,166.1068,0,0,0,0,0,0,0,0,0,0,0,0,0,0,0,53.4982,48.0012,52.5,48.0012,52.5,0,0,0,0,0,0,32.86969,32.86969,0,0,0,42.12937,0,0,0,0,0,0,0,0,0,0,0,0,0,0,0,0,0,0,0,0,0,0,0,0,0,0,0,0,0,0,0,0,276.1364,276.1364,177.6786,4.668839,3.68788,77.28477,35.27998,0,0,0,0,123.505,0,0,0,0,0,0,0,0,0,0,0,0,0,0,0,0,0,0,0,0,0,0,0,0,0,0,0,0,77.99724,0,0,0,0,0,0,0,374.1562,374.7265,373.87,6.8176,12.5566,2.581,0,0,0,0,0,0,0,0,0,0,0,0,0,0,0,0,0,0,0,0,0,0,0,0,0,0,0,0,0,0,0,0,0,0,0,0,0,0,0,0,0,0,0,0,0,0,0,0,0,0,0,0,0,0,0,0,0,0,0,0,0,0,0,0,0,0,0,0,0,0,0,0,0,0,0,0,0,0,0,0,0,0,0,0,0,0,0,0,0,0,0,0,0,0,0,0,0,0,0,0,0,0,0,0,0,0,0,0,0,0,0,0,0,0,0,0,0,0,0,0,0,0,0,0,0,0,0,0,0,0,0,0,0,0,0,0,0,0,0,0,0,0,0,0,0,0,0,0,0,0,0,0,0,0,0,0,0,0,0,0,0,0,0,0,0,0,0,0,0,0,0,0,0,0,0,0,0,0,0,0
2029,1,4,22,0,0,0,0,0,0,0,0,0,0,0,0,0,0,0,0,0,0,0,0,0,0,0,0,0,0,0,0,0,0,0,0,0,0,0,0,0,0,0,0,0,0,0,0,0,0,0,0,0,0,0,0,0,0,235.3002,185.0753,0,185.0753,185.0753,0,0,0,0,0,0,46.19566,101.6295,131.2656,166.1068,0,0,0,0,0,0,0,0,0,0,0,0,0,0,0,53.4982,48.0012,52.5,48.0012,52.5,32.86969,32.86969,32.86969,32.86969,32.86969,32.86969,32.86969,32.86969,0,0,0,42.12937,0,0,0,0,0,0,0,0,0,0,0,0,0,0,0,0,0,0,0,0,0,0,0,0,0,0,0,0,0,0,0,0,276.1364,276.1364,194.64,0,0,57.52076,63.37721,0,0,0,0,68.01183,0,0,0,0,0,0,0,0,0,0,0,0,0,0,0,0,0,0,0,0,0,0,0,0,0,0,0,0,77.08744,0,0,0,0,0,0,0,374.1562,374.7265,373.87,6.8176,12.5566,2.581,0,0,0,0,0,0,0,0,0,0,0,0,0,0,0,0,0,0,0,0,0,0,0,0,0,0,0,0,0,0,0,0,0,0,0,0,0,0,0,0,0,0,0,0,0,0,0,0,0,0,0,0,0,0,0,0,0,0,0,0,0,0,0,0,0,0,0,0,0,0,0,0,0,0,0,0,0,0,0,0,0,0,0,0,0,0,0,0,0,0,0,0,0,0,0,0,0,0,0,0,0,0,0,0,0,0,0,0,0,0,0,0,0,0,0,0,0,0,0,0,0,0,0,0,0,0,0,0,0,0,0,0,0,0,0,0,0,0,0,0,0,0,0,0,0,0,0,0,0,0,0,0,0,0,0,0,0,0,0,0,0,0,0,0,0,0,0,0,0,0,0,0,0,0,0,0,0,0,0,0
2029,1,4,23,0,0,0,0,0,0,0,0,0,0,0,0,0,0,0,0,0,0,0,0,0,0,0,0,0,0,0,0,0,0,0,0,0,0,0,0,0,0,0,0,0,0,0,0,0,0,0,0,0,0,0,0,0,0,257.1061,185.0753,0,185.0753,185.0753,0,0,0,0,0,0,46.19566,101.6295,131.2656,166.1068,0,0,0,0,0,0,0,0,0,0,0,0,0,0,0,53.4982,48.0012,52.5,48.0012,52.5,32.86969,32.86969,32.86969,32.86969,32.86969,32.86969,32.86969,32.86969,0,0,0,42.12937,0,0,0,0,0,0,0,0,0,0,0,0,0,0,0,0,0,0,0,0,0,0,0,0,0,0,0,0,0,0,0,0,276.1364,276.1364,194.64,0,0,58.91915,79.74966,0,0,0,0,61.09705,0,0,0,0,0,0,0,0,0,0,0,0,0,0,0,0,0,0,0,0,0,0,0,0,0,0,0,0,75.90749,0,0,0,0,0,0,0,374.1562,374.7265,373.87,6.8176,12.5566,2.581,0,0,0,0,0,0,0,0,0,0,0,0,0,0,0,0,0,0,0,0,0,0,0,0,0,0,0,0,0,0,0,0,0,0,0,0,0,0,0,0,0,0,0,0,0,0,0,0,0,0,0,0,0,0,0,0,0,0,0,0,0,0,0,0,0,0,0,0,0,0,0,0,0,0,0,0,0,0,0,0,0,0,0,0,0,0,0,0,0,0,0,0,0,0,0,0,0,0,0,0,0,0,0,0,0,0,0,0,0,0,0,0,0,0,0,0,0,0,0,0,0,0,0,0,0,0,0,0,0,0,0,0,0,0,0,0,0,0,0,0,0,0,0,0,0,0,0,0,0,0,0,0,0,0,0,0,0,0,0,0,0,0,0,0,0,0,0,0,0,0,0,0,0,0,0,0,0,0,0,0
2029,1,4,24,0,0,0,0,0,0,0,0,0,0,0,0,0,0,0,0,0,0,0,0,0,0,0,0,0,0,0,0,0,0,0,0,0,0,0,0,0,0,0,0,0,0,0,0,0,0,0,0,0,0,0,0,0,0,257.1061,185.0753,0,185.0753,185.0753,0,0,0,0,0,0,46.19566,101.6295,131.2656,166.1068,0,0,0,0,0,0,0,0,0,0,0,0,0,0,0,53.4982,48.0012,52.5,48.0012,52.5,32.86969,32.86969,32.86969,32.86969,32.86969,32.86969,32.86969,32.86969,0,0,0,42.12937,0,0,0,0,0,0,0,0,0,0,0,0,0,0,0,0,0,0,0,0,0,0,0,0,0,0,0,0,0,0,0,0,276.1364,276.1364,194.64,0,0,56.12236,72.77816,0,0,0,0,44.01215,0,0,0,0,0,0,0,0,0,0,0,0,0,0,0,0,0,0,0,0,0,0,0,0,0,0,0,0,74.58733,0,0,0,0,0,0,0,374.1562,374.7265,373.87,6.8176,12.5566,2.581,0,0,0,0,0,0,0,0,0,0,0,0,0,0,0,0,0,0,0,0,0,0,0,0,0,0,0,0,0,0,0,0,0,0,0,0,0,0,0,0,0,0,0,0,0,0,0,0,0,0,0,0,0,0,0,0,0,0,0,0,0,0,0,0,0,0,0,0,0,0,0,0,0,0,0,0,0,0,0,0,0,0,0,0,0,0,0,0,0,0,0,0,0,0,0,0,0,0,0,0,0,0,0,0,0,0,0,0,0,0,0,0,0,0,0,0,0,0,0,0,0,0,0,0,0,0,0,0,0,0,0,0,0,0,0,0,0,0,0,0,0,0,0,0,0,0,0,0,0,0,0,0,0,0,0,0,0,0,0,0,0,0,0,0,0,0,0,0,0,0,0,0,0,0,0,0,0,0,0,0
2029,1,5,1,0,0,0,0,0,0,0,0,0,0,0,0,0,0,0,0,0,0,0,0,0,0,0,0,0,0,0,0,0,0,0,0,0,0,0,0,0,0,0,0,0,0,0,0,0,0,0,0,0,0,0,0,0,0,185.0753,185.0753,0,185.0753,185.0753,0,0,0,0,0,0,46.19566,101.6295,131.2656,166.1068,0,0,0,0,0,0,0,0,0,0,0,0,0,0,0,53.4982,48.0012,52.5,48.0012,52.5,0,0,0,0,0,0,0,0,0,0,0,42.12937,0,0,0,0,0,0,0,0,0,0,0,0,0,0,0,0,0,0,0,0,0,0,0,0,0,0,0,0,0,0,0,0,276.1364,276.1364,191.4496,0.489572,0,47.45229,6.238673,0,0,0,0,37.47934,0,0,0,0,0,0,0,0,0,0,0,0,0,0,0,0,0,0,0,0,0,0,0,0,0,0,0,0,73.48799,0,0,0,0,0,0,0,374.1562,374.7265,373.87,6.8176,12.5566,2.581,0,0,0,0,0,0,0,0,0,0,0,0,0,0,0,0,0,0,0,0,0,0,0,0,0,0,0,0,0,0,0,0,0,0,0,0,0,0,0,0,0,0,0,0,0,0,0,0,0,0,0,0,0,0,0,0,0,0,0,0,0,0,0,0,0,0,0,0,0,0,0,0,0,0,0,0,0,0,0,0,0,0,0,0,0,0,0,0,0,0,0,0,0,0,0,0,0,0,0,0,0,0,0,0,0,0,0,0,0,0,0,0,0,0,0,0,0,0,0,0,0,0,0,0,0,0,0,0,0,0,0,0,0,0,0,0,0,0,0,0,0,0,0,0,0,0,0,0,0,0,0,0,0,0,0,0,0,0,0,0,0,0,0,0,0,0,0,0,0,0,0,0,0,0,0,0,0,0,0,0
2029,1,5,2,0,0,0,0,0,0,0,0,0,0,0,0,0,0,0,0,0,0,0,0,0,0,0,0,0,0,0,0,0,0,0,0,0,0,0,0,0,0,0,0,0,0,0,0,0,0,0,0,0,0,0,0,0,0,185.0753,185.0753,0,185.0753,185.0753,0,0,0,0,0,0,46.19566,101.6295,131.2656,166.1068,0,0,0,0,0,0,0,0,0,0,0,0,0,0,0,53.4982,48.0012,52.5,48.0012,52.5,0,0,0,0,0,0,0,0,0,0,0,42.12937,0,0,0,0,0,0,0,0,0,0,0,0,0,0,0,0,0,0,0,0,0,0,0,0,0,0,0,0,0,0,0,0,276.1364,276.1364,127.1795,0,0,19.11143,3.595168,0,0,0,0,41.76614,0,0,0,0,0,0,0,0,0,0,0,0,0,0,0,0,0,0,0,0,0,0,0,0,0,0,0,0,73.10035,0,0,0,0,0,0,0,374.1562,374.7265,373.87,6.8176,12.5566,2.581,0,0,0,0,0,0,0,0,0,0,0,0,0,0,0,0,0,0,0,0,0,0,0,0,0,0,0,0,0,0,0,0,0,0,0,0,0,0,0,0,0,0,0,0,0,0,0,0,0,0,0,0,0,0,0,0,0,0,0,0,0,0,0,0,0,0,0,0,0,0,0,0,0,0,0,0,0,0,0,0,0,0,0,0,0,0,0,0,0,0,0,0,0,0,0,0,0,0,0,0,0,0,0,0,0,0,0,0,0,0,0,0,0,0,0,0,0,0,0,0,0,0,0,0,0,0,0,0,0,0,0,0,0,0,0,0,0,0,0,0,0,0,0,0,0,0,0,0,0,0,0,0,0,0,0,0,0,0,0,0,0,0,0,0,0,0,0,0,0,0,0,0,0,0,0,0,0,0,0,0
2029,1,5,3,0,0,0,0,0,0,0,0,0,0,0,0,0,0,0,0,0,0,0,0,0,0,0,0,0,0,0,0,0,0,0,0,0,0,0,0,0,0,0,0,0,0,0,0,0,0,0,0,0,0,0,0,0,0,185.0753,185.0753,0,185.0753,185.0753,0,0,0,0,0,0,46.19566,101.6295,131.2656,166.1068,0,0,0,0,0,0,0,0,0,0,0,0,0,0,0,53.4982,48.0012,52.5,48.0012,52.5,32.86969,32.86969,32.86969,32.86969,32.86969,32.86969,32.86969,32.86969,0,0,0,42.12937,0,0,0,0,0,0,0,0,0,0,0,0,0,0,0,0,0,0,0,0,0,0,0,0,0,0,0,0,0,0,0,0,276.1364,276.1364,158.8418,0,0,12.6788,3.152116,0,0,0,0,62.51759,0,0,0,0,0,0,0,0,0,0,0,0,0,0,0,0,0,0,0,0,0,0,0,0,0,0,0,0,72.92839,0,0,0,0,0,0,0,374.1562,374.7265,373.87,6.8176,12.5566,2.581,0,0,0,0,0,0,0,0,0,0,0,0,0,0,0,0,0,0,0,0,0,0,0,0,0,0,0,0,0,0,0,0,0,0,0,0,0,0,0,0,0,0,0,0,0,0,0,0,0,0,0,0,0,0,0,0,0,0,0,0,0,0,0,0,0,0,0,0,0,0,0,0,0,0,0,0,0,0,0,0,0,0,0,0,0,0,0,0,0,0,0,0,0,0,0,0,0,0,0,0,0,0,0,0,0,0,0,0,0,0,0,0,0,0,0,0,0,0,0,0,0,0,0,0,0,0,0,0,0,0,0,0,0,0,0,0,0,0,0,0,0,0,0,0,0,0,0,0,0,0,0,0,0,0,0,0,0,0,0,0,0,0,0,0,0,0,0,0,0,0,0,0,0,0,0,0,0,0,0,0
2029,1,5,4,0,0,0,0,0,0,0,0,0,0,0,0,0,0,0,0,0,0,0,0,0,0,0,0,0,0,0,0,0,0,0,0,0,0,0,0,0,0,0,0,0,0,0,0,0,0,0,0,0,0,0,0,0,0,257.1061,185.0753,0,185.0753,185.0753,0,0,0,0,0,0,46.19566,101.6295,131.2656,166.1068,0,0,0,0,0,0,0,0,0,0,0,0,0,0,0,53.4982,48.0012,52.5,48.0012,52.5,32.86969,32.86969,32.86969,32.86969,32.86969,32.86969,32.86969,32.86969,0,0,0,42.12937,0,0,0,0,0,0,0,0,0,0,0,0,0,0,0,0,0,0,0,0,0,0,0,0,0,0,0,0,0,0,0,0,276.1364,276.1364,103.089,4.331359,4.109352,4.754552,2.009064,0,0,0,0,73.01071,0,0,0,0,0,0,0,0,0,0,0,0,0,0,0,0,0,0,0,0,0,0,0,0,0,0,0,0,73.44182,0,0,0,0,0,0,0,374.1562,374.7265,373.87,6.8176,12.5566,2.581,0,0,0,0,0,0,0,0,0,0,0,0,0,0,0,0,0,0,0,0,0,0,0,0,0,0,0,0,0,0,0,0,0,0,0,0,0,0,0,0,0,0,0,0,0,0,0,0,0,0,0,0,0,0,0,0,0,0,0,0,0,0,0,0,0,0,0,0,0,0,0,0,0,0,0,0,0,0,0,0,0,0,0,0,0,0,0,0,0,0,0,0,0,0,0,0,0,0,0,0,0,0,0,0,0,0,0,0,0,0,0,0,0,0,0,0,0,0,0,0,0,0,0,0,0,0,0,0,0,0,0,0,0,0,0,0,0,0,0,0,0,0,0,0,0,0,0,0,0,0,0,0,0,0,0,0,0,0,0,0,0,0,0,0,0,0,0,0,0,0,0,0,0,0,0,0,0,0,0,0
2029,1,5,5,0,0,0,0,0,0,0,0,0,0,0,0,0,0,0,0,0,0,0,0,0,0,0,0,0,0,0,0,0,0,0,0,0,0,0,0,0,0,0,0,0,0,0,0,0,0,0,0,0,0,0,0,0,0,185.0753,185.0753,0,185.0753,185.0753,0,0,0,0,0,0,46.19566,101.6295,131.2656,166.1068,0,0,0,0,0,0,0,0,0,0,0,0,0,0,0,53.4982,48.0012,52.5,48.0012,52.5,32.86969,32.86969,32.86969,32.86969,32.86969,32.86969,32.86969,0,0,0,0,42.12937,0,0,0,0,0,0,0,0,0,0,0,0,0,0,0,0,0,0,0,0,0,0,0,0,0,0,0,0,0,0,0,0,276.1364,276.1364,46.09811,0,0,9.136198,0,0,23.12139,0,0,65.95067,0,0,0,0,0,0,0,0,0,0,0,0,0,0,0,0,0,0,0,0,0,0,0,0,0,0,0,0,74.34341,0,0,0,0,0,0,0,374.1562,374.7265,373.87,6.8176,12.5566,2.581,0,0,0,0,0,0,0,0,0,0,0,0,0,0,0,0,0,0,0,0,0,0,0,0,0,0,0,0,0,0,0,0,0,0,0,0,0,0,0,0,0,0,0,0,0,0,0,0,0,0,0,0,0,0,0,0,0,0,0,0,0,0,0,0,0,0,0,0,0,0,0,0,0,0,0,0,0,0,0,0,0,0,0,0,0,0,0,0,0,0,0,0,0,0,0,0,0,0,0,0,0,0,0,0,0,0,0,0,0,0,0,0,0,0,0,0,0,0,0,0,0,0,0,0,0,0,0,0,0,0,0,0,0,0,0,0,0,0,0,0,0,0,0,0,0,0,0,0,0,0,0,0,0,0,0,0,0,0,0,0,0,0,0,0,0,0,0,0,0,0,0,0,0,0,0,0,0,0,0,0
2029,1,5,6,0,0,0,0,0,0,0,0,0,0,0,0,0,0,0,0,0,0,0,0,0,0,0,0,0,0,0,0,0,0,0,0,0,0,0,0,0,0,0,0,0,0,0,0,0,0,0,0,0,0,0,0,0,0,208.7578,185.0753,0,185.0753,185.0753,0,0,0,0,0,0,46.19566,101.6295,131.2656,166.1068,0,0,0,0,0,0,0,0,0,0,0,0,0,0,0,53.4982,48.0012,52.5,48.0012,52.5,32.86969,32.86969,32.86969,32.86969,32.86969,0,32.86969,32.86969,0,0,0,42.12937,0,0,0,0,0,0,0,0,0,0,0,0,0,0,0,0,0,0,0,0,0,0,0,0,0,0,0,0,0,0,0,0,276.1364,276.1364,79.95165,0,0,4.847778,2.009064,0,0,0,0,43.46758,0,0,0,0,0,0,0,0,0,0,0,0,0,0,0,0,0,0,0,0,0,0,0,0,0,0,0,0,76.03793,0,0,0,0,0,0,0,374.1562,374.7265,373.87,6.8176,12.5566,2.581,0,0,0,0,0,0,0,0,0,0,0,0,0,0,0,0,0,0,0,0,0,0,0,0,0,0,0,0,0,0,0,0,0,0,0,0,0,0,0,0,0,0,0,0,0,0,0,0,0,0,0,0,0,0,0,0,0,0,0,0,0,0,0,0,0,0,0,0,0,0,0,0,0,0,0,0,0,0,0,0,0,0,0,0,0,0,0,0,0,0,0,0,0,0,0,0,0,0,0,0,0,0,0,0,0,0,0,0,0,0,0,0,0,0,0,0,0,0,0,0,0,0,0,0,0,0,0,0,0,0,0,0,0,0,0,0,0,0,0,0,0,0,0,0,0,0,0,0,0,0,0,0,0,0,0,0,0,0,0,0,0,0,0,0,0,0,0,0,0,0,0,0,0,0,0,0,0,0,0,0
2029,1,5,7,0,0,0,0,0,0,0,0,0,0,0,0,0,1.4925,2.2275,0,0,0,0,0,0,0,0,0,0,0,0,0,0,0,0,0,0,0,0,0,0,0,0,0,0,0,0,0,0,0,0,0,0,0,0,0,0,0,257.1061,185.0753,0,185.0753,185.0753,0,0,0,0,0,0,46.19566,101.6295,131.2656,166.1068,0,0,0,0,0,0,0,0,0,0,0,0,0,0,0,53.4982,48.0012,52.5,48.0012,52.5,32.86969,32.86969,32.86969,32.86969,32.86969,32.86969,32.86969,32.86969,0,0,0,42.12937,0,0,0,0,0,0,0,0,0,0,0,0,0,0,0,0,0,0,0,0,0,0,0,0,0,0,0,0,0,0,0,0,276.1364,276.1364,15.65817,0,0,1.86453,0.3922962,0,11.19252,0,0,116.8774,0,0,0,0,0,0,0,0,0,0,0,0,0,0,0,0,0,0,0,0,0,0,0,0,0,0,0,0,77.05118,0,0,0,0,0,0,0,374.1562,374.7265,373.87,6.8176,12.5566,2.581,0,0,0,0,0,0,0,0,0,0,0,0,0,0,0,0,0,0,0,0,0,0,0,0,0,0,0,0,0,0,0,0,0,0,0,0,0,0,0,0,0,0,0,0,0,0,0,0,0,0,0,0,0,0,0,0,0,0,0,0,0,0,0,0,0,0,0,0,0,0,0,0,0,0,0,0,0,0,0,0,0,0,0,0,0,0,0,0,0,0,0,0,0,0,0,0,0,0,0,0,0,0,0,0,0,0,0,0,0,0,0,0,0,0,0,0,0,0,0,0,0,0,0,0,0,0,0,0,0,0,0,0,0,0,0,0,0,0,0,0,0,0,0,0,0,0,0,0,0,0,0,0,0,0,0,0,0,0,0,0,0,0,0,0,0,0,0,0,0,0,0,0,0,0,0,0,0,0,0,0
2029,1,5,8,0,0,0,1.2375,0,0,0.177744,0,0.090232,0.305989,0.297222,0.1162598,0,80.6945,116.9575,0,0,0.125637,0,0,1.022696,0.02225675,0.09589,0,0,0,0.095376,0,0,0,0,0,0,0,0,0.350508,0,0,0,2.990624,0.560742,0,0,0,0,0,0,0,0,0,0,0,0,0,257.1061,185.0753,0,185.0753,185.0753,0,0,0,0,0,0,46.19566,101.6295,131.2656,166.1068,0,0,0,0,0,0,0,0,0,0,0,0,0,0,0,53.4982,48.0012,52.5,48.0012,52.5,0,0,0,0,0,0,0,0,0,0,0,42.12937,0,0,0,0,0,0,0,0,0,0,0,0,0,0,0,0,0,0,0,0,0,0,0,0,0,0,0,0,0,0,0,0,276.1364,276.1364,87.51673,0,0,4.101966,0.4388219,0,10.99616,0,0,115.8884,29.3584,15.2604,0,0,0,0,0,0,0,0,0,0,0,0,0,0,0,0,0,0,0,0,0,0,0,0,0,0,76.53636,0,0,0,0,0,0,0,374.1562,374.7265,373.87,6.8176,12.5566,2.581,0,0,0,0,0,0,0,0,0,0,0,0,0,0,0,0,0,0,0,0,0,0,0,0,0,0,0,0,0,0,0,0,0,0,0,0,0,0,0,0,0,0,0,0,0,0,0,4.470078,0,0,0,0,0,0,0,0,0,0,0.051236,0,0,0,0,0,0,0,0,0,0,0,0,0,0,0,0,0,0,0,0,0,0,0,0,0,0,0,0,0,0,0,0,0,0,0,0,0,0,0,0,0,0,0,0,0,0,0,0,0,0,0,0,0,0,0,0,0,0,0,0,0,0,0,0,0,0,0,0,0,0,0,0,0,0,0,0,0,0,0,0,0,0,0,0,0,0,0,0,0,0,0,0,0,0,0,0,0,0,0,0,0,0,0,0,0,0,0,0,0,0,0,0,0,0,0,0,0,0,0,0,0
2029,1,5,9,51.74767,2.49841,85.89169,69.9075,2.126761,5.589015,22.69403,2.937425,4.076309,13.82328,13.42724,5.252129,0,149.648,213.455,0,2.598009,5.675728,59.304,0,40.97813,0.8457564,4.331887,4.508136,9.064052,0,3.62428,18.78,0.627505,1.581314,1.125798,0,0,0,0,16.14647,2.282862,0,62.81653,111.9089,20.98292,0,94.12718,0,1.449146,22.54058,0,0,0,0,0,0,0,0,237.71,185.0753,0,185.0753,185.0753,0,0,0,0,0,0,46.19566,101.6295,131.2656,166.1068,0,0,0,0,0,0,0,0,0,0,0,0,0,0,0,53.4982,48.0012,52.5,48.0012,52.5,0,32.86969,0,0,32.86969,32.86969,32.86969,32.86969,0,0,0,42.12937,0,0,0,0,0,0,0,0,0,0,0,0,0,0,0,0,0,0,0,0,0,0,0,0,0,0,0,0,0,0,0,0,276.1364,276.1364,194.64,0,0,12.77203,6.344413,0,0,0,0,98.32813,113.3284,125.8983,0,0,0,0,0,0,0,0,0,0,0,0,0,0,0,0,0,0,0,0,0,0,0,0,0,0,77.46595,0,0,0,0,0,0,0,374.1562,374.7265,373.87,6.8176,12.5566,2.581,0,0,0,0,0,0,0,0,0,0,0,0,0,0,0,0,0,0,0,0,0,0,0,0,0,0,0,0,0,0,0,0,0,0,0,0,0,0,0,0,0,0,0,0,0,0,0,205.9185,0,0,0,0,0,0,0,0,0,0,2.360237,0,0,0,0,0,0,0,0,0,0,0,0,0,0,0,0,0,0,0,0,0,0,0,0,0,0,0,0,0,0,0,0,0,0,0,0,0,0,0,0,0,0,0,0,0,0,0,0,0,0,0,0,0,0,0,0,0,0,0,0,0,0,0,0,0,0,0,0,0,0,0,0,0,0,0,0,0,0,0,0,0,0,0,0,0,0,0,0,0,0,0,0,0,0,0,0,0,0,0,0,0,0,0,0,0,0,0,0,0,0,0,0,0,0,0,0,0,0,0,0,0
2029,1,5,10,107.6811,11.4884,199.3188,184.005,13.56433,19.10913,51.06681,13.50711,8.777691,29.76626,28.91345,11.30963,0,146.265,209.22,0,11.94638,12.22179,15.9768,0,82.81955,2.047621,9.328038,35.301,70.97614,0,8.774573,112.755,2.885445,10.08551,7.18026,0,0,0,0,34.91121,10.49725,0,119.2835,304.8405,57.15759,0,169.4837,26.0854,10.27042,53.297,0,0,0,0,0,0,0,0,128.7091,128.7091,0,128.7091,128.7091,0,0,0,0,0,0,46.19566,69.30102,131.2656,131.2656,0,0,0,0,0,0,0,0,0,0,0,0,0,0,0,0,0,0,0,0,32.86969,32.86969,32.86969,32.86969,32.86969,32.86969,32.86969,32.86969,0,0,0,42.12937,0,0,0,0,0,0,0,0,0,0,0,0,0,0,0,0,0,0,0,0,0,0,0,0,0,0,0,0,0,0,0,0,276.1364,276.1364,194.64,0,0,18.92498,4.96979,0,0,0,0,14.52585,325.928,428.4216,0,0,0,0,0,0,0,0,0,0,0,0,0,0,0,0,0,0,0,0,0,0,0,0,0,0,77.94707,0,0,0,0,0,0,0,374.1562,374.7265,373.87,6.8176,12.5566,2.581,0,0,0,0,0,0,0,0,0,0,0,0,0,0,0,0,0,0,0,0,0,0,0,0,0,0,0,0,0,0,0,0,0,0,0,0,0,0,0,0,0,0,0,0,0,0,0,445.2281,0,0,0,0,0,0,0,0,0,0,5.103204,0,0,0,0,0,0,0,0,0,0,0,0,0,0,0,0,0,0,0,0,0,0,0,0,0,0,0,0,0,0,0,0,0,0,0,0,0,0,0,0,0,0,0,0,0,0,0,0,0,0,0,0,0,0,0,0,0,0,0,0,0,0,0,0,0,0,0,0,0,0,0,0,0,0,0,0,0,0,0,0,0,0,0,0,0,0,0,0,0,0,0,0,0,0,0,0,0,0,0,0,0,0,0,0,0,0,0,0,0,0,0,0,0,0,0,0,0,0,0,0,0
2029,1,5,11,110.6771,11.88497,209.7889,186.0525,13.75231,17.49849,49.66562,13.97336,9.080689,30.79377,29.91151,11.70003,0,137.31,198.11,0,12.35876,12.64367,23.2176,0,78.99805,2.915634,9.650033,26.43754,53.15529,0,12.49423,114.3,2.985049,10.22528,7.279768,0,0,0,0,36.15545,10.8596,0,118.398,304.4943,57.09269,0,163.0223,61.74625,18.1979,53.92921,0,0,0,0,0,0,0,0,128.7091,128.7091,0,128.7091,128.7091,0,0,0,0,0,0,46.19566,69.30102,131.2656,131.2656,0,0,0,0,0,0,0,0,0,0,0,0,0,0,0,0,0,0,0,0,32.86969,0,0,0,0,0,0,0,0,0,0,42.12937,0,0,0,0,0,0,0,0,0,0,0,0,0,0,0,0,0,0,0,0,0,0,0,0,0,0,0,0,0,0,0,0,276.1364,276.1364,194.64,0,0,17.34013,0.1543807,0,0,0,0,76.72546,470.6052,634.1544,0,0,0,0,0,0,0,0,0,0,0,0,0,0,0,0,0,0,0,0,0,0,0,0,0,0,78.11877,0,238.8822,0,0,0,0,0,374.1562,374.7265,373.87,6.8176,12.5566,2.581,0,0,0,0,0,0,0,0,0,0,0,0,0,0,0,0,0,0,0,0,0,0,0,0,0,0,0,0,0,0,0,0,0,0,0,0,0,0,0,0,0,0,0,0,0,0,0,461.0961,0,0,0,0,0,0,0,0,0,0,5.285084,0,0,0,0,0,0,0,0,0,0,0,0,0,0,0,0,0,0,0,0,0,0,0,0,0,0,0,0,0,0,0,0,0,0,0,0,0,0,0,0,0,0,0,0,0,0,0,0,0,0,0,0,0,0,0,0,0,0,0,0,0,0,0,0,0,0,0,0,0,0,0,0,0,0,0,0,0,0,0,0,0,0,0,0,0,0,0,0,0,0,0,0,0,0,0,0,0,0,0,0,0,0,0,0,0,0,0,0,0,0,0,0,0,0,0,0,0,0,0,0,0
2029,1,5,12,104.0873,10.99847,202.5555,176.5575,12.60464,24.03012,46.87325,12.9311,8.403365,28.49688,27.68043,10.82733,0,131.937,188.43,0,11.43692,11.70059,84.1344,0,74.39147,3.449795,8.930243,28.27136,56.84236,0,14.78325,107.85,2.762395,9.371951,6.672248,0,0,0,0,33.45116,10.04959,0,111.8764,245.6218,46.0541,0,151.1858,67.14761,20.82044,51.45223,0,0,0,0,0,0,0,0,128.7091,128.7091,0,128.7091,128.7091,0,0,0,0,0,0,46.19566,69.30102,131.2656,131.2656,0,0,0,0,0,0,0,0,0,0,0,0,0,0,0,0,0,0,0,0,0,0,0,0,0,0,0,0,0,0,0,42.12937,0,0,0,0,0,0,0,0,0,0,0,0,0,0,0,0,0,0,0,0,0,0,0,0,0,0,0,0,0,0,0,0,276.1364,276.1364,194.64,0,0,15.4756,0,0,0,0,0,139.0431,533.8004,724.0212,0,0,0,0,0,0,0,0,0,0,0,0,0,0,0,0,0,0,0,0,0,0,0,0,0,0,78.38927,0,0,0,0,0,0,0,374.1562,374.7265,373.87,6.8176,12.5566,2.581,0,0,0,0,0,0,0,0,0,0,0,0,0,0,0,0,0,0,0,0,0,0,0,0,0,0,0,0,0,0,0,0,0,0,0,0,0,0,0,0,0,0,0,0,0,0,0,426.6078,0,0,0,0,0,0,0,0,0,0,4.889779,0,0,0,0,0,0,0,0,0,0,0,0,0,0,0,0,0,0,0,0,0,0,0,0,0,0,0,0,0,0,0,0,0,0,0,0,0,0,0,0,0,0,0,0,0,0,0,0,0,0,0,0,0,0,0,0,0,0,0,0,0,0,0,0,0,0,0,0,0,0,0,0,0,0,0,0,0,0,0,0,0,0,0,0,0,0,0,0,0,0,0,0,0,0,0,0,0,0,0,0,0,0,0,0,0,0,0,0,0,0,0,0,0,0,0,0,0,0,0,0,0
2029,1,5,13,98.61228,9.926417,199.4557,169.9425,11.90218,29.84156,44.03587,11.67066,7.584262,25.71919,24.98233,9.771958,0,136.514,195.7175,0,10.32213,10.56009,80.0352,0,25.98123,1.560866,8.059783,33.77282,67.90358,0,6.688704,103.8,2.493136,8.849652,6.300404,0,0,0,0,30.16004,9.070024,0,108.3363,275.8112,51.71461,0,133.7284,74.43195,19.82705,49.34741,0,0,0,0,0,0,0,0,128.7091,128.7091,0,128.7091,128.7091,0,0,0,0,0,0,46.19566,69.30102,131.2656,131.2656,0,0,0,0,0,0,0,0,0,0,0,0,0,0,0,0,0,0,0,0,0,0,0,0,0,0,0,0,0,0,0,42.12937,0,0,0,0,0,0,0,0,0,0,0,0,0,0,0,0,0,0,0,0,0,0,0,0,0,0,0,0,0,0,0,0,276.1364,276.1364,194.64,0,0,14.0772,0,0,0,0,0,167.3569,509.7912,689.9679,0,0,0,0,0,0,0,0,0,0,0,0,0,0,0,0,0,0,0,0,0,0,0,0,0,0,78.64111,0,1000,0,0,0,0,0,374.1562,374.7265,373.87,6.8176,12.5566,2.581,0,0,0,0,0,0,0,0,0,0,0,0,0,0,0,0,0,0,0,0,0,0,0,0,0,0,0,0,0,0,0,0,0,0,0,0,0,0,0,0,0,0,0,0,0,0,0,384.6357,0,0,0,0,0,0,0,0,0,0,4.408694,0,0,0,0,0,0,0,0,0,0,0,0,0,0,0,0,0,0,0,0,0,0,0,0,0,0,0,0,0,0,0,0,0,0,0,0,0,0,0,0,0,0,0,0,0,0,0,0,0,0,0,0,0,0,0,0,0,0,0,0,0,0,0,0,0,0,0,0,0,0,0,0,0,0,0,0,0,0,0,0,0,0,0,0,0,0,0,0,0,0,0,0,0,0,0,0,0,0,0,0,0,0,0,0,0,0,0,0,0,0,0,0,0,0,0,0,0,0,0,0,0
2029,1,5,14,100.9714,9.960374,206.4557,174.4425,12.24846,25.04775,45.79411,11.71059,7.610206,25.80717,25.06779,9.805387,0,144.3745,207.24,0,10.35744,10.59622,27.8208,0,30.97392,0.02693066,8.087354,31.55695,63.44836,0,0.115405,106.11,2.501664,9.107123,6.483707,0,0,0,0,30.2453,9.101051,0,112.0009,289.1485,54.21535,0,149.3118,54.15127,15.37668,50.15003,0,0,0,0,0,0,0,0,128.7091,128.7091,0,128.7091,128.7091,0,0,0,0,0,0,46.19566,69.30102,131.2656,131.2656,0,0,0,0,0,0,0,0,0,0,0,0,0,0,0,0,0,0,0,0,0,0,0,0,0,0,0,0,0,0,0,42.12937,0,0,0,0,0,0,0,0,0,0,0,0,0,0,0,0,0,0,0,0,0,0,0,0,0,0,0,0,0,0,0,0,276.1364,276.1364,194.64,0,0,19.57757,0,0,0,0,0,178.6255,402.5584,537.3639,0,0,0,0,0,0,0,0,0,0,0,0,0,0,0,0,0,0,0,0,0,0,0,0,0,0,78.82262,0,1000,0,0,0,0,0,374.1562,374.7265,373.87,6.8176,12.5566,2.581,0,0,0,0,0,0,0,0,0,0,0,0,0,0,0,0,0,0,0,0,0,0,0,0,0,0,0,0,0,0,0,0,0,0,0,0,0,0,0,0,0,0,0,0,0,0,0,385.723,0,0,0,0,0,0,0,0,0,0,4.421157,0,0,0,0,0,0,0,0,0,0,0,0,0,0,0,0,0,0,0,0,0,0,0,0,0,0,0,0,0,0,0,0,0,0,0,0,0,0,0,0,0,0,0,0,0,0,0,0,0,0,0,0,0,0,0,0,0,0,0,0,0,0,0,0,0,0,0,0,0,0,0,0,0,0,0,0,0,0,0,0,0,0,0,0,0,0,0,0,0,0,0,0,0,0,0,0,0,0,0,0,0,0,0,0,0,0,0,0,0,0,0,0,0,0,0,0,0,0,0,0,0
2029,1,5,15,108.2048,10.20316,222.1871,179.6625,13.33678,17.91213,47.58735,11.99604,7.79571,26.43624,25.67883,10.0444,134.2805,144.474,206.14,0,10.60991,10.85451,13.5408,0,32.19957,0.04673916,8.284489,21.39454,43.01584,0,0.200289,91.395,2.562644,9.916319,7.059803,0,0,0,0,30.96532,9.322896,0,117.7585,309.5622,58.0429,0,150.8478,42.30096,10.09187,51.64318,0,0,0,0,0,0,0,0,128.7091,128.7091,0,128.7091,128.7091,0,0,0,0,0,0,46.19566,69.30102,131.2656,131.2656,0,0,0,0,0,0,0,0,0,0,0,0,0,0,0,0,0,0,0,0,0,0,0,0,0,0,0,0,0,0,0,42.12937,0,0,0,0,0,0,0,0,0,0,0,0,0,0,0,0,0,0,0,0,0,0,0,0,0,0,0,0,0,0,0,0,276.1364,276.1364,194.64,0,0,25.63729,0,0,0,0,0,166.312,275.1728,356.2173,0,0,0,0,0,0,0,0,0,0,0,0,0,0,0,0,0,0,0,0,0,0,0,0,0,0,79.66158,0,0,0,0,0,0,0,374.1562,374.7265,373.87,6.8176,12.5566,2.581,0,0,0,0,0,0,0,0,0,0,0,0,0,0,0,0,0,0,0,0,0,0,0,0,0,0,0,0,0,0,0,0,0,0,0,0,0,0,0,0,0,0,0,0,0,0,0,394.9056,0,0,0,0,0,0,0,0,0,0,4.526408,0,0,0,0,0,0,0,0,0,0,0,0,0,0,0,0,0,0,0,0,0,0,0,0,0,0,0,0,0,0,0,0,0,0,0,0,0,0,0,0,0,0,0,0,0,0,0,0,0,0,0,0,0,0,0,0,0,0,0,0,0,0,0,0,0,0,0,0,0,0,0,0,0,0,0,0,0,0,0,0,0,0,0,0,0,0,0,0,0,0,0,0,0,0,0,0,0,0,0,0,0,0,0,0,0,0,0,0,0,0,0,0,0,0,0,0,0,0,0,0,0
2029,1,5,16,109.0738,11.50214,228.3473,182.0025,13.4654,12.67558,30.13202,13.52326,8.788188,29.80186,28.94802,11.32316,215.6329,63.481,91.52,0,11.96066,12.23641,11.3064,0,10.15766,2.403728,9.339193,12.79852,25.73269,0,10.30058,113.085,2.888896,10.01195,7.127888,0,0,0,0,34.97248,10.5098,0,116.8521,309.1319,57.96223,0,119.0662,6.871229,10.62804,51.50348,0,0,0,0,0,0,0,0,128.7091,128.7091,0,128.7091,128.7091,0,0,0,0,0,0,46.19566,69.30102,131.2656,131.2656,0,0,0,0,0,0,0,0,0,0,0,0,0,0,0,0,0,0,0,0,0,0,0,0,0,0,0,0,0,0,0,42.12937,0,0,0,0,0,0,0,0,0,0,0,0,0,0,0,0,0,0,0,0,0,0,0,0,0,0,0,0,0,0,0,0,276.1364,276.1364,194.64,0,0,28.71376,0,0,26.85223,0,0,166.784,334.636,440.5734,0,0,0,0,0,0,0,0,0,0,0,0,0,0,0,0,0,0,0,0,0,0,0,0,0,0,80.07215,0,0,0,0,0,0,0,374.1562,374.7265,373.87,6.8176,12.5566,2.581,0,0,0,0,0,0,0,0,0,0,0,0,0,0,0,0,0,0,0,0,0,0,0,0,0,0,0,0,0,0,0,0,0,0,0,0,0,0,0,0,0,0,0,0,0,0,0,446.0095,0,0,0,0,0,0,0,0,0,0,5.112161,0,0,0,0,0,0,0,0,0,0,0,0,0,0,0,0,0,0,0,0,0,0,0,0,0,0,0,0,0,0,0,0,0,0,0,0,0,0,0,0,0,0,0,0,0,0,0,0,0,0,0,0,0,0,0,0,0,0,0,0,0,0,0,0,0,0,0,0,0,0,0,0,0,0,0,0,0,0,0,0,0,0,0,0,0,0,0,0,0,0,0,0,0,0,0,0,0,0,0,0,0,0,0,0,0,0,0,0,0,0,0,0,0,0,0,0,0,0,0,0,0
2029,1,5,17,66.19403,3.713252,177.2604,94.0275,3.858167,4.63753,19.12855,4.365735,5.004506,16.97091,16.48469,6.448067,294.0449,1.0945,1.65,0,3.861279,6.968122,5.8128,0,5.729275,1.290891,5.318281,4.737363,9.524936,0,5.531796,82.44,0.9326265,2.86867,2.042315,0,0,0,0,19.91761,3.392894,0,60.80135,142.1638,26.65571,0,78.43894,5.478211,3.952481,39.39381,0,0,0,0,0,0,0,0,128.7091,128.7091,0,128.7091,128.7091,0,0,0,0,0,0,46.19566,69.30102,131.2656,131.2656,0,0,0,0,0,0,0,0,0,0,0,0,0,0,0,53.4982,48.0012,52.5,48.0012,52.5,32.86969,32.86969,32.86969,32.86969,32.86969,32.86969,32.86969,32.86969,0,0,0,42.12937,0,0,0,0,0,0,0,0,0,0,0,0,0,0,0,0,0,0,0,0,0,0,0,0,0,0,0,0,0,0,0,0,276.1364,276.1364,194.64,7.490341,7.586496,28.52731,0,0,45.21189,0,0,223.5187,173.6624,211.6674,0,0,0,0,0,0,0,0,0,0,0,0,0,0,0,0,0,0,0,0,0,0,0,0,0,0,79.75276,0,0,0,0,0,0,0,374.1562,374.7265,373.87,6.8176,12.5566,2.581,0,0,0,0,0,0,0,0,0,0,0,0,0,0,0,0,0,0,0,0,0,0,0,0,0,0,0,0,0,0,0,0,0,0,0,0,0,0,0,0,0,0,0,0,0,0,0,254.0125,0,0,0,0,0,0,0,0,0,0,2.911491,0,0,0,0,0,0,0,0,0,0,0,0,0,0,0,0,0,0,0,0,0,0,0,0,0,0,0,0,0,0,0,0,0,0,0,0,0,0,0,0,0,0,0,0,0,0,0,0,0,0,0,0,0,0,0,0,0,0,0,0,0,0,0,0,0,0,0,0,0,0,0,0,0,0,0,0,0,0,0,0,0,0,0,0,0,0,0,0,0,0,0,0,0,0,0,0,0,0,0,0,0,0,0,0,0,0,0,0,0,0,0,0,0,0,0,0,0,0,0,0,0
2029,1,5,18,0,0,12.35484,4.32,0,0,0.874317,0,0.29202,0.990278,0.961907,0.3762544,294.0449,0,0,0,0,0.4066,0,0,0,0.1201864,0.31033,0,0,0,0.515029,1.575,0,0,0,0,0,0,0,1.171651,0,0,0,0.166105,0.031145,0,1.31432,0,0,4.538909,0,0,0,0,0,0,0,0,185.0753,185.0753,0,185.0753,128.7091,0,0,0,0,0,0,46.19566,69.30102,131.2656,131.2656,0,0,0,0,0,0,0,0,0,0,0,0,0,0,0,53.4982,48.0012,52.5,48.0012,52.5,32.86969,32.86969,32.86969,32.86969,32.86969,32.86969,32.86969,32.86969,0,0,0,42.12937,0,0,0,0,0,0,0,0,0,0,0,0,0,0,0,0,0,0,0,0,0,0,0,0,0,0,0,0,0,0,0,0,276.1364,276.1364,194.64,4.701278,4.446529,32.81573,0,0,85.61296,0,0,210.4636,36.8224,19.2168,0,0,0,0,0,0,0,0,0,0,0,0,0,0,0,0,0,0,0,0,0,0,0,0,0,0,79.53609,0,0,0,0,0,0,0,374.1562,374.7265,373.87,6.8176,12.5566,2.581,0,0,0,0,0,0,0,0,0,0,0,0,0,0,0,0,0,0,0,0,0,0,0,0,0,0,0,0,0,0,0,0,0,0,0,0,0,0,0,0,0,0,0,0,0,0,0,14.94225,0,0,0,0,0,0,0,0,0,0,0.171268,0,0,0,0,0,0,0,0,0,0,0,0,0,0,0,0,0,0,0,0,0,0,0,0,0,0,0,0,0,0,0,0,0,0,0,0,0,0,0,0,0,0,0,0,0,0,0,0,0,0,0,0,0,0,0,0,0,0,0,0,0,0,0,0,0,0,0,0,0,0,0,0,0,0,0,0,0,0,0,0,0,0,0,0,0,0,0,0,0,0,0,0,0,0,0,0,0,0,0,0,0,0,0,0,0,0,0,0,0,0,0,0,0,0,0,0,0,0,0,0,0
2029,1,5,19,0,0,0,0,0,0,0,0,0,0,0,0,294.0449,0,0,0,0,0,0,0,0,0,0,0,0,0,0,0,0,0,0,0,0,0,0,0,0,0,0,0,0,0,0,0,0,0,0,0,0,0,0,0,0,0,185.0753,185.0753,0,185.0753,128.7091,0,0,0,0,0,0,46.19566,69.30102,131.2656,131.2656,0,0,0,0,0,0,0,0,0,0,0,0,0,0,0,53.4982,48.0012,52.5,48.0012,52.5,32.86969,32.86969,32.86969,32.86969,32.86969,32.86969,32.86969,32.86969,0,0,0,42.12937,0,0,0,0,0,0,0,0,0,0,0,0,0,0,0,0,0,0,0,0,0,0,0,0,0,0,0,0,0,0,0,0,276.1364,276.1364,194.64,30.01871,29.73485,46.52003,0,0,59.64435,0,0,191.7046,0,0,0,0,0,0,0,0,0,0,0,0,0,0,0,0,0,0,0,0,0,0,0,0,0,0,0,0,78.5742,0,0,0,0,0,0,0,374.1562,374.7265,373.87,6.8176,12.5566,2.581,0,0,0,0,0,0,0,0,0,0,0,0,0,0,0,0,0,0,0,0,0,0,0,0,0,0,0,0,0,0,0,0,0,0,0,0,0,0,0,0,0,0,0,0,0,0,0,0,0,0,0,0,0,0,0,0,0,0,0,0,0,0,0,0,0,0,0,0,0,0,0,0,0,0,0,0,0,0,0,0,0,0,0,0,0,0,0,0,0,0,0,0,0,0,0,0,0,0,0,0,0,0,0,0,0,0,0,0,0,0,0,0,0,0,0,0,0,0,0,0,0,0,0,0,0,0,0,0,0,0,0,0,0,0,0,0,0,0,0,0,0,0,0,0,0,0,0,0,0,0,0,0,0,0,0,0,0,0,0,0,0,0,0,0,0,0,0,0,0,0,0,0,0,0,0,0,0,0,0,0
2029,1,5,20,0,0,0,0,0,0,0,0,0,0,0,0,294.0449,0,0,0,0,0,0,0,0,0,0,0,0,0,0,0,0,0,0,0,0,0,0,0,0,0,0,0,0,0,0,0,0,0,0,0,0,0,0,0,0,0,185.0753,185.0753,0,185.0753,128.7091,0,0,0,0,0,0,46.19566,69.30102,131.2656,131.2656,0,0,0,0,0,0,0,0,0,0,0,0,0,0,0,53.4982,48.0012,52.5,48.0012,52.5,32.86969,32.86969,32.86969,32.86969,32.86969,32.86969,32.86969,32.86969,0,0,0,42.12937,0,0,0,0,0,0,0,0,0,0,0,0,0,0,0,0,0,0,0,0,0,0,0,0,0,0,0,0,0,0,0,0,276.1364,276.1364,194.64,135.2832,149.749,59.75819,4.44109,0,13.84338,0,0,151.3214,0,0,0,0,0,0,0,0,0,0,0,0,0,0,0,0,0,0,0,0,0,0,0,0,0,0,0,0,77.27219,0,0,0,0,0,0,0,374.1562,374.7265,373.87,6.8176,12.5566,2.581,0,0,0,0,0,0,0,0,0,0,0,0,0,0,0,0,0,0,0,0,0,0,0,0,0,0,0,0,0,0,0,0,0,0,0,0,0,0,0,0,0,0,0,0,0,0,0,0,0,0,0,0,0,0,0,0,0,0,0,0,0,0,0,0,0,0,0,0,0,0,0,0,0,0,0,0,0,0,0,0,0,0,0,0,0,0,0,0,0,0,0,0,0,0,0,0,0,0,0,0,0,0,0,0,0,0,0,0,0,0,0,0,0,0,0,0,0,0,0,0,0,0,0,0,0,0,0,0,0,0,0,0,0,0,0,0,0,0,0,0,0,0,0,0,0,0,0,0,0,0,0,0,0,0,0,0,0,0,0,0,0,0,0,0,0,0,0,0,0,0,0,0,0,0,0,0,0,0,0,0
2029,1,5,21,0,0,0,0,0,0,0,0,0,0,0,0,146.0423,0,0,0,0,0,0,0,0,0,0,0,0,0,0,0,0,0,0,0,0,0,0,0,0,0,0,0,0,0,0,0,0,0,0,0,0,0,0,0,0,0,185.0753,185.0753,0,185.0753,128.7091,0,0,0,0,0,0,46.19566,69.30102,131.2656,131.2656,0,0,0,0,0,0,0,0,0,0,0,0,0,0,0,53.4982,48.0012,52.5,48.0012,52.5,0,0,0,0,0,0,32.86969,32.86969,0,0,0,42.12937,0,0,0,0,0,0,0,0,0,0,0,0,0,0,0,0,0,0,0,0,0,0,0,0,0,0,0,0,0,0,0,0,276.1364,276.1364,194.64,162.1503,170.2536,65.53823,7.401816,0,0,0,0,123.505,0,0,0,0,0,0,0,0,0,0,0,0,0,0,0,0,0,0,0,0,0,0,0,0,0,0,0,0,77.85605,0,0,0,0,0,0,0,374.1562,374.7265,373.87,6.8176,12.5566,2.581,0,0,0,0,0,0,0,0,0,0,0,0,0,0,0,0,0,0,0,0,0,0,0,0,0,0,0,0,0,0,0,0,0,0,0,0,0,0,0,0,0,0,0,0,0,0,0,0,0,0,0,0,0,0,0,0,0,0,0,0,0,0,0,0,0,0,0,0,0,0,0,0,0,0,0,0,0,0,0,0,0,0,0,0,0,0,0,0,0,0,0,0,0,0,0,0,0,0,0,0,0,0,0,0,0,0,0,0,0,0,0,0,0,0,0,0,0,0,0,0,0,0,0,0,0,0,0,0,0,0,0,0,0,0,0,0,0,0,0,0,0,0,0,0,0,0,0,0,0,0,0,0,0,0,0,0,0,0,0,0,0,0,0,0,0,0,0,0,0,0,0,0,0,0,0,0,0,0,0,0
2029,1,5,22,0,0,0,0,0,0,0,0,0,0,0,0,0,0,0,0,0,0,0,0,0,0,0,0,0,0,0,0,0,0,0,0,0,0,0,0,0,0,0,0,0,0,0,0,0,0,0,0,0,0,0,0,0,0,185.0753,185.0753,0,185.0753,128.7091,0,0,0,0,0,0,46.19566,69.30102,131.2656,131.2656,0,0,0,0,0,0,0,0,0,0,0,0,0,0,0,53.4982,48.0012,52.5,48.0012,52.5,32.86969,32.86969,32.86969,32.86969,32.86969,32.86969,32.86969,32.86969,0,0,0,42.12937,0,0,0,0,0,0,0,0,0,0,0,0,0,0,0,0,0,0,0,0,0,0,0,0,0,0,0,0,0,0,0,0,276.1364,276.1364,194.64,123.8202,124.2921,64.6992,3.277947,0,0,0,0,68.01183,0,0,0,0,0,0,0,0,0,0,0,0,0,0,0,0,0,0,0,0,0,0,0,0,0,0,0,0,76.93628,0,0,0,0,0,0,0,374.1562,374.7265,373.87,6.8176,12.5566,2.581,0,0,0,0,0,0,0,0,0,0,0,0,0,0,0,0,0,0,0,0,0,0,0,0,0,0,0,0,0,0,0,0,0,0,0,0,0,0,0,0,0,0,0,0,0,0,0,0,0,0,0,0,0,0,0,0,0,0,0,0,0,0,0,0,0,0,0,0,0,0,0,0,0,0,0,0,0,0,0,0,0,0,0,0,0,0,0,0,0,0,0,0,0,0,0,0,0,0,0,0,0,0,0,0,0,0,0,0,0,0,0,0,0,0,0,0,0,0,0,0,0,0,0,0,0,0,0,0,0,0,0,0,0,0,0,0,0,0,0,0,0,0,0,0,0,0,0,0,0,0,0,0,0,0,0,0,0,0,0,0,0,0,0,0,0,0,0,0,0,0,0,0,0,0,0,0,0,0,0,0
2029,1,5,23,0,0,0,0,0,0,0,0,0,0,0,0,0,0,0,0,0,0,0,0,0,0,0,0,0,0,0,0,0,0,0,0,0,0,0,0,0,0,0,0,0,0,0,0,0,0,0,0,0,0,0,0,0,0,185.0753,185.0753,0,185.0753,128.7091,0,0,0,0,0,0,46.19566,69.30102,131.2656,131.2656,0,0,0,0,0,0,0,0,0,0,0,0,0,0,0,53.4982,48.0012,52.5,48.0012,52.5,32.86969,32.86969,32.86969,32.86969,32.86969,32.86969,32.86969,32.86969,0,0,0,42.12937,0,0,0,0,0,0,0,0,0,0,0,0,0,0,0,0,0,0,0,0,0,0,0,0,0,0,0,0,0,0,0,0,276.1364,276.1364,190.1608,73.49836,66.38184,65.16533,5.287011,0,29.55218,0,0,61.09705,0,0,0,0,0,0,0,0,0,0,0,0,0,0,0,0,0,0,0,0,0,0,0,0,0,0,0,0,75.76167,0,0,0,0,0,0,0,374.1562,374.7265,373.87,6.8176,12.5566,2.581,0,0,0,0,0,0,0,0,0,0,0,0,0,0,0,0,0,0,0,0,0,0,0,0,0,0,0,0,0,0,0,0,0,0,0,0,0,0,0,0,0,0,0,0,0,0,0,0,0,0,0,0,0,0,0,0,0,0,0,0,0,0,0,0,0,0,0,0,0,0,0,0,0,0,0,0,0,0,0,0,0,0,0,0,0,0,0,0,0,0,0,0,0,0,0,0,0,0,0,0,0,0,0,0,0,0,0,0,0,0,0,0,0,0,0,0,0,0,0,0,0,0,0,0,0,0,0,0,0,0,0,0,0,0,0,0,0,0,0,0,0,0,0,0,0,0,0,0,0,0,0,0,0,0,0,0,0,0,0,0,0,0,0,0,0,0,0,0,0,0,0,0,0,0,0,0,0,0,0,0
2029,1,5,24,0,0,0,0,0,0,0,0,0,0,0,0,0,0,0,0,0,0,0,0,0,0,0,0,0,0,0,0,0,0,0,0,0,0,0,0,0,0,0,0,0,0,0,0,0,0,0,0,0,0,0,0,0,0,185.0753,185.0753,0,185.0753,128.7091,0,0,0,0,0,0,46.19566,69.30102,131.2656,131.2656,0,0,0,0,0,0,0,0,0,0,0,0,0,0,0,53.4982,48.0012,52.5,48.0012,52.5,32.86969,32.86969,32.86969,32.86969,32.86969,32.86969,32.86969,32.86969,0,0,0,42.12937,0,0,0,0,0,0,0,0,0,0,0,0,0,0,0,0,0,0,0,0,0,0,0,0,0,0,0,0,0,0,0,0,276.1364,276.1364,173.9314,76.36272,66.36076,66.28404,8.141997,0,27.9813,0,0,44.01215,0,0,0,0,0,0,0,0,0,0,0,0,0,0,0,0,0,0,0,0,0,0,0,0,0,0,0,0,74.42789,0,0,0,0,0,0,0,374.1562,374.7265,373.87,6.8176,12.5566,2.581,0,0,0,0,0,0,0,0,0,0,0,0,0,0,0,0,0,0,0,0,0,0,0,0,0,0,0,0,0,0,0,0,0,0,0,0,0,0,0,0,0,0,0,0,0,0,0,0,0,0,0,0,0,0,0,0,0,0,0,0,0,0,0,0,0,0,0,0,0,0,0,0,0,0,0,0,0,0,0,0,0,0,0,0,0,0,0,0,0,0,0,0,0,0,0,0,0,0,0,0,0,0,0,0,0,0,0,0,0,0,0,0,0,0,0,0,0,0,0,0,0,0,0,0,0,0,0,0,0,0,0,0,0,0,0,0,0,0,0,0,0,0,0,0,0,0,0,0,0,0,0,0,0,0,0,0,0,0,0,0,0,0,0,0,0,0,0,0,0,0,0,0,0,0,0,0,0,0,0,0
2029,1,6,1,0,0,0,0,0,0,0,0,0,0,0,0,0,0,0,0,0,0,0,0,0,0,0,0,0,0,0,0,0,0,0,0,0,0,0,0,0,0,0,0,0,0,0,0,0,0,0,0,0,0,0,0,0,0,185.0753,185.0753,0,185.0753,128.7091,0,0,0,0,0,0,46.19566,69.30102,131.2656,131.2656,0,0,0,0,0,0,0,0,0,0,0,0,0,0,0,53.4982,48.0012,52.5,48.0012,52.5,0,0,0,0,0,0,0,0,0,0,0,42.12937,0,0,0,0,0,0,0,0,0,0,0,0,0,0,0,0,0,0,0,0,0,0,0,0,0,0,0,0,0,0,0,0,276.1364,276.1364,168.1786,49.05095,41.0303,64.88565,17.21748,0,43.64101,0,0,65.77078,0,0,0,0,0,0,0,0,0,0,0,0,0,0,0,0,0,0,0,0,0,0,0,0,0,0,0,0,74.20265,0,0,0,0,0,0,0,374.1562,374.7265,373.87,6.8176,12.5566,2.581,0,0,0,0,0,0,0,0,0,0,0,0,0,0,0,0,0,0,0,0,0,0,0,0,0,0,0,0,0,0,0,0,0,0,0,0,0,0,0,0,0,0,0,0,0,0,0,0,0,0,0,0,0,0,0,0,0,0,0,0,0,0,0,0,0,0,0,0,0,0,0,0,0,0,0,0,0,0,0,0,0,0,0,0,0,0,0,0,0,0,0,0,0,0,0,0,0,0,0,0,0,0,0,0,0,0,0,0,0,0,0,0,0,0,0,0,0,0,0,0,0,0,0,0,0,0,0,0,0,0,0,0,0,0,0,0,0,0,0,0,0,0,0,0,0,0,0,0,0,0,0,0,0,0,0,0,0,0,0,0,0,0,0,0,0,0,0,0,0,0,0,0,0,0,0,0,0,0,0,0
2029,1,6,2,0,0,0,0,0,0,0,0,0,0,0,0,0,0,0,0,0,0,0,0,0,0,0,0,0,0,0,0,0,0,0,0,0,0,0,0,0,0,0,0,0,0,0,0,0,0,0,0,0,0,0,0,0,0,185.0753,185.0753,0,185.0753,128.7091,0,0,0,0,0,0,46.19566,69.30102,131.2656,131.2656,0,0,0,0,0,0,0,0,0,0,0,0,0,0,0,53.4982,48.0012,52.5,48.0012,52.5,0,0,0,0,0,0,0,0,0,0,0,42.12937,0,0,0,0,0,0,0,0,0,0,0,0,0,0,0,0,0,0,0,0,0,0,0,0,0,0,0,0,0,0,0,0,276.1364,276.1364,194.64,7.850067,6.132418,56.02913,30.31543,0,39.91017,0,0,69.70206,0,0,0,0,0,0,0,0,0,0,0,0,0,0,0,0,0,0,0,0,0,0,0,0,0,0,0,0,73.95589,0,0,0,0,0,0,0,374.1562,374.7265,373.87,6.8176,12.5566,2.581,0,0,0,0,0,0,0,0,0,0,0,0,0,0,0,0,0,0,0,0,0,0,0,0,0,0,0,0,0,0,0,0,0,0,0,0,0,0,0,0,0,0,0,0,0,0,0,0,0,0,0,0,0,0,0,0,0,0,0,0,0,0,0,0,0,0,0,0,0,0,0,0,0,0,0,0,0,0,0,0,0,0,0,0,0,0,0,0,0,0,0,0,0,0,0,0,0,0,0,0,0,0,0,0,0,0,0,0,0,0,0,0,0,0,0,0,0,0,0,0,0,0,0,0,0,0,0,0,0,0,0,0,0,0,0,0,0,0,0,0,0,0,0,0,0,0,0,0,0,0,0,0,0,0,0,0,0,0,0,0,0,0,0,0,0,0,0,0,0,0,0,0,0,0,0,0,0,0,0,0
2029,1,6,3,0,0,0,0,0,0,0,0,0,0,0,0,0,0,0,0,0,0,0,0,0,0,0,0,0,0,0,0,0,0,0,0,0,0,0,0,0,0,0,0,0,0,0,0,0,0,0,0,0,0,0,0,0,0,185.0753,185.0753,0,185.0753,128.7091,0,0,0,0,0,0,46.19566,69.30102,131.2656,131.2656,0,0,0,0,0,0,0,0,0,0,0,0,0,0,0,53.4982,48.0012,52.5,48.0012,52.5,32.86969,32.86969,32.86969,32.86969,32.86969,32.86969,32.86969,32.86969,0,0,0,42.12937,0,0,0,0,0,0,0,0,0,0,0,0,0,0,0,0,0,0,0,0,0,0,0,0,0,0,0,0,0,0,0,0,276.1364,276.1364,185.9462,3.405215,2.212728,48.57101,36.12501,0,9.52346,0,0,68.78493,0,0,0,0,0,0,0,0,0,0,0,0,0,0,0,0,0,0,0,0,0,0,0,0,0,0,0,0,73.81442,0,0,0,0,0,0,0,374.1562,374.7265,373.87,6.8176,12.5566,2.581,0,0,0,0,0,0,0,0,0,0,0,0,0,0,0,0,0,0,0,0,0,0,0,0,0,0,0,0,0,0,0,0,0,0,0,0,0,0,0,0,0,0,0,0,0,0,0,0,0,0,0,0,0,0,0,0,0,0,0,0,0,0,0,0,0,0,0,0,0,0,0,0,0,0,0,0,0,0,0,0,0,0,0,0,0,0,0,0,0,0,0,0,0,0,0,0,0,0,0,0,0,0,0,0,0,0,0,0,0,0,0,0,0,0,0,0,0,0,0,0,0,0,0,0,0,0,0,0,0,0,0,0,0,0,0,0,0,0,0,0,0,0,0,0,0,0,0,0,0,0,0,0,0,0,0,0,0,0,0,0,0,0,0,0,0,0,0,0,0,0,0,0,0,0,0,0,0,0,0,0
2029,1,6,4,0,0,0,0,0,0,0,0,0,0,0,0,0,0,0,0,0,0,0,0,0,0,0,0,0,0,0,0,0,0,0,0,0,0,0,0,0,0,0,0,0,0,0,0,0,0,0,0,0,0,0,0,0,0,185.0753,185.0753,0,185.0753,128.7091,0,0,0,0,0,0,46.19566,69.30102,131.2656,131.2656,0,0,0,0,0,0,0,0,0,0,0,0,0,0,0,53.4982,48.0012,52.5,48.0012,52.5,32.86969,32.86969,32.86969,32.86969,32.86969,32.86969,32.86969,32.86969,0,0,0,42.12937,0,0,0,0,0,0,0,0,0,0,0,0,0,0,0,0,0,0,0,0,0,0,0,0,0,0,0,0,0,0,0,0,276.1364,276.1364,173.6945,20.77486,16.43741,23.39985,49.96237,0,0,0,0,72.53651,0,0,0,0,0,0,0,0,0,0,0,0,0,0,0,0,0,0,0,0,0,0,0,0,0,0,0,0,74.26396,0,0,0,0,0,0,0,374.1562,374.7265,373.87,6.8176,12.5566,2.581,0,0,0,0,0,0,0,0,0,0,0,0,0,0,0,0,0,0,0,0,0,0,0,0,0,0,0,0,0,0,0,0,0,0,0,0,0,0,0,0,0,0,0,0,0,0,0,0,0,0,0,0,0,0,0,0,0,0,0,0,0,0,0,0,0,0,0,0,0,0,0,0,0,0,0,0,0,0,0,0,0,0,0,0,0,0,0,0,0,0,0,0,0,0,0,0,0,0,0,0,0,0,0,0,0,0,0,0,0,0,0,0,0,0,0,0,0,0,0,0,0,0,0,0,0,0,0,0,0,0,0,0,0,0,0,0,0,0,0,0,0,0,0,0,0,0,0,0,0,0,0,0,0,0,0,0,0,0,0,0,0,0,0,0,0,0,0,0,0,0,0,0,0,0,0,0,0,0,0,0
2029,1,6,5,0,0,0,0,0,0,0,0,0,0,0,0,0,0,0,0,0,0,0,0,0,0,0,0,0,0,0,0,0,0,0,0,0,0,0,0,0,0,0,0,0,0,0,0,0,0,0,0,0,0,0,0,0,0,185.0753,185.0753,0,185.0753,128.7091,0,0,0,0,0,0,46.19566,69.30102,131.2656,131.2656,0,0,0,0,0,0,0,0,0,0,0,0,0,0,0,53.4982,48.0012,52.5,48.0012,52.5,32.86969,32.86969,32.86969,32.86969,32.86969,32.86969,32.86969,0,0,0,0,42.12937,0,0,0,0,0,0,0,0,0,0,0,0,0,0,0,0,0,0,0,0,0,0,0,0,0,0,0,0,0,0,0,0,276.1364,276.1364,163.2735,15.52376,11.78014,22.46759,63.58847,0,0,0,0,76.8542,0,0,0,0,0,0,0,0,0,0,0,0,0,0,0,0,0,0,0,0,0,0,0,0,0,0,0,0,75.20366,0,0,0,0,0,0,0,374.1562,374.7265,373.87,6.8176,12.5566,2.581,0,0,0,0,0,0,0,0,0,0,0,0,0,0,0,0,0,0,0,0,0,0,0,0,0,0,0,0,0,0,0,0,0,0,0,0,0,0,0,0,0,0,0,0,0,0,0,0,0,0,0,0,0,0,0,0,0,0,0,0,0,0,0,0,0,0,0,0,0,0,0,0,0,0,0,0,0,0,0,0,0,0,0,0,0,0,0,0,0,0,0,0,0,0,0,0,0,0,0,0,0,0,0,0,0,0,0,0,0,0,0,0,0,0,0,0,0,0,0,0,0,0,0,0,0,0,0,0,0,0,0,0,0,0,0,0,0,0,0,0,0,0,0,0,0,0,0,0,0,0,0,0,0,0,0,0,0,0,0,0,0,0,0,0,0,0,0,0,0,0,0,0,0,0,0,0,0,0,0,0
2029,1,6,6,0,0,0,0,0,0,0,0,0,0,0,0,0,0,0,0,0,0,0,0,0,0,0,0,0,0,0,0,0,0,0,0,0,0,0,0,0,0,0,0,0,0,0,0,0,0,0,0,0,0,0,0,0,0,185.0753,185.0753,0,185.0753,128.7091,0,0,0,0,0,0,46.19566,69.30102,131.2656,131.2656,0,0,0,0,0,0,0,0,0,0,0,0,0,0,0,53.4982,48.0012,52.5,48.0012,52.5,32.86969,32.86969,32.86969,32.86969,32.86969,0,32.86969,32.86969,0,0,0,42.12937,0,0,0,0,0,0,0,0,0,0,0,0,0,0,0,0,0,0,0,0,0,0,0,0,0,0,0,0,0,0,0,0,276.1364,276.1364,194.64,27.29461,20.88394,22.37436,60.94775,0,0,0,0,93.70811,0,0,0,0,0,0,0,0,0,0,0,0,0,0,0,0,0,0,0,0,0,0,0,0,0,0,0,0,76.47923,0,0,0,0,0,0,0,374.1562,374.7265,373.87,6.8176,12.5566,2.581,0,0,0,0,0,0,0,0,0,0,0,0,0,0,0,0,0,0,0,0,0,0,0,0,0,0,0,0,0,0,0,0,0,0,0,0,0,0,0,0,0,0,0,0,0,0,0,0,0,0,0,0,0,0,0,0,0,0,0,0,0,0,0,0,0,0,0,0,0,0,0,0,0,0,0,0,0,0,0,0,0,0,0,0,0,0,0,0,0,0,0,0,0,0,0,0,0,0,0,0,0,0,0,0,0,0,0,0,0,0,0,0,0,0,0,0,0,0,0,0,0,0,0,0,0,0,0,0,0,0,0,0,0,0,0,0,0,0,0,0,0,0,0,0,0,0,0,0,0,0,0,0,0,0,0,0,0,0,0,0,0,0,0,0,0,0,0,0,0,0,0,0,0,0,0,0,0,0,0,0
2029,1,6,7,0,0,0,0,0,0,0,0,0,0,0,0,0,1.4925,2.2275,0,0,0,0,0,0,0,0,0,0,0,0,0,0,0,0,0,0,0,0,0,0,0,0,0,0,0,0,0,0,0,0,0,0,0,0,0,0,0,185.0753,185.0753,0,185.0753,128.7091,0,0,0,0,0,0,46.19566,69.30102,131.2656,131.2656,0,0,0,0,0,0,0,0,0,0,0,0,0,0,0,53.4982,48.0012,52.5,48.0012,52.5,32.86969,32.86969,32.86969,32.86969,32.86969,32.86969,32.86969,32.86969,0,0,0,42.12937,0,0,0,0,0,0,0,0,0,0,0,0,0,0,0,0,0,0,0,0,0,0,0,0,0,0,0,0,0,0,0,0,276.1364,276.1364,194.64,8.583574,5.858461,17.15368,44.68093,0,0,0,0,125.6922,0,0,0,0,0,0,0,0,0,0,0,0,0,0,0,0,0,0,0,0,0,0,0,0,0,0,0,0,77.40563,0,0,0,0,0,0,0,374.1562,374.7265,373.87,6.8176,12.5566,2.581,0,0,0,0,0,0,0,0,0,0,0,0,0,0,0,0,0,0,0,0,0,0,0,0,0,0,0,0,0,0,0,0,0,0,0,0,0,0,0,0,0,0,0,0,0,0,0,0,0,0,0,0,0,0,0,0,0,0,0,0,0,0,0,0,0,0,0,0,0,0,0,0,0,0,0,0,0,0,0,0,0,0,0,0,0,0,0,0,0,0,0,0,0,0,0,0,0,0,0,0,0,0,0,0,0,0,0,0,0,0,0,0,0,0,0,0,0,0,0,0,0,0,0,0,0,0,0,0,0,0,0,0,0,0,0,0,0,0,0,0,0,0,0,0,0,0,0,0,0,0,0,0,0,0,0,0,0,0,0,0,0,0,0,0,0,0,0,0,0,0,0,0,0,0,0,0,0,0,0,0
2029,1,6,8,0,0,0,0,0,0,0,0,0.054645,0.185309,0.179999,0.07040767,0,83.182,120.56,0,0,0.076086,0,0,1.624631,0.01812587,0.058071,0,0,0,0.077674,0,0,0,0,0,0,0,0,0.211352,0,0,0,3.11133,0.583374,0,0,0,0,0,0,0,0,0,0,0,0,0,185.0753,185.0753,0,185.0753,128.7091,0,0,0,0,0,0,46.19566,69.30102,131.2656,131.2656,0,0,0,0,0,0,0,0,0,0,0,0,0,0,0,53.4982,48.0012,52.5,48.0012,52.5,0,0,0,0,0,0,0,0,0,0,0,42.12937,0,0,0,0,0,0,0,0,0,0,0,0,0,0,0,0,0,0,0,0,0,0,0,0,0,0,0,0,0,0,0,0,276.1364,276.1364,179.7499,95.1289,68.55242,26.75601,32.85052,0,25.23226,0,0,125.1467,42.7936,22.3254,0,0,0,0,0,0,0,0,0,0,0,0,0,0,0,0,0,0,0,0,0,0,0,0,0,0,76.52238,0,0,0,0,0,0,0,374.1562,374.7265,373.87,6.8176,12.5566,2.581,0,0,0,0,0,0,0,0,0,0,0,0,0,0,0,0,0,0,0,0,0,0,0,0,0,0,0,0,0,0,0,0,0,0,0,0,0,0,0,0,0,0,0,0,0,0,0,2.695404,0,0,0,0,0,0,0,0,0,0,0.030895,0,0,0,0,0,0,0,0,0,0,0,0,0,0,0,0,0,0,0,0,0,0,0,0,0,0,0,0,0,0,0,0,0,0,0,0,0,0,0,0,0,0,0,0,0,0,0,0,0,0,0,0,0,0,0,0,0,0,0,0,0,0,0,0,0,0,0,0,0,0,0,0,0,0,0,0,0,0,0,0,0,0,0,0,0,0,0,0,0,0,0,0,0,0,0,0,0,0,0,0,0,0,0,0,0,0,0,0,0,0,0,0,0,0,0,0,0,0,0,0,0
2029,1,6,9,0,0,98.871,15.6825,0,37.15052,16.57121,0,1.156402,3.921507,3.809154,1.489969,0,154.1255,219.7525,0,0,1.610139,78.5232,0,45.36195,0.506371,1.228907,57.154,114.9137,0,2.169928,59.775,0,0,0,0,0,0,0,4.611799,0,0,14.15094,188.2726,35.30112,0,75.86543,0,4.627984,23.42285,0,0,0,0,0,0,0,0,128.7091,128.7091,0,128.7091,128.7091,0,0,0,0,0,0,46.19566,69.30102,131.2656,131.2656,0,0,0,0,0,0,0,0,0,0,0,0,0,0,0,53.4982,48.0012,52.5,48.0012,52.5,0,32.86969,0,0,32.86969,32.86969,32.86969,32.86969,0,0,0,42.12937,0,0,0,0,0,0,0,0,0,0,0,0,0,0,0,0,0,0,0,0,0,0,0,0,0,0,0,0,0,0,0,0,276.1364,276.1364,58.43632,168.3417,131.7311,26.28988,23.76645,0,25.82134,0,0,130.1873,202.6476,220.9932,0,0,0,0,0,0,0,0,0,0,0,0,0,0,0,0,0,0,0,0,0,0,0,0,0,0,77.03307,0,0,0,0,0,0,0,374.1562,374.7265,373.87,6.8176,12.5566,2.581,0,0,0,0,0,0,0,0,0,0,0,0,0,0,0,0,0,0,0,0,0,0,0,0,0,0,0,0,0,0,0,0,0,0,0,0,0,0,0,0,0,0,0,0,0,0,0,58.815,0,0,0,0,0,0,0,0,0,0,0.674138,0,0,0,0,0,0,0,0,0,0,0,0,0,0,0,0,0,0,0,0,0,0,0,0,0,0,0,0,0,0,0,0,0,0,0,0,0,0,0,0,0,0,0,0,0,0,0,0,0,0,0,0,0,0,0,0,0,0,0,0,0,0,0,0,0,0,0,0,0,0,0,0,0,0,0,0,0,0,0,0,0,0,0,0,0,0,0,0,0,0,0,0,0,0,0,0,0,0,0,0,0,0,0,0,0,0,0,0,0,0,0,0,0,0,0,0,0,0,0,0,0
2029,1,6,10,6.679674,3.719301,230.9517,29.475,0.57494,64.24963,26.33751,4.372848,2.841726,9.636652,9.360558,3.661427,0,149.9465,214.7475,0,3.86757,3.956732,135.2232,0,86.10742,1.122823,3.019897,131.8821,265.1619,0,4.81158,111.09,0.9341459,0.4274862,0.3043437,0,0,0,0,11.3045,3.398422,0,32.47952,316.1615,59.28029,0,110.3959,45.53929,12.25719,53.42863,0,0,0,0,0,0,0,0,128.7091,128.7091,0,128.7091,128.7091,0,0,0,0,0,0,46.19566,69.30102,131.2656,131.2656,0,0,0,0,0,0,0,0,0,0,0,0,0,0,0,0,0,0,0,0,32.86969,32.86969,32.86969,32.86969,32.86969,32.86969,32.86969,32.86969,0,0,0,42.12937,0,0,0,0,0,0,0,0,0,0,0,0,0,0,0,0,0,0,0,0,0,0,0,0,0,0,0,0,0,0,0,0,276.1364,276.1364,119.881,103.6562,72.30352,29.83248,39.71638,0,17.03423,0,0,132.3872,386.5108,482.6808,0,0,0,0,0,0,0,0,0,0,0,0,0,0,0,0,0,0,0,0,0,0,0,0,0,0,77.13523,0,0,0,0,0,0,0,374.1562,374.7265,373.87,6.8176,12.5566,2.581,0,0,0,0,0,0,0,0,0,0,0,0,0,0,0,0,0,0,0,0,0,0,0,0,0,0,0,0,0,0,0,0,0,0,0,0,0,0,0,0,0,0,0,0,0,0,0,144.1681,0,0,0,0,0,0,0,0,0,0,1.652455,0,0,0,0,0,0,0,0,0,0,0,0,0,0,0,0,0,0,0,0,0,0,0,0,0,0,0,0,0,0,0,0,0,0,0,0,0,0,0,0,0,0,0,0,0,0,0,0,0,0,0,0,0,0,0,0,0,0,0,0,0,0,0,0,0,0,0,0,0,0,0,0,0,0,0,0,0,0,0,0,0,0,0,0,0,0,0,0,0,0,0,0,0,0,0,0,0,0,0,0,0,0,0,0,0,0,0,0,0,0,0,0,0,0,0,0,0,0,0,0,0
2029,1,6,11,43.52243,4.532813,237.1901,59.8275,4.215902,65.4274,41.62555,5.329307,3.463287,11.74445,11.40796,4.46228,0,139.9965,202.125,0,4.713511,4.822176,136.6848,0,85.20551,1.100807,3.68043,142.6558,286.8235,0,4.717235,113.85,1.138469,3.134657,2.231682,0,0,0,0,13.6628,4.141748,0,48.7796,300.3078,56.30772,0,143.2813,21.02049,20.54229,54.09129,0,0,0,0,0,0,0,0,128.7091,128.7091,0,128.7091,128.7091,0,0,0,0,0,0,46.19566,69.30102,131.2656,131.2656,0,0,0,0,0,0,0,0,0,0,0,0,0,0,0,0,0,0,0,0,32.86969,0,0,0,0,0,0,0,0,0,0,42.12937,0,0,0,0,0,0,0,0,0,0,0,0,0,0,0,0,0,0,0,0,0,0,0,0,0,0,0,0,0,0,0,0,276.1364,276.1364,152.9359,105.6354,73.3572,26.28988,68.23613,0,0,0,0,124.5779,539.7716,700.7067,0,0,0,0,0,0,0,0,0,0,0,0,0,0,0,0,0,0,0,0,0,0,0,0,0,0,77.19781,0,0,0,0,0,0,0,374.1562,374.7265,373.87,6.8176,12.5566,2.581,0,0,0,0,0,0,0,0,0,0,0,0,0,0,0,0,0,0,0,0,0,0,0,0,0,0,0,0,0,0,0,0,0,0,0,0,0,0,0,0,0,0,0,0,0,0,0,174.2439,0,0,0,0,0,0,0,0,0,0,1.997183,0,0,0,0,0,0,0,0,0,0,0,0,0,0,0,0,0,0,0,0,0,0,0,0,0,0,0,0,0,0,0,0,0,0,0,0,0,0,0,0,0,0,0,0,0,0,0,0,0,0,0,0,0,0,0,0,0,0,0,0,0,0,0,0,0,0,0,0,0,0,0,0,0,0,0,0,0,0,0,0,0,0,0,0,0,0,0,0,0,0,0,0,0,0,0,0,0,0,0,0,0,0,0,0,0,0,0,0,0,0,0,0,0,0,0,0,0,0,0,0,0
2029,1,6,12,89.92964,2.966509,225.8955,100.5525,5.924128,72.89563,42.92672,3.487777,2.266556,7.686178,7.465967,2.920349,0,134.126,191.8125,0,3.084768,3.155884,129.5952,0,70.19376,0.3742743,2.408665,133.3339,268.0809,0,1.60386,108.165,0.7450734,4.404778,3.135928,0,0,0,0,8.942012,2.710576,0,66.75094,286.48,53.71501,0,144.341,76.48506,24.87346,52.00447,0,0,0,0,0,0,0,0,128.7091,128.7091,0,128.7091,128.7091,0,0,0,0,0,0,46.19566,69.30102,131.2656,131.2656,0,0,0,0,0,0,0,0,0,0,0,0,0,0,0,0,0,0,0,0,0,0,0,0,0,0,0,0,0,0,0,42.12937,0,0,0,0,0,0,0,0,0,0,0,0,0,0,0,0,0,0,0,0,0,0,0,0,0,0,0,0,0,0,0,0,276.1364,276.1364,181.1106,220.0115,178.3037,20.23015,77.00331,0,0,0,0,121.6162,644.1432,849.213,0,0,0,0,0,0,0,0,0,0,0,0,0,0,0,0,0,0,0,0,0,0,0,0,0,0,77.395,0,0,0,0,0,0,0,374.1562,374.7265,373.87,6.8176,12.5566,2.581,0,0,0,0,0,0,0,0,0,0,0,0,0,0,0,0,0,0,0,0,0,0,0,0,0,0,0,0,0,0,0,0,0,0,0,0,0,0,0,0,0,0,0,0,0,0,0,114.0389,0,0,0,0,0,0,0,0,0,0,1.307114,0,0,0,0,0,0,0,0,0,0,0,0,0,0,0,0,0,0,0,0,0,0,0,0,0,0,0,0,0,0,0,0,0,0,0,0,0,0,0,0,0,0,0,0,0,0,0,0,0,0,0,0,0,0,0,0,0,0,0,0,0,0,0,0,0,0,0,0,0,0,0,0,0,0,0,0,0,0,0,0,0,0,0,0,0,0,0,0,0,0,0,0,0,0,0,0,0,0,0,0,0,0,0,0,0,0,0,0,0,0,0,0,0,0,0,0,0,0,0,0,0
2029,1,6,13,98.65129,4.199336,217.6688,170.19,5.758186,53.85125,38.36412,4.937233,3.208495,10.88041,10.56869,4.133993,0,137.31,197.1475,0,4.366741,4.467411,124.908,0,66.19604,0.4843549,3.409663,100.4397,201.944,0,2.075583,103.155,1.054712,4.281394,3.048087,0,0,0,0,12.81738,3.837042,0,53.41614,279.1347,52.33776,0,96.6664,10.40988,26.74103,49.94326,0,0,0,0,0,0,0,0,128.7091,128.7091,0,128.7091,128.7091,0,0,0,0,0,0,46.19566,69.30102,131.2656,131.2656,0,0,0,0,0,0,0,0,0,0,0,0,0,0,0,0,0,0,0,0,0,0,0,0,0,0,0,0,0,0,0,42.12937,0,0,0,0,0,0,0,0,0,0,0,0,0,0,0,0,0,0,0,0,0,0,0,0,0,0,0,0,0,0,0,0,276.1364,276.1364,181.1231,230.4428,183.9725,11.37363,59.99709,0,32.69394,0,0,131.3435,689.176,913.3632,0,0,0,0,0,0,0,0,0,0,0,0,0,0,0,0,0,0,0,0,0,0,0,0,0,0,77.34833,0,0,0,0,0,0,0,374.1562,374.7265,373.87,6.8176,12.5566,2.581,0,0,0,0,0,0,0,0,0,0,0,0,0,0,0,0,0,0,0,0,0,0,0,0,0,0,0,0,0,0,0,0,0,0,0,0,0,0,0,0,0,0,0,0,0,0,0,163.4621,0,0,0,0,0,0,0,0,0,0,1.873602,0,0,0,0,0,0,0,0,0,0,0,0,0,0,0,0,0,0,0,0,0,0,0,0,0,0,0,0,0,0,0,0,0,0,0,0,0,0,0,0,0,0,0,0,0,0,0,0,0,0,0,0,0,0,0,0,0,0,0,0,0,0,0,0,0,0,0,0,0,0,0,0,0,0,0,0,0,0,0,0,0,0,0,0,0,0,0,0,0,0,0,0,0,0,0,0,0,0,0,0,0,0,0,0,0,0,0,0,0,0,0,0,0,0,0,0,0,0,0,0,0
2029,1,6,14,101.8287,5.213621,219.7616,175.365,0.721359,68.88387,32.13628,6.129745,3.983458,13.50841,13.12139,5.132495,0,146.1655,210.2375,0,5.42146,5.546445,127.7136,0,42.39386,0.5504033,4.233214,98.56773,198.1801,0,2.358617,106.095,1.309462,0.5363537,0.3818506,0,0,0,0,15.78438,4.763821,0,45.2794,292.0846,54.76587,0,143.255,53.27956,25.86684,50.7213,0,0,0,0,0,0,0,0,128.7091,128.7091,0,128.7091,128.7091,0,0,0,0,0,0,46.19566,69.30102,131.2656,131.2656,0,0,0,0,0,0,0,0,0,0,0,0,0,0,0,0,0,0,0,0,0,0,0,0,0,0,0,0,0,0,0,42.12937,0,0,0,0,0,0,0,0,0,0,0,0,0,0,0,0,0,0,0,0,0,0,0,0,0,0,0,0,0,0,0,0,276.1364,276.1364,194.64,232.6802,185.7849,4.941005,32.21675,0,72.40775,0,0,121.9319,668.028,883.2663,0,0,0,0,0,0,0,0,0,0,0,0,0,0,0,0,0,0,0,0,0,0,0,0,0,0,77.47784,0,0,0,0,0,0,0,374.1562,374.7265,373.87,6.8176,12.5566,2.581,0,0,0,0,0,0,0,0,0,0,0,0,0,0,0,0,0,0,0,0,0,0,0,0,0,0,0,0,0,0,0,0,0,0,0,0,0,0,0,0,0,0,0,0,0,0,0,201.3007,0,0,0,0,0,0,0,0,0,0,2.307309,0,0,0,0,0,0,0,0,0,0,0,0,0,0,0,0,0,0,0,0,0,0,0,0,0,0,0,0,0,0,0,0,0,0,0,0,0,0,0,0,0,0,0,0,0,0,0,0,0,0,0,0,0,0,0,0,0,0,0,0,0,0,0,0,0,0,0,0,0,0,0,0,0,0,0,0,0,0,0,0,0,0,0,0,0,0,0,0,0,0,0,0,0,0,0,0,0,0,0,0,0,0,0,0,0,0,0,0,0,0,0,0,0,0,0,0,0,0,0,0,0
2029,1,6,15,108.9109,7.620439,230.0298,182.925,2.527198,59.5945,38.9992,8.959484,5.822383,19.74444,19.17875,7.501862,0,147.857,211.365,0,7.924225,8.106909,116.1216,0,51.93275,2.421775,6.187437,81.5285,163.9211,0,10.37792,110.895,1.913962,1.879052,1.337769,0,0,0,0,23.46358,6.962993,0,40.94595,310.2355,58.16916,0,161.1472,30.21169,22.40986,52.4524,0,0,0,0,0,0,0,0,128.7091,128.7091,0,128.7091,128.7091,0,0,0,0,0,0,46.19566,69.30102,131.2656,131.2656,0,0,0,0,0,0,0,0,0,0,0,0,0,0,0,0,0,0,0,0,0,0,0,0,0,0,0,0,0,0,0,42.12937,0,0,0,0,0,0,0,0,0,0,0,0,0,0,0,0,0,0,0,0,0,0,0,0,0,0,0,0,0,0,0,0,276.1364,276.1364,194.64,232.6539,186.3749,5.780044,33.27304,0,170.9314,0,0,121.4251,584.8044,764.7156,0,0,0,0,0,0,0,0,0,0,0,0,0,0,0,0,0,0,0,0,0,0,0,0,0,0,77.85793,0,0,0,0,0,0,0,374.1562,374.7265,373.87,6.8176,12.5566,2.581,0,0,0,0,0,0,0,0,0,0,0,0,0,0,0,0,0,0,0,0,0,0,0,0,0,0,0,0,0,0,0,0,0,0,0,0,0,0,0,0,0,0,0,0,0,0,0,299.2347,0,0,0,0,0,0,0,0,0,0,3.429828,0,0,0,0,0,0,0,0,0,0,0,0,0,0,0,0,0,0,0,0,0,0,0,0,0,0,0,0,0,0,0,0,0,0,0,0,0,0,0,0,0,0,0,0,0,0,0,0,0,0,0,0,0,0,0,0,0,0,0,0,0,0,0,0,0,0,0,0,0,0,0,0,0,0,0,0,0,0,0,0,0,0,0,0,0,0,0,0,0,0,0,0,0,0,0,0,0,0,0,0,0,0,0,0,0,0,0,0,0,0,0,0,0,0,0,0,0,0,0,0,0
2029,1,6,16,107.4071,6.162975,231.5634,171.765,8.647528,66.48947,48.62348,7.245917,4.70881,15.96817,15.51068,6.067077,182.3078,71.242,102.8225,0,6.408659,6.556404,129.6624,0,67.80879,2.487823,5.004045,127.6414,256.6356,0,10.66095,111.105,1.547903,6.429712,4.577557,0,0,0,0,19.06333,5.63127,0,65.43408,317.1156,59.45917,0,168.4393,58.05103,14.76053,53.11539,0,0,0,0,0,0,0,0,128.7091,128.7091,0,128.7091,128.7091,0,0,0,0,0,0,46.19566,69.30102,131.2656,131.2656,0,0,0,0,0,0,0,0,0,0,0,0,0,0,0,0,0,0,0,0,0,0,0,0,0,0,0,0,0,0,0,42.12937,0,0,0,0,0,0,0,0,0,0,0,0,0,0,0,0,0,0,0,0,0,0,0,0,0,0,0,0,0,0,0,0,276.1364,276.1364,184.4143,224.9159,181.8652,5.686817,80.2778,0,345.7409,0,0,122.1784,446.8448,568.5912,0,0,0,0,0,0,0,0,0,0,0,0,0,0,0,0,0,0,0,0,0,0,0,0,0,0,78.29038,0,0,0,0,0,0,0,374.1562,374.7265,373.87,6.8176,12.5566,2.581,0,0,0,0,0,0,0,0,0,0,0,0,0,0,0,0,0,0,0,0,0,0,0,0,0,0,0,0,0,0,0,0,0,0,0,0,0,0,0,0,0,0,0,0,0,0,0,243.1176,0,0,0,0,0,0,0,0,0,0,2.786614,0,0,0,0,0,0,0,0,0,0,0,0,0,0,0,0,0,0,0,0,0,0,0,0,0,0,0,0,0,0,0,0,0,0,0,0,0,0,0,0,0,0,0,0,0,0,0,0,0,0,0,0,0,0,0,0,0,0,0,0,0,0,0,0,0,0,0,0,0,0,0,0,0,0,0,0,0,0,0,0,0,0,0,0,0,0,0,0,0,0,0,0,0,0,0,0,0,0,0,0,0,0,0,0,0,0,0,0,0,0,0,0,0,0,0,0,0,0,0,0,0
2029,1,6,17,62.01314,0,177.9703,79.74,0,33.49774,30.84111,0,1.392398,4.721798,4.586517,1.794038,294.0449,1.393,1.9525,0,0,1.938733,57.5736,0,41.48304,0.5724195,1.479699,53.10432,106.7715,0,2.452962,81.72,0,0,0,0,0,0,0,5.627567,0,0,49.92448,143.5955,26.92415,0,110.5989,27.89095,7.449201,39.63919,0,0,0,0,0,0,0,0,128.7091,128.7091,0,128.7091,128.7091,0,0,0,0,0,0,46.19566,69.30102,131.2656,131.2656,0,0,0,0,0,0,0,0,0,0,0,0,0,0,0,53.4982,48.0012,52.5,48.0012,52.5,32.86969,32.86969,32.86969,32.86969,32.86969,32.86969,32.86969,32.86969,0,0,0,42.12937,0,0,0,0,0,0,0,0,0,0,0,0,0,0,0,0,0,0,0,0,0,0,0,0,0,0,0,0,0,0,0,0,276.1364,276.1364,125.7226,159.6523,122.7537,7.280264,60.73649,0,379.5148,0,0,113.1998,270.57,317.7837,0,0,0,0,0,0,0,0,0,0,0,0,0,0,0,0,0,0,0,0,0,0,0,0,0,0,78.11268,0,0,0,0,0,0,0,374.1562,374.7265,373.87,6.8176,12.5566,2.581,0,0,0,0,0,0,0,0,0,0,0,0,0,0,0,0,0,0,0,0,0,0,0,0,0,0,0,0,0,0,0,0,0,0,0,0,0,0,0,0,0,0,0,0,0,0,0,71.76924,0,0,0,0,0,0,0,0,0,0,0.822619,0,0,0,0,0,0,0,0,0,0,0,0,0,0,0,0,0,0,0,0,0,0,0,0,0,0,0,0,0,0,0,0,0,0,0,0,0,0,0,0,0,0,0,0,0,0,0,0,0,0,0,0,0,0,0,0,0,0,0,0,0,0,0,0,0,0,0,0,0,0,0,0,0,0,0,0,0,0,0,0,0,0,0,0,0,0,0,0,0,0,0,0,0,0,0,0,0,0,0,0,0,0,0,0,0,0,0,0,0,0,0,0,0,0,0,0,0,0,0,0,0
2029,1,6,18,0.148404,0,8.999238,4.8825,0,1.16548,1.477697,0,0.465681,1.579184,1.53394,0.600008,294.0449,0,0,0,0,0.6484,0,0,1.730564,0.02201613,0.494879,2.254068,4.532026,0,0.094345,1.59,0,0,0,0,0,0,0,1.866421,0,0,0,0,0,0,7.191285,0,0.09814066,4.669262,0,0,0,0,0,0,0,0,185.0753,185.0753,0,185.0753,128.7091,0,0,0,0,0,0,46.19566,69.30102,131.2656,131.2656,0,0,0,0,0,0,0,0,0,0,0,0,0,0,0,53.4982,48.0012,52.5,48.0012,52.5,32.86969,32.86969,32.86969,32.86969,32.86969,32.86969,32.86969,32.86969,0,0,0,42.12937,0,0,0,0,0,0,0,0,0,0,0,0,0,0,0,0,0,0,0,0,0,0,0,0,0,0,0,0,0,0,0,0,276.1364,276.1364,70.65399,83.382,58.83749,11.28041,68.76427,0,332.5357,0,0,122.4768,93.4244,65.7045,0,0,0,0,0,0,0,0,0,0,0,0,0,0,0,0,0,0,0,0,0,0,0,0,0,0,78.43719,0,0,0,0,0,0,0,374.1562,374.7265,373.87,6.8176,12.5566,2.581,0,0,0,0,0,0,0,0,0,0,0,0,0,0,0,0,0,0,0,0,0,0,0,0,0,0,0,0,0,0,0,0,0,0,0,0,0,0,0,0,0,0,0,0,0,0,0,23.80276,0,0,0,0,0,0,0,0,0,0,0.272827,0,0,0,0,0,0,0,0,0,0,0,0,0,0,0,0,0,0,0,0,0,0,0,0,0,0,0,0,0,0,0,0,0,0,0,0,0,0,0,0,0,0,0,0,0,0,0,0,0,0,0,0,0,0,0,0,0,0,0,0,0,0,0,0,0,0,0,0,0,0,0,0,0,0,0,0,0,0,0,0,0,0,0,0,0,0,0,0,0,0,0,0,0,0,0,0,0,0,0,0,0,0,0,0,0,0,0,0,0,0,0,0,0,0,0,0,0,0,0,0,0
2029,1,6,19,0,0,0,0,0,0,0,0,0,0,0,0,294.0449,0,0,0,0,0,0,0,0,0,0,0,0,0,0,0,0,0,0,0,0,0,0,0,0,0,0,0,0,0,0,0,0,0,0,0,0,0,0,0,0,0,185.0753,185.0753,0,185.0753,128.7091,0,0,0,0,0,0,46.19566,69.30102,131.2656,131.2656,0,0,0,0,0,0,0,0,0,0,0,0,0,0,0,53.4982,48.0012,52.5,48.0012,52.5,32.86969,32.86969,32.86969,32.86969,32.86969,32.86969,32.86969,32.86969,0,0,0,42.12937,0,0,0,0,0,0,0,0,0,0,0,0,0,0,0,0,0,0,0,0,0,0,0,0,0,0,0,0,0,0,0,0,276.1364,276.1364,95.71245,41.68132,29.41875,13.14494,42.99088,0,440.6318,0,0,101.5507,0,0,0,0,0,0,0,0,0,0,0,0,0,0,0,0,0,0,0,0,0,0,0,0,0,0,0,0,77.23441,0,0,0,0,0,0,0,374.1562,374.7265,373.87,6.8176,12.5566,2.581,0,0,0,0,0,0,0,0,0,0,0,0,0,0,0,0,0,0,0,0,0,0,0,0,0,0,0,0,0,0,0,0,0,0,0,0,0,0,0,0,0,0,0,0,0,0,0,0,0,0,0,0,0,0,0,0,0,0,0,0,0,0,0,0,0,0,0,0,0,0,0,0,0,0,0,0,0,0,0,0,0,0,0,0,0,0,0,0,0,0,0,0,0,0,0,0,0,0,0,0,0,0,0,0,0,0,0,0,0,0,0,0,0,0,0,0,0,0,0,0,0,0,0,0,0,0,0,0,0,0,0,0,0,0,0,0,0,0,0,0,0,0,0,0,0,0,0,0,0,0,0,0,0,0,0,0,0,0,0,0,0,0,0,0,0,0,0,0,0,0,0,0,0,0,0,0,0,0,0,0
2029,1,6,20,0,0,0,0,0,0,0,0,0,0,0,0,294.0449,0,0,0,0,0,0,0,0,0,0,0,0,0,0,0,0,0,0,0,0,0,0,0,0,0,0,0,0,0,0,0,0,0,0,0,0,0,0,0,0,0,185.0753,185.0753,0,185.0753,128.7091,0,0,0,0,0,0,46.19566,69.30102,131.2656,131.2656,0,0,0,0,0,0,0,0,0,0,0,0,0,0,0,53.4982,48.0012,52.5,48.0012,52.5,32.86969,32.86969,32.86969,32.86969,32.86969,32.86969,32.86969,32.86969,0,0,0,42.12937,0,0,0,0,0,0,0,0,0,0,0,0,0,0,0,0,0,0,0,0,0,0,0,0,0,0,0,0,0,0,0,0,276.1364,276.1364,158.8525,42.71321,30.61994,19.01821,30.31543,0,439.9937,0,0,120.3993,0,0,0,0,0,0,0,0,0,0,0,0,0,0,0,0,0,0,0,0,0,0,0,0,0,0,0,0,76.41995,0,0,0,0,0,0,0,374.1562,374.7265,373.87,6.8176,12.5566,2.581,0,0,0,0,0,0,0,0,0,0,0,0,0,0,0,0,0,0,0,0,0,0,0,0,0,0,0,0,0,0,0,0,0,0,0,0,0,0,0,0,0,0,0,0,0,0,0,0,0,0,0,0,0,0,0,0,0,0,0,0,0,0,0,0,0,0,0,0,0,0,0,0,0,0,0,0,0,0,0,0,0,0,0,0,0,0,0,0,0,0,0,0,0,0,0,0,0,0,0,0,0,0,0,0,0,0,0,0,0,0,0,0,0,0,0,0,0,0,0,0,0,0,0,0,0,0,0,0,0,0,0,0,0,0,0,0,0,0,0,0,0,0,0,0,0,0,0,0,0,0,0,0,0,0,0,0,0,0,0,0,0,0,0,0,0,0,0,0,0,0,0,0,0,0,0,0,0,0,0,0
2029,1,6,21,0,0,0,0,0,0,0,0,0,0,0,0,138.2011,0,0,0,0,0,0,0,0,0,0,0,0,0,0,0,0,0,0,0,0,0,0,0,0,0,0,0,0,0,0,0,0,0,0,0,0,0,0,0,0,0,185.0753,185.0753,0,185.0753,128.7091,0,0,0,0,0,0,46.19566,69.30102,131.2656,131.2656,0,0,0,0,0,0,0,0,0,0,0,0,0,0,0,53.4982,48.0012,52.5,48.0012,52.5,0,0,0,0,0,0,32.86969,32.86969,0,0,0,42.12937,0,0,0,0,0,0,0,0,0,0,0,0,0,0,0,0,0,0,0,0,0,0,0,0,0,0,0,0,0,0,0,0,276.1364,276.1364,150.1827,24.61928,17.70182,15.28915,25.13963,0,439.061,0,0,122.6406,0,0,0,0,0,0,0,0,0,0,0,0,0,0,0,0,0,0,0,0,0,0,0,0,0,0,0,0,76.94334,0,0,0,0,0,0,0,374.1562,374.7265,373.87,6.8176,12.5566,2.581,0,0,0,0,0,0,0,0,0,0,0,0,0,0,0,0,0,0,0,0,0,0,0,0,0,0,0,0,0,0,0,0,0,0,0,0,0,0,0,0,0,0,0,0,0,0,0,0,0,0,0,0,0,0,0,0,0,0,0,0,0,0,0,0,0,0,0,0,0,0,0,0,0,0,0,0,0,0,0,0,0,0,0,0,0,0,0,0,0,0,0,0,0,0,0,0,0,0,0,0,0,0,0,0,0,0,0,0,0,0,0,0,0,0,0,0,0,0,0,0,0,0,0,0,0,0,0,0,0,0,0,0,0,0,0,0,0,0,0,0,0,0,0,0,0,0,0,0,0,0,0,0,0,0,0,0,0,0,0,0,0,0,0,0,0,0,0,0,0,0,0,0,0,0,0,0,0,0,0,0
2029,1,6,22,0,0,0,0,0,0,0,0,0,0,0,0,0,0,0,0,0,0,0,0,0,0,0,0,0,0,0,0,0,0,0,0,0,0,0,0,0,0,0,0,0,0,0,0,0,0,0,0,0,0,0,0,0,0,185.0753,185.0753,0,185.0753,128.7091,0,0,0,0,0,0,46.19566,69.30102,131.2656,131.2656,0,0,0,0,0,0,0,0,0,0,0,0,0,0,0,53.4982,48.0012,52.5,48.0012,52.5,32.86969,32.86969,32.86969,32.86969,32.86969,32.86969,32.86969,32.86969,0,0,0,42.12937,0,0,0,0,0,0,0,0,0,0,0,0,0,0,0,0,0,0,0,0,0,0,0,0,0,0,0,0,0,0,0,0,276.1364,276.1364,194.64,164.4503,130.9724,10.34814,7.499637,0,438.3246,0,0,89.73485,0,0,0,0,0,0,0,0,0,0,0,0,0,0,0,0,0,0,0,0,0,0,0,0,0,0,0,0,76.46445,0,0,0,0,0,0,0,374.1562,374.7265,373.87,6.8176,12.5566,2.581,0,0,0,0,0,0,0,0,0,0,0,0,0,0,0,0,0,0,0,0,0,0,0,0,0,0,0,0,0,0,0,0,0,0,0,0,0,0,0,0,0,0,0,0,0,0,0,0,0,0,0,0,0,0,0,0,0,0,0,0,0,0,0,0,0,0,0,0,0,0,0,0,0,0,0,0,0,0,0,0,0,0,0,0,0,0,0,0,0,0,0,0,0,0,0,0,0,0,0,0,0,0,0,0,0,0,0,0,0,0,0,0,0,0,0,0,0,0,0,0,0,0,0,0,0,0,0,0,0,0,0,0,0,0,0,0,0,0,0,0,0,0,0,0,0,0,0,0,0,0,0,0,0,0,0,0,0,0,0,0,0,0,0,0,0,0,0,0,0,0,0,0,0,0,0,0,0,0,0,0
2029,1,6,23,0,0,0,0,0,0,0,0,0,0,0,0,0,0,0,0,0,0,0,0,0,0,0,0,0,0,0,0,0,0,0,0,0,0,0,0,0,0,0,0,0,0,0,0,0,0,0,0,0,0,0,0,0,0,185.0753,185.0753,0,185.0753,128.7091,0,0,0,0,0,0,46.19566,69.30102,131.2656,131.2656,0,0,0,0,0,0,0,0,0,0,0,0,0,0,0,53.4982,48.0012,52.5,48.0012,52.5,32.86969,32.86969,32.86969,32.86969,32.86969,32.86969,32.86969,32.86969,0,0,0,42.12937,0,0,0,0,0,0,0,0,0,0,0,0,0,0,0,0,0,0,0,0,0,0,0,0,0,0,0,0,0,0,0,0,276.1364,276.1364,167.4117,49.18575,35.90942,6.805535,10.98538,0,435.1338,0,0,90.81425,0,0,0,0,0,0,0,0,0,0,0,0,0,0,0,0,0,0,0,0,0,0,0,0,0,0,0,0,75.44395,0,0,0,0,0,0,0,374.1562,374.7265,373.87,6.8176,12.5566,2.581,0,0,0,0,0,0,0,0,0,0,0,0,0,0,0,0,0,0,0,0,0,0,0,0,0,0,0,0,0,0,0,0,0,0,0,0,0,0,0,0,0,0,0,0,0,0,0,0,0,0,0,0,0,0,0,0,0,0,0,0,0,0,0,0,0,0,0,0,0,0,0,0,0,0,0,0,0,0,0,0,0,0,0,0,0,0,0,0,0,0,0,0,0,0,0,0,0,0,0,0,0,0,0,0,0,0,0,0,0,0,0,0,0,0,0,0,0,0,0,0,0,0,0,0,0,0,0,0,0,0,0,0,0,0,0,0,0,0,0,0,0,0,0,0,0,0,0,0,0,0,0,0,0,0,0,0,0,0,0,0,0,0,0,0,0,0,0,0,0,0,0,0,0,0,0,0,0,0,0,0
2029,1,6,24,0,0,0,0,0,0,0,0,0,0,0,0,0,0,0,0,0,0,0,0,0,0,0,0,0,0,0,0,0,0,0,0,0,0,0,0,0,0,0,0,0,0,0,0,0,0,0,0,0,0,0,0,0,0,185.0753,185.0753,0,185.0753,128.7091,0,0,0,0,0,0,46.19566,69.30102,131.2656,131.2656,0,0,0,0,0,0,0,0,0,0,0,0,0,0,0,53.4982,48.0012,52.5,48.0012,52.5,32.86969,32.86969,32.86969,32.86969,32.86969,32.86969,32.86969,32.86969,0,0,0,42.12937,0,0,0,0,0,0,0,0,0,0,0,0,0,0,0,0,0,0,0,0,0,0,0,0,0,0,0,0,0,0,0,0,276.1364,276.1364,83.33752,213.1021,176.0489,5.220685,29.15352,0,434.0538,0,0,91.72894,0,0,0,0,0,0,0,0,0,0,0,0,0,0,0,0,0,0,0,0,0,0,0,0,0,0,0,0,73.73368,0,0,0,0,0,0,0,374.1562,374.7265,373.87,6.8176,12.5566,2.581,0,0,0,0,0,0,0,0,0,0,0,0,0,0,0,0,0,0,0,0,0,0,0,0,0,0,0,0,0,0,0,0,0,0,0,0,0,0,0,0,0,0,0,0,0,0,0,0,0,0,0,0,0,0,0,0,0,0,0,0,0,0,0,0,0,0,0,0,0,0,0,0,0,0,0,0,0,0,0,0,0,0,0,0,0,0,0,0,0,0,0,0,0,0,0,0,0,0,0,0,0,0,0,0,0,0,0,0,0,0,0,0,0,0,0,0,0,0,0,0,0,0,0,0,0,0,0,0,0,0,0,0,0,0,0,0,0,0,0,0,0,0,0,0,0,0,0,0,0,0,0,0,0,0,0,0,0,0,0,0,0,0,0,0,0,0,0,0,0,0,0,0,0,0,0,0,0,0,0,0
2029,1,7,1,0,0,0,0,0,0,0,0,0,0,0,0,0,0,0,0,0,0,0,0,0,0,0,0,0,0,0,0,0,0,0,0,0,0,0,0,0,0,0,0,0,0,0,0,0,0,0,0,0,0,0,0,0,0,185.0753,185.0753,0,185.0753,128.7091,0,0,0,0,0,0,46.19566,69.30102,131.2656,131.2656,0,0,0,0,0,0,0,0,0,0,0,0,0,0,0,53.4982,48.0012,52.5,48.0012,52.5,0,0,0,0,0,0,0,0,0,0,0,42.12937,0,0,0,0,0,0,0,0,0,0,0,0,0,0,0,0,0,0,0,0,0,0,0,0,0,0,0,0,0,0,0,0,276.1364,276.1364,104.1724,119.0139,89.1624,6.991988,36.87992,0,391.0509,0,0,65.77078,0,0,0,0,0,0,0,0,0,0,0,0,0,0,0,0,0,0,0,0,0,0,0,0,0,0,0,0,73.17821,0,0,0,0,0,0,0,374.1562,374.7265,373.87,6.8176,12.5566,2.581,0,0,0,0,0,0,0,0,0,0,0,0,0,0,0,0,0,0,0,0,0,0,0,0,0,0,0,0,0,0,0,0,0,0,0,0,0,0,0,0,0,0,0,0,0,0,0,0,0,0,0,0,0,0,0,0,0,0,0,0,0,0,0,0,0,0,0,0,0,0,0,0,0,0,0,0,0,0,0,0,0,0,0,0,0,0,0,0,0,0,0,0,0,0,0,0,0,0,0,0,0,0,0,0,0,0,0,0,0,0,0,0,0,0,0,0,0,0,0,0,0,0,0,0,0,0,0,0,0,0,0,0,0,0,0,0,0,0,0,0,0,0,0,0,0,0,0,0,0,0,0,0,0,0,0,0,0,0,0,0,0,0,0,0,0,0,0,0,0,0,0,0,0,0,0,0,0,0,0,0
2029,1,7,2,0,0,0,0,0,0,0,0,0,0,0,0,0,0,0,0,0,0,0,0,0,0,0,0,0,0,0,0,0,0,0,0,0,0,0,0,0,0,0,0,0,0,0,0,0,0,0,0,0,0,0,0,0,0,185.0753,159.9949,0,185.0753,128.7091,0,0,0,0,0,0,46.19566,69.30102,131.2656,131.2656,0,0,0,0,0,0,0,0,0,0,0,0,0,0,0,53.4982,48.0012,52.5,48.0012,52.5,0,0,0,0,0,0,0,0,0,0,0,42.12937,0,0,0,0,0,0,0,0,0,0,0,0,0,0,0,0,0,0,0,0,0,0,0,0,0,0,0,0,0,0,0,0,276.1364,276.1364,153.1536,96.26117,70.87051,17.06045,38.72216,0,212.6579,0,0,69.70206,0,0,0,0,0,0,0,0,0,0,0,0,0,0,0,0,0,0,0,0,0,0,0,0,0,0,0,0,73.06893,0,0,0,0,0,0,0,374.1562,374.7265,373.87,6.8176,12.5566,2.581,0,0,0,0,0,0,0,0,0,0,0,0,0,0,0,0,0,0,0,0,0,0,0,0,0,0,0,0,0,0,0,0,0,0,0,0,0,0,0,0,0,0,0,0,0,0,0,0,0,0,0,0,0,0,0,0,0,0,0,0,0,0,0,0,0,0,0,0,0,0,0,0,0,0,0,0,0,0,0,0,0,0,0,0,0,0,0,0,0,0,0,0,0,0,0,0,0,0,0,0,0,0,0,0,0,0,0,0,0,0,0,0,0,0,0,0,0,0,0,0,0,0,0,0,0,0,0,0,0,0,0,0,0,0,0,0,0,0,0,0,0,0,0,0,0,0,0,0,0,0,0,0,0,0,0,0,0,0,0,0,0,0,0,0,0,0,0,0,0,0,0,0,0,0,0,0,0,0,0,0
2029,1,7,3,0,0,0,0,0,0,0,0,0,0,0,0,0,0,0,0,0,0,0,0,0,0,0,0,0,0,0,0,0,0,0,0,0,0,0,0,0,0,0,0,0,0,0,0,0,0,0,0,0,0,0,0,0,0,185.0753,185.0753,0,185.0753,128.7091,0,0,0,0,0,0,46.19566,69.30102,131.2656,131.2656,0,0,0,0,0,0,0,0,0,0,0,0,0,0,0,53.4982,48.0012,52.5,48.0012,52.5,32.86969,32.86969,32.86969,32.86969,32.86969,32.86969,32.86969,32.86969,0,0,0,42.12937,0,0,0,0,0,0,0,0,0,0,0,0,0,0,0,0,0,0,0,0,0,0,0,0,0,0,0,0,0,0,0,0,276.1364,276.1364,162.9593,55.87515,41.49392,26.47633,28.35859,0,0,0,0,68.78493,0,0,0,0,0,0,0,0,0,0,0,0,0,0,0,0,0,0,0,0,0,0,0,0,0,0,0,0,72.88429,0,0,0,0,0,0,0,374.1562,374.7265,373.87,6.8176,12.5566,2.581,0,0,0,0,0,0,0,0,0,0,0,0,0,0,0,0,0,0,0,0,0,0,0,0,0,0,0,0,0,0,0,0,0,0,0,0,0,0,0,0,0,0,0,0,0,0,0,0,0,0,0,0,0,0,0,0,0,0,0,0,0,0,0,0,0,0,0,0,0,0,0,0,0,0,0,0,0,0,0,0,0,0,0,0,0,0,0,0,0,0,0,0,0,0,0,0,0,0,0,0,0,0,0,0,0,0,0,0,0,0,0,0,0,0,0,0,0,0,0,0,0,0,0,0,0,0,0,0,0,0,0,0,0,0,0,0,0,0,0,0,0,0,0,0,0,0,0,0,0,0,0,0,0,0,0,0,0,0,0,0,0,0,0,0,0,0,0,0,0,0,0,0,0,0,0,0,0,0,0,0
2029,1,7,4,0,0,0,0,0,0,0,0,0,0,0,0,0,0,0,0,0,0,0,0,0,0,0,0,0,0,0,0,0,0,0,0,0,0,0,0,0,0,0,0,0,0,0,0,0,0,0,0,0,0,0,0,0,0,185.0753,185.0753,0,185.0753,128.7091,0,0,0,0,0,0,46.19566,69.30102,131.2656,131.2656,0,0,0,0,0,0,0,0,0,0,0,0,0,0,0,53.4982,48.0012,52.5,48.0012,52.5,32.86969,32.86969,32.86969,32.86969,32.86969,32.86969,32.86969,32.86969,0,0,0,42.12937,0,0,0,0,0,0,0,0,0,0,0,0,0,0,0,0,0,0,0,0,0,0,0,0,0,0,0,0,0,0,0,0,276.1364,276.1364,149.8006,212.2482,178.093,40.92644,24.28613,0,17.81967,0,0,72.53651,0,0,0,0,0,0,0,0,0,0,0,0,0,0,0,0,0,0,0,0,0,0,0,0,0,0,0,0,73.32597,0,0,0,0,0,0,0,374.1562,374.7265,373.87,6.8176,12.5566,2.581,0,0,0,0,0,0,0,0,0,0,0,0,0,0,0,0,0,0,0,0,0,0,0,0,0,0,0,0,0,0,0,0,0,0,0,0,0,0,0,0,0,0,0,0,0,0,0,0,0,0,0,0,0,0,0,0,0,0,0,0,0,0,0,0,0,0,0,0,0,0,0,0,0,0,0,0,0,0,0,0,0,0,0,0,0,0,0,0,0,0,0,0,0,0,0,0,0,0,0,0,0,0,0,0,0,0,0,0,0,0,0,0,0,0,0,0,0,0,0,0,0,0,0,0,0,0,0,0,0,0,0,0,0,0,0,0,0,0,0,0,0,0,0,0,0,0,0,0,0,0,0,0,0,0,0,0,0,0,0,0,0,0,0,0,0,0,0,0,0,0,0,0,0,0,0,0,0,0,0,0
2029,1,7,5,0,0,0,0,0,0,0,0,0,0,0,0,0,0,0,0,0,0,0,0,0,0,0,0,0,0,0,0,0,0,0,0,0,0,0,0,0,0,0,0,0,0,0,0,0,0,0,0,0,0,0,0,0,0,185.0753,185.0753,0,185.0753,128.7091,0,0,0,0,0,0,46.19566,69.30102,131.2656,131.2656,0,0,0,0,0,0,0,0,0,0,0,0,0,0,0,53.4982,48.0012,52.5,48.0012,52.5,32.86969,32.86969,32.86969,32.86969,32.86969,32.86969,32.86969,0,0,0,0,42.12937,0,0,0,0,0,0,0,0,0,0,0,0,0,0,0,0,0,0,0,0,0,0,0,0,0,0,0,0,0,0,0,0,276.1364,276.1364,110.6883,231.0237,191.9384,51.83394,21.37092,0,0,0,0,76.8542,0,0,0,0,0,0,0,0,0,0,0,0,0,0,0,0,0,0,0,0,0,0,0,0,0,0,0,0,74.41016,0,0,0,0,0,0,0,374.1562,374.7265,373.87,6.8176,12.5566,2.581,0,0,0,0,0,0,0,0,0,0,0,0,0,0,0,0,0,0,0,0,0,0,0,0,0,0,0,0,0,0,0,0,0,0,0,0,0,0,0,0,0,0,0,0,0,0,0,0,0,0,0,0,0,0,0,0,0,0,0,0,0,0,0,0,0,0,0,0,0,0,0,0,0,0,0,0,0,0,0,0,0,0,0,0,0,0,0,0,0,0,0,0,0,0,0,0,0,0,0,0,0,0,0,0,0,0,0,0,0,0,0,0,0,0,0,0,0,0,0,0,0,0,0,0,0,0,0,0,0,0,0,0,0,0,0,0,0,0,0,0,0,0,0,0,0,0,0,0,0,0,0,0,0,0,0,0,0,0,0,0,0,0,0,0,0,0,0,0,0,0,0,0,0,0,0,0,0,0,0,0
2029,1,7,6,0,0,0,0,0,0,0,0,0,0,0,0,0,0,0,0,0,0,0,0,0,0,0,0,0,0,0,0,0,0,0,0,0,0,0,0,0,0,0,0,0,0,0,0,0,0,0,0,0,0,0,0,0,0,185.0753,185.0753,0,185.0753,128.7091,0,0,0,0,0,0,46.19566,69.30102,131.2656,131.2656,0,0,0,0,0,0,0,0,0,0,0,0,0,0,0,53.4982,48.0012,52.5,48.0012,52.5,32.86969,32.86969,32.86969,32.86969,32.86969,0,32.86969,32.86969,0,0,0,42.12937,0,0,0,0,0,0,0,0,0,0,0,0,0,0,0,0,0,0,0,0,0,0,0,0,0,0,0,0,0,0,0,0,276.1364,276.1364,178.5551,230.8331,192.2334,51.46103,34.05219,0,0,0,0,93.70811,0,0,0,0,0,0,0,0,0,0,0,0,0,0,0,0,0,0,0,0,0,0,0,0,0,0,0,0,75.65839,0,0,0,0,0,0,0,374.1562,374.7265,373.87,6.8176,12.5566,2.581,0,0,0,0,0,0,0,0,0,0,0,0,0,0,0,0,0,0,0,0,0,0,0,0,0,0,0,0,0,0,0,0,0,0,0,0,0,0,0,0,0,0,0,0,0,0,0,0,0,0,0,0,0,0,0,0,0,0,0,0,0,0,0,0,0,0,0,0,0,0,0,0,0,0,0,0,0,0,0,0,0,0,0,0,0,0,0,0,0,0,0,0,0,0,0,0,0,0,0,0,0,0,0,0,0,0,0,0,0,0,0,0,0,0,0,0,0,0,0,0,0,0,0,0,0,0,0,0,0,0,0,0,0,0,0,0,0,0,0,0,0,0,0,0,0,0,0,0,0,0,0,0,0,0,0,0,0,0,0,0,0,0,0,0,0,0,0,0,0,0,0,0,0,0,0,0,0,0,0,0
2029,1,7,7,0,0,0,0,0,0,0,0,0,0,0,0,0,2.6865,3.795,0,0,0,0,0,0,0,0,0,0,0,0,0,0,0,0,0,0,0,0,0,0,0,0,0,0,0,0,0,0,0,0,0,0,0,0,0,0,0,185.0753,185.0753,0,185.0753,128.7091,0,0,0,0,0,0,46.19566,69.30102,131.2656,131.2656,0,0,0,0,0,0,0,0,0,0,0,0,0,0,0,53.4982,48.0012,52.5,48.0012,52.5,32.86969,32.86969,32.86969,32.86969,32.86969,32.86969,32.86969,32.86969,0,0,0,42.12937,0,0,0,0,0,0,0,0,0,0,0,0,0,0,0,0,0,0,0,0,0,0,0,0,0,0,0,0,0,0,0,0,276.1364,276.1364,194.64,128.828,97.12822,48.1981,29.92068,0,16.29788,0,0,125.6922,0,0,0,0,0,0,0,0,0,0,0,0,0,0,0,0,0,0,0,0,0,0,0,0,0,0,0,0,76.60257,0,0,0,0,0,0,0,374.1562,374.7265,373.87,6.8176,12.5566,2.581,0,0,0,0,0,0,0,0,0,0,0,0,0,0,0,0,0,0,0,0,0,0,0,0,0,0,0,0,0,0,0,0,0,0,0,0,0,0,0,0,0,0,0,0,0,0,0,0,0,0,0,0,0,0,0,0,0,0,0,0,0,0,0,0,0,0,0,0,0,0,0,0,0,0,0,0,0,0,0,0,0,0,0,0,0,0,0,0,0,0,0,0,0,0,0,0,0,0,0,0,0,0,0,0,0,0,0,0,0,0,0,0,0,0,0,0,0,0,0,0,0,0,0,0,0,0,0,0,0,0,0,0,0,0,0,0,0,0,0,0,0,0,0,0,0,0,0,0,0,0,0,0,0,0,0,0,0,0,0,0,0,0,0,0,0,0,0,0,0,0,0,0,0,0,0,0,0,0,0,0
2029,1,7,8,0,0,0,0,0,0,0,0,0.123011,0.417146,0.405194,0.1584938,0,88.356,128.315,0,0,0.171277,0,0,0,0.04379553,0.130724,0,0,0,0.187675,0,0,0,0,0,0,0,0,0.476434,0,0,0,0,0,0,0,0,0,0,0,0,0,0,0,0,0,0,185.0753,185.0753,0,185.0753,128.7091,0,0,0,0,0,0,46.19566,69.30102,131.2656,131.2656,0,0,0,0,0,0,0,0,0,0,0,0,0,0,0,53.4982,48.0012,52.5,48.0012,52.5,0,0,0,0,0,0,0,0,0,0,0,42.12937,0,0,0,0,0,0,0,0,0,0,0,0,0,0,0,0,0,0,0,0,0,0,0,0,0,0,0,0,0,0,0,0,276.1364,276.1364,194.64,45.9665,33.21199,47.73197,32.10805,0,81.09668,0,0,125.1467,0,0,0,0,0,0,0,0,0,0,0,0,0,0,0,0,0,0,0,0,0,0,0,0,0,0,0,0,75.86827,0,0,0,0,0,0,0,374.1562,374.7265,373.87,6.8176,12.5566,2.581,0,0,0,0,0,0,0,0,0,0,0,0,0,0,0,0,0,0,0,0,0,0,0,0,0,0,0,0,0,0,0,0,0,0,0,0,0,0,0,0,0,0,0,0,0,0,0,6.076033,0,0,0,0,0,0,0,0,0,0,0.069643,0,0,0,0,0,0,0,0,0,0,0,0,0,0,0,0,0,0,0,0,0,0,0,0,0,0,0,0,0,0,0,0,0,0,0,0,0,0,0,0,0,0,0,0,0,0,0,0,0,0,0,0,0,0,0,0,0,0,0,0,0,0,0,0,0,0,0,0,0,0,0,0,0,0,0,0,0,0,0,0,0,0,0,0,0,0,0,0,0,0,0,0,0,0,0,0,0,0,0,0,0,0,0,0,0,0,0,0,0,0,0,0,0,0,0,0,0,0,0,0,0
2029,1,7,9,45.04576,2.888948,88.12594,61.785,0,55.72797,18.82151,3.396587,4.374698,14.83516,14.41012,5.63659,0,153.429,218.79,0,3.004115,6.091197,8.0136,0,2.540404,0.8540128,4.648985,7.258863,14.59466,0,3.659661,57.045,0.7255931,0,0,0,0,0,0,17.28234,2.639707,0,58.6712,113.9206,21.36012,0,69.11864,0,4.111423,13.03351,0,0,0,0,0,0,0,0,185.0753,185.0753,0,185.0753,128.7091,0,0,0,0,0,0,46.19566,69.30102,131.2656,131.2656,0,0,0,0,0,0,0,0,0,0,0,0,0,0,0,53.4982,48.0012,52.5,48.0012,52.5,0,32.86969,0,0,32.86969,32.86969,32.86969,32.86969,0,0,0,42.12937,0,0,0,0,0,0,0,0,0,0,0,0,0,0,0,0,0,0,0,0,0,0,0,0,0,0,0,0,0,0,0,0,276.1364,276.1364,194.64,55.73523,40.90386,36.63802,32.2438,0,26.41042,0,0,130.1873,189.2124,204.4611,0,0,0,0,0,0,0,0,0,0,0,0,0,0,0,0,0,0,0,0,0,0,0,0,0,0,75.99764,0,0,0,0,0,0,0,374.1562,374.7265,373.87,6.8176,12.5566,2.581,0,0,0,0,0,0,0,0,0,0,0,0,0,0,0,0,0,0,0,0,0,0,0,0,0,0,0,0,0,0,0,0,0,0,0,0,0,0,0,0,0,0,0,0,0,0,0,220.4044,0,0,0,0,0,0,0,0,0,0,2.526276,0,0,0,0,0,0,0,0,0,0,0,0,0,0,0,0,0,0,0,0,0,0,0,0,0,0,0,0,0,0,0,0,0,0,0,0,0,0,0,0,0,0,0,0,0,0,0,0,0,0,0,0,0,0,0,0,0,0,0,0,0,0,0,0,0,0,0,0,0,0,0,0,0,0,0,0,0,0,0,0,0,0,0,0,0,0,0,0,0,0,0,0,0,0,0,0,0,0,0,0,0,0,0,0,0,0,0,0,0,0,0,0,0,0,0,0,0,0,0,0,0
2029,1,7,10,103.626,11.75639,229.5764,172.1475,3.88794,140.4397,34.79564,13.8222,8.982453,30.46064,29.58793,11.57346,0,151.3395,216.7,0,12.22506,12.50689,39.4128,0,6.685639,1.992697,9.545638,17.53589,35.25763,0,8.53921,109.125,2.952756,2.890807,2.058075,0,0,0,0,35.62598,10.74212,0,114.3952,240.536,45.10049,0,123.9649,193.5095,11.46248,52.16489,0,0,0,0,0,0,0,0,128.7091,128.7091,0,128.7091,128.7091,0,0,0,0,0,0,46.19566,69.30102,131.2656,131.2656,0,0,0,0,0,0,0,0,0,0,0,0,0,0,0,0,0,0,0,0,32.86969,32.86969,32.86969,32.86969,32.86969,32.86969,32.86969,32.86969,0,0,0,42.12937,0,0,0,0,0,0,0,0,0,0,0,0,0,0,0,0,0,0,0,0,0,0,0,0,0,0,0,0,0,0,0,0,276.1364,276.1364,194.64,192.1996,158.1784,27.59505,21.37555,0,12.86158,0,0,132.3872,366.358,456.5403,0,0,0,0,0,0,0,0,0,0,0,0,0,0,0,0,0,0,0,0,0,0,0,0,0,0,75.94628,0,1000,0,0,0,0,0,374.1562,374.7265,373.87,6.8176,12.5566,2.581,0,0,0,0,0,0,0,0,0,0,0,0,0,0,0,0,0,0,0,0,0,0,0,0,0,0,0,0,0,0,0,0,0,0,0,0,0,0,0,0,0,0,0,0,0,0,0,454.3436,0,0,0,0,0,0,0,0,0,0,5.207687,0,0,0,0,0,0,0,0,0,0,0,0,0,0,0,0,0,0,0,0,0,0,0,0,0,0,0,0,0,0,0,0,0,0,0,0,0,0,0,0,0,0,0,0,0,0,0,0,0,0,0,0,0,0,0,0,0,0,0,0,0,0,0,0,0,0,0,0,0,0,0,0,0,0,0,0,0,0,0,0,0,0,0,0,0,0,0,0,0,0,0,0,0,0,0,0,0,0,0,0,0,0,0,0,0,0,0,0,0,0,0,0,0,0,0,0,0,0,0,0,0
2029,1,7,11,112.1887,11.03586,238.3669,178.8075,14.42447,148.1442,46.00914,12.97506,8.431933,28.59376,27.77453,10.86414,0,140.693,202.5925,0,11.47581,11.74037,104.3616,0,8.917155,2.868607,8.960602,20.93609,42.09407,0,12.29271,113.205,2.771786,10.72506,7.635574,0,0,0,0,33.71747,10.08376,0,114.5481,289.101,54.20643,0,154.5176,14.1959,19.46943,53.3283,0,0,0,0,0,0,0,0,128.7091,128.7091,0,128.7091,128.7091,0,0,0,0,0,0,46.19566,69.30102,131.2656,131.2656,0,0,0,0,0,0,0,0,0,0,0,0,0,0,0,0,0,0,0,0,32.86969,0,0,0,0,0,0,0,0,0,0,42.12937,0,0,0,0,0,0,0,0,0,0,0,0,0,0,0,0,0,0,0,0,0,0,0,0,0,0,0,0,0,0,0,0,276.1364,276.1364,168.8871,199.3238,166.8818,25.82374,17.32005,0,10.35799,0,0,124.5779,512.9012,664.9578,0,0,0,0,0,0,0,0,0,0,0,0,0,0,0,0,0,0,0,0,0,0,0,0,0,0,75.84007,0,0,0,0,0,0,0,374.1562,374.7265,373.87,6.8176,12.5566,2.581,0,0,0,0,0,0,0,0,0,0,0,0,0,0,0,0,0,0,0,0,0,0,0,0,0,0,0,0,0,0,0,0,0,0,0,0,0,0,0,0,0,0,0,0,0,0,0,430.0042,0,0,0,0,0,0,0,0,0,0,4.928708,0,0,0,0,0,0,0,0,0,0,0,0,0,0,0,0,0,0,0,0,0,0,0,0,0,0,0,0,0,0,0,0,0,0,0,0,0,0,0,0,0,0,0,0,0,0,0,0,0,0,0,0,0,0,0,0,0,0,0,0,0,0,0,0,0,0,0,0,0,0,0,0,0,0,0,0,0,0,0,0,0,0,0,0,0,0,0,0,0,0,0,0,0,0,0,0,0,0,0,0,0,0,0,0,0,0,0,0,0,0,0,0,0,0,0,0,0,0,0,0,0
2029,1,7,12,103.9908,10.78028,229.1434,160.5375,8.502858,146.187,44.62495,12.67457,8.236658,27.93155,27.1313,10.61254,0,133.131,191.125,0,11.21004,11.46847,127.9656,0,11.84466,3.459847,8.753084,94.13599,189.2697,0,14.82632,108.3,2.707595,6.322146,4.500976,0,0,0,0,32.95205,9.850226,0,111.0812,274.1428,51.40178,0,156.1047,39.40768,23.40325,51.48496,0,0,0,0,0,0,0,0,128.7091,128.7091,0,128.7091,128.7091,0,0,0,0,0,0,46.19566,69.30102,131.2656,131.2656,0,0,0,0,0,0,0,0,0,0,0,0,0,0,0,0,0,0,0,0,0,0,0,0,0,0,0,0,0,0,0,42.12937,0,0,0,0,0,0,0,0,0,0,0,0,0,0,0,0,0,0,0,0,0,0,0,0,0,0,0,0,0,0,0,0,276.1364,276.1364,194.493,93.38956,70.93374,20.23015,16.58058,0,0,0,0,121.6162,607.694,799.8993,0,0,0,0,0,0,0,0,0,0,0,0,0,0,0,0,0,0,0,0,0,0,0,0,0,0,76.08242,0,0,0,0,0,0,0,374.1562,374.7265,373.87,6.8176,12.5566,2.581,0,0,0,0,0,0,0,0,0,0,0,0,0,0,0,0,0,0,0,0,0,0,0,0,0,0,0,0,0,0,0,0,0,0,0,0,0,0,0,0,0,0,0,0,0,0,0,420.2427,0,0,0,0,0,0,0,0,0,0,4.816822,0,0,0,0,0,0,0,0,0,0,0,0,0,0,0,0,0,0,0,0,0,0,0,0,0,0,0,0,0,0,0,0,0,0,0,0,0,0,0,0,0,0,0,0,0,0,0,0,0,0,0,0,0,0,0,0,0,0,0,0,0,0,0,0,0,0,0,0,0,0,0,0,0,0,0,0,0,0,0,0,0,0,0,0,0,0,0,0,0,0,0,0,0,0,0,0,0,0,0,0,0,0,0,0,0,0,0,0,0,0,0,0,0,0,0,0,0,0,0,0,0
2029,1,7,13,98.03005,10.88806,218.7512,158.5125,9.031759,140.4686,38.61715,12.80128,8.319004,28.2108,27.40255,10.71864,0,136.912,196.24,0,11.32211,11.58313,115.0296,0,13.35049,3.678825,8.840592,71.55711,143.8726,0,15.7647,103.725,2.734664,6.715401,4.780949,0,0,0,0,33.18206,9.948704,0,100.7003,265.9154,49.85915,0,144.6451,88.98533,24.83372,47.13506,0,0,0,0,0,0,0,0,128.7091,128.7091,0,128.7091,128.7091,0,0,0,0,0,0,46.19566,69.30102,131.2656,131.2656,0,0,0,0,0,0,0,0,0,0,0,0,0,0,0,0,0,0,0,0,0,0,0,0,0,0,0,0,0,0,0,42.12937,0,0,0,0,0,0,0,0,0,0,0,0,0,0,0,0,0,0,0,0,0,0,0,0,0,0,0,0,0,0,0,0,276.1364,276.1364,97.51178,42.71757,32.62193,15.75528,15.10638,0,0,0,0,131.3435,642.1528,848.9304,0,0,0,0,0,0,0,0,0,0,0,0,0,0,0,0,0,0,0,0,0,0,0,0,0,0,75.96881,0,628.2616,0,0,0,0,0,374.1562,374.7265,373.87,6.8176,12.5566,2.581,0,0,0,0,0,0,0,0,0,0,0,0,0,0,0,0,0,0,0,0,0,0,0,0,0,0,0,0,0,0,0,0,0,0,0,0,0,0,0,0,0,0,0,0,0,0,0,423.176,0,0,0,0,0,0,0,0,0,0,4.850443,0,0,0,0,0,0,0,0,0,0,0,0,0,0,0,0,0,0,0,0,0,0,0,0,0,0,0,0,0,0,0,0,0,0,0,0,0,0,0,0,0,0,0,0,0,0,0,0,0,0,0,0,0,0,0,0,0,0,0,0,0,0,0,0,0,0,0,0,0,0,0,0,0,0,0,0,0,0,0,0,0,0,0,0,0,0,0,0,0,0,0,0,0,0,0,0,0,0,0,0,0,0,0,0,0,0,0,0,0,0,0,0,0,0,0,0,0,0,0,0,0
2029,1,7,14,102.5425,10.85072,221.5663,166.1625,12.1222,143.5984,41.81958,12.75738,8.290472,28.11404,27.30856,10.68188,0,150.3445,216.0675,0,11.28328,11.5434,90.0984,0,12.43471,3.678825,8.810271,63.26672,127.204,0,15.7647,105.81,2.725284,9.013242,6.416869,0,0,0,0,33.06227,9.914581,0,108.4399,270.9739,50.80761,0,143.7107,143.2618,23.64166,44.86961,0,0,0,0,0,0,0,0,128.7091,128.7091,0,128.7091,128.7091,0,0,0,0,0,0,46.19566,69.30102,131.2656,131.2656,0,0,0,0,0,0,0,0,0,0,0,0,0,0,0,0,0,0,0,0,0,0,0,0,0,0,0,0,0,0,0,42.12937,0,0,0,0,0,0,0,0,0,0,0,0,0,0,0,0,0,0,0,0,0,0,0,0,0,0,0,0,0,0,0,0,276.1364,276.1364,83.15166,49.30382,38.45932,18.55207,16.1623,0,11.7816,0,0,121.9319,613.4164,808.0947,0,0,0,0,0,0,0,0,0,0,0,0,0,0,0,0,0,0,0,0,0,0,0,0,0,0,76.06684,0,1000,0,0,0,0,0,374.1562,374.7265,373.87,6.8176,12.5566,2.581,0,0,0,0,0,0,0,0,0,0,0,0,0,0,0,0,0,0,0,0,0,0,0,0,0,0,0,0,0,0,0,0,0,0,0,0,0,0,0,0,0,0,0,0,0,0,0,421.6483,0,0,0,0,0,0,0,0,0,0,4.832933,0,0,0,0,0,0,0,0,0,0,0,0,0,0,0,0,0,0,0,0,0,0,0,0,0,0,0,0,0,0,0,0,0,0,0,0,0,0,0,0,0,0,0,0,0,0,0,0,0,0,0,0,0,0,0,0,0,0,0,0,0,0,0,0,0,0,0,0,0,0,0,0,0,0,0,0,0,0,0,0,0,0,0,0,0,0,0,0,0,0,0,0,0,0,0,0,0,0,0,0,0,0,0,0,0,0,0,0,0,0,0,0,0,0,0,0,0,0,0,0,0
2029,1,7,15,108.6651,11.30346,229.8093,173.295,12.39184,150.0039,31.54521,13.28968,8.63639,29.28709,28.44801,11.12758,0,134.0265,191.3175,0,11.75407,12.02505,23.688,0,11.51399,3.481745,9.177879,68.38613,137.4971,0,14.92016,108.45,2.838997,9.213724,6.5596,0,0,0,0,34.3958,10.32827,0,115.7557,291.2087,54.60163,0,134.6896,153.2932,19.86679,38.96044,0,0,0,0,0,0,0,0,128.7091,128.7091,0,128.7091,128.7091,0,0,0,0,0,0,46.19566,69.30102,131.2656,131.2656,0,0,0,0,0,0,0,0,0,0,0,0,0,0,0,0,0,0,0,0,0,0,0,0,0,0,0,0,0,0,0,42.12937,0,0,0,0,0,0,0,0,0,0,0,0,0,0,0,0,0,0,0,0,0,0,0,0,0,0,0,0,0,0,0,0,276.1364,276.1364,41.78223,101.9144,81.17551,18.2724,22.40302,0,0,0,0,121.4251,522.48,678.6639,0,0,0,0,0,0,0,0,0,0,0,0,0,0,0,0,0,0,0,0,0,0,0,0,0,0,76.55408,0,0,0,0,0,0,0,374.1562,374.7265,373.87,6.8176,12.5566,2.581,0,0,0,0,0,0,0,0,0,0,0,0,0,0,0,0,0,0,0,0,0,0,0,0,0,0,0,0,0,0,0,0,0,0,0,0,0,0,0,0,0,0,0,0,0,0,0,438.655,0,0,0,0,0,0,0,0,0,0,5.027864,0,0,0,0,0,0,0,0,0,0,0,0,0,0,0,0,0,0,0,0,0,0,0,0,0,0,0,0,0,0,0,0,0,0,0,0,0,0,0,0,0,0,0,0,0,0,0,0,0,0,0,0,0,0,0,0,0,0,0,0,0,0,0,0,0,0,0,0,0,0,0,0,0,0,0,0,0,0,0,0,0,0,0,0,0,0,0,0,0,0,0,0,0,0,0,0,0,0,0,0,0,0,0,0,0,0,0,0,0,0,0,0,0,0,0,0,0,0,0,0,0
2029,1,7,16,112.1204,10.1961,230.7298,185.805,5.194636,150.1456,35.80978,11.98773,7.790312,26.41794,25.66105,10.03745,67.63032,38.7055,55.6325,0,10.60256,10.84699,91.4424,0,22.63296,2.824812,8.278753,48.71079,97.93785,0,12.10503,106.935,2.56087,3.862377,2.749773,0,0,0,0,31.16235,9.316441,0,112.2137,293.4406,55.02011,0,70.23008,137.4944,11.97904,31.03618,0,0,0,0,0,0,0,0,128.7091,128.7091,0,128.7091,128.7091,0,0,0,0,0,0,46.19566,69.30102,131.2656,131.2656,0,0,0,0,0,0,0,0,0,0,0,0,0,0,0,0,0,0,0,0,0,0,0,0,0,0,0,0,0,0,0,42.12937,0,0,0,0,0,0,0,0,0,0,0,0,0,0,0,0,0,0,0,0,0,0,0,0,0,0,0,0,0,0,0,0,276.1364,276.1364,73.2249,44.56993,35.4458,24.9847,29.8848,0,0,0,0,122.1784,378.798,474.2028,0,0,0,0,0,0,0,0,0,0,0,0,0,0,0,0,0,0,0,0,0,0,0,0,0,0,77.12058,0,0,0,0,0,0,0,374.1562,374.7265,373.87,6.8176,12.5566,2.581,0,0,0,0,0,0,0,0,0,0,0,0,0,0,0,0,0,0,0,0,0,0,0,0,0,0,0,0,0,0,0,0,0,0,0,0,0,0,0,0,0,0,0,0,0,0,0,397.4183,0,0,0,0,0,0,0,0,0,0,4.555209,0,0,0,0,0,0,0,0,0,0,0,0,0,0,0,0,0,0,0,0,0,0,0,0,0,0,0,0,0,0,0,0,0,0,0,0,0,0,0,0,0,0,0,0,0,0,0,0,0,0,0,0,0,0,0,0,0,0,0,0,0,0,0,0,0,0,0,0,0,0,0,0,0,0,0,0,0,0,0,0,0,0,0,0,0,0,0,0,0,0,0,0,0,0,0,0,0,0,0,0,0,0,0,0,0,0,0,0,0,0,0,0,0,0,0,0,0,0,0,0,0
2029,1,7,17,70.60606,4.654955,175.6602,100.845,0,76.26624,25.45739,5.472912,5.724012,19.41085,18.85472,7.375116,294.0449,0,0,0,4.840523,7.969941,43.8816,0,7.450928,1.751821,6.082899,18.68202,37.56205,0,7.506998,75.345,1.169146,0,0,0,0,0,0,22.64218,4.253353,0,44.39104,134.8291,25.28046,0,49.86048,82.25441,4.588248,11.63288,0,0,0,0,0,0,0,0,128.7091,128.7091,0,128.7091,128.7091,0,0,0,0,0,0,46.19566,69.30102,131.2656,131.2656,0,0,0,0,0,0,0,0,0,0,0,0,0,0,0,53.4982,48.0012,52.5,48.0012,52.5,32.86969,32.86969,32.86969,32.86969,32.86969,32.86969,32.86969,32.86969,0,0,0,42.12937,0,0,0,0,0,0,0,0,0,0,0,0,0,0,0,0,0,0,0,0,0,0,0,0,0,0,0,0,0,0,0,0,276.1364,276.1364,65.68201,21.19291,16.62707,26.47633,16.22462,0,0,0,0,113.1998,200.6572,220.7106,0,0,0,0,0,0,0,0,0,0,0,0,0,0,0,0,0,0,0,0,0,0,0,0,0,0,76.95039,0,0,0,0,0,0,0,374.1562,374.7265,373.87,6.8176,12.5566,2.581,0,0,0,0,0,0,0,0,0,0,0,0,0,0,0,0,0,0,0,0,0,0,0,0,0,0,0,0,0,0,0,0,0,0,0,0,0,0,0,0,0,0,0,0,0,0,0,288.7593,0,0,0,0,0,0,0,0,0,0,3.309759,0,0,0,0,0,0,0,0,0,0,0,0,0,0,0,0,0,0,0,0,0,0,0,0,0,0,0,0,0,0,0,0,0,0,0,0,0,0,0,0,0,0,0,0,0,0,0,0,0,0,0,0,0,0,0,0,0,0,0,0,0,0,0,0,0,0,0,0,0,0,0,0,0,0,0,0,0,0,0,0,0,0,0,0,0,0,0,0,0,0,0,0,0,0,0,0,0,0,0,0,0,0,0,0,0,0,0,0,0,0,0,0,0,0,0,0,0,0,0,0,0
2029,1,7,18,0.525396,0,13.51143,5.265,0,1.162953,1.794439,0,0.779856,2.644592,2.568823,1.004808,294.0449,0,0,0,0,1.085848,0,0,1.901838,0.3284665,0.828752,0,0,0,1.407562,1.47,0,0,0,0,0,0,0,3.121823,0,0,0,1.100349,0.206315,0,6.549395,0,0,3.056002,0,0,0,0,0,0,0,0,257.1061,185.0753,0,253.5542,185.0753,0,0,0,0,0,0,46.19566,101.6295,131.2656,166.1068,0,0,0,0,0,0,0,0,0,0,0,0,0,0,0,53.4982,48.0012,52.5,48.0012,52.5,32.86969,32.86969,32.86969,32.86969,32.86969,32.86969,32.86969,32.86969,0,0,0,42.12937,0,0,0,0,0,0,0,0,0,0,0,0,0,0,0,0,0,0,0,0,0,0,0,0,0,0,0,0,0,0,0,0,276.1364,276.1364,162.245,39.92511,31.42074,32.16314,13.43992,0,0,0,0,122.4768,0,0,0,0,0,0,0,0,0,0,0,0,0,0,0,0,0,0,0,0,0,0,0,0,0,0,0,0,77.13601,0,0,0,0,0,0,0,374.1562,374.7265,373.87,6.8176,12.5566,2.581,0,0,0,0,0,0,0,0,0,0,0,0,0,0,0,0,0,0,0,0,0,0,0,0,0,0,0,0,0,0,0,0,0,0,0,0,0,0,0,0,0,0,0,0,0,0,0,39.8131,0,0,0,0,0,0,0,0,0,0,0.456338,0,0,0,0,0,0,0,0,0,0,0,0,0,0,0,0,0,0,0,0,0,0,0,0,0,0,0,0,0,0,0,0,0,0,0,0,0,0,0,0,0,0,0,0,0,0,0,0,0,0,0,0,0,0,0,0,0,0,0,0,0,0,0,0,0,0,0,0,0,0,0,0,0,0,0,0,0,0,0,0,0,0,0,0,0,0,0,0,0,0,0,0,0,0,0,0,0,0,0,0,0,0,0,0,0,0,0,0,0,0,0,0,0,0,0,0,0,0,0,0,0
2029,1,7,19,0,0,0,0,0,0,0,0,0,0,0,0,294.0449,0,0,0,0,0,0,0,0,0,0,0,0,0,0,0,0,0,0,0,0,0,0,0,0,0,0,0,0,0,0,0,0,0,0,0,0,0,0,0,0,0,257.1061,185.0753,0,253.5542,185.0753,0,0,0,0,0,0,46.19566,101.6295,131.2656,166.1068,0,0,0,0,0,0,0,0,0,0,0,0,0,0,0,53.4982,48.0012,52.5,48.0012,52.5,32.86969,32.86969,32.86969,32.86969,32.86969,32.86969,32.86969,32.86969,0,0,0,42.12937,0,0,0,0,0,0,0,0,0,0,0,0,0,0,0,0,0,0,0,0,0,0,0,0,0,0,0,0,0,0,0,0,276.1364,276.1364,194.64,5.314858,3.645733,37.57028,19.20342,0,0,0,0,101.5507,0,0,0,0,0,0,0,0,0,0,0,0,0,0,0,0,0,0,0,0,0,0,0,0,0,0,0,0,75.97767,0,0,0,0,0,0,0,374.1562,374.7265,373.87,6.8176,12.5566,2.581,0,0,0,0,0,0,0,0,0,0,0,0,0,0,0,0,0,0,0,0,0,0,0,0,0,0,0,0,0,0,0,0,0,0,0,0,0,0,0,0,0,0,0,0,0,0,0,0,0,0,0,0,0,0,0,0,0,0,0,0,0,0,0,0,0,0,0,0,0,0,0,0,0,0,0,0,0,0,0,0,0,0,0,0,0,0,0,0,0,0,0,0,0,0,0,0,0,0,0,0,0,0,0,0,0,0,0,0,0,0,0,0,0,0,0,0,0,0,0,0,0,0,0,0,0,0,0,0,0,0,0,0,0,0,0,0,0,0,0,0,0,0,0,0,0,0,0,0,0,0,0,0,0,0,0,0,0,0,0,0,0,0,0,0,0,0,0,0,0,0,0,0,0,0,0,0,0,0,0,0
2029,1,7,20,0,0,0,0,0,0,0,0,0,0,0,0,294.0449,0,0,0,0,0,0,0,0,0,0,0,0,0,0,0,0,0,0,0,0,0,0,0,0,0,0,0,0,0,0,0,0,0,0,0,0,0,0,0,0,0,257.1061,185.0753,0,253.5542,185.0753,0,0,0,0,0,0,46.19566,101.6295,131.2656,166.1068,0,0,0,0,0,0,0,0,0,0,0,0,0,0,0,53.4982,48.0012,52.5,48.0012,52.5,32.86969,32.86969,32.86969,32.86969,32.86969,32.86969,32.86969,32.86969,0,0,0,42.12937,0,0,0,0,0,0,0,0,0,0,0,0,0,0,0,0,0,0,0,0,0,0,0,0,0,0,0,0,0,0,0,0,276.1364,276.1364,194.64,24.55196,19.36664,46.70648,10.93009,0,5.93989,0,0,120.3993,0,0,0,0,0,0,0,0,0,0,0,0,0,0,0,0,0,0,0,0,0,0,0,0,0,0,0,0,75.37305,0,0,0,0,0,0,0,374.1562,374.7265,373.87,6.8176,12.5566,2.581,0,0,0,0,0,0,0,0,0,0,0,0,0,0,0,0,0,0,0,0,0,0,0,0,0,0,0,0,0,0,0,0,0,0,0,0,0,0,0,0,0,0,0,0,0,0,0,0,0,0,0,0,0,0,0,0,0,0,0,0,0,0,0,0,0,0,0,0,0,0,0,0,0,0,0,0,0,0,0,0,0,0,0,0,0,0,0,0,0,0,0,0,0,0,0,0,0,0,0,0,0,0,0,0,0,0,0,0,0,0,0,0,0,0,0,0,0,0,0,0,0,0,0,0,0,0,0,0,0,0,0,0,0,0,0,0,0,0,0,0,0,0,0,0,0,0,0,0,0,0,0,0,0,0,0,0,0,0,0,0,0,0,0,0,0,0,0,0,0,0,0,0,0,0,0,0,0,0,0,0
2029,1,7,21,0,0,0,0,0,0,0,0,0,0,0,0,135.2606,0,0,0,0,0,0,0,0,0,0,0,0,0,0,0,0,0,0,0,0,0,0,0,0,0,0,0,0,0,0,0,0,0,0,0,0,0,0,0,0,0,257.1061,236.5201,0,253.5542,185.0753,0,0,0,0,0,0,46.19566,101.6295,131.2656,166.1068,0,0,0,0,0,0,0,0,0,0,0,0,0,0,0,53.4982,48.0012,52.5,48.0012,52.5,0,0,0,0,0,0,32.86969,32.86969,0,0,0,42.12937,0,0,0,0,0,0,0,0,0,0,0,0,0,0,0,0,0,0,0,0,0,0,0,0,0,0,0,0,0,0,0,0,276.1364,276.1364,173.3137,49.42113,39.89233,50.43554,4.074718,0,0,0,0,122.6406,0,0,0,0,0,0,0,0,0,0,0,0,0,0,0,0,0,0,0,0,0,0,0,0,0,0,0,0,75.95498,0,0,0,0,0,0,0,374.1562,374.7265,373.87,6.8176,12.5566,2.581,0,0,0,0,0,0,0,0,0,0,0,0,0,0,0,0,0,0,0,0,0,0,0,0,0,0,0,0,0,0,0,0,0,0,0,0,0,0,0,0,0,0,0,0,0,0,0,0,0,0,0,0,0,0,0,0,0,0,0,0,0,0,0,0,0,0,0,0,0,0,0,0,0,0,0,0,0,0,0,0,0,0,0,0,0,0,0,0,0,0,0,0,0,0,0,0,0,0,0,0,0,0,0,0,0,0,0,0,0,0,0,0,0,0,0,0,0,0,0,0,0,0,0,0,0,0,0,0,0,0,0,0,0,0,0,0,0,0,0,0,0,0,0,0,0,0,0,0,0,0,0,0,0,0,0,0,0,0,0,0,0,0,0,0,0,0,0,0,0,0,0,0,0,0,0,0,0,0,0,0
2029,1,7,22,0,0,0,0,0,0,0,0,0,0,0,0,0,0,0,0,0,0,0,0,0,0,0,0,0,0,0,0,0,0,0,0,0,0,0,0,0,0,0,0,0,0,0,0,0,0,0,0,0,0,0,0,0,0,257.1061,257.1061,0,253.5542,185.0753,0,0,0,0,0,0,46.19566,101.6295,131.2656,166.1068,0,0,0,0,0,0,0,0,0,0,0,0,0,0,0,53.4982,48.0012,52.5,48.0012,52.5,32.86969,32.86969,32.86969,32.86969,32.86969,32.86969,32.86969,32.86969,0,0,0,42.12937,0,0,0,0,0,0,0,0,0,0,0,0,0,0,0,0,0,0,0,0,0,0,0,0,0,0,0,0,0,0,0,0,276.1364,276.1364,181.4967,18.61562,14.54078,41.8587,14.13813,0,9.3271,0,0,89.73485,0,0,0,0,0,0,0,0,0,0,0,0,0,0,0,0,0,0,0,0,0,0,0,0,0,0,0,0,75.40631,0,0,0,0,0,0,0,374.1562,374.7265,373.87,6.8176,12.5566,2.581,0,0,0,0,0,0,0,0,0,0,0,0,0,0,0,0,0,0,0,0,0,0,0,0,0,0,0,0,0,0,0,0,0,0,0,0,0,0,0,0,0,0,0,0,0,0,0,0,0,0,0,0,0,0,0,0,0,0,0,0,0,0,0,0,0,0,0,0,0,0,0,0,0,0,0,0,0,0,0,0,0,0,0,0,0,0,0,0,0,0,0,0,0,0,0,0,0,0,0,0,0,0,0,0,0,0,0,0,0,0,0,0,0,0,0,0,0,0,0,0,0,0,0,0,0,0,0,0,0,0,0,0,0,0,0,0,0,0,0,0,0,0,0,0,0,0,0,0,0,0,0,0,0,0,0,0,0,0,0,0,0,0,0,0,0,0,0,0,0,0,0,0,0,0,0,0,0,0,0,0
2029,1,7,23,0,0,0,0,0,0,0,0,0,0,0,0,0,0,0,0,0,0,0,0,0,0,0,0,0,0,0,0,0,0,0,0,0,0,0,0,0,0,0,0,0,0,0,0,0,0,0,0,0,0,0,0,0,0,257.1061,257.1061,0,253.5542,185.0753,0,0,0,0,0,0,46.19566,101.6295,131.2656,166.1068,0,0,0,0,0,0,0,0,0,0,0,0,0,0,0,53.4982,48.0012,52.5,48.0012,52.5,32.86969,32.86969,32.86969,32.86969,32.86969,32.86969,32.86969,32.86969,0,0,0,42.12937,0,0,0,0,0,0,0,0,0,0,0,0,0,0,0,0,0,0,0,0,0,0,0,0,0,0,0,0,0,0,0,0,276.1364,276.1364,175.4445,45.19526,37.13168,38.87545,7.967899,0,18.50693,0,0,90.81425,0,0,0,0,0,0,0,0,0,0,0,0,0,0,0,0,0,0,0,0,0,0,0,0,0,0,0,0,74.42323,0,0,0,0,0,0,0,374.1562,374.7265,373.87,6.8176,12.5566,2.581,0,0,0,0,0,0,0,0,0,0,0,0,0,0,0,0,0,0,0,0,0,0,0,0,0,0,0,0,0,0,0,0,0,0,0,0,0,0,0,0,0,0,0,0,0,0,0,0,0,0,0,0,0,0,0,0,0,0,0,0,0,0,0,0,0,0,0,0,0,0,0,0,0,0,0,0,0,0,0,0,0,0,0,0,0,0,0,0,0,0,0,0,0,0,0,0,0,0,0,0,0,0,0,0,0,0,0,0,0,0,0,0,0,0,0,0,0,0,0,0,0,0,0,0,0,0,0,0,0,0,0,0,0,0,0,0,0,0,0,0,0,0,0,0,0,0,0,0,0,0,0,0,0,0,0,0,0,0,0,0,0,0,0,0,0,0,0,0,0,0,0,0,0,0,0,0,0,0,0,0
2029,1,7,24,0,0,0,0,0,0,0,0,0,0,0,0,0,0,0,0,0,0,0,0,0,0,0,0,0,0,0,0,0,0,0,0,0,0,0,0,0,0,0,0,0,0,0,0,0,0,0,0,0,0,0,0,0,0,257.1061,257.1061,0,253.5542,185.0753,0,0,0,0,0,0,46.19566,101.6295,131.2656,166.1068,0,0,0,0,0,0,0,0,0,0,0,0,0,0,0,53.4982,48.0012,52.5,48.0012,52.5,32.86969,32.86969,32.86969,32.86969,32.86969,32.86969,32.86969,32.86969,0,0,0,42.12937,0,0,0,0,0,0,0,0,0,0,0,0,0,0,0,0,0,0,0,0,0,0,0,0,0,0,0,0,0,0,0,0,276.1364,276.1364,194.64,22.39222,18.16544,34.77349,3.08597,0,6.08716,0,0,91.72894,0,0,0,0,0,0,0,0,0,0,0,0,0,0,0,0,0,0,0,0,0,0,0,0,0,0,0,0,72.61757,0,0,0,0,0,0,0,374.1562,374.7265,373.87,6.8176,12.5566,2.581,0,0,0,0,0,0,0,0,0,0,0,0,0,0,0,0,0,0,0,0,0,0,0,0,0,0,0,0,0,0,0,0,0,0,0,0,0,0,0,0,0,0,0,0,0,0,0,0,0,0,0,0,0,0,0,0,0,0,0,0,0,0,0,0,0,0,0,0,0,0,0,0,0,0,0,0,0,0,0,0,0,0,0,0,0,0,0,0,0,0,0,0,0,0,0,0,0,0,0,0,0,0,0,0,0,0,0,0,0,0,0,0,0,0,0,0,0,0,0,0,0,0,0,0,0,0,0,0,0,0,0,0,0,0,0,0,0,0,0,0,0,0,0,0,0,0,0,0,0,0,0,0,0,0,0,0,0,0,0,0,0,0,0,0,0,0,0,0,0,0,0,0,0,0,0,0,0,0,0,0
2029,1,8,1,0,0,0,0,0,0,0,0,0,0,0,0,0,0,0,0,0,0,0,0,0,0,0,0,0,0,0,0,0,0,0,0,0,0,0,0,0,0,0,0,0,0,0,0,0,0,0,0,0,0,0,0,0,0,185.0753,185.0753,0,185.0753,185.0753,0,0,0,0,0,0,46.19566,86.40128,131.2656,131.2656,0,0,0,0,0,0,0,0,0,0,0,0,0,0,0,53.4982,48.0012,52.5,48.0012,52.5,0,0,0,0,0,0,0,0,0,0,0,42.12937,0,0,0,0,0,0,0,0,0,0,0,0,0,0,0,0,0,0,0,0,0,0,0,0,0,0,0,0,0,0,0,0,276.1364,276.1364,194.64,9.734485,7.586496,27.40859,18.99633,0,7.51077,0,0,37.47934,0,0,0,0,0,0,0,0,0,0,0,0,0,0,0,0,0,0,0,0,0,0,0,0,0,0,0,0,72.0245,0,0,0,0,0,0,0,374.1562,374.7265,373.87,6.8176,12.5566,2.581,0,0,0,0,0,0,0,0,0,0,0,0,0,0,0,0,0,0,0,0,0,0,0,0,0,0,0,0,0,0,0,0,0,0,0,0,0,0,0,0,0,0,0,0,0,0,0,0,0,0,0,0,0,0,0,0,0,0,0,0,0,0,0,0,0,0,0,0,0,0,0,0,0,0,0,0,0,0,0,0,0,0,0,0,0,0,0,0,0,0,0,0,0,0,0,0,0,0,0,0,0,0,0,0,0,0,0,0,0,0,0,0,0,0,0,0,0,0,0,0,0,0,0,0,0,0,0,0,0,0,0,0,0,0,0,0,0,0,0,0,0,0,0,0,0,0,0,0,0,0,0,0,0,0,0,0,0,0,0,0,0,0,0,0,0,0,0,0,0,0,0,0,0,0,0,0,0,0,0,0
2029,1,8,2,0,0,0,0,0,0,0,0,0,0,0,0,0,0,0,0,0,0,0,0,0,0,0,0,0,0,0,0,0,0,0,0,0,0,0,0,0,0,0,0,0,0,0,0,0,0,0,0,0,0,0,0,0,0,185.0753,185.0753,0,185.0753,185.0753,0,0,0,0,0,0,46.19566,86.40128,131.2656,166.1068,0,0,0,0,0,0,0,0,0,0,0,0,0,0,0,53.4982,48.0012,52.5,48.0012,52.5,0,0,0,0,0,0,0,0,0,0,0,42.12937,0,0,0,0,0,0,0,0,0,0,0,0,0,0,0,0,0,0,0,0,0,0,0,0,0,0,0,0,0,0,0,0,276.1364,276.1364,194.64,18.43232,14.87796,26.28988,22.1593,0,31.81032,0,0,41.76614,0,0,0,0,0,0,0,0,0,0,0,0,0,0,0,0,0,0,0,0,0,0,0,0,0,0,0,0,71.83327,0,0,0,0,0,0,0,374.1562,374.7265,373.87,6.8176,12.5566,2.581,0,0,0,0,0,0,0,0,0,0,0,0,0,0,0,0,0,0,0,0,0,0,0,0,0,0,0,0,0,0,0,0,0,0,0,0,0,0,0,0,0,0,0,0,0,0,0,0,0,0,0,0,0,0,0,0,0,0,0,0,0,0,0,0,0,0,0,0,0,0,0,0,0,0,0,0,0,0,0,0,0,0,0,0,0,0,0,0,0,0,0,0,0,0,0,0,0,0,0,0,0,0,0,0,0,0,0,0,0,0,0,0,0,0,0,0,0,0,0,0,0,0,0,0,0,0,0,0,0,0,0,0,0,0,0,0,0,0,0,0,0,0,0,0,0,0,0,0,0,0,0,0,0,0,0,0,0,0,0,0,0,0,0,0,0,0,0,0,0,0,0,0,0,0,0,0,0,0,0,0
2029,1,8,3,0,0,0,0,0,0,0,0,0,0,0,0,0,0,0,0,0,0,0,0,0,0,0,0,0,0,0,0,0,0,0,0,0,0,0,0,0,0,0,0,0,0,0,0,0,0,0,0,0,0,0,0,0,0,185.0753,185.0753,0,185.0753,185.0753,0,0,0,0,0,0,46.19566,86.40128,131.2656,131.2656,0,0,0,0,0,0,0,0,0,0,0,0,0,0,0,53.4982,48.0012,52.5,48.0012,52.5,32.86969,32.86969,32.86969,32.86969,32.86969,32.86969,32.86969,32.86969,0,0,0,42.12937,0,0,0,0,0,0,0,0,0,0,0,0,0,0,0,0,0,0,0,0,0,0,0,0,0,0,0,0,0,0,0,0,276.1364,276.1364,194.64,21.42227,17.91256,26.56955,23.28431,0,44.72099,0,0,62.51759,0,0,0,0,0,0,0,0,0,0,0,0,0,0,0,0,0,0,0,0,0,0,0,0,0,0,0,0,71.59963,0,0,0,0,0,0,0,374.1562,374.7265,373.87,6.8176,12.5566,2.581,0,0,0,0,0,0,0,0,0,0,0,0,0,0,0,0,0,0,0,0,0,0,0,0,0,0,0,0,0,0,0,0,0,0,0,0,0,0,0,0,0,0,0,0,0,0,0,0,0,0,0,0,0,0,0,0,0,0,0,0,0,0,0,0,0,0,0,0,0,0,0,0,0,0,0,0,0,0,0,0,0,0,0,0,0,0,0,0,0,0,0,0,0,0,0,0,0,0,0,0,0,0,0,0,0,0,0,0,0,0,0,0,0,0,0,0,0,0,0,0,0,0,0,0,0,0,0,0,0,0,0,0,0,0,0,0,0,0,0,0,0,0,0,0,0,0,0,0,0,0,0,0,0,0,0,0,0,0,0,0,0,0,0,0,0,0,0,0,0,0,0,0,0,0,0,0,0,0,0,0
2029,1,8,4,0,0,0,0,0,0,0,0,0,0,0,0,0,0,0,0,0,0,0,0,0,0,0,0,0,0,0,0,0,0,0,0,0,0,0,0,0,0,0,0,0,0,0,0,0,0,0,0,0,0,0,0,0,0,185.0753,185.0753,0,185.0753,185.0753,0,0,0,0,0,0,46.19566,86.40128,131.2656,158.1948,0,0,0,0,0,0,0,0,0,0,0,0,0,0,0,53.4982,48.0012,52.5,48.0012,52.5,32.86969,32.86969,32.86969,32.86969,32.86969,32.86969,32.86969,32.86969,0,0,0,42.12937,0,0,0,0,0,0,0,0,0,0,0,0,0,0,0,0,0,0,0,0,0,0,0,0,0,0,0,0,0,0,0,0,276.1364,276.1364,194.64,9.712524,7.881526,35.98543,37.36024,0,54.68626,0,0,73.01071,0,0,0,0,0,0,0,0,0,0,0,0,0,0,0,0,0,0,0,0,0,0,0,0,0,0,0,0,72.10183,0,0,0,0,0,0,0,374.1562,374.7265,373.87,6.8176,12.5566,2.581,0,0,0,0,0,0,0,0,0,0,0,0,0,0,0,0,0,0,0,0,0,0,0,0,0,0,0,0,0,0,0,0,0,0,0,0,0,0,0,0,0,0,0,0,0,0,0,0,0,0,0,0,0,0,0,0,0,0,0,0,0,0,0,0,0,0,0,0,0,0,0,0,0,0,0,0,0,0,0,0,0,0,0,0,0,0,0,0,0,0,0,0,0,0,0,0,0,0,0,0,0,0,0,0,0,0,0,0,0,0,0,0,0,0,0,0,0,0,0,0,0,0,0,0,0,0,0,0,0,0,0,0,0,0,0,0,0,0,0,0,0,0,0,0,0,0,0,0,0,0,0,0,0,0,0,0,0,0,0,0,0,0,0,0,0,0,0,0,0,0,0,0,0,0,0,0,0,0,0,0
2029,1,8,5,0,0,0,0,0,0,0,0,0,0,0,0,0,0,0,0,0,0,0,0,0,0,0,0,0,0,0,0,0,0,0,0,0,0,0,0,0,0,0,0,0,0,0,0,0,0,0,0,0,0,0,0,0,0,185.0753,185.0753,0,185.0753,185.0753,0,0,0,0,0,0,46.19566,86.40128,131.2656,166.1068,0,0,0,0,0,0,0,0,0,0,0,0,0,0,0,53.4982,48.0012,52.5,48.0012,52.5,32.86969,32.86969,32.86969,32.86969,32.86969,32.86969,32.86969,0,0,0,0,42.12937,0,0,0,0,0,0,0,0,0,0,0,0,0,0,0,0,0,0,0,0,0,0,0,0,0,0,0,0,0,0,0,0,276.1364,276.1364,194.64,10.38386,8.492661,34.58703,47.76697,0,110.4034,0,0,65.95067,0,0,0,0,0,0,0,0,0,0,0,0,0,0,0,0,0,0,0,0,0,0,0,0,0,0,0,0,73.20984,0,0,0,0,0,0,0,374.1562,374.7265,373.87,6.8176,12.5566,2.581,0,0,0,0,0,0,0,0,0,0,0,0,0,0,0,0,0,0,0,0,0,0,0,0,0,0,0,0,0,0,0,0,0,0,0,0,0,0,0,0,0,0,0,0,0,0,0,0,0,0,0,0,0,0,0,0,0,0,0,0,0,0,0,0,0,0,0,0,0,0,0,0,0,0,0,0,0,0,0,0,0,0,0,0,0,0,0,0,0,0,0,0,0,0,0,0,0,0,0,0,0,0,0,0,0,0,0,0,0,0,0,0,0,0,0,0,0,0,0,0,0,0,0,0,0,0,0,0,0,0,0,0,0,0,0,0,0,0,0,0,0,0,0,0,0,0,0,0,0,0,0,0,0,0,0,0,0,0,0,0,0,0,0,0,0,0,0,0,0,0,0,0,0,0,0,0,0,0,0,0
2029,1,8,6,0,0,0,0,0,0,0,0,0,0,0,0,0,0,0,0,0,0,0,0,0,0,0,0,0,0,0,0,0,0,0,0,0,0,0,0,0,0,0,0,0,0,0,0,0,0,0,0,0,0,0,0,0,0,185.0753,185.0753,0,185.0753,185.0753,0,0,0,0,0,0,46.19566,86.40128,131.2656,166.1068,0,0,0,0,0,0,0,0,0,0,0,0,0,0,0,53.4982,48.0012,52.5,48.0012,52.5,32.86969,32.86969,32.86969,32.86969,32.86969,0,32.86969,32.86969,0,0,0,42.12937,0,0,0,0,0,0,0,0,0,0,0,0,0,0,0,0,0,0,0,0,0,0,0,0,0,0,0,0,0,0,0,0,276.1364,276.1364,194.64,0,0,32.53605,45.92154,0,51.10269,0,0,43.46758,0,0,0,0,0,0,0,0,0,0,0,0,0,0,0,0,0,0,0,0,0,0,0,0,0,0,0,0,74.86532,0,0,0,0,0,0,0,374.1562,374.7265,373.87,6.8176,12.5566,2.581,0,0,0,0,0,0,0,0,0,0,0,0,0,0,0,0,0,0,0,0,0,0,0,0,0,0,0,0,0,0,0,0,0,0,0,0,0,0,0,0,0,0,0,0,0,0,0,0,0,0,0,0,0,0,0,0,0,0,0,0,0,0,0,0,0,0,0,0,0,0,0,0,0,0,0,0,0,0,0,0,0,0,0,0,0,0,0,0,0,0,0,0,0,0,0,0,0,0,0,0,0,0,0,0,0,0,0,0,0,0,0,0,0,0,0,0,0,0,0,0,0,0,0,0,0,0,0,0,0,0,0,0,0,0,0,0,0,0,0,0,0,0,0,0,0,0,0,0,0,0,0,0,0,0,0,0,0,0,0,0,0,0,0,0,0,0,0,0,0,0,0,0,0,0,0,0,0,0,0,0
2029,1,8,7,0,0,0,0,0,0,0,0,0,0,0,0,0,0,0,0,0,0,0,0,0,0,0,0,0,0,0,0,0,0,0,0,0,0,0,0,0,0,0,0,0,0,0,0,0,0,0,0,0,0,0,0,0,0,185.0753,185.0753,0,185.0753,185.0753,0,0,0,0,0,0,46.19566,86.40128,131.2656,166.1068,0,0,0,0,0,0,0,0,0,0,0,0,0,0,0,53.4982,48.0012,52.5,48.0012,52.5,32.86969,32.86969,32.86969,32.86969,32.86969,32.86969,32.86969,32.86969,0,0,0,42.12937,0,0,0,0,0,0,0,0,0,0,0,0,0,0,0,0,0,0,0,0,0,0,0,0,0,0,0,0,0,0,0,0,276.1364,276.1364,194.64,0,0,29.73926,70.70125,0,229.9866,0,0,116.8774,0,0,0,0,0,0,0,0,0,0,0,0,0,0,0,0,0,0,0,0,0,0,0,0,0,0,0,0,75.90395,0,0,0,0,0,0,0,374.1562,374.7265,373.87,6.8176,12.5566,2.581,0,0,0,0,0,0,0,0,0,0,0,0,0,0,0,0,0,0,0,0,0,0,0,0,0,0,0,0,0,0,0,0,0,0,0,0,0,0,0,0,0,0,0,0,0,0,0,0,0,0,0,0,0,0,0,0,0,0,0,0,0,0,0,0,0,0,0,0,0,0,0,0,0,0,0,0,0,0,0,0,0,0,0,0,0,0,0,0,0,0,0,0,0,0,0,0,0,0,0,0,0,0,0,0,0,0,0,0,0,0,0,0,0,0,0,0,0,0,0,0,0,0,0,0,0,0,0,0,0,0,0,0,0,0,0,0,0,0,0,0,0,0,0,0,0,0,0,0,0,0,0,0,0,0,0,0,0,0,0,0,0,0,0,0,0,0,0,0,0,0,0,0,0,0,0,0,0,0,0,0
2029,1,8,8,0,0,0,2.07,0,0,0.311952,0,0.028319,0.096032,0.093281,0.03648721,0,11.8405,16.7475,0,0,0.03943,0,0,0,0.02189776,0.030094,0,0,0,0.093837,0,0,0,0,0,0,0,0,0.112828,0,0,0,1.65987,0.311226,0,0,0,0,0,0,0,0,0,0,0,0,0,185.0753,185.0753,0,185.0753,185.0753,0,0,0,0,0,0,46.19566,86.40128,131.2656,166.1068,0,0,0,0,0,0,0,0,0,0,0,0,0,0,0,53.4982,48.0012,52.5,48.0012,52.5,0,0,0,0,0,0,0,0,0,0,0,42.12937,0,0,0,0,0,0,0,0,0,0,0,0,0,0,0,0,0,0,0,0,0,0,0,0,0,0,0,0,0,0,0,0,276.1364,276.1364,194.64,0,0,23.2134,72.04012,0,181.5839,0,0,115.8884,30.8512,16.1082,0,0,0,0,0,0,0,0,0,0,0,0,0,0,0,0,0,0,0,0,0,0,0,0,0,0,75.60192,0,0,0,0,0,0,0,374.1562,374.7265,373.87,6.8176,12.5566,2.581,0,0,0,0,0,0,0,0,0,0,0,0,0,0,0,0,0,0,0,0,0,0,0,0,0,0,0,0,0,0,0,0,0,0,0,0,0,0,0,0,0,0,0,0,0,0,0,1.438911,0,0,0,0,0,0,0,0,0,0,0.016493,0,0,0,0,0,0,0,0,0,0,0,0,0,0,0,0,0,0,0,0,0,0,0,0,0,0,0,0,0,0,0,0,0,0,0,0,0,0,0,0,0,0,0,0,0,0,0,0,0,0,0,0,0,0,0,0,0,0,0,0,0,0,0,0,0,0,0,0,0,0,0,0,0,0,0,0,0,0,0,0,0,0,0,0,0,0,0,0,0,0,0,0,0,0,0,0,0,0,0,0,0,0,0,0,0,0,0,0,0,0,0,0,0,0,0,0,0,0,0,0,0
2029,1,8,9,54.31453,0,92.19039,76.1175,0,44.00316,23.10608,0,0.682889,2.315762,2.249414,0.8798693,0,10.945,14.905,0,0,0.950833,73.6848,0,5.16694,0.1532844,0.725705,21.31813,42.86221,0,0.656862,61.89,0,0,0,0,0,0,0,2.72451,0,0,61.72865,156.0414,29.25776,0,88.53214,100.0146,0,23.38513,0,0,0,0,0,0,0,0,185.0753,185.0753,0,185.0753,185.0753,0,0,0,0,0,0,46.19566,86.40128,131.2656,166.1068,0,0,0,0,0,0,0,0,0,0,0,0,0,0,0,53.4982,48.0012,52.5,48.0012,52.5,0,32.86969,0,0,32.86969,32.86969,32.86969,32.86969,0,0,0,42.12937,0,0,0,0,0,0,0,0,0,0,0,0,0,0,0,0,0,0,0,0,0,0,0,0,0,0,0,0,0,0,0,0,276.1364,276.1364,194.64,0,0,17.89949,35.31544,0,66.12423,0,0,98.32813,71.2812,73.0521,0,0,0,0,0,0,0,0,0,0,0,0,0,0,0,0,0,0,0,0,0,0,0,0,0,0,75.98676,0,0,0,0,0,0,0,374.1562,374.7265,373.87,6.8176,12.5566,2.581,0,0,0,0,0,0,0,0,0,0,0,0,0,0,0,0,0,0,0,0,0,0,0,0,0,0,0,0,0,0,0,0,0,0,0,0,0,0,0,0,0,0,0,0,0,0,0,34.7461,0,0,0,0,0,0,0,0,0,0,0.39826,0,0,0,0,0,0,0,0,0,0,0,0,0,0,0,0,0,0,0,0,0,0,0,0,0,0,0,0,0,0,0,0,0,0,0,0,0,0,0,0,0,0,0,0,0,0,0,0,0,0,0,0,0,0,0,0,0,0,0,0,0,0,0,0,0,0,0,0,0,0,0,0,0,0,0,0,0,0,0,0,0,0,0,0,0,0,0,0,0,0,0,0,0,0,0,0,0,0,0,0,0,0,0,0,0,0,0,0,0,0,0,0,0,0,0,0,0,0,0,0,0
2029,1,8,10,109.5019,1.259677,223.8415,188.37,6.096878,122.699,49.4626,1.481024,0.962454,3.263802,3.170293,1.240075,0,48.8545,68.4475,0,1.309893,1.340091,134.6016,0,15.58596,0.3065687,1.022798,45.69263,91.86954,0,1.313725,115.935,0.3163825,4.533223,3.227374,0,0,0,0,3.854165,1.150999,0,119.8668,248.2265,46.54247,0,168.6147,135.0608,1.170998,53.895,0,0,0,0,0,0,0,0,185.0753,128.7091,0,128.7091,128.7091,0,0,0,0,0,0,46.19566,69.30102,131.2656,131.2656,0,0,0,0,0,0,0,0,0,0,0,0,0,0,0,0,0,0,0,0,32.86969,32.86969,32.86969,32.86969,32.86969,32.86969,32.86969,32.86969,0,0,0,42.12937,0,0,0,0,0,0,0,0,0,0,0,0,0,0,0,0,0,0,0,0,0,0,0,0,0,0,0,0,0,0,0,0,276.1364,276.1364,194.64,0,0,7.45812,23.83253,0,33.72483,0,0,14.52585,103.874,119.3985,0,0,0,0,0,0,0,0,0,0,0,0,0,0,0,0,0,0,0,0,0,0,0,0,0,0,76.24858,0,1000,0,0,0,0,0,374.1562,374.7265,373.87,6.8176,12.5566,2.581,0,0,0,0,0,0,0,0,0,0,0,0,0,0,0,0,0,0,0,0,0,0,0,0,0,0,0,0,0,0,0,0,0,0,0,0,0,0,0,0,0,0,0,0,0,0,0,49.15277,0,0,0,0,0,0,0,0,0,0,0.563389,0,0,0,0,0,0,0,0,0,0,0,0,0,0,0,0,0,0,0,0,0,0,0,0,0,0,0,0,0,0,0,0,0,0,0,0,0,0,0,0,0,0,0,0,0,0,0,0,0,0,0,0,0,0,0,0,0,0,0,0,0,0,0,0,0,0,0,0,0,0,0,0,0,0,0,0,0,0,0,0,0,0,0,0,0,0,0,0,0,0,0,0,0,0,0,0,0,0,0,0,0,0,0,0,0,0,0,0,0,0,0,0,0,0,0,0,0,0,0,0,0
2029,1,8,11,110.3621,2.401193,233.9101,188.955,0.80787,133.0542,47.94639,2.823124,1.834627,6.221453,6.043206,2.363829,0,126.2655,181.1425,0,2.496915,2.554479,138.0456,0,13.11387,0.7226263,1.949655,114.8811,230.9797,0,3.096636,118.29,0.6030876,0.6006771,0.4276449,0,0,0,0,7.332023,2.194032,0,119.6882,252.2274,47.29265,0,164.5911,218.9535,4.44943,55.15049,0,0,0,0,0,0,0,0,185.0753,128.7091,0,128.7091,128.7091,0,0,0,0,0,0,46.19566,69.30102,131.2656,131.2656,0,0,0,0,0,0,0,0,0,0,0,0,0,0,0,0,0,0,0,0,32.86969,0,0,0,0,0,0,0,0,0,0,42.12937,0,0,0,0,0,0,0,0,0,0,0,0,0,0,0,0,0,0,0,0,0,0,0,0,0,0,0,0,0,0,0,0,276.1364,276.1364,194.64,0,0,3.915513,70.88885,0,15.95425,0,0,76.72546,136.4668,165.7449,0,0,0,0,0,0,0,0,0,0,0,0,0,0,0,0,0,0,0,0,0,0,0,0,0,0,76.17914,0,1000,0,0,0,0,0,374.1562,374.7265,373.87,6.8176,12.5566,2.581,0,0,0,0,0,0,0,0,0,0,0,0,0,0,0,0,0,0,0,0,0,0,0,0,0,0,0,0,0,0,0,0,0,0,0,0,0,0,0,0,0,0,0,0,0,0,0,93.50644,0,0,0,0,0,0,0,0,0,0,1.071771,0,0,0,0,0,0,0,0,0,0,0,0,0,0,0,0,0,0,0,0,0,0,0,0,0,0,0,0,0,0,0,0,0,0,0,0,0,0,0,0,0,0,0,0,0,0,0,0,0,0,0,0,0,0,0,0,0,0,0,0,0,0,0,0,0,0,0,0,0,0,0,0,0,0,0,0,0,0,0,0,0,0,0,0,0,0,0,0,0,0,0,0,0,0,0,0,0,0,0,0,0,0,0,0,0,0,0,0,0,0,0,0,0,0,0,0,0,0,0,0,0
2029,1,8,12,104.1907,3.407666,226.9089,180.9225,1.284918,136.7586,45.29604,4.006452,2.603621,8.829209,8.576249,3.354641,0,128.4545,184.195,0,3.543511,3.625203,132.0312,0,18.83721,0.8321151,2.766864,134.7856,270.9998,0,3.565824,111.765,0.855875,0.9553774,0.6801695,0,0,0,0,10.39757,3.113672,0,114.1263,251.9063,47.23242,0,152.7231,205.14,1.946096,52.2977,0,0,0,0,0,0,0,0,178.6394,128.7091,0,128.7091,128.7091,0,0,0,0,0,0,46.19566,69.30102,131.2656,131.2656,0,0,0,0,0,0,0,0,0,0,0,0,0,0,0,0,0,0,0,0,0,0,0,0,0,0,0,0,0,0,0,42.12937,0,0,0,0,0,0,0,0,0,0,0,0,0,0,0,0,0,0,0,0,0,0,0,0,0,0,0,0,0,0,0,0,276.1364,276.1364,194.64,1.060832,0,2.330663,86.94983,0,11.73251,0,0,139.0431,76.1328,79.8345,0,0,0,0,0,0,0,0,0,0,0,0,0,0,0,0,0,0,0,0,0,0,0,0,0,0,76.51418,0,1000,0,0,0,0,0,374.1562,374.7265,373.87,6.8176,12.5566,2.581,0,0,0,0,0,0,0,0,0,0,0,0,0,0,0,0,0,0,0,0,0,0,0,0,0,0,0,0,0,0,0,0,0,0,0,0,0,0,0,0,0,0,0,0,0,0,0,132.6018,0,0,0,0,0,0,0,0,0,0,1.519882,0,0,0,0,0,0,0,0,0,0,0,0,0,0,0,0,0,0,0,0,0,0,0,0,0,0,0,0,0,0,0,0,0,0,0,0,0,0,0,0,0,0,0,0,0,0,0,0,0,0,0,0,0,0,0,0,0,0,0,0,0,0,0,0,0,0,0,0,0,0,0,0,0,0,0,0,0,0,0,0,0,0,0,0,0,0,0,0,0,0,0,0,0,0,0,0,0,0,0,0,0,0,0,0,0,0,0,0,0,0,0,0,0,0,0,0,0,0,0,0,0
2029,1,8,13,99.01311,3.601224,219.7834,175.23,3.659786,136.8607,43.21576,4.234022,2.751509,9.330716,9.063388,3.545188,0,136.116,194.81,0,3.744786,3.831118,127.9824,0,25.32682,0.7664218,2.924024,129.246,259.8618,0,3.284311,107.7,0.9044896,2.721168,1.937303,0,0,0,0,10.99527,3.290532,0,110.2071,205.8151,38.59033,0,137.8009,175.2227,5.283875,50.14805,0,0,0,0,0,0,0,0,185.0753,128.7091,0,128.7091,128.7091,0,0,0,0,0,0,46.19566,69.30102,131.2656,131.2656,0,0,0,0,0,0,0,0,0,0,0,0,0,0,0,0,0,0,0,0,0,0,0,0,0,0,0,0,0,0,0,42.12937,0,0,0,0,0,0,0,0,0,0,0,0,0,0,0,0,0,0,0,0,0,0,0,0,0,0,0,0,0,0,0,0,276.1364,276.1364,194.64,11.5921,9.419899,2.423889,90.03452,0,124.3941,0,0,167.3569,156.4952,194.2875,0,0,0,0,0,0,0,0,0,0,0,0,0,0,0,0,0,0,0,0,0,0,0,0,0,0,76.67037,0,1000,0,0,0,0,0,374.1562,374.7265,373.87,6.8176,12.5566,2.581,0,0,0,0,0,0,0,0,0,0,0,0,0,0,0,0,0,0,0,0,0,0,0,0,0,0,0,0,0,0,0,0,0,0,0,0,0,0,0,0,0,0,0,0,0,0,0,140.2243,0,0,0,0,0,0,0,0,0,0,1.607251,0,0,0,0,0,0,0,0,0,0,0,0,0,0,0,0,0,0,0,0,0,0,0,0,0,0,0,0,0,0,0,0,0,0,0,0,0,0,0,0,0,0,0,0,0,0,0,0,0,0,0,0,0,0,0,0,0,0,0,0,0,0,0,0,0,0,0,0,0,0,0,0,0,0,0,0,0,0,0,0,0,0,0,0,0,0,0,0,0,0,0,0,0,0,0,0,0,0,0,0,0,0,0,0,0,0,0,0,0,0,0,0,0,0,0,0,0,0,0,0,0
2029,1,8,14,102.3689,2.430981,224.0652,177.6825,4.686476,143.0819,29.51093,2.858147,1.857387,6.298634,6.118176,2.393154,0,145.071,208.45,0,2.527891,2.586169,130.5864,0,43.86207,0.3503642,1.973842,133.181,267.7736,0,1.5014,110.22,0.6105692,3.484544,2.480779,0,0,0,0,7.381524,2.22125,0,112.9785,239.4784,44.9022,0,129.1512,165.6099,4.409695,50.7319,0,0,0,0,0,0,0,0,185.0753,128.7091,0,128.7091,128.7091,0,0,0,0,0,0,46.19566,69.30102,131.2656,131.2656,0,0,0,0,0,0,0,0,0,0,0,0,0,0,0,0,0,0,0,0,0,0,0,0,0,0,0,0,0,0,0,42.12937,0,0,0,0,0,0,0,0,0,0,0,0,0,0,0,0,0,0,0,0,0,0,0,0,0,0,0,0,0,0,0,0,276.1364,276.1364,194.64,9.731022,7.986895,3.449381,96.27248,0,57.68075,0,0,178.6255,135.4716,164.3319,0,0,0,0,0,0,0,0,0,0,0,0,0,0,0,0,0,0,0,0,0,0,0,0,0,0,76.8069,0,1000,0,0,0,0,0,374.1562,374.7265,373.87,6.8176,12.5566,2.581,0,0,0,0,0,0,0,0,0,0,0,0,0,0,0,0,0,0,0,0,0,0,0,0,0,0,0,0,0,0,0,0,0,0,0,0,0,0,0,0,0,0,0,0,0,0,0,94.13773,0,0,0,0,0,0,0,0,0,0,1.079007,0,0,0,0,0,0,0,0,0,0,0,0,0,0,0,0,0,0,0,0,0,0,0,0,0,0,0,0,0,0,0,0,0,0,0,0,0,0,0,0,0,0,0,0,0,0,0,0,0,0,0,0,0,0,0,0,0,0,0,0,0,0,0,0,0,0,0,0,0,0,0,0,0,0,0,0,0,0,0,0,0,0,0,0,0,0,0,0,0,0,0,0,0,0,0,0,0,0,0,0,0,0,0,0,0,0,0,0,0,0,0,0,0,0,0,0,0,0,0,0,0
2029,1,8,15,108.2312,1.616217,232.4259,184.05,2.135307,143.0031,38.35212,1.900215,1.234868,4.187594,4.067618,1.591068,0,144.872,206.745,0,1.680647,1.719393,135.5928,0,64.45459,0.1751821,1.312292,139.1027,279.6798,0,0.7507,115.395,0.4059318,1.587669,1.130322,0,0,0,0,4.960935,1.47678,0,118.5044,302.6569,56.74817,0,153.1338,152.8372,5.800436,52.11239,0,0,0,0,0,0,0,0,128.7091,128.7091,0,128.7091,128.7091,0,0,0,0,0,0,46.19566,69.30102,131.2656,131.2656,0,0,0,0,0,0,0,0,0,0,0,0,0,0,0,0,0,0,0,0,0,0,0,0,0,0,0,0,0,0,0,42.12937,0,0,0,0,0,0,0,0,0,0,0,0,0,0,0,0,0,0,0,0,0,0,0,0,0,0,0,0,0,0,0,0,276.1364,276.1364,194.64,8.149132,6.469595,4.474872,95.61356,0,0,0,0,166.312,168.9352,212.0913,0,0,0,0,0,0,0,0,0,0,0,0,0,0,0,0,0,0,0,0,0,0,0,0,0,0,77.79893,0,1000,0,0,0,0,0,374.1562,374.7265,373.87,6.8176,12.5566,2.581,0,0,0,0,0,0,0,0,0,0,0,0,0,0,0,0,0,0,0,0,0,0,0,0,0,0,0,0,0,0,0,0,0,0,0,0,0,0,0,0,0,0,0,0,0,0,0,63.26759,0,0,0,0,0,0,0,0,0,0,0.725173,0,0,0,0,0,0,0,0,0,0,0,0,0,0,0,0,0,0,0,0,0,0,0,0,0,0,0,0,0,0,0,0,0,0,0,0,0,0,0,0,0,0,0,0,0,0,0,0,0,0,0,0,0,0,0,0,0,0,0,0,0,0,0,0,0,0,0,0,0,0,0,0,0,0,0,0,0,0,0,0,0,0,0,0,0,0,0,0,0,0,0,0,0,0,0,0,0,0,0,0,0,0,0,0,0,0,0,0,0,0,0,0,0,0,0,0,0,0,0,0,0
2029,1,8,16,110.8751,2.20343,232.1094,185.085,0.98417,136.7894,45.97813,2.590612,1.683527,5.709054,5.545487,2.169144,77.43181,71.5405,103.29,0,2.291269,2.344092,137.5752,0,57.97388,0.2846709,1.789082,140.0961,281.6769,0,1.219887,118.47,0.5534173,0.731762,0.5209692,0,0,0,0,6.815046,2.013331,0,118.2022,311.6304,58.43069,0,165.6713,124.4282,1.409411,51.72351,0,0,0,0,0,0,0,0,185.0753,128.7091,0,128.7091,128.7091,0,0,0,0,0,0,46.19566,69.30102,131.2656,131.2656,0,0,0,0,0,0,0,0,0,0,0,0,0,0,0,0,0,0,0,0,0,0,0,0,0,0,0,0,0,0,0,42.12937,0,0,0,0,0,0,0,0,0,0,0,0,0,0,0,0,0,0,0,0,0,0,0,0,0,0,0,0,0,0,0,0,276.1364,276.1364,194.64,9.089001,7.291466,14.45347,95.80521,0,0,0,0,166.784,109.5964,127.5939,0,0,0,0,0,0,0,0,0,0,0,0,0,0,0,0,0,0,0,0,0,0,0,0,0,0,78.40101,0,1000,0,0,0,0,0,374.1562,374.7265,373.87,6.8176,12.5566,2.581,0,0,0,0,0,0,0,0,0,0,0,0,0,0,0,0,0,0,0,0,0,0,0,0,0,0,0,0,0,0,0,0,0,0,0,0,0,0,0,0,0,0,0,0,0,0,0,86.91335,0,0,0,0,0,0,0,0,0,0,0.996201,0,0,0,0,0,0,0,0,0,0,0,0,0,0,0,0,0,0,0,0,0,0,0,0,0,0,0,0,0,0,0,0,0,0,0,0,0,0,0,0,0,0,0,0,0,0,0,0,0,0,0,0,0,0,0,0,0,0,0,0,0,0,0,0,0,0,0,0,0,0,0,0,0,0,0,0,0,0,0,0,0,0,0,0,0,0,0,0,0,0,0,0,0,0,0,0,0,0,0,0,0,0,0,0,0,0,0,0,0,0,0,0,0,0,0,0,0,0,0,0,0
2029,1,8,17,69.37042,0,180.9556,99.225,0,68.06287,26.14949,0,0.636339,2.157908,2.096083,0.8198929,294.0449,1.4925,2.145,0,0,0.88602,117.6672,0,13.15149,0.08759106,0.676237,82.4454,165.7646,0,0.37535,91.62,0,0,0,0,0,0,0,2.566306,0,0,64.90012,126.2568,23.67314,0,114.3041,49.76977,6.733963,38.80233,0,0,0,0,0,0,0,0,185.0753,128.7091,0,128.7091,128.7091,0,0,0,0,0,0,46.19566,69.30102,131.2656,131.2656,0,0,0,0,0,0,0,0,0,0,0,0,0,0,0,53.4982,48.0012,52.5,48.0012,52.5,32.86969,32.86969,32.86969,32.86969,32.86969,32.86969,32.86969,32.86969,0,0,0,42.12937,0,0,0,0,0,0,0,0,0,0,0,0,0,0,0,0,0,0,0,0,0,0,0,0,0,0,0,0,0,0,0,0,276.1364,276.1364,191.1751,8.487198,6.680331,34.79538,95.38278,0,0,0,0,223.5187,237.9772,310.1535,0,0,0,0,0,0,0,0,0,0,0,0,0,0,0,0,0,0,0,0,0,0,0,0,0,0,78.09236,0,0,0,0,0,0,0,374.1562,374.7265,373.87,6.8176,12.5566,2.581,0,0,0,0,0,0,0,0,0,0,0,0,0,0,0,0,0,0,0,0,0,0,0,0,0,0,0,0,0,0,0,0,0,0,0,0,0,0,0,0,0,0,0,0,0,0,0,32.72851,0,0,0,0,0,0,0,0,0,0,0.375134,0,0,0,0,0,0,0,0,0,0,0,0,0,0,0,0,0,0,0,0,0,0,0,0,0,0,0,0,0,0,0,0,0,0,0,0,0,0,0,0,0,0,0,0,0,0,0,0,0,0,0,0,0,0,0,0,0,0,0,0,0,0,0,0,0,0,0,0,0,0,0,0,0,0,0,0,0,0,0,0,0,0,0,0,0,0,0,0,0,0,0,0,0,0,0,0,0,0,0,0,0,0,0,0,0,0,0,0,0,0,0,0,0,0,0,0,0,0,0,0,0
2029,1,8,18,0.747596,0,12.09269,5.76,0,1.120277,1.19946,0,0.064399,0.218387,0.21213,0.08297557,294.0449,0,0,0,0,0.089668,6.468,0,0,0.02185643,0.068437,3.285591,6.606004,0,0.09366,3.675,0,0,0,0,0,0,0,0.259124,0,0,0.37059,1.11351,0.208783,0,9.255093,0,0,4.609768,0,0,0,0,0,0,0,0,185.0753,185.0753,0,185.0753,185.0753,0,0,0,0,0,0,46.19566,86.40128,131.2656,131.2656,0,0,0,0,0,0,0,0,0,0,0,0,0,0,0,53.4982,48.0012,52.5,48.0012,52.5,32.86969,32.86969,32.86969,32.86969,32.86969,32.86969,32.86969,32.86969,0,0,0,42.12937,0,0,0,0,0,0,0,0,0,0,0,0,0,0,0,0,0,0,0,0,0,0,0,0,0,0,0,0,0,0,0,0,276.1364,276.1364,194.64,8.703674,6.827847,35.14639,93.32231,0,0,0,0,210.4636,56.9752,52.5636,0,0,0,0,0,0,0,0,0,0,0,0,0,0,0,0,0,0,0,0,0,0,0,0,0,0,77.67725,0,0,0,0,0,0,0,374.1562,374.7265,373.87,6.8176,12.5566,2.581,0,0,0,0,0,0,0,0,0,0,0,0,0,0,0,0,0,0,0,0,0,0,0,0,0,0,0,0,0,0,0,0,0,0,0,0,0,0,0,0,0,0,0,0,0,0,0,3.304643,0,0,0,0,0,0,0,0,0,0,0.037878,0,0,0,0,0,0,0,0,0,0,0,0,0,0,0,0,0,0,0,0,0,0,0,0,0,0,0,0,0,0,0,0,0,0,0,0,0,0,0,0,0,0,0,0,0,0,0,0,0,0,0,0,0,0,0,0,0,0,0,0,0,0,0,0,0,0,0,0,0,0,0,0,0,0,0,0,0,0,0,0,0,0,0,0,0,0,0,0,0,0,0,0,0,0,0,0,0,0,0,0,0,0,0,0,0,0,0,0,0,0,0,0,0,0,0,0,0,0,0,0,0
2029,1,8,19,0,0,0,0,0,0,0,0,0,0,0,0,294.0449,0,0,0,0,0,0,0,0,0,0,0,0,0,0,0,0,0,0,0,0,0,0,0,0,0,0,0,0,0,0,0,0,0,0,0,0,0,0,0,0,0,185.0753,185.0753,0,185.0753,185.0753,0,0,0,0,0,0,46.19566,86.40128,131.2656,131.2656,0,0,0,0,0,0,0,0,0,0,0,0,0,0,0,53.4982,48.0012,52.5,48.0012,52.5,32.86969,32.86969,32.86969,32.86969,32.86969,32.86969,32.86969,32.86969,0,0,0,42.12937,0,0,0,0,0,0,0,0,0,0,0,0,0,0,0,0,0,0,0,0,0,0,0,0,0,0,0,0,0,0,0,0,276.1364,276.1364,194.64,0,0,36.07866,97,0,0,0,0,191.7046,0,0,0,0,0,0,0,0,0,0,0,0,0,0,0,0,0,0,0,0,0,0,0,0,0,0,0,0,76.77886,0,0,0,0,0,0,0,374.1562,374.7265,373.87,6.8176,12.5566,2.581,0,0,0,0,0,0,0,0,0,0,0,0,0,0,0,0,0,0,0,0,0,0,0,0,0,0,0,0,0,0,0,0,0,0,0,0,0,0,0,0,0,0,0,0,0,0,0,0,0,0,0,0,0,0,0,0,0,0,0,0,0,0,0,0,0,0,0,0,0,0,0,0,0,0,0,0,0,0,0,0,0,0,0,0,0,0,0,0,0,0,0,0,0,0,0,0,0,0,0,0,0,0,0,0,0,0,0,0,0,0,0,0,0,0,0,0,0,0,0,0,0,0,0,0,0,0,0,0,0,0,0,0,0,0,0,0,0,0,0,0,0,0,0,0,0,0,0,0,0,0,0,0,0,0,0,0,0,0,0,0,0,0,0,0,0,0,0,0,0,0,0,0,0,0,0,0,0,0,0,0
2029,1,8,20,0,0,0,0,0,0,0,0,0,0,0,0,294.0449,0,0,0,0,0,0,0,0,0,0,0,0,0,0,0,0,0,0,0,0,0,0,0,0,0,0,0,0,0,0,0,0,0,0,0,0,0,0,0,0,0,185.0753,185.0753,0,185.0753,185.0753,0,0,0,0,0,0,46.19566,86.40128,131.2656,131.2656,0,0,0,0,0,0,0,0,0,0,0,0,0,0,0,53.4982,48.0012,52.5,48.0012,52.5,32.86969,32.86969,32.86969,32.86969,32.86969,32.86969,32.86969,32.86969,0,0,0,42.12937,0,0,0,0,0,0,0,0,0,0,0,0,0,0,0,0,0,0,0,0,0,0,0,0,0,0,0,0,0,0,0,0,276.1364,276.1364,194.64,0,0,42.04515,81.02196,0,17.86876,0,0,151.3214,0,0,0,0,0,0,0,0,0,0,0,0,0,0,0,0,0,0,0,0,0,0,0,0,0,0,0,0,75.77663,0,0,0,0,0,0,0,374.1562,374.7265,373.87,6.8176,12.5566,2.581,0,0,0,0,0,0,0,0,0,0,0,0,0,0,0,0,0,0,0,0,0,0,0,0,0,0,0,0,0,0,0,0,0,0,0,0,0,0,0,0,0,0,0,0,0,0,0,0,0,0,0,0,0,0,0,0,0,0,0,0,0,0,0,0,0,0,0,0,0,0,0,0,0,0,0,0,0,0,0,0,0,0,0,0,0,0,0,0,0,0,0,0,0,0,0,0,0,0,0,0,0,0,0,0,0,0,0,0,0,0,0,0,0,0,0,0,0,0,0,0,0,0,0,0,0,0,0,0,0,0,0,0,0,0,0,0,0,0,0,0,0,0,0,0,0,0,0,0,0,0,0,0,0,0,0,0,0,0,0,0,0,0,0,0,0,0,0,0,0,0,0,0,0,0,0,0,0,0,0,0
2029,1,8,21,0,0,0,0,0,0,0,0,0,0,0,0,132.3202,0,0,0,0,0,0,0,0,0,0,0,0,0,0,0,0,0,0,0,0,0,0,0,0,0,0,0,0,0,0,0,0,0,0,0,0,0,0,0,0,0,185.0753,185.0753,0,185.0753,185.0753,0,0,0,0,0,0,46.19566,86.40128,131.2656,131.2656,0,0,0,0,0,0,0,0,0,0,0,0,0,0,0,53.4982,48.0012,52.5,48.0012,52.5,0,0,0,0,0,0,32.86969,32.86969,0,0,0,42.12937,0,0,0,0,0,0,0,0,0,0,0,0,0,0,0,0,0,0,0,0,0,0,0,0,0,0,0,0,0,0,0,0,276.1364,276.1364,194.64,0,0,44.2169,61.61238,0,32.35031,0,0,123.505,0,0,0,0,0,0,0,0,0,0,0,0,0,0,0,0,0,0,0,0,0,0,0,0,0,0,0,0,76.44411,0,0,0,0,0,0,0,374.1562,374.7265,373.87,6.8176,12.5566,2.581,0,0,0,0,0,0,0,0,0,0,0,0,0,0,0,0,0,0,0,0,0,0,0,0,0,0,0,0,0,0,0,0,0,0,0,0,0,0,0,0,0,0,0,0,0,0,0,0,0,0,0,0,0,0,0,0,0,0,0,0,0,0,0,0,0,0,0,0,0,0,0,0,0,0,0,0,0,0,0,0,0,0,0,0,0,0,0,0,0,0,0,0,0,0,0,0,0,0,0,0,0,0,0,0,0,0,0,0,0,0,0,0,0,0,0,0,0,0,0,0,0,0,0,0,0,0,0,0,0,0,0,0,0,0,0,0,0,0,0,0,0,0,0,0,0,0,0,0,0,0,0,0,0,0,0,0,0,0,0,0,0,0,0,0,0,0,0,0,0,0,0,0,0,0,0,0,0,0,0,0
2029,1,8,22,0,0,0,0,0,0,0,0,0,0,0,0,0,0,0,0,0,0,0,0,0,0,0,0,0,0,0,0,0,0,0,0,0,0,0,0,0,0,0,0,0,0,0,0,0,0,0,0,0,0,0,0,0,0,185.0753,185.0753,0,185.0753,185.0753,0,0,0,0,0,0,46.19566,86.40128,131.2656,131.2656,0,0,0,0,0,0,0,0,0,0,0,0,0,0,0,53.4982,48.0012,52.5,48.0012,52.5,32.86969,32.86969,32.86969,32.86969,32.86969,32.86969,32.86969,32.86969,0,0,0,42.12937,0,0,0,0,0,0,0,0,0,0,0,0,0,0,0,0,0,0,0,0,0,0,0,0,0,0,0,0,0,0,0,0,276.1364,276.1364,194.64,2.487502,0,51.28304,73.07356,0,9.17983,0,0,68.01183,0,0,0,0,0,0,0,0,0,0,0,0,0,0,0,0,0,0,0,0,0,0,0,0,0,0,0,0,75.42465,0,0,0,0,0,0,0,374.1562,374.7265,373.87,6.8176,12.5566,2.581,0,0,0,0,0,0,0,0,0,0,0,0,0,0,0,0,0,0,0,0,0,0,0,0,0,0,0,0,0,0,0,0,0,0,0,0,0,0,0,0,0,0,0,0,0,0,0,0,0,0,0,0,0,0,0,0,0,0,0,0,0,0,0,0,0,0,0,0,0,0,0,0,0,0,0,0,0,0,0,0,0,0,0,0,0,0,0,0,0,0,0,0,0,0,0,0,0,0,0,0,0,0,0,0,0,0,0,0,0,0,0,0,0,0,0,0,0,0,0,0,0,0,0,0,0,0,0,0,0,0,0,0,0,0,0,0,0,0,0,0,0,0,0,0,0,0,0,0,0,0,0,0,0,0,0,0,0,0,0,0,0,0,0,0,0,0,0,0,0,0,0,0,0,0,0,0,0,0,0,0
2029,1,8,23,0,0,0,0,0,0,0,0,0,0,0,0,0,0,0,0,0,0,0,0,0,0,0,0,0,0,0,0,0,0,0,0,0,0,0,0,0,0,0,0,0,0,0,0,0,0,0,0,0,0,0,0,0,0,185.0753,185.0753,0,185.0753,185.0753,0,0,0,0,0,0,46.19566,86.40128,131.2656,131.2656,0,0,0,0,0,0,0,0,0,0,0,0,0,0,0,53.4982,48.0012,52.5,48.0012,52.5,32.86969,32.86969,32.86969,32.86969,32.86969,32.86969,32.86969,32.86969,0,0,0,42.12937,0,0,0,0,0,0,0,0,0,0,0,0,0,0,0,0,0,0,0,0,0,0,0,0,0,0,0,0,0,0,0,0,276.1364,276.1364,194.64,3.249791,0,46.79971,83.55046,0,231.3612,0,0,61.09705,0,0,0,0,0,0,0,0,0,0,0,0,0,0,0,0,0,0,0,0,0,0,0,0,0,0,0,0,74.30352,0,0,0,0,0,0,0,374.1562,374.7265,373.87,6.8176,12.5566,2.581,0,0,0,0,0,0,0,0,0,0,0,0,0,0,0,0,0,0,0,0,0,0,0,0,0,0,0,0,0,0,0,0,0,0,0,0,0,0,0,0,0,0,0,0,0,0,0,0,0,0,0,0,0,0,0,0,0,0,0,0,0,0,0,0,0,0,0,0,0,0,0,0,0,0,0,0,0,0,0,0,0,0,0,0,0,0,0,0,0,0,0,0,0,0,0,0,0,0,0,0,0,0,0,0,0,0,0,0,0,0,0,0,0,0,0,0,0,0,0,0,0,0,0,0,0,0,0,0,0,0,0,0,0,0,0,0,0,0,0,0,0,0,0,0,0,0,0,0,0,0,0,0,0,0,0,0,0,0,0,0,0,0,0,0,0,0,0,0,0,0,0,0,0,0,0,0,0,0,0,0
2029,1,8,24,0,0,0,0,0,0,0,0,0,0,0,0,0,0,0,0,0,0,0,0,0,0,0,0,0,0,0,0,0,0,0,0,0,0,0,0,0,0,0,0,0,0,0,0,0,0,0,0,0,0,0,0,0,0,185.0753,185.0753,0,185.0753,185.0753,0,0,0,0,0,0,46.19566,86.40128,131.2656,131.2656,0,0,0,0,0,0,0,0,0,0,0,0,0,0,0,53.4982,48.0012,52.5,48.0012,52.5,32.86969,32.86969,32.86969,32.86969,32.86969,32.86969,32.86969,32.86969,0,0,0,42.12937,0,0,0,0,0,0,0,0,0,0,0,0,0,0,0,0,0,0,0,0,0,0,0,0,0,0,0,0,0,0,0,0,276.1364,276.1364,194.64,0,0,53.32556,92.58972,0,484.2238,0,0,44.01215,0,0,0,0,0,0,0,0,0,0,0,0,0,0,0,0,0,0,0,0,0,0,0,0,0,0,0,0,72.83344,0,0,0,0,0,0,0,374.1562,374.7265,373.87,6.8176,12.5566,2.581,0,0,0,0,0,0,0,0,0,0,0,0,0,0,0,0,0,0,0,0,0,0,0,0,0,0,0,0,0,0,0,0,0,0,0,0,0,0,0,0,0,0,0,0,0,0,0,0,0,0,0,0,0,0,0,0,0,0,0,0,0,0,0,0,0,0,0,0,0,0,0,0,0,0,0,0,0,0,0,0,0,0,0,0,0,0,0,0,0,0,0,0,0,0,0,0,0,0,0,0,0,0,0,0,0,0,0,0,0,0,0,0,0,0,0,0,0,0,0,0,0,0,0,0,0,0,0,0,0,0,0,0,0,0,0,0,0,0,0,0,0,0,0,0,0,0,0,0,0,0,0,0,0,0,0,0,0,0,0,0,0,0,0,0,0,0,0,0,0,0,0,0,0,0,0,0,0,0,0,0
2029,1,9,1,0,0,0,0,0,0,0,0,0,0,0,0,0,0,0,0,0,0,0,0,0,0,0,0,0,0,0,0,0,0,0,0,0,0,0,0,0,0,0,0,0,0,0,0,0,0,0,0,0,0,0,0,0,0,185.0753,185.0753,0,185.0753,185.0753,0,0,0,0,0,0,46.19566,86.40128,131.2656,131.2656,0,0,0,0,0,0,0,0,0,0,0,0,0,0,0,53.4982,0,0,0,0,0,0,0,0,0,0,0,0,0,0,0,42.12937,0,0,0,0,0,0,0,0,0,0,0,0,0,0,0,0,0,0,0,0,0,0,0,0,0,0,0,0,0,0,0,0,276.1364,276.1364,158.628,0,0,59.10561,0.008257429,0,483.4383,0,0,37.47934,0,0,0,0,0,0,0,0,0,0,0,0,0,0,0,0,0,0,0,0,0,0,0,0,0,0,0,0,71.58545,0,300,0,0,0,0,0,374.1562,374.7265,373.87,6.8176,12.5566,2.581,0,0,0,0,0,0,0,0,0,0,0,0,0,0,0,0,0,0,0,0,0,0,0,0,0,0,0,0,0,0,0,0,0,0,0,0,0,0,0,0,0,0,0,0,0,0,0,0,0,0,0,0,0,0,0,0,0,0,0,0,0,0,0,0,0,0,0,0,0,0,0,0,0,0,0,0,0,0,0,0,0,0,0,0,0,0,0,0,0,0,0,0,0,0,0,0,0,0,0,0,0,0,0,0,0,0,0,0,0,0,0,0,0,0,0,0,0,0,0,0,0,0,0,0,0,0,0,0,0,0,0,0,0,0,0,0,0,0,0,0,0,0,0,0,0,0,0,0,0,0,0,0,0,0,0,0,0,0,0,0,0,0,0,0,0,0,0,0,0,0,0,0,0,0,0,0,0,0,0,0
2029,1,9,2,0,0,0,0,0,0,0,0,0,0,0,0,0,0,0,0,0,0,0,0,0,0,0,0,0,0,0,0,0,0,0,0,0,0,0,0,0,0,0,0,0,0,0,0,0,0,0,0,0,0,0,0,0,0,185.0753,185.0753,0,185.0753,185.0753,0,0,0,0,0,0,46.19566,86.40128,131.2656,131.2656,0,0,0,0,0,0,0,0,0,0,0,0,0,0,0,53.4982,48.0012,52.5,48.0012,52.5,0,0,0,0,0,0,0,0,0,0,0,42.12937,0,0,0,0,0,0,0,0,0,0,0,0,0,0,0,0,0,0,0,0,0,0,0,0,0,0,0,0,0,0,0,0,276.1364,276.1364,79.20564,0,0,68.33503,0.01783889,0,442.5464,0,0,41.76614,0,0,0,0,0,0,0,0,0,0,0,0,0,0,0,0,0,0,0,0,0,0,0,0,0,0,0,0,71.45315,0,172.3055,0,0,0,0,0,374.1562,374.7265,373.87,6.8176,12.5566,2.581,0,0,0,0,0,0,0,0,0,0,0,0,0,0,0,0,0,0,0,0,0,0,0,0,0,0,0,0,0,0,0,0,0,0,0,0,0,0,0,0,0,0,0,0,0,0,0,0,0,0,0,0,0,0,0,0,0,0,0,0,0,0,0,0,0,0,0,0,0,0,0,0,0,0,0,0,0,0,0,0,0,0,0,0,0,0,0,0,0,0,0,0,0,0,0,0,0,0,0,0,0,0,0,0,0,0,0,0,0,0,0,0,0,0,0,0,0,0,0,0,0,0,0,0,0,0,0,0,0,0,0,0,0,0,0,0,0,0,0,0,0,0,0,0,0,0,0,0,0,0,0,0,0,0,0,0,0,0,0,0,0,0,0,0,0,0,0,0,0,0,0,0,0,0,0,0,0,0,0,0
2029,1,9,3,0,0,0,0,0,0,0,0,0,0,0,0,0,0,0,0,0,0,0,0,0,0,0,0,0,0,0,0,0,0,0,0,0,0,0,0,0,0,0,0,0,0,0,0,0,0,0,0,0,0,0,0,0,0,185.0753,185.0753,0,185.0753,185.0753,0,0,0,0,0,0,46.19566,86.40128,131.2656,131.2656,0,0,0,0,0,0,0,0,0,0,0,0,0,0,0,53.4982,48.0012,52.5,48.0012,52.5,32.86969,32.86969,32.86969,32.86969,32.86969,32.86969,32.86969,32.86969,0,0,0,42.12937,0,0,0,0,0,0,0,0,0,0,0,0,0,0,0,0,0,0,0,0,0,0,0,0,0,0,0,0,0,0,0,0,276.1364,276.1364,167.9449,1.741664,0,73.8354,0,0,411.276,0,0,62.51759,0,0,0,0,0,0,0,0,0,0,0,0,0,0,0,0,0,0,0,0,0,0,0,0,0,0,0,0,71.20101,0,0,0,0,0,0,0,374.1562,374.7265,373.87,6.8176,12.5566,2.581,0,0,0,0,0,0,0,0,0,0,0,0,0,0,0,0,0,0,0,0,0,0,0,0,0,0,0,0,0,0,0,0,0,0,0,0,0,0,0,0,0,0,0,0,0,0,0,0,0,0,0,0,0,0,0,0,0,0,0,0,0,0,0,0,0,0,0,0,0,0,0,0,0,0,0,0,0,0,0,0,0,0,0,0,0,0,0,0,0,0,0,0,0,0,0,0,0,0,0,0,0,0,0,0,0,0,0,0,0,0,0,0,0,0,0,0,0,0,0,0,0,0,0,0,0,0,0,0,0,0,0,0,0,0,0,0,0,0,0,0,0,0,0,0,0,0,0,0,0,0,0,0,0,0,0,0,0,0,0,0,0,0,0,0,0,0,0,0,0,0,0,0,0,0,0,0,0,0,0,0
2029,1,9,4,0,0,0,0,0,0,0,0,0,0,0,0,0,0,0,0,0,0,0,0,0,0,0,0,0,0,0,0,0,0,0,0,0,0,0,0,0,0,0,0,0,0,0,0,0,0,0,0,0,0,0,0,0,0,185.0753,185.0753,0,185.0753,185.0753,0,0,0,0,0,0,46.19566,86.40128,131.2656,131.2656,0,0,0,0,0,0,0,0,0,0,0,0,0,0,0,53.4982,48.0012,52.5,48.0012,52.5,32.86969,32.86969,32.86969,32.86969,32.86969,32.86969,32.86969,32.86969,0,0,0,42.12937,0,0,0,0,0,0,0,0,0,0,0,0,0,0,0,0,0,0,0,0,0,0,0,0,0,0,0,0,0,0,0,0,276.1364,276.1364,194.64,0,0,76.63219,0,0,433.1211,0,0,73.01071,0,0,0,0,0,0,0,0,0,0,0,0,0,0,0,0,0,0,0,0,0,0,0,0,0,0,0,0,71.69983,0,0,0,0,0,0,0,374.1562,374.7265,373.87,6.8176,12.5566,2.581,0,0,0,0,0,0,0,0,0,0,0,0,0,0,0,0,0,0,0,0,0,0,0,0,0,0,0,0,0,0,0,0,0,0,0,0,0,0,0,0,0,0,0,0,0,0,0,0,0,0,0,0,0,0,0,0,0,0,0,0,0,0,0,0,0,0,0,0,0,0,0,0,0,0,0,0,0,0,0,0,0,0,0,0,0,0,0,0,0,0,0,0,0,0,0,0,0,0,0,0,0,0,0,0,0,0,0,0,0,0,0,0,0,0,0,0,0,0,0,0,0,0,0,0,0,0,0,0,0,0,0,0,0,0,0,0,0,0,0,0,0,0,0,0,0,0,0,0,0,0,0,0,0,0,0,0,0,0,0,0,0,0,0,0,0,0,0,0,0,0,0,0,0,0,0,0,0,0,0,0
2029,1,9,5,0,0,0,0,0,0,0,0,0,0,0,0,0,0,0,0,0,0,0,0,0,0,0,0,0,0,0,0,0,0,0,0,0,0,0,0,0,0,0,0,0,0,0,0,0,0,0,0,0,0,0,0,0,0,185.0753,185.0753,0,185.0753,185.0753,0,0,0,0,0,0,46.19566,86.40128,131.2656,131.2656,0,0,0,0,0,0,0,0,0,0,0,0,0,0,0,53.4982,48.0012,52.5,48.0012,52.5,32.86969,32.86969,32.86969,32.86969,32.86969,32.86969,32.86969,0,0,0,0,42.12937,0,0,0,0,0,0,0,0,0,0,0,0,0,0,0,0,0,0,0,0,0,0,0,0,0,0,0,0,0,0,0,0,276.1364,276.1364,194.64,0,0,74.76765,0.4933114,0,480.5911,0,0,65.95067,0,0,0,0,0,0,0,0,0,0,0,0,0,0,0,0,0,0,0,0,0,0,0,0,0,0,0,0,72.86977,0,0,0,0,0,0,0,374.1562,374.7265,373.87,6.8176,12.5566,2.581,0,0,0,0,0,0,0,0,0,0,0,0,0,0,0,0,0,0,0,0,0,0,0,0,0,0,0,0,0,0,0,0,0,0,0,0,0,0,0,0,0,0,0,0,0,0,0,0,0,0,0,0,0,0,0,0,0,0,0,0,0,0,0,0,0,0,0,0,0,0,0,0,0,0,0,0,0,0,0,0,0,0,0,0,0,0,0,0,0,0,0,0,0,0,0,0,0,0,0,0,0,0,0,0,0,0,0,0,0,0,0,0,0,0,0,0,0,0,0,0,0,0,0,0,0,0,0,0,0,0,0,0,0,0,0,0,0,0,0,0,0,0,0,0,0,0,0,0,0,0,0,0,0,0,0,0,0,0,0,0,0,0,0,0,0,0,0,0,0,0,0,0,0,0,0,0,0,0,0,0
2029,1,9,6,0,0,0,0,0,0,0,0,0,0,0,0,0,0,0,0,0,0,0,0,0,0,0,0,0,0,0,0,0,0,0,0,0,0,0,0,0,0,0,0,0,0,0,0,0,0,0,0,0,0,0,0,0,0,185.0753,185.0753,0,185.0753,185.0753,0,0,0,0,0,0,46.19566,86.40128,131.2656,131.2656,0,0,0,0,0,0,0,0,0,0,0,0,0,0,0,53.4982,48.0012,52.5,48.0012,52.5,32.86969,32.86969,32.86969,32.86969,32.86969,0,32.86969,32.86969,0,0,0,42.12937,0,0,0,0,0,0,0,0,0,0,0,0,0,0,0,0,0,0,0,0,0,0,0,0,0,0,0,0,0,0,0,0,276.1364,276.1364,194.64,0,0,69.82665,12.79162,0,484.9601,0,0,43.46758,0,0,0,0,0,0,0,0,0,0,0,0,0,0,0,0,0,0,0,0,0,0,0,0,0,0,0,0,74.51353,0,0,0,0,0,0,0,374.1562,374.7265,373.87,6.8176,12.5566,2.581,0,0,0,0,0,0,0,0,0,0,0,0,0,0,0,0,0,0,0,0,0,0,0,0,0,0,0,0,0,0,0,0,0,0,0,0,0,0,0,0,0,0,0,0,0,0,0,0,0,0,0,0,0,0,0,0,0,0,0,0,0,0,0,0,0,0,0,0,0,0,0,0,0,0,0,0,0,0,0,0,0,0,0,0,0,0,0,0,0,0,0,0,0,0,0,0,0,0,0,0,0,0,0,0,0,0,0,0,0,0,0,0,0,0,0,0,0,0,0,0,0,0,0,0,0,0,0,0,0,0,0,0,0,0,0,0,0,0,0,0,0,0,0,0,0,0,0,0,0,0,0,0,0,0,0,0,0,0,0,0,0,0,0,0,0,0,0,0,0,0,0,0,0,0,0,0,0,0,0,0
2029,1,9,7,0,0,0,0,0,0,0,0,0,0,0,0,0,0,0,0,0,0,0,0,0,0,0,0,0,0,0,0,0,0,0,0,0,0,0,0,0,0,0,0,0,0,0,0,0,0,0,0,0,0,0,0,0,0,185.0753,185.0753,0,185.0753,185.0753,0,0,0,0,0,0,46.19566,86.40128,131.2656,131.2656,0,0,0,0,0,0,0,0,0,0,0,0,0,0,0,53.4982,48.0012,52.5,48.0012,52.5,32.86969,32.86969,32.86969,32.86969,32.86969,32.86969,32.86969,32.86969,0,0,0,42.12937,0,0,0,0,0,0,0,0,0,0,0,0,0,0,0,0,0,0,0,0,0,0,0,0,0,0,0,0,0,0,0,0,276.1364,276.1364,194.64,8.955576,6.301006,67.21631,19.42645,0,484.9601,0,0,116.8774,0,0,0,0,0,0,0,0,0,0,0,0,0,0,0,0,0,0,0,0,0,0,0,0,0,0,0,0,75.55978,0,0,0,0,0,0,0,374.1562,374.7265,373.87,6.8176,12.5566,2.581,0,0,0,0,0,0,0,0,0,0,0,0,0,0,0,0,0,0,0,0,0,0,0,0,0,0,0,0,0,0,0,0,0,0,0,0,0,0,0,0,0,0,0,0,0,0,0,0,0,0,0,0,0,0,0,0,0,0,0,0,0,0,0,0,0,0,0,0,0,0,0,0,0,0,0,0,0,0,0,0,0,0,0,0,0,0,0,0,0,0,0,0,0,0,0,0,0,0,0,0,0,0,0,0,0,0,0,0,0,0,0,0,0,0,0,0,0,0,0,0,0,0,0,0,0,0,0,0,0,0,0,0,0,0,0,0,0,0,0,0,0,0,0,0,0,0,0,0,0,0,0,0,0,0,0,0,0,0,0,0,0,0,0,0,0,0,0,0,0,0,0,0,0,0,0,0,0,0,0,0
2029,1,9,8,0,0,0,2.0475,0,0,0,0,0.039416,0.133666,0.129836,0.05078615,0,7.6615,10.6975,0,0,0.054882,0,0,1.311783,0.0268756,0.041888,0,0,0,0.115169,0,0,0,0,0,0,0,0,0.156854,0,0,0,3.579367,0.671131,0,0,0,0,0,0,0,0,0,0,0,0,0,185.0753,185.0753,0,185.0753,185.0753,0,0,0,0,0,0,46.19566,86.40128,131.2656,131.2656,0,0,0,0,0,0,0,0,0,0,0,0,0,0,0,53.4982,48.0012,52.5,48.0012,52.5,0,0,0,0,0,0,0,0,0,0,0,42.12937,0,0,0,0,0,0,0,0,0,0,0,0,0,0,0,0,0,0,0,0,0,0,0,0,0,0,0,0,0,0,0,0,276.1364,276.1364,194.64,10.27261,7.249319,65.0721,1.986782,0,484.7147,0,0,115.8884,0,0,0,0,0,0,0,0,0,0,0,0,0,0,0,0,0,0,0,0,0,0,0,0,0,0,0,0,75.32159,0,0,0,0,0,0,0,374.1562,374.7265,373.87,6.8176,12.5566,2.581,0,0,0,0,0,0,0,0,0,0,0,0,0,0,0,0,0,0,0,0,0,0,0,0,0,0,0,0,0,0,0,0,0,0,0,0,0,0,0,0,0,0,0,0,0,0,0,2.000385,0,0,0,0,0,0,0,0,0,0,0.022928,0,0,0,0,0,0,0,0,0,0,0,0,0,0,0,0,0,0,0,0,0,0,0,0,0,0,0,0,0,0,0,0,0,0,0,0,0,0,0,0,0,0,0,0,0,0,0,0,0,0,0,0,0,0,0,0,0,0,0,0,0,0,0,0,0,0,0,0,0,0,0,0,0,0,0,0,0,0,0,0,0,0,0,0,0,0,0,0,0,0,0,0,0,0,0,0,0,0,0,0,0,0,0,0,0,0,0,0,0,0,0,0,0,0,0,0,0,0,0,0,0
2029,1,9,9,53.28466,1.798308,85.43092,76.6125,2.207434,71.86609,2.439125,2.114302,3.541397,12.00932,11.66525,4.56292,0,23.5815,32.4225,0,1.869997,4.930933,78.1872,0,42.98986,0.8226756,3.763437,14.36491,28.88206,0,3.525373,11.88,0.451666,1.641297,1.168502,0,0,0,0,14.09268,1.64316,0,62.50964,191.1794,35.84613,0,3.016903,97.93854,4.071687,21.80459,0,0,0,0,0,0,0,0,185.0753,128.7091,0,162.1922,128.7091,0,0,0,0,0,0,46.19566,69.30102,131.2656,131.2656,0,0,0,0,0,0,0,0,0,0,0,0,0,0,0,53.4982,48.0012,52.5,48.0012,52.5,0,32.86969,0,0,32.86969,32.86969,32.86969,32.86969,0,0,0,42.12937,0,0,0,0,0,0,0,0,0,0,0,0,0,0,0,0,0,0,0,0,0,0,0,0,0,0,0,0,0,0,0,0,276.1364,276.1364,194.64,0,0,68.70793,0.01224466,0,305.2907,0,0,98.32813,175.7772,216.6129,0,0,0,0,0,0,0,0,0,0,0,0,0,0,0,0,0,0,0,0,0,0,0,0,0,0,75.54301,0,0,0,0,0,0,0,374.1562,374.7265,373.87,6.8176,12.5566,2.581,0,0,0,0,0,0,0,0,0,0,0,0,0,0,0,0,0,0,0,0,0,0,0,0,0,0,0,0,0,0,0,0,0,0,0,0,0,0,0,0,0,0,0,0,0,0,0,179.7261,0,0,0,0,0,0,0,0,0,0,2.06002,0,0,0,0,0,0,0,0,0,0,0,0,0,0,0,0,0,0,0,0,0,0,0,0,0,0,0,0,0,0,0,0,0,0,0,0,0,0,0,0,0,0,0,0,0,0,0,0,0,0,0,0,0,0,0,0,0,0,0,0,0,0,0,0,0,0,0,0,0,0,0,0,0,0,0,0,0,0,0,0,0,0,0,0,0,0,0,0,0,0,0,0,0,0,0,0,0,0,0,0,0,0,0,0,0,0,0,0,0,0,0,0,0,0,0,0,0,0,0,0,0
2029,1,9,10,106.5615,11.26142,233.5908,185.985,13.51325,165.7086,23.29411,13.24025,8.604268,29.17816,28.3422,11.08619,0,78.5055,110.77,0,11.71035,11.98032,137.3904,0,86.03614,1.981096,9.143742,84.39384,169.6821,0,8.489498,115.095,2.828437,10.04753,7.15322,0,0,0,0,34.23993,10.28985,0,122.0854,323.5849,60.67216,0,67.20382,204.8092,11.58169,39.05523,0,0,0,0,0,0,0,0,128.7091,128.7091,0,128.7091,128.7091,0,0,0,0,0,0,46.19566,69.30102,131.2656,131.2656,0,0,0,0,0,0,0,0,0,0,0,0,0,0,0,0,0,0,0,0,0,0,0,0,0,0,0,0,0,0,0,42.12937,0,0,0,0,0,0,0,0,0,0,0,0,0,0,0,0,0,0,0,0,0,0,0,0,0,0,0,0,0,0,0,0,276.1364,276.1364,194.64,0,0,57.61398,0,0,210.007,0,0,14.52585,356.7792,474.2028,0,0,0,0,0,0,0,0,0,0,0,0,0,0,0,0,0,0,0,0,0,0,0,0,0,0,75.73903,0,0,0,0,0,0,0,374.1562,374.7265,373.87,6.8176,12.5566,2.581,0,0,0,0,0,0,0,0,0,0,0,0,0,0,0,0,0,0,0,0,0,0,0,0,0,0,0,0,0,0,0,0,0,0,0,0,0,0,0,0,0,0,0,0,0,0,0,436.6671,0,0,0,0,0,0,0,0,0,0,5.005078,0,0,0,0,0,0,0,0,0,0,0,0,0,0,0,0,0,0,0,0,0,0,0,0,0,0,0,0,0,0,0,0,0,0,0,0,0,0,0,0,0,0,0,0,0,0,0,0,0,0,0,0,0,0,0,0,0,0,0,0,0,0,0,0,0,0,0,0,0,0,0,0,0,0,0,0,0,0,0,0,0,0,0,0,0,0,0,0,0,0,0,0,0,0,0,0,0,0,0,0,0,0,0,0,0,0,0,0,0,0,0,0,0,0,0,0,0,0,0,0,0
2029,1,9,11,108.159,11.95078,240.8527,182.52,13.89578,164.3167,39.32524,14.05074,9.13097,30.96428,30.07714,11.76482,0,58.2075,82.1425,0,12.42719,12.71369,139.5744,0,86.90836,2.859079,9.703468,109.456,220.0721,0,12.25188,70.5,3.001577,10.33196,7.355712,0,0,0,0,36.33589,10.91973,0,118.8654,314.6851,59.00345,0,138.4813,215.7076,20.06547,31.42952,0,0,0,0,0,0,0,0,128.7091,128.7091,0,128.7091,128.7091,0,0,0,0,0,0,46.19566,69.30102,131.2656,131.2656,0,0,0,0,0,0,0,0,0,0,0,0,0,0,0,0,0,0,0,0,0,0,0,0,0,0,0,0,0,0,0,42.12937,0,0,0,0,0,0,0,0,0,0,0,0,0,0,0,0,0,0,0,0,0,0,0,0,0,0,0,0,0,0,0,0,276.1364,276.1364,194.64,0,0,55.563,0,0,414.9087,0,0,76.72546,514.7672,699.0111,0,0,0,0,0,0,0,0,0,0,0,0,0,0,0,0,0,0,0,0,0,0,0,0,0,0,75.59724,0,0,0,0,0,0,0,374.1562,374.7265,373.87,6.8176,12.5566,2.581,0,0,0,0,0,0,0,0,0,0,0,0,0,0,0,0,0,0,0,0,0,0,0,0,0,0,0,0,0,0,0,0,0,0,0,0,0,0,0,0,0,0,0,0,0,0,0,463.3973,0,0,0,0,0,0,0,0,0,0,5.31146,0,0,0,0,0,0,0,0,0,0,0,0,0,0,0,0,0,0,0,0,0,0,0,0,0,0,0,0,0,0,0,0,0,0,0,0,0,0,0,0,0,0,0,0,0,0,0,0,0,0,0,0,0,0,0,0,0,0,0,0,0,0,0,0,0,0,0,0,0,0,0,0,0,0,0,0,0,0,0,0,0,0,0,0,0,0,0,0,0,0,0,0,0,0,0,0,0,0,0,0,0,0,0,0,0,0,0,0,0,0,0,0,0,0,0,0,0,0,0,0,0
2029,1,9,12,102.9024,11.23007,231.9153,172.3725,12.9287,154.9857,38.15709,13.20339,8.580315,29.09694,28.2633,11.05533,0,97.6095,138.985,0,11.67775,11.94697,132.1656,0,83.24526,3.419883,9.118288,98.60593,198.2569,0,14.65506,80.07,2.820563,9.612902,6.84379,0,0,0,0,34.14461,10.26121,0,112.4151,280.9716,52.68217,0,132.0165,203.7263,24.31716,26.32693,0,0,0,0,0,0,0,0,128.7091,128.7091,0,128.7091,128.7091,0,0,0,0,0,0,46.19566,69.30102,131.2656,131.2656,0,0,0,0,0,0,0,0,0,0,0,0,0,0,0,0,0,0,0,0,0,0,0,0,0,0,0,0,0,0,0,42.12937,0,0,0,0,0,0,0,0,0,0,0,0,0,0,0,0,0,0,0,0,0,0,0,0,0,0,0,0,0,0,0,0,276.1364,276.1364,194.64,1.147366,0,48.47778,0,0,485.1074,0,0,139.0431,617.2728,844.8327,0,0,0,0,0,0,0,0,0,0,0,0,0,0,0,0,0,0,0,0,0,0,0,0,0,0,75.95164,0,0,0,0,0,0,0,374.1562,374.7265,373.87,6.8176,12.5566,2.581,0,0,0,0,0,0,0,0,0,0,0,0,0,0,0,0,0,0,0,0,0,0,0,0,0,0,0,0,0,0,0,0,0,0,0,0,0,0,0,0,0,0,0,0,0,0,0,435.4515,0,0,0,0,0,0,0,0,0,0,4.991145,0,0,0,0,0,0,0,0,0,0,0,0,0,0,0,0,0,0,0,0,0,0,0,0,0,0,0,0,0,0,0,0,0,0,0,0,0,0,0,0,0,0,0,0,0,0,0,0,0,0,0,0,0,0,0,0,0,0,0,0,0,0,0,0,0,0,0,0,0,0,0,0,0,0,0,0,0,0,0,0,0,0,0,0,0,0,0,0,0,0,0,0,0,0,0,0,0,0,0,0,0,0,0,0,0,0,0,0,0,0,0,0,0,0,0,0,0,0,0,0,0
2029,1,9,13,95.24864,10.63012,222.4051,161.73,12.29826,149.9867,33.47246,12.49802,8.121926,27.54248,26.75338,10.46471,0,115.7185,165.33,0,11.05389,11.30872,127.5624,0,80.69892,3.643329,8.631158,100.478,202.0208,0,15.61259,105.915,2.669879,9.144149,6.510067,0,0,0,0,32.32049,9.713017,0,108.475,268.119,50.27231,0,118.8196,195.9688,19.82705,24.79146,0,0,0,0,0,0,0,0,128.7091,128.7091,0,128.7091,128.7091,0,0,0,0,0,0,46.19566,69.30102,131.2656,131.2656,0,0,0,0,0,0,0,0,0,0,0,0,0,0,0,0,0,0,0,0,0,0,0,0,0,0,0,0,0,0,0,42.12937,0,0,0,0,0,0,0,0,0,0,0,0,0,0,0,0,0,0,0,0,0,0,0,0,0,0,0,0,0,0,0,0,276.1364,276.1364,194.64,0,0,38.12964,0,0,485.1565,0,0,167.3569,509.0448,690.957,0,0,0,0,0,0,0,0,0,0,0,0,0,0,0,0,0,0,0,0,0,0,0,0,0,0,76.07915,0,947.7823,0,0,0,0,0,374.1562,374.7265,373.87,6.8176,12.5566,2.581,0,0,0,0,0,0,0,0,0,0,0,0,0,0,0,0,0,0,0,0,0,0,0,0,0,0,0,0,0,0,0,0,0,0,0,0,0,0,0,0,0,0,0,0,0,0,0,412.1882,0,0,0,0,0,0,0,0,0,0,4.724502,0,0,0,0,0,0,0,0,0,0,0,0,0,0,0,0,0,0,0,0,0,0,0,0,0,0,0,0,0,0,0,0,0,0,0,0,0,0,0,0,0,0,0,0,0,0,0,0,0,0,0,0,0,0,0,0,0,0,0,0,0,0,0,0,0,0,0,0,0,0,0,0,0,0,0,0,0,0,0,0,0,0,0,0,0,0,0,0,0,0,0,0,0,0,0,0,0,0,0,0,0,0,0,0,0,0,0,0,0,0,0,0,0,0,0,0,0,0,0,0,0
2029,1,9,14,102.7805,10.81661,224.359,175.95,12.50833,154.1297,37.38499,12.71728,8.264413,28.02567,27.22273,10.6483,0,97.112,138.3525,0,11.24781,11.50712,129.5448,0,82.44136,3.570351,8.782579,103.7635,208.6268,0,15.29986,78.015,2.716718,9.300342,6.621266,0,0,0,0,32.8875,9.883418,0,109.2513,267.8592,50.2236,0,135.8987,201.4648,25.27081,26.8296,0,0,0,0,0,0,0,0,128.7091,128.7091,0,128.7091,128.7091,0,0,0,0,0,0,46.19566,69.30102,131.2656,131.2656,0,0,0,0,0,0,0,0,0,0,0,0,0,0,0,0,0,0,0,0,0,0,0,0,0,0,0,0,0,0,0,42.12937,0,0,0,0,0,0,0,0,0,0,0,0,0,0,0,0,0,0,0,0,0,0,0,0,0,0,0,0,0,0,0,0,276.1364,276.1364,194.64,0,0,40.0874,0.03674209,0,485.6965,0,0,178.6255,640.2868,877.6143,0,0,0,0,0,0,0,0,0,0,0,0,0,0,0,0,0,0,0,0,0,0,0,0,0,0,76.20219,0,0,0,0,0,0,0,374.1562,374.7265,373.87,6.8176,12.5566,2.581,0,0,0,0,0,0,0,0,0,0,0,0,0,0,0,0,0,0,0,0,0,0,0,0,0,0,0,0,0,0,0,0,0,0,0,0,0,0,0,0,0,0,0,0,0,0,0,419.4195,0,0,0,0,0,0,0,0,0,0,4.807386,0,0,0,0,0,0,0,0,0,0,0,0,0,0,0,0,0,0,0,0,0,0,0,0,0,0,0,0,0,0,0,0,0,0,0,0,0,0,0,0,0,0,0,0,0,0,0,0,0,0,0,0,0,0,0,0,0,0,0,0,0,0,0,0,0,0,0,0,0,0,0,0,0,0,0,0,0,0,0,0,0,0,0,0,0,0,0,0,0,0,0,0,0,0,0,0,0,0,0,0,0,0,0,0,0,0,0,0,0,0,0,0,0,0,0,0,0,0,0,0,0
2029,1,9,15,108.5725,11.42973,233.9057,184.725,13.1715,162.8267,37.98407,13.43813,8.732863,29.61424,28.76579,11.25188,0,53.0335,74.6075,0,11.88537,12.15937,134.7024,0,86.02525,3.258592,9.2804,58.0327,116.6805,0,13.96389,112.755,2.870709,9.793433,6.972317,0,0,0,0,34.75166,10.44364,0,109.7406,280.6752,52.62661,0,155.8288,209.2882,21.53568,12.2303,0,0,0,0,0,0,0,0,128.7091,128.7091,0,128.7091,128.7091,0,0,0,0,0,0,46.19566,69.30102,131.2656,131.2656,0,0,0,0,0,0,0,0,0,0,0,0,0,0,0,0,0,0,0,0,0,0,0,0,0,0,0,0,0,0,0,42.12937,0,0,0,0,0,0,0,0,0,0,0,0,0,0,0,0,0,0,0,0,0,0,0,0,0,0,0,0,0,0,0,0,276.1364,276.1364,163.3587,0,0,49.5965,1.49878,0,485.7455,0,0,166.312,550.2212,749.4552,0,0,0,0,0,0,0,0,0,0,0,0,0,0,0,0,0,0,0,0,0,0,0,0,0,0,77.24013,0,296.9873,0,0,0,0,0,374.1562,374.7265,373.87,6.8176,12.5566,2.581,0,0,0,0,0,0,0,0,0,0,0,0,0,0,0,0,0,0,0,0,0,0,0,0,0,0,0,0,0,0,0,0,0,0,0,0,0,0,0,0,0,0,0,0,0,0,0,443.1933,0,0,0,0,0,0,0,0,0,0,5.079882,0,0,0,0,0,0,0,0,0,0,0,0,0,0,0,0,0,0,0,0,0,0,0,0,0,0,0,0,0,0,0,0,0,0,0,0,0,0,0,0,0,0,0,0,0,0,0,0,0,0,0,0,0,0,0,0,0,0,0,0,0,0,0,0,0,0,0,0,0,0,0,0,0,0,0,0,0,0,0,0,0,0,0,0,0,0,0,0,0,0,0,0,0,0,0,0,0,0,0,0,0,0,0,0,0,0,0,0,0,0,0,0,0,0,0,0,0,0,0,0,0
2029,1,9,16,105.9559,11.49277,235.67,185.2425,11.98137,161.9643,17.54634,13.51225,8.781031,29.77759,28.92445,11.31394,74.49136,20.3975,29.15,0,11.95092,12.22644,135.66,0,85.92229,2.634677,9.331588,29.4557,59.22359,0,11.29026,71.235,2.886544,8.908533,6.342323,0,0,0,0,34.94334,10.50124,0,108.1862,197.3083,36.99532,0,104.4314,210.9198,13.88635,6.793112,0,0,0,0,0,0,0,0,128.7091,128.7091,0,128.7091,128.7091,0,0,0,0,0,0,46.19566,69.30102,131.2656,131.2656,0,0,0,0,0,0,0,0,0,0,0,0,0,0,0,0,0,0,0,0,0,0,0,0,0,0,0,0,0,0,0,42.12937,0,0,0,0,0,0,0,0,0,0,0,0,0,0,0,0,0,0,0,0,0,0,0,0,0,0,0,0,0,0,0,0,276.1364,276.1364,115.4363,0.4069299,0,59.29206,2.876205,0,485.7455,0,0,166.784,412.2616,553.1895,0,0,0,0,0,0,0,0,0,0,0,0,0,0,0,0,0,0,0,0,0,0,0,0,0,0,77.89967,0,0,0,0,0,0,0,374.1562,374.7265,373.87,6.8176,12.5566,2.581,0,0,0,0,0,0,0,0,0,0,0,0,0,0,0,0,0,0,0,0,0,0,0,0,0,0,0,0,0,0,0,0,0,0,0,0,0,0,0,0,0,0,0,0,0,0,0,445.6378,0,0,0,0,0,0,0,0,0,0,5.107901,0,0,0,0,0,0,0,0,0,0,0,0,0,0,0,0,0,0,0,0,0,0,0,0,0,0,0,0,0,0,0,0,0,0,0,0,0,0,0,0,0,0,0,0,0,0,0,0,0,0,0,0,0,0,0,0,0,0,0,0,0,0,0,0,0,0,0,0,0,0,0,0,0,0,0,0,0,0,0,0,0,0,0,0,0,0,0,0,0,0,0,0,0,0,0,0,0,0,0,0,0,0,0,0,0,0,0,0,0,0,0,0,0,0,0,0,0,0,0,0,0
2029,1,9,17,50.41841,3.680182,186.9709,94.77,4.224966,90.08822,21.38385,4.326854,4.979239,16.88523,16.40146,6.415511,294.0449,0.6965,1.0175,0,3.82689,6.932941,114.24,0,49.31216,1.491469,5.291429,39.31247,79.0416,0,6.391323,44.595,0.9243206,3.141397,2.23648,0,0,0,0,19.81444,3.362677,0,63.28778,26.01373,4.877574,0,61.12158,127.9199,6.575021,4.507229,0,0,0,0,0,0,0,0,128.7091,128.7091,0,128.7091,128.7091,0,0,0,0,0,0,46.19566,69.30102,131.2656,131.2656,0,0,0,0,0,0,0,0,0,0,0,0,0,0,0,53.4982,0,0,0,0,32.86969,32.86969,32.86969,32.86969,32.86969,32.86969,32.86969,32.86969,0,0,0,42.12937,0,0,0,0,0,0,0,0,0,0,0,0,0,0,0,0,0,0,0,0,0,0,0,0,0,0,0,0,0,0,0,0,276.1364,276.1364,113.9705,5.891868,3.68788,57.05462,5.935132,0,485.7455,0,0,223.5187,236.1112,302.5233,0,0,0,0,0,0,0,0,0,0,0,0,0,0,0,0,0,0,0,0,0,0,0,0,0,0,77.59425,0,0,0,0,0,0,0,374.1562,374.7265,373.87,6.8176,12.5566,2.581,0,0,0,0,0,0,0,0,0,0,0,0,0,0,0,0,0,0,0,0,0,0,0,0,0,0,0,0,0,0,0,0,0,0,0,0,0,0,0,0,0,0,0,0,0,0,0,252.6967,0,0,0,0,0,0,0,0,0,0,2.896409,0,0,0,0,0,0,0,0,0,0,0,0,0,0,0,0,0,0,0,0,0,0,0,0,0,0,0,0,0,0,0,0,0,0,0,0,0,0,0,0,0,0,0,0,0,0,0,0,0,0,0,0,0,0,0,0,0,0,0,0,0,0,0,0,0,0,0,0,0,0,0,0,0,0,0,0,0,0,0,0,0,0,0,0,0,0,0,0,0,0,0,0,0,0,0,0,0,0,0,0,0,0,0,0,0,0,0,0,0,0,0,0,0,0,0,0,0,0,0,0,0
2029,1,9,18,0,0,17.18325,2.9025,0,1.848364,0.891049,0,0.409923,1.3901,1.350273,0.5281658,294.0449,0,0,0,0,0.570764,0.2184,0,2.088953,0.1819997,0.435624,2.139454,4.301584,0,0.779915,0.165,0,0,0,0,0,0,0,1.631251,0,0,1.279133,0.524022,0.098254,0,3.202141,0,0,0.93618,0,0,0,0,0,0,0,0,185.0753,185.0753,0,185.0753,185.0753,0,0,0,0,0,0,46.19566,69.30102,131.2656,131.2656,0,0,0,0,0,0,0,0,0,0,0,0,0,0,0,53.4982,48.0012,52.5,48.0012,52.5,0,0,0,0,0,0,32.86969,32.86969,0,0,0,42.12937,0,0,0,0,0,0,0,0,0,0,0,0,0,0,0,0,0,0,0,0,0,0,0,0,0,0,0,0,0,0,0,0,276.1364,276.1364,105.4523,1.852743,0,52.7662,6.454713,0,485.7946,0,0,210.4636,65.6832,59.9112,0,0,0,0,0,0,0,0,0,0,0,0,0,0,0,0,0,0,0,0,0,0,0,0,0,0,77.11961,0,0,0,0,0,0,0,374.1562,374.7265,373.87,6.8176,12.5566,2.581,0,0,0,0,0,0,0,0,0,0,0,0,0,0,0,0,0,0,0,0,0,0,0,0,0,0,0,0,0,0,0,0,0,0,0,0,0,0,0,0,0,0,0,0,0,0,0,20.8036,0,0,0,0,0,0,0,0,0,0,0.238451,0,0,0,0,0,0,0,0,0,0,0,0,0,0,0,0,0,0,0,0,0,0,0,0,0,0,0,0,0,0,0,0,0,0,0,0,0,0,0,0,0,0,0,0,0,0,0,0,0,0,0,0,0,0,0,0,0,0,0,0,0,0,0,0,0,0,0,0,0,0,0,0,0,0,0,0,0,0,0,0,0,0,0,0,0,0,0,0,0,0,0,0,0,0,0,0,0,0,0,0,0,0,0,0,0,0,0,0,0,0,0,0,0,0,0,0,0,0,0,0,0
2029,1,9,19,0,0,0,0,0,0,0,0,0,0,0,0,294.0449,0,0,0,0,0,0,0,0,0,0,0,0,0,0,0,0,0,0,0,0,0,0,0,0,0,0,0,0,0,0,0,0,0,0,0,0,0,0,0,0,0,185.0753,185.0753,0,185.0753,185.0753,0,0,0,0,0,0,46.19566,69.30102,131.2656,131.2656,0,0,0,0,0,0,0,0,0,0,0,0,0,0,0,53.4982,48.0012,52.5,48.0012,52.5,0,0,0,0,0,0,32.86969,32.86969,0,0,0,42.12937,0,0,0,0,0,0,0,0,0,0,0,0,0,0,0,0,0,0,0,0,0,0,0,0,0,0,0,0,0,0,0,0,276.1364,276.1364,106.7484,0,0,56.9614,17.33924,0,485.7946,0,0,191.7046,0,0,0,0,0,0,0,0,0,0,0,0,0,0,0,0,0,0,0,0,0,0,0,0,0,0,0,0,76.24026,0,0,0,0,0,0,0,374.1562,374.7265,373.87,6.8176,12.5566,2.581,0,0,0,0,0,0,0,0,0,0,0,0,0,0,0,0,0,0,0,0,0,0,0,0,0,0,0,0,0,0,0,0,0,0,0,0,0,0,0,0,0,0,0,0,0,0,0,0,0,0,0,0,0,0,0,0,0,0,0,0,0,0,0,0,0,0,0,0,0,0,0,0,0,0,0,0,0,0,0,0,0,0,0,0,0,0,0,0,0,0,0,0,0,0,0,0,0,0,0,0,0,0,0,0,0,0,0,0,0,0,0,0,0,0,0,0,0,0,0,0,0,0,0,0,0,0,0,0,0,0,0,0,0,0,0,0,0,0,0,0,0,0,0,0,0,0,0,0,0,0,0,0,0,0,0,0,0,0,0,0,0,0,0,0,0,0,0,0,0,0,0,0,0,0,0,0,0,0,0,0
2029,1,9,20,0,0,0,0,0,0,0,0,0,0,0,0,294.0449,0,0,0,0,0,0,0,0,0,0,0,0,0,0,0,0,0,0,0,0,0,0,0,0,0,0,0,0,0,0,0,0,0,0,0,0,0,0,0,0,0,185.0753,185.0753,0,185.0753,185.0753,0,0,0,0,0,0,46.19566,69.30102,131.2656,131.2656,0,0,0,0,0,0,0,0,0,0,0,0,0,0,0,53.4982,48.0012,52.5,48.0012,52.5,0,0,0,0,0,0,32.86969,32.86969,0,0,0,42.12937,0,0,0,0,0,0,0,0,0,0,0,0,0,0,0,0,0,0,0,0,0,0,0,0,0,0,0,0,0,0,0,0,276.1364,276.1364,106.3937,0,0,57.52076,33.54754,0,448.0444,0,0,151.3214,0,0,0,0,0,0,0,0,0,0,0,0,0,0,0,0,0,0,0,0,0,0,0,0,0,0,0,0,75.32796,0,0,0,0,0,0,0,374.1562,374.7265,373.87,6.8176,12.5566,2.581,0,0,0,0,0,0,0,0,0,0,0,0,0,0,0,0,0,0,0,0,0,0,0,0,0,0,0,0,0,0,0,0,0,0,0,0,0,0,0,0,0,0,0,0,0,0,0,0,0,0,0,0,0,0,0,0,0,0,0,0,0,0,0,0,0,0,0,0,0,0,0,0,0,0,0,0,0,0,0,0,0,0,0,0,0,0,0,0,0,0,0,0,0,0,0,0,0,0,0,0,0,0,0,0,0,0,0,0,0,0,0,0,0,0,0,0,0,0,0,0,0,0,0,0,0,0,0,0,0,0,0,0,0,0,0,0,0,0,0,0,0,0,0,0,0,0,0,0,0,0,0,0,0,0,0,0,0,0,0,0,0,0,0,0,0,0,0,0,0,0,0,0,0,0,0,0,0,0,0,0
2029,1,9,21,0,0,0,0,0,0,0,0,0,0,0,0,98.01495,0,0,0,0,0,0,0,0,0,0,0,0,0,0,0,0,0,0,0,0,0,0,0,0,0,0,0,0,0,0,0,0,0,0,0,0,0,0,0,0,0,185.0753,185.0753,0,185.0753,185.0753,0,0,0,0,0,0,46.19566,69.30102,131.2656,131.2656,0,0,0,0,0,0,0,0,0,0,0,0,0,0,0,53.4982,48.0012,52.5,48.0012,52.5,0,0,0,0,0,0,32.86969,32.86969,0,0,0,42.12937,0,0,0,0,0,0,0,0,0,0,0,0,0,0,0,0,0,0,0,0,0,0,0,0,0,0,0,0,0,0,0,0,276.1364,276.1364,105.7909,0.6539037,0,47.26584,27.79236,0,401.998,0,0,123.505,0,0,0,0,0,0,0,0,0,0,0,0,0,0,0,0,0,0,0,0,0,0,0,0,0,0,0,0,76.02052,0,0,0,0,0,0,0,374.1562,374.7265,373.87,6.8176,12.5566,2.581,0,0,0,0,0,0,0,0,0,0,0,0,0,0,0,0,0,0,0,0,0,0,0,0,0,0,0,0,0,0,0,0,0,0,0,0,0,0,0,0,0,0,0,0,0,0,0,0,0,0,0,0,0,0,0,0,0,0,0,0,0,0,0,0,0,0,0,0,0,0,0,0,0,0,0,0,0,0,0,0,0,0,0,0,0,0,0,0,0,0,0,0,0,0,0,0,0,0,0,0,0,0,0,0,0,0,0,0,0,0,0,0,0,0,0,0,0,0,0,0,0,0,0,0,0,0,0,0,0,0,0,0,0,0,0,0,0,0,0,0,0,0,0,0,0,0,0,0,0,0,0,0,0,0,0,0,0,0,0,0,0,0,0,0,0,0,0,0,0,0,0,0,0,0,0,0,0,0,0,0
2029,1,9,22,0,0,0,0,0,0,0,0,0,0,0,0,0,0,0,0,0,0,0,0,0,0,0,0,0,0,0,0,0,0,0,0,0,0,0,0,0,0,0,0,0,0,0,0,0,0,0,0,0,0,0,0,0,0,185.0753,185.0753,0,185.0753,185.0753,0,0,0,0,0,0,46.19566,69.30102,131.2656,131.2656,0,0,0,0,0,0,0,0,0,0,0,0,0,0,0,53.4982,48.0012,52.5,48.0012,52.5,0,0,0,0,0,0,0,0,0,0,0,42.12937,0,0,0,0,0,0,0,0,0,0,0,0,0,0,0,0,0,0,0,0,0,0,0,0,0,0,0,0,0,0,0,0,276.1364,276.1364,167.1833,0,0,41.20612,20.36864,0,485.7946,0,0,68.01183,0,0,0,0,0,0,0,0,0,0,0,0,0,0,0,0,0,0,0,0,0,0,0,0,0,0,0,0,74.97117,0,0,0,0,0,0,0,374.1562,374.7265,373.87,6.8176,12.5566,2.581,0,0,0,0,0,0,0,0,0,0,0,0,0,0,0,0,0,0,0,0,0,0,0,0,0,0,0,0,0,0,0,0,0,0,0,0,0,0,0,0,0,0,0,0,0,0,0,0,0,0,0,0,0,0,0,0,0,0,0,0,0,0,0,0,0,0,0,0,0,0,0,0,0,0,0,0,0,0,0,0,0,0,0,0,0,0,0,0,0,0,0,0,0,0,0,0,0,0,0,0,0,0,0,0,0,0,0,0,0,0,0,0,0,0,0,0,0,0,0,0,0,0,0,0,0,0,0,0,0,0,0,0,0,0,0,0,0,0,0,0,0,0,0,0,0,0,0,0,0,0,0,0,0,0,0,0,0,0,0,0,0,0,0,0,0,0,0,0,0,0,0,0,0,0,0,0,0,0,0,0
2029,1,9,23,0,0,0,0,0,0,0,0,0,0,0,0,0,0,0,0,0,0,0,0,0,0,0,0,0,0,0,0,0,0,0,0,0,0,0,0,0,0,0,0,0,0,0,0,0,0,0,0,0,0,0,0,0,0,185.0753,185.0753,0,185.0753,185.0753,0,0,0,0,0,0,46.19566,86.40128,131.2656,131.2656,0,0,0,0,0,0,0,0,0,0,0,0,0,0,0,53.4982,48.0012,52.5,48.0012,52.5,0,0,0,0,0,0,0,0,0,0,0,42.12937,0,0,0,0,0,0,0,0,0,0,0,0,0,0,0,0,0,0,0,0,0,0,0,0,0,0,0,0,0,0,0,0,276.1364,276.1364,194.64,0,0,38.59577,18.06006,0,485.8437,0,0,61.09705,0,0,0,0,0,0,0,0,0,0,0,0,0,0,0,0,0,0,0,0,0,0,0,0,0,0,0,0,73.86607,0,0,0,0,0,0,0,374.1562,374.7265,373.87,6.8176,12.5566,2.581,0,0,0,0,0,0,0,0,0,0,0,0,0,0,0,0,0,0,0,0,0,0,0,0,0,0,0,0,0,0,0,0,0,0,0,0,0,0,0,0,0,0,0,0,0,0,0,0,0,0,0,0,0,0,0,0,0,0,0,0,0,0,0,0,0,0,0,0,0,0,0,0,0,0,0,0,0,0,0,0,0,0,0,0,0,0,0,0,0,0,0,0,0,0,0,0,0,0,0,0,0,0,0,0,0,0,0,0,0,0,0,0,0,0,0,0,0,0,0,0,0,0,0,0,0,0,0,0,0,0,0,0,0,0,0,0,0,0,0,0,0,0,0,0,0,0,0,0,0,0,0,0,0,0,0,0,0,0,0,0,0,0,0,0,0,0,0,0,0,0,0,0,0,0,0,0,0,0,0,0
2029,1,9,24,0,0,0,0,0,0,0,0,0,0,0,0,0,0,0,0,0,0,0,0,0,0,0,0,0,0,0,0,0,0,0,0,0,0,0,0,0,0,0,0,0,0,0,0,0,0,0,0,0,0,0,0,0,0,185.0753,185.0753,0,185.0753,185.0753,0,0,0,0,0,0,46.19566,69.30102,131.2656,131.2656,0,0,0,0,0,0,0,0,0,0,0,0,0,0,0,53.4982,48.0012,52.5,48.0012,52.5,0,0,0,0,0,0,0,0,0,0,0,42.12937,0,0,0,0,0,0,0,0,0,0,0,0,0,0,0,0,0,0,0,0,0,0,0,0,0,0,0,0,0,0,0,0,276.1364,276.1364,194.64,0,0,30.76475,21.42188,0,485.8437,0,0,44.01215,0,0,0,0,0,0,0,0,0,0,0,0,0,0,0,0,0,0,0,0,0,0,0,0,0,0,0,0,72.35509,0,0,0,0,0,0,0,374.1562,374.7265,373.87,6.8176,12.5566,2.581,0,0,0,0,0,0,0,0,0,0,0,0,0,0,0,0,0,0,0,0,0,0,0,0,0,0,0,0,0,0,0,0,0,0,0,0,0,0,0,0,0,0,0,0,0,0,0,0,0,0,0,0,0,0,0,0,0,0,0,0,0,0,0,0,0,0,0,0,0,0,0,0,0,0,0,0,0,0,0,0,0,0,0,0,0,0,0,0,0,0,0,0,0,0,0,0,0,0,0,0,0,0,0,0,0,0,0,0,0,0,0,0,0,0,0,0,0,0,0,0,0,0,0,0,0,0,0,0,0,0,0,0,0,0,0,0,0,0,0,0,0,0,0,0,0,0,0,0,0,0,0,0,0,0,0,0,0,0,0,0,0,0,0,0,0,0,0,0,0,0,0,0,0,0,0,0,0,0,0,0
2029,1,10,1,0,0,0,0,0,0,0,0,0,0,0,0,0,0,0,0,0,0,0,0,0,0,0,0,0,0,0,0,0,0,0,0,0,0,0,0,0,0,0,0,0,0,0,0,0,0,0,0,0,0,0,0,0,0,257.1061,257.1061,0,253.5542,253.5542,0,0,0,0,0,0,0,0,223.6361,223.6361,0,0,0,0,0,0,0,0,0,0,0,0,0,0,0,0,0,0,0,0,0,0,0,0,0,0,0,0,0,0,0,0,0,0,0,0,0,0,0,0,0,0,0,0,0,0,0,0,0,0,0,0,0,0,0,0,0,0,0,0,0,0,0,0,403.0425,386.0325,194.64,0,0,19.57757,8.1404,0,485.8437,0,0,37.47934,0,0,0,0,0,0,0,0,0,0,0,0,0,0,0,0,0,0,0,0,0,0,0,0,0,0,0,0,71.4391,0,300,0,0,0,0,0,374.1562,374.7265,373.87,6.8176,12.5566,2.581,0,0,0,0,0,0,0,0,0,0,0,0,0,0,0,0,0,0,0,0,0,0,0,0,0,0,0,0,0,0,0,0,0,0,0,0,0,0,0,0,0,0,0,0,0,0,0,0,0,0,0,0,0,0,0,0,0,0,0,0,0,0,0,0,0,0,0,0,0,0,0,0,0,0,0,0,0,0,0,0,0,0,0,0,0,0,0,0,0,0,0,0,0,0,0,0,0,0,0,0,0,0,0,0,0,0,0,0,0,0,0,0,0,0,0,0,0,0,0,0,0,0,0,0,0,0,0,0,0,0,0,0,0,0,0,0,0,0,0,0,0,0,0,0,0,0,0,0,0,0,0,0,0,0,0,0,0,0,0,0,0,0,0,0,0,0,0,0,0,0,0,0,0,0,0,0,0,0,0,0
2029,1,10,2,0,0,0,0,0,0,0,0,0,0,0,0,0,0,0,0,0,0,0,0,0,0,0,0,0,0,0,0,0,0,0,0,0,0,0,0,0,0,0,0,0,0,0,0,0,0,0,0,0,0,0,0,0,0,257.1061,257.1061,0,253.5542,253.5542,0,0,0,0,0,0,0,0,223.6361,223.6361,0,0,0,0,0,0,0,0,0,0,0,0,0,0,0,0,0,0,0,0,0,0,0,0,0,0,0,0,0,0,0,0,0,0,0,0,0,0,0,0,0,0,0,0,0,0,0,0,0,0,0,0,0,0,0,0,0,0,0,0,0,0,0,0,403.0425,386.0325,194.64,0,0,11.37363,14.98378,0,336.6101,0,0,41.76614,0,0,0,0,0,0,0,0,0,0,0,0,0,0,0,0,0,0,0,0,0,0,0,0,0,0,0,0,71.32644,0,300,0,0,0,0,0,374.1562,374.7265,373.87,6.8176,12.5566,2.581,0,0,0,0,0,0,0,0,0,0,0,0,0,0,0,0,0,0,0,0,0,0,0,0,0,0,0,0,0,0,0,0,0,0,0,0,0,0,0,0,0,0,0,0,0,0,0,0,0,0,0,0,0,0,0,0,0,0,0,0,0,0,0,0,0,0,0,0,0,0,0,0,0,0,0,0,0,0,0,0,0,0,0,0,0,0,0,0,0,0,0,0,0,0,0,0,0,0,0,0,0,0,0,0,0,0,0,0,0,0,0,0,0,0,0,0,0,0,0,0,0,0,0,0,0,0,0,0,0,0,0,0,0,0,0,0,0,0,0,0,0,0,0,0,0,0,0,0,0,0,0,0,0,0,0,0,0,0,0,0,0,0,0,0,0,0,0,0,0,0,0,0,0,0,0,0,0,0,0,0
2029,1,10,3,0,0,0,0,0,0,0,0,0,0,0,0,0,0,0,0,0,0,0,0,0,0,0,0,0,0,0,0,0,0,0,0,0,0,0,0,0,0,0,0,0,0,0,0,0,0,0,0,0,0,0,0,0,0,257.1061,257.1061,0,253.5542,253.5542,0,0,0,0,0,0,0,0,223.6361,223.6361,0,0,0,0,0,0,0,0,0,0,0,0,0,0,0,0,0,0,0,0,0,0,0,0,0,0,0,0,0,0,0,0,0,0,0,0,0,0,0,0,0,0,0,0,0,0,0,0,0,0,0,0,0,0,0,0,0,0,0,0,0,0,0,0,403.0425,386.0325,194.64,0,0,6.991988,15.3052,0,7.75622,0,0,62.51759,0,0,0,0,0,0,0,0,0,0,0,0,0,0,0,0,0,0,0,0,0,0,0,0,0,0,0,0,71.06813,0,0,0,0,0,0,0,374.1562,374.7265,373.87,6.8176,12.5566,2.581,0,0,0,0,0,0,0,0,0,0,0,0,0,0,0,0,0,0,0,0,0,0,0,0,0,0,0,0,0,0,0,0,0,0,0,0,0,0,0,0,0,0,0,0,0,0,0,0,0,0,0,0,0,0,0,0,0,0,0,0,0,0,0,0,0,0,0,0,0,0,0,0,0,0,0,0,0,0,0,0,0,0,0,0,0,0,0,0,0,0,0,0,0,0,0,0,0,0,0,0,0,0,0,0,0,0,0,0,0,0,0,0,0,0,0,0,0,0,0,0,0,0,0,0,0,0,0,0,0,0,0,0,0,0,0,0,0,0,0,0,0,0,0,0,0,0,0,0,0,0,0,0,0,0,0,0,0,0,0,0,0,0,0,0,0,0,0,0,0,0,0,0,0,0,0,0,0,0,0,0
2029,1,10,4,0,0,0,0,0,0,0,0,0,0,0,0,0,0,0,0,0,0,0,0,0,0,0,0,0,0,0,0,0,0,0,0,0,0,0,0,0,0,0,0,0,0,0,0,0,0,0,0,0,0,0,0,0,0,257.1061,257.1061,0,253.5542,253.5542,0,0,0,0,0,0,0,0,223.6361,223.6361,0,0,0,0,0,0,0,0,0,0,0,0,0,0,0,0,0,0,0,0,0,0,0,0,0,0,0,0,0,0,0,0,0,0,0,0,0,0,0,0,0,0,0,0,0,0,0,0,0,0,0,0,0,0,0,0,0,0,0,0,0,0,0,0,403.0425,386.0325,194.64,0,0,15.66205,7.404817,0,202.7908,0,0,73.01071,0,0,0,0,0,0,0,0,0,0,0,0,0,0,0,0,0,0,0,0,0,0,0,0,0,0,0,0,71.56583,0,0,0,0,0,0,0,374.1562,374.7265,373.87,6.8176,12.5566,2.581,0,0,0,0,0,0,0,0,0,0,0,0,0,0,0,0,0,0,0,0,0,0,0,0,0,0,0,0,0,0,0,0,0,0,0,0,0,0,0,0,0,0,0,0,0,0,0,0,0,0,0,0,0,0,0,0,0,0,0,0,0,0,0,0,0,0,0,0,0,0,0,0,0,0,0,0,0,0,0,0,0,0,0,0,0,0,0,0,0,0,0,0,0,0,0,0,0,0,0,0,0,0,0,0,0,0,0,0,0,0,0,0,0,0,0,0,0,0,0,0,0,0,0,0,0,0,0,0,0,0,0,0,0,0,0,0,0,0,0,0,0,0,0,0,0,0,0,0,0,0,0,0,0,0,0,0,0,0,0,0,0,0,0,0,0,0,0,0,0,0,0,0,0,0,0,0,0,0,0,0
2029,1,10,5,0,0,0,0,0,0,0,0,0,0,0,0,0,0,0,0,0,0,0,0,0,0,0,0,0,0,0,0,0,0,0,0,0,0,0,0,0,0,0,0,0,0,0,0,0,0,0,0,0,0,0,0,0,0,257.1061,257.1061,0,253.5542,253.5542,0,0,0,0,0,0,0,0,223.6361,223.6361,0,0,0,0,0,0,0,0,0,0,0,0,0,0,0,0,0,0,0,0,0,0,0,0,0,0,0,0,0,0,0,0,0,0,0,0,0,0,0,0,0,0,0,0,0,0,0,0,0,0,0,0,0,0,0,0,0,0,0,0,0,0,0,0,403.0425,386.0325,185.4871,0,0,22.84049,3.094002,0,249.0336,0,0,65.95067,0,0,0,0,0,0,0,0,0,0,0,0,0,0,0,0,0,0,0,0,0,0,0,0,0,0,0,0,72.75641,0,0,0,0,0,0,0,374.1562,374.7265,373.87,6.8176,12.5566,2.581,0,0,0,0,0,0,0,0,0,0,0,0,0,0,0,0,0,0,0,0,0,0,0,0,0,0,0,0,0,0,0,0,0,0,0,0,0,0,0,0,0,0,0,0,0,0,0,0,0,0,0,0,0,0,0,0,0,0,0,0,0,0,0,0,0,0,0,0,0,0,0,0,0,0,0,0,0,0,0,0,0,0,0,0,0,0,0,0,0,0,0,0,0,0,0,0,0,0,0,0,0,0,0,0,0,0,0,0,0,0,0,0,0,0,0,0,0,0,0,0,0,0,0,0,0,0,0,0,0,0,0,0,0,0,0,0,0,0,0,0,0,0,0,0,0,0,0,0,0,0,0,0,0,0,0,0,0,0,0,0,0,0,0,0,0,0,0,0,0,0,0,0,0,0,0,0,0,0,0,0
2029,1,10,6,0,0,0,0,0,0,0,0,0,0,0,0,0,0,0,0,0,0,0,0,0,0,0,0,0,0,0,0,0,0,0,0,0,0,0,0,0,0,0,0,0,0,0,0,0,0,0,0,0,0,0,0,0,0,257.1061,257.1061,0,253.5542,253.5542,0,0,0,0,0,0,0,0,223.6361,223.6361,0,0,0,0,0,0,0,0,0,0,0,0,0,0,0,0,0,0,0,0,0,0,0,0,0,0,0,0,0,0,0,0,0,0,0,0,0,0,0,0,0,0,0,0,0,0,0,0,0,0,0,0,0,0,0,0,0,0,0,0,0,0,0,0,403.0425,386.0325,190.0951,1.930275,0,48.47778,1.92845,0,84.97479,0,0,43.46758,0,0,0,0,0,0,0,0,0,0,0,0,0,0,0,0,0,0,0,0,0,0,0,0,0,0,0,0,74.39628,0,0,0,0,0,0,0,374.1562,374.7265,373.87,6.8176,12.5566,2.581,0,0,0,0,0,0,0,0,0,0,0,0,0,0,0,0,0,0,0,0,0,0,0,0,0,0,0,0,0,0,0,0,0,0,0,0,0,0,0,0,0,0,0,0,0,0,0,0,0,0,0,0,0,0,0,0,0,0,0,0,0,0,0,0,0,0,0,0,0,0,0,0,0,0,0,0,0,0,0,0,0,0,0,0,0,0,0,0,0,0,0,0,0,0,0,0,0,0,0,0,0,0,0,0,0,0,0,0,0,0,0,0,0,0,0,0,0,0,0,0,0,0,0,0,0,0,0,0,0,0,0,0,0,0,0,0,0,0,0,0,0,0,0,0,0,0,0,0,0,0,0,0,0,0,0,0,0,0,0,0,0,0,0,0,0,0,0,0,0,0,0,0,0,0,0,0,0,0,0,0
2029,1,10,7,0,0,0,0,0,0,0,0,0,0,0,0,0,0,0,0,0,0,0,0,0,0,0,0,0,0,0,0,0,0,0,0,0,0,0,0,0,0,0,0,0,0,0,0,0,0,0,0,0,0,0,0,0,0,257.1061,257.1061,0,253.5542,253.5542,0,0,0,0,0,0,0,0,223.6361,0,0,0,0,0,0,0,0,0,0,0,0,0,0,0,0,0,0,0,0,0,0,0,0,0,0,0,0,0,0,0,0,0,0,0,0,0,0,0,0,0,0,0,0,0,0,0,0,0,0,0,0,0,0,0,0,0,0,0,0,0,0,0,0,0,403.0425,386.0325,138.749,6.063184,3.877542,70.29279,3.588562,0,35.98297,0,0,116.8774,0,0,0,0,0,0,0,0,0,0,0,0,0,0,0,0,0,0,0,0,0,0,0,0,0,0,0,0,75.44505,0,0,0,0,0,0,0,374.1562,374.7265,373.87,6.8176,12.5566,2.581,0,0,0,0,0,0,0,0,0,0,0,0,0,0,0,0,0,0,0,0,0,0,0,0,0,0,0,0,0,0,0,0,0,0,0,0,0,0,0,0,0,0,0,0,0,0,0,0,0,0,0,0,0,0,0,0,0,0,0,0,0,0,0,0,0,0,0,0,0,0,0,0,0,0,0,0,0,0,0,0,0,0,0,0,0,0,0,0,0,0,0,0,0,0,0,0,0,0,0,0,0,0,0,0,0,0,0,0,0,0,0,0,0,0,0,0,0,0,0,0,0,0,0,0,0,0,0,0,0,0,0,0,0,0,0,0,0,0,0,0,0,0,0,0,0,0,0,0,0,0,0,0,0,0,0,0,0,0,0,0,0,0,0,0,0,0,0,0,0,0,0,0,0,0,0,0,0,0,0,0
2029,1,10,8,0,0,0,0,0,0,0.312232,0,0.075238,0.255143,0.247833,0.09694113,0,4.4775,6.27,0,0,0.10476,0,0,1.549389,0.02325674,0.079956,0,0,0,0.099661,0,0,0,0,0,0,0,0,0.299405,0,0,0,0,0,0,0,0,0,0,0,0,0,0,0,0,0,0,257.1061,257.1061,0,253.5542,253.5542,0,0,0,0,0,0,0,0,223.6361,0,0,0,0,0,0,0,0,0,0,0,0,0,0,0,0,0,0,0,0,0,0,0,0,0,0,0,0,0,0,0,0,0,0,0,0,0,0,0,0,0,0,0,0,0,0,0,0,0,0,0,0,0,0,0,0,0,0,0,0,0,0,0,0,0,403.0425,386.0325,162.3451,0,0,77.28477,3.72965,0,133.2793,0,0,115.8884,0,0,0,0,0,0,0,0,0,0,0,0,0,0,0,0,0,0,0,0,0,0,0,0,0,0,0,0,75.22814,0,0,0,0,0,0,0,374.1562,374.7265,373.87,6.8176,12.5566,2.581,0,0,0,0,0,0,0,0,0,0,0,0,0,0,0,0,0,0,0,0,0,0,0,0,0,0,0,0,0,0,0,0,0,0,0,0,0,0,0,0,0,0,0,0,0,0,0,3.818355,0,0,0,0,0,0,0,0,0,0,0.043766,0,0,0,0,0,0,0,0,0,0,0,0,0,0,0,0,0,0,0,0,0,0,0,0,0,0,0,0,0,0,0,0,0,0,0,0,0,0,0,0,0,0,0,0,0,0,0,0,0,0,0,0,0,0,0,0,0,0,0,0,0,0,0,0,0,0,0,0,0,0,0,0,0,0,0,0,0,0,0,0,0,0,0,0,0,0,0,0,0,0,0,0,0,0,0,0,0,0,0,0,0,0,0,0,0,0,0,0,0,0,0,0,0,0,0,0,0,0,0,0,0
2029,1,10,9,20.77377,1.327318,73.89656,23.49,3.544094,44.16342,11.41152,1.560551,3.181537,10.789,10.47989,4.099259,0,10.4475,14.3275,0,1.380231,4.429876,20.8992,0,28.30877,0.5120149,3.381015,8.710636,17.51359,0,2.194113,59.415,0.3333714,2.635147,1.876061,0,0,0,0,12.66065,1.212805,0,1.144028,27.48867,5.154127,0,10.69671,31.54029,0.217347,3.812277,0,0,0,0,0,0,0,0,257.1061,257.1061,0,253.5542,253.5542,0,0,0,0,0,0,0,0,223.6361,0,0,0,0,0,0,0,0,0,0,0,0,0,0,0,0,0,0,0,0,0,0,0,0,0,0,0,0,0,0,0,0,0,0,0,0,0,0,0,0,0,0,0,0,0,0,0,0,0,0,0,0,0,0,0,0,0,0,0,0,0,0,0,0,0,403.0425,386.0325,191.053,0,0,83.43772,5.809194,0,76.72767,0,0,98.32813,83.0992,84.2148,0,0,0,0,0,0,0,0,0,0,0,0,0,0,0,0,0,0,0,0,0,0,0,0,0,0,75.39509,0,0,0,0,0,0,0,374.1562,374.7265,373.87,6.8176,12.5566,2.581,0,0,0,0,0,0,0,0,0,0,0,0,0,0,0,0,0,0,0,0,0,0,0,0,0,0,0,0,0,0,0,0,0,0,0,0,0,0,0,0,0,0,0,0,0,0,0,161.4632,0,0,0,0,0,0,0,0,0,0,1.850691,0,0,0,0,0,0,0,0,0,0,0,0,0,0,0,0,0,0,0,0,0,0,0,0,0,0,0,0,0,0,0,0,0,0,0,0,0,0,0,0,0,0,0,0,0,0,0,0,0,0,0,0,0,0,0,0,0,0,0,0,0,0,0,0,0,0,0,0,0,0,0,0,0,0,0,0,0,0,0,0,0,0,0,0,0,0,0,0,0,0,0,0,0,0,0,0,0,0,0,0,0,0,0,0,0,0,0,0,0,0,0,0,0,0,0,0,0,0,0,0,0
2029,1,10,10,62.11652,8.022737,222.5778,78.4125,14.39096,136.7278,6.667789,9.432472,6.129758,20.78679,20.19124,7.8979,0,17.6115,24.2275,0,8.34256,8.534888,72.9792,0,25.13475,1.140436,6.514084,26.59036,53.46254,0,4.887055,111.675,2.015004,10.70014,7.617835,0,0,0,0,24.39283,7.330582,0,22.14707,160.2155,30.04041,0,7.671884,70.05523,3.157771,5.728726,0,0,0,0,0,0,0,0,257.1061,257.1061,0,0,0,0,0,0,0,0,0,0,0,0,0,0,0,0,0,0,0,0,0,0,0,0,0,0,0,0,0,0,0,0,0,0,0,0,0,0,0,0,0,0,0,0,0,0,0,0,0,0,0,0,0,0,0,0,0,0,0,0,0,0,0,0,0,0,0,0,0,0,0,0,0,0,0,0,0,403.0425,386.0325,186.7977,0,0,83.43772,5.49361,0,40.20471,0,0,14.52585,153.8828,185.103,0,0,0,0,0,0,0,0,0,0,0,0,0,0,0,0,0,0,0,0,0,0,0,0,0,0,75.56918,0,1000,0,0,0,0,0,374.1562,374.7265,373.87,6.8176,12.5566,2.581,0,0,0,0,0,0,0,0,0,0,0,0,0,0,0,0,0,0,0,0,0,0,0,0,0,0,0,0,0,0,0,0,0,0,0,0,0,0,0,0,0,0,0,0,0,0,0,311.0856,0,0,0,0,0,0,0,0,0,0,3.565663,0,0,0,0,0,0,0,0,0,0,0,0,0,0,0,0,0,0,0,0,0,0,0,0,0,0,0,0,0,0,0,0,0,0,0,0,0,0,0,0,0,0,0,0,0,0,0,0,0,0,0,0,0,0,0,0,0,0,0,0,0,0,0,0,0,0,0,0,0,0,0,0,0,0,0,0,0,0,0,0,0,0,0,0,0,0,0,0,0,0,0,0,0,0,0,0,0,0,0,0,0,0,0,0,0,0,0,0,0,0,0,0,0,0,0,0,0,0,0,0,0
2029,1,10,11,34.66717,10.18835,240.3435,53.5725,14.58943,134.8146,32.42032,11.97862,7.78439,26.39785,25.64154,10.02981,0,23.88,33.3575,0,10.5945,10.83875,105.504,0,24.14869,2.21106,8.272459,124.4704,250.26,0,9.474953,115.83,2.558923,10.84771,7.722897,0,0,0,0,30.97729,9.309359,0,61.12153,100.9235,18.92316,0,56.56437,136.7192,2.820276,22.83321,0,0,0,0,0,0,0,0,257.1061,257.1061,0,0,0,0,0,0,0,0,0,0,0,0,0,0,0,0,0,0,0,0,0,0,0,0,0,0,0,0,0,0,0,0,0,0,0,0,0,0,0,0,0,0,0,0,0,0,0,0,0,0,0,0,0,0,0,0,0,0,0,0,0,0,0,0,0,0,0,0,0,0,0,0,0,0,0,0,0,403.0425,386.0325,146.9548,0,0,83.43772,3.418649,0,431.1084,0,0,76.72546,99.3956,107.388,0,0,0,0,0,0,0,0,0,0,0,0,0,0,0,0,0,0,0,0,0,0,0,0,0,0,75.40328,0,1000,0,0,0,0,0,374.1562,374.7265,373.87,6.8176,12.5566,2.581,0,0,0,0,0,0,0,0,0,0,0,0,0,0,0,0,0,0,0,0,0,0,0,0,0,0,0,0,0,0,0,0,0,0,0,0,0,0,0,0,0,0,0,0,0,0,0,395.0583,0,0,0,0,0,0,0,0,0,0,4.528158,0,0,0,0,0,0,0,0,0,0,0,0,0,0,0,0,0,0,0,0,0,0,0,0,0,0,0,0,0,0,0,0,0,0,0,0,0,0,0,0,0,0,0,0,0,0,0,0,0,0,0,0,0,0,0,0,0,0,0,0,0,0,0,0,0,0,0,0,0,0,0,0,0,0,0,0,0,0,0,0,0,0,0,0,0,0,0,0,0,0,0,0,0,0,0,0,0,0,0,0,0,0,0,0,0,0,0,0,0,0,0,0,0,0,0,0,0,0,0,0,0
2029,1,10,12,20.31541,10.6509,232.9124,38.7225,13.49774,88.31891,46.72823,12.52245,8.1378,27.59631,26.80567,10.48517,0,28.855,40.3425,0,11.07549,11.33082,94.5672,0,24.77142,2.932549,8.648027,133.2574,267.9272,0,12.56671,85.11,2.675097,10.036,7.145007,0,0,0,0,32.38366,9.732001,0,54.86411,148.1115,27.77091,0,155.286,156.6854,6.55541,40.64108,0,0,0,0,0,0,0,0,257.1061,257.1061,0,0,0,0,0,0,0,0,0,0,0,0,0,0,0,0,0,0,0,0,0,0,0,0,0,0,0,0,0,0,0,0,0,0,0,0,0,0,0,0,0,0,0,0,0,0,0,0,0,0,0,0,0,0,0,0,0,0,0,0,0,0,0,0,0,0,0,0,0,0,0,0,0,0,0,0,0,403.0425,386.0325,191.2127,0,0,83.15804,7.433775,0,485.1565,0,0,139.0431,189.3368,235.5471,0,0,0,0,0,0,0,0,0,0,0,0,0,0,0,0,0,0,0,0,0,0,0,0,0,0,75.76414,0,1000,0,0,0,0,0,374.1562,374.7265,373.87,6.8176,12.5566,2.581,0,0,0,0,0,0,0,0,0,0,0,0,0,0,0,0,0,0,0,0,0,0,0,0,0,0,0,0,0,0,0,0,0,0,0,0,0,0,0,0,0,0,0,0,0,0,0,412.9938,0,0,0,0,0,0,0,0,0,0,4.733735,0,0,0,0,0,0,0,0,0,0,0,0,0,0,0,0,0,0,0,0,0,0,0,0,0,0,0,0,0,0,0,0,0,0,0,0,0,0,0,0,0,0,0,0,0,0,0,0,0,0,0,0,0,0,0,0,0,0,0,0,0,0,0,0,0,0,0,0,0,0,0,0,0,0,0,0,0,0,0,0,0,0,0,0,0,0,0,0,0,0,0,0,0,0,0,0,0,0,0,0,0,0,0,0,0,0,0,0,0,0,0,0,0,0,0,0,0,0,0,0,0
2029,1,10,13,19.22703,10.54228,222.8326,39.96,9.329406,91.93082,44.78397,12.39474,8.054807,27.31487,26.53229,10.37823,0,45.8695,64.3225,0,10.96254,11.21527,125.8152,0,61.7439,1.861924,8.559831,127.0683,255.4834,0,7.978816,86.01,2.647816,6.93671,4.938508,0,0,0,0,32.05339,9.632751,0,77.75511,108.7458,20.38985,0,148.0143,193.2992,10.01239,42.7524,0,0,0,0,0,0,0,0,257.1061,257.1061,0,0,0,0,0,0,0,0,0,0,0,0,0,0,0,0,0,0,0,0,0,0,0,0,0,0,0,0,0,0,0,0,0,0,0,0,0,0,0,0,0,0,0,0,0,0,0,0,0,0,0,0,0,0,0,0,0,0,0,0,0,0,0,0,0,0,0,0,0,0,0,0,0,0,0,0,0,403.0425,386.0325,194.64,0,0,81.75964,8.353784,0,481.3275,0,0,167.3569,272.6848,354.0978,0,0,0,0,0,0,0,0,0,0,0,0,0,0,0,0,0,0,0,0,0,0,0,0,0,0,75.88208,0,1000,0,0,0,0,0,374.1562,374.7265,373.87,6.8176,12.5566,2.581,0,0,0,0,0,0,0,0,0,0,0,0,0,0,0,0,0,0,0,0,0,0,0,0,0,0,0,0,0,0,0,0,0,0,0,0,0,0,0,0,0,0,0,0,0,0,0,408.782,0,0,0,0,0,0,0,0,0,0,4.685459,0,0,0,0,0,0,0,0,0,0,0,0,0,0,0,0,0,0,0,0,0,0,0,0,0,0,0,0,0,0,0,0,0,0,0,0,0,0,0,0,0,0,0,0,0,0,0,0,0,0,0,0,0,0,0,0,0,0,0,0,0,0,0,0,0,0,0,0,0,0,0,0,0,0,0,0,0,0,0,0,0,0,0,0,0,0,0,0,0,0,0,0,0,0,0,0,0,0,0,0,0,0,0,0,0,0,0,0,0,0,0,0,0,0,0,0,0,0,0,0,0
2029,1,10,14,14.9096,9.65764,226.3465,27.9225,9.52788,89.09953,45.88812,11.35466,7.378902,25.02279,24.30588,9.507363,0,34.5265,47.9875,0,10.04264,10.27416,116.508,0,75.2914,2.071398,7.841548,130.3539,262.0894,0,8.876463,82.455,2.425629,7.084282,5.04357,0,0,0,0,29.36369,8.824435,0,66.32339,72.17439,13.5327,0,151.8159,199.1259,11.64155,48.57693,0,0,0,0,0,0,0,0,257.1061,257.1061,0,0,0,0,0,0,0,0,0,0,0,0,0,0,0,0,0,0,0,0,0,0,0,0,0,0,0,0,0,0,0,0,0,0,0,0,0,0,0,0,0,0,0,0,0,0,0,0,0,0,0,0,0,0,0,0,0,0,0,0,0,0,0,0,0,0,0,0,0,0,0,0,0,0,0,0,0,403.0425,386.0325,194.64,2.804105,0,76.72542,7.611147,0,469.6931,0,0,178.6255,311.9952,409.9113,0,0,0,0,0,0,0,0,0,0,0,0,0,0,0,0,0,0,0,0,0,0,0,0,0,0,76.00062,0,1000,0,0,0,0,0,374.1562,374.7265,373.87,6.8176,12.5566,2.581,0,0,0,0,0,0,0,0,0,0,0,0,0,0,0,0,0,0,0,0,0,0,0,0,0,0,0,0,0,0,0,0,0,0,0,0,0,0,0,0,0,0,0,0,0,0,0,374.4798,0,0,0,0,0,0,0,0,0,0,4.292287,0,0,0,0,0,0,0,0,0,0,0,0,0,0,0,0,0,0,0,0,0,0,0,0,0,0,0,0,0,0,0,0,0,0,0,0,0,0,0,0,0,0,0,0,0,0,0,0,0,0,0,0,0,0,0,0,0,0,0,0,0,0,0,0,0,0,0,0,0,0,0,0,0,0,0,0,0,0,0,0,0,0,0,0,0,0,0,0,0,0,0,0,0,0,0,0,0,0,0,0,0,0,0,0,0,0,0,0,0,0,0,0,0,0,0,0,0,0,0,0,0
2029,1,10,15,10.46149,10.834,234.0013,22.32,9.329406,51.2881,48.05741,12.73772,8.277698,28.07072,27.26649,10.66542,0,79.1025,111.7875,0,11.26589,11.52561,49.9464,0,63.32497,3.56097,8.796697,136.9633,275.3782,0,15.25966,103.125,2.721086,6.93671,4.938508,0,0,0,0,32.94037,9.899306,0,12.38754,54.17044,10.15696,0,158.9758,209.4115,0.5156198,50.06996,0,0,0,0,0,0,0,0,257.1061,257.1061,0,0,0,0,0,0,0,0,0,0,0,0,0,0,0,0,0,0,0,0,0,0,0,0,0,0,0,0,0,0,0,0,0,0,0,0,0,0,0,0,0,0,0,0,0,0,0,0,0,0,0,0,0,0,0,0,0,0,0,0,0,0,0,0,0,0,0,0,0,0,0,0,0,0,0,0,0,403.0425,386.0325,194.64,1.83761,0,73.74216,4.423832,0,484.2238,0,0,166.312,43.7888,28.4013,0,0,0,0,0,0,0,0,0,0,0,0,0,0,0,0,0,0,0,0,0,0,0,0,0,0,77.05386,0,1000,0,0,0,0,0,374.1562,374.7265,373.87,6.8176,12.5566,2.581,0,0,0,0,0,0,0,0,0,0,0,0,0,0,0,0,0,0,0,0,0,0,0,0,0,0,0,0,0,0,0,0,0,0,0,0,0,0,0,0,0,0,0,0,0,0,0,420.0937,0,0,0,0,0,0,0,0,0,0,4.815114,0,0,0,0,0,0,0,0,0,0,0,0,0,0,0,0,0,0,0,0,0,0,0,0,0,0,0,0,0,0,0,0,0,0,0,0,0,0,0,0,0,0,0,0,0,0,0,0,0,0,0,0,0,0,0,0,0,0,0,0,0,0,0,0,0,0,0,0,0,0,0,0,0,0,0,0,0,0,0,0,0,0,0,0,0,0,0,0,0,0,0,0,0,0,0,0,0,0,0,0,0,0,0,0,0,0,0,0,0,0,0,0,0,0,0,0,0,0,0,0,0
2029,1,10,16,20.88983,9.786753,235.0266,27.315,11.01653,34.86138,48.91152,11.50646,7.477551,25.35732,24.63083,9.634467,116.6378,56.516,81.345,0,10.1769,10.41152,131.796,0,68.0563,2.955806,7.946382,139.2174,279.9102,0,12.66638,110.085,2.458057,8.191139,5.831583,0,0,0,0,29.75626,8.94241,0,6.438706,41.15557,7.71667,0,166.6947,213.3591,4.508777,49.07825,0,0,0,0,0,0,0,0,257.1061,257.1061,0,0,0,0,0,0,0,0,0,0,0,0,0,0,0,0,0,0,0,0,0,0,0,0,0,0,0,0,0,0,0,0,0,0,0,0,0,0,0,0,0,0,0,0,0,0,0,0,0,0,0,0,0,0,0,0,0,0,0,0,0,0,0,0,0,0,0,0,0,0,0,0,0,0,0,0,0,403.0425,386.0325,194.64,0,0,71.41151,2.923248,0,485.4019,0,0,166.784,186.4756,231.4494,0,0,0,0,0,0,0,0,0,0,0,0,0,0,0,0,0,0,0,0,0,0,0,0,0,0,77.73256,0,1000,0,0,0,0,0,374.1562,374.7265,373.87,6.8176,12.5566,2.581,0,0,0,0,0,0,0,0,0,0,0,0,0,0,0,0,0,0,0,0,0,0,0,0,0,0,0,0,0,0,0,0,0,0,0,0,0,0,0,0,0,0,0,0,0,0,0,379.4862,0,0,0,0,0,0,0,0,0,0,4.349671,0,0,0,0,0,0,0,0,0,0,0,0,0,0,0,0,0,0,0,0,0,0,0,0,0,0,0,0,0,0,0,0,0,0,0,0,0,0,0,0,0,0,0,0,0,0,0,0,0,0,0,0,0,0,0,0,0,0,0,0,0,0,0,0,0,0,0,0,0,0,0,0,0,0,0,0,0,0,0,0,0,0,0,0,0,0,0,0,0,0,0,0,0,0,0,0,0,0,0,0,0,0,0,0,0,0,0,0,0,0,0,0,0,0,0,0,0,0,0,0,0
2029,1,10,17,7.611231,2.922945,192.9445,42.7275,6.422438,9.664981,31.26917,3.436557,4.400673,14.92324,14.49568,5.670057,294.0449,1.4925,2.2,0,3.039466,6.127363,107.3016,0,32.9114,1.768856,4.676588,85.99843,172.9083,0,7.579997,82.74,0.7341316,4.775287,3.399708,0,0,0,0,17.51209,2.67077,0,1.399417,20.34062,3.813865,0,125.685,130.2607,1.409411,9.6841,0,0,0,0,0,0,0,0,257.1061,257.1061,0,0,0,0,0,0,0,0,0,0,0,0,0,0,0,0,0,0,0,0,0,0,0,0,0,0,0,0,0,0,0,0,0,0,0,0,0,0,0,0,0,0,0,0,0,0,0,0,0,0,0,0,0,0,0,0,0,0,0,0,0,0,0,0,0,0,0,0,0,0,0,0,0,0,0,0,0,403.0425,386.0325,194.64,1.437695,0,65.16533,5.880973,0,485.4019,0,0,223.5187,111.8356,125.1918,0,0,0,0,0,0,0,0,0,0,0,0,0,0,0,0,0,0,0,0,0,0,0,0,0,0,77.4282,0,0,0,0,0,0,0,374.1562,374.7265,373.87,6.8176,12.5566,2.581,0,0,0,0,0,0,0,0,0,0,0,0,0,0,0,0,0,0,0,0,0,0,0,0,0,0,0,0,0,0,0,0,0,0,0,0,0,0,0,0,0,0,0,0,0,0,0,223.3344,0,0,0,0,0,0,0,0,0,0,2.559859,0,0,0,0,0,0,0,0,0,0,0,0,0,0,0,0,0,0,0,0,0,0,0,0,0,0,0,0,0,0,0,0,0,0,0,0,0,0,0,0,0,0,0,0,0,0,0,0,0,0,0,0,0,0,0,0,0,0,0,0,0,0,0,0,0,0,0,0,0,0,0,0,0,0,0,0,0,0,0,0,0,0,0,0,0,0,0,0,0,0,0,0,0,0,0,0,0,0,0,0,0,0,0,0,0,0,0,0,0,0,0,0,0,0,0,0,0,0,0,0,0
2029,1,10,18,0,0,19.11814,2.43,0,0,1.79744,0,0.533303,1.808499,1.756685,0.6871356,294.0449,0,0,0,0,0.742555,0.42,0,0.865282,0.2094736,0.56674,6.838613,13.74971,0,0.897647,3.39,0,0,0,0,0,0,0,2.122233,0,0,0,1.484067,0.278263,0,6.450152,10.78265,0,0.582114,0,0,0,0,0,0,0,0,257.1061,257.1061,0,253.5542,253.5542,0,0,0,0,0,0,0,0,0,0,0,0,0,0,0,0,0,0,0,0,0,0,0,0,0,0,0,0,0,0,0,0,0,0,0,0,0,0,0,0,0,0,0,0,0,0,0,0,0,0,0,0,0,0,0,0,0,0,0,0,0,0,0,0,0,0,0,0,0,0,0,0,0,0,403.0425,386.0325,184.9663,62.56066,51.67247,57.80043,21.16001,0,484.4692,0,0,210.4636,41.9228,25.7166,0,0,0,0,0,0,0,0,0,0,0,0,0,0,0,0,0,0,0,0,0,0,0,0,0,0,76.93372,0,0,0,0,0,0,0,374.1562,374.7265,373.87,6.8176,12.5566,2.581,0,0,0,0,0,0,0,0,0,0,0,0,0,0,0,0,0,0,0,0,0,0,0,0,0,0,0,0,0,0,0,0,0,0,0,0,0,0,0,0,0,0,0,0,0,0,0,27.06517,0,0,0,0,0,0,0,0,0,0,0.310221,0,0,0,0,0,0,0,0,0,0,0,0,0,0,0,0,0,0,0,0,0,0,0,0,0,0,0,0,0,0,0,0,0,0,0,0,0,0,0,0,0,0,0,0,0,0,0,0,0,0,0,0,0,0,0,0,0,0,0,0,0,0,0,0,0,0,0,0,0,0,0,0,0,0,0,0,0,0,0,0,0,0,0,0,0,0,0,0,0,0,0,0,0,0,0,0,0,0,0,0,0,0,0,0,0,0,0,0,0,0,0,0,0,0,0,0,0,0,0,0,0
2029,1,10,19,0,0,0,0,0,0,0,0,0,0,0,0,294.0449,0,0,0,0,0,0,0,0,0,0,0,0,0,0,0,0,0,0,0,0,0,0,0,0,0,0,0,0,0,0,0,0,0,0,0,0,0,0,0,0,0,257.1061,257.1061,0,253.5542,253.5542,0,0,0,0,0,0,0,0,0,0,0,0,0,0,0,0,0,0,0,0,0,0,0,0,0,0,0,0,0,0,0,0,0,0,0,0,0,0,0,0,0,0,0,0,0,0,0,0,0,0,0,0,0,0,0,0,0,0,0,0,0,0,0,0,0,0,0,0,0,0,0,0,0,0,403.0425,386.0325,193.3802,85.8799,70.09079,52.3933,16.50154,0,484.7638,0,0,191.7046,0,0,0,0,0,0,0,0,0,0,0,0,0,0,0,0,0,0,0,0,0,0,0,0,0,0,0,0,76.06072,0,0,0,0,0,0,0,374.1562,374.7265,373.87,6.8176,12.5566,2.581,0,0,0,0,0,0,0,0,0,0,0,0,0,0,0,0,0,0,0,0,0,0,0,0,0,0,0,0,0,0,0,0,0,0,0,0,0,0,0,0,0,0,0,0,0,0,0,0,0,0,0,0,0,0,0,0,0,0,0,0,0,0,0,0,0,0,0,0,0,0,0,0,0,0,0,0,0,0,0,0,0,0,0,0,0,0,0,0,0,0,0,0,0,0,0,0,0,0,0,0,0,0,0,0,0,0,0,0,0,0,0,0,0,0,0,0,0,0,0,0,0,0,0,0,0,0,0,0,0,0,0,0,0,0,0,0,0,0,0,0,0,0,0,0,0,0,0,0,0,0,0,0,0,0,0,0,0,0,0,0,0,0,0,0,0,0,0,0,0,0,0,0,0,0,0,0,0,0,0,0
2029,1,10,20,0,0,0,0,0,0,0,0,0,0,0,0,294.0449,0,0,0,0,0,0,0,0,0,0,0,0,0,0,0,0,0,0,0,0,0,0,0,0,0,0,0,0,0,0,0,0,0,0,0,0,0,0,0,0,0,257.1061,257.1061,0,253.5542,253.5542,0,0,0,0,0,0,0,0,0,0,0,0,0,0,0,0,0,0,0,0,0,0,0,0,0,0,0,0,0,0,0,0,0,0,0,0,0,0,0,0,0,0,0,0,0,0,0,0,0,0,0,0,0,0,0,0,0,0,0,0,0,0,0,0,0,0,0,0,0,0,0,0,0,0,403.0425,386.0325,183.7309,33.79871,27.96467,48.38456,19.18446,0,481.9165,0,0,151.3214,0,0,0,0,0,0,0,0,0,0,0,0,0,0,0,0,0,0,0,0,0,0,0,0,0,0,0,0,75.1784,0,0,0,0,0,0,0,374.1562,374.7265,373.87,6.8176,12.5566,2.581,0,0,0,0,0,0,0,0,0,0,0,0,0,0,0,0,0,0,0,0,0,0,0,0,0,0,0,0,0,0,0,0,0,0,0,0,0,0,0,0,0,0,0,0,0,0,0,0,0,0,0,0,0,0,0,0,0,0,0,0,0,0,0,0,0,0,0,0,0,0,0,0,0,0,0,0,0,0,0,0,0,0,0,0,0,0,0,0,0,0,0,0,0,0,0,0,0,0,0,0,0,0,0,0,0,0,0,0,0,0,0,0,0,0,0,0,0,0,0,0,0,0,0,0,0,0,0,0,0,0,0,0,0,0,0,0,0,0,0,0,0,0,0,0,0,0,0,0,0,0,0,0,0,0,0,0,0,0,0,0,0,0,0,0,0,0,0,0,0,0,0,0,0,0,0,0,0,0,0,0
2029,1,10,21,0,0,0,0,0,0,0,0,0,0,0,0,108.7966,0,0,0,0,0,0,0,0,0,0,0,0,0,0,0,0,0,0,0,0,0,0,0,0,0,0,0,0,0,0,0,0,0,0,0,0,0,0,0,0,0,257.1061,257.1061,0,253.5542,253.5542,0,0,0,0,0,0,0,0,0,0,0,0,0,0,0,0,0,0,0,0,0,0,0,0,0,0,0,0,0,0,0,0,0,0,0,0,0,0,0,0,0,0,0,0,0,0,0,0,0,0,0,0,0,0,0,0,0,0,0,0,0,0,0,0,0,0,0,0,0,0,0,0,0,0,403.0425,386.0325,194.64,91.47462,77.84588,32.53605,47.80392,0,485.3528,0,0,123.505,0,0,0,0,0,0,0,0,0,0,0,0,0,0,0,0,0,0,0,0,0,0,0,0,0,0,0,0,75.87933,0,0,0,0,0,0,0,374.1562,374.7265,373.87,6.8176,12.5566,2.581,0,0,0,0,0,0,0,0,0,0,0,0,0,0,0,0,0,0,0,0,0,0,0,0,0,0,0,0,0,0,0,0,0,0,0,0,0,0,0,0,0,0,0,0,0,0,0,0,0,0,0,0,0,0,0,0,0,0,0,0,0,0,0,0,0,0,0,0,0,0,0,0,0,0,0,0,0,0,0,0,0,0,0,0,0,0,0,0,0,0,0,0,0,0,0,0,0,0,0,0,0,0,0,0,0,0,0,0,0,0,0,0,0,0,0,0,0,0,0,0,0,0,0,0,0,0,0,0,0,0,0,0,0,0,0,0,0,0,0,0,0,0,0,0,0,0,0,0,0,0,0,0,0,0,0,0,0,0,0,0,0,0,0,0,0,0,0,0,0,0,0,0,0,0,0,0,0,0,0,0
2029,1,10,22,0,0,0,0,0,0,0,0,0,0,0,0,0,0,0,0,0,0,0,0,0,0,0,0,0,0,0,0,0,0,0,0,0,0,0,0,0,0,0,0,0,0,0,0,0,0,0,0,0,0,0,0,0,0,257.1061,257.1061,0,253.5542,253.5542,0,0,0,0,0,0,0,0,0,0,0,0,0,0,0,0,0,0,0,0,0,0,0,0,0,0,0,0,0,0,0,0,0,0,0,0,0,0,0,0,0,0,0,0,0,0,0,0,0,0,0,0,0,0,0,0,0,0,0,0,0,0,0,0,0,0,0,0,0,0,0,0,0,0,403.0425,386.0325,194.64,30.6774,26.29985,16.31464,61.92817,0,485.2546,0,0,68.01183,0,0,0,0,0,0,0,0,0,0,0,0,0,0,0,0,0,0,0,0,0,0,0,0,0,0,0,0,74.82001,0,0,0,0,0,0,0,374.1562,374.7265,373.87,6.8176,12.5566,2.581,0,0,0,0,0,0,0,0,0,0,0,0,0,0,0,0,0,0,0,0,0,0,0,0,0,0,0,0,0,0,0,0,0,0,0,0,0,0,0,0,0,0,0,0,0,0,0,0,0,0,0,0,0,0,0,0,0,0,0,0,0,0,0,0,0,0,0,0,0,0,0,0,0,0,0,0,0,0,0,0,0,0,0,0,0,0,0,0,0,0,0,0,0,0,0,0,0,0,0,0,0,0,0,0,0,0,0,0,0,0,0,0,0,0,0,0,0,0,0,0,0,0,0,0,0,0,0,0,0,0,0,0,0,0,0,0,0,0,0,0,0,0,0,0,0,0,0,0,0,0,0,0,0,0,0,0,0,0,0,0,0,0,0,0,0,0,0,0,0,0,0,0,0,0,0,0,0,0,0,0
2029,1,10,23,0,0,0,0,0,0,0,0,0,0,0,0,0,0,0,0,0,0,0,0,0,0,0,0,0,0,0,0,0,0,0,0,0,0,0,0,0,0,0,0,0,0,0,0,0,0,0,0,0,0,0,0,0,0,257.1061,257.1061,0,253.5542,253.5542,0,0,0,0,0,0,0,0,0,0,0,0,0,0,0,0,0,0,0,0,0,0,0,0,0,0,0,0,0,0,0,0,0,0,0,0,0,0,0,0,0,0,0,0,0,0,0,0,0,0,0,0,0,0,0,0,0,0,0,0,0,0,0,0,0,0,0,0,0,0,0,0,0,0,403.0425,386.0325,194.64,54.94178,47.14164,11.00073,61.19415,0,330.7193,0,0,61.09705,0,0,0,0,0,0,0,0,0,0,0,0,0,0,0,0,0,0,0,0,0,0,0,0,0,0,0,0,73.72026,0,0,0,0,0,0,0,374.1562,374.7265,373.87,6.8176,12.5566,2.581,0,0,0,0,0,0,0,0,0,0,0,0,0,0,0,0,0,0,0,0,0,0,0,0,0,0,0,0,0,0,0,0,0,0,0,0,0,0,0,0,0,0,0,0,0,0,0,0,0,0,0,0,0,0,0,0,0,0,0,0,0,0,0,0,0,0,0,0,0,0,0,0,0,0,0,0,0,0,0,0,0,0,0,0,0,0,0,0,0,0,0,0,0,0,0,0,0,0,0,0,0,0,0,0,0,0,0,0,0,0,0,0,0,0,0,0,0,0,0,0,0,0,0,0,0,0,0,0,0,0,0,0,0,0,0,0,0,0,0,0,0,0,0,0,0,0,0,0,0,0,0,0,0,0,0,0,0,0,0,0,0,0,0,0,0,0,0,0,0,0,0,0,0,0,0,0,0,0,0,0
2029,1,10,24,0,0,0,0,0,0,0,0,0,0,0,0,0,0,0,0,0,0,0,0,0,0,0,0,0,0,0,0,0,0,0,0,0,0,0,0,0,0,0,0,0,0,0,0,0,0,0,0,0,0,0,0,0,0,257.1061,257.1061,0,253.5542,253.5542,0,0,0,0,0,0,0,0,0,0,0,0,0,0,0,0,0,0,0,0,0,0,0,0,0,0,0,0,0,0,0,0,0,0,0,0,0,0,0,0,0,0,0,0,0,0,0,0,0,0,0,0,0,0,0,0,0,0,0,0,0,0,0,0,0,0,0,0,0,0,0,0,0,0,403.0425,386.0325,194.64,36.37983,31.08356,14.72979,50.56438,0,302.4435,0,0,44.01215,0,0,0,0,0,0,0,0,0,0,0,0,0,0,0,0,0,0,0,0,0,0,0,0,0,0,0,0,72.19565,0,500,0,0,0,0,0,374.1562,374.7265,373.87,6.8176,12.5566,2.581,0,0,0,0,0,0,0,0,0,0,0,0,0,0,0,0,0,0,0,0,0,0,0,0,0,0,0,0,0,0,0,0,0,0,0,0,0,0,0,0,0,0,0,0,0,0,0,0,0,0,0,0,0,0,0,0,0,0,0,0,0,0,0,0,0,0,0,0,0,0,0,0,0,0,0,0,0,0,0,0,0,0,0,0,0,0,0,0,0,0,0,0,0,0,0,0,0,0,0,0,0,0,0,0,0,0,0,0,0,0,0,0,0,0,0,0,0,0,0,0,0,0,0,0,0,0,0,0,0,0,0,0,0,0,0,0,0,0,0,0,0,0,0,0,0,0,0,0,0,0,0,0,0,0,0,0,0,0,0,0,0,0,0,0,0,0,0,0,0,0,0,0,0,0,0,0,0,0,0,0
2029,1,11,1,0,0,0,0,0,0,0,0,0,0,0,0,0,0,0,0,0,0,0,0,0,0,0,0,0,0,0,0,0,0,0,0,0,0,0,0,0,0,0,0,0,0,0,0,0,0,0,0,0,0,0,0,0,0,185.0753,185.0753,0,185.0753,128.7091,0,0,0,0,0,0,0,0,0,0,0,0,0,0,0,0,0,0,0,0,0,0,0,0,0,0,0,0,0,0,0,0,0,0,0,0,0,0,0,0,0,0,0,0,0,0,0,0,0,0,0,0,0,0,0,0,0,0,0,0,0,0,0,0,0,0,0,0,0,0,0,0,0,0,276.1364,276.1364,157.1901,90.97803,80.2272,17.61981,2.849133,0,447.7008,0,0,37.47934,0,0,0,0,0,0,0,0,0,0,0,0,0,0,0,0,0,0,0,0,0,0,0,0,0,0,0,0,72.0245,0,0,0,0,0,0,0,374.1562,374.7265,373.87,6.8176,12.5566,2.581,0,0,0,0,0,0,0,0,0,0,0,0,0,0,0,0,0,0,0,0,0,0,0,0,0,0,0,0,0,0,0,0,0,0,0,0,0,0,0,0,0,0,0,0,0,0,0,0,0,0,0,0,0,0,0,0,0,0,0,0,0,0,0,0,0,0,0,0,0,0,0,0,0,0,0,0,0,0,0,0,0,0,0,0,0,0,0,0,0,0,0,0,0,0,0,0,0,0,0,0,0,0,0,0,0,0,0,0,0,0,0,0,0,0,0,0,0,0,0,0,0,0,0,0,0,0,0,0,0,0,0,0,0,0,0,0,0,0,0,0,0,0,0,0,0,0,0,0,0,0,0,0,0,0,0,0,0,0,0,0,0,0,0,0,0,0,0,0,0,0,0,0,0,0,0,0,0,0,0,0
2029,1,11,2,0,0,0,0,0,0,0,0,0,0,0,0,0,0,0,0,0,0,0,0,0,0,0,0,0,0,0,0,0,0,0,0,0,0,0,0,0,0,0,0,0,0,0,0,0,0,0,0,0,0,0,0,0,0,185.0753,175.4465,0,185.0753,128.7091,0,0,0,0,0,18.47826,0,69.30102,0,131.2656,0,0,0,0,0,0,0,0,0,0,0,0,0,0,0,53.4982,48.0012,52.5,0,52.5,0,0,0,0,0,0,0,0,0,0,0,0,0,0,0,0,0,0,0,0,0,0,0,0,0,0,0,0,0,0,0,0,0,0,0,0,0,0,0,0,0,0,0,0,276.1364,276.1364,166.2871,147.1007,141.2985,7.924253,0,0,355.9516,0,0,41.76614,0,0,0,0,0,0,0,0,0,0,0,0,0,0,0,0,0,0,0,0,0,0,0,0,0,0,0,0,71.83327,0,0,0,0,0,0,0,374.1562,374.7265,373.87,6.8176,12.5566,2.581,0,0,0,0,0,0,0,0,0,0,0,0,0,0,0,0,0,0,0,0,0,0,0,0,0,0,0,0,0,0,0,0,0,0,0,0,0,0,0,0,0,0,0,0,0,0,0,0,0,0,0,0,0,0,0,0,0,0,0,0,0,0,0,0,0,0,0,0,0,0,0,0,0,0,0,0,0,0,0,0,0,0,0,0,0,0,0,0,0,0,0,0,0,0,0,0,0,0,0,0,0,0,0,0,0,0,0,0,0,0,0,0,0,0,0,0,0,0,0,0,0,0,0,0,0,0,0,0,0,0,0,0,0,0,0,0,0,0,0,0,0,0,0,0,0,0,0,0,0,0,0,0,0,0,0,0,0,0,0,0,0,0,0,0,0,0,0,0,0,0,0,0,0,0,0,0,0,0,0,0
2029,1,11,3,0,0,0,0,0,0,0,0,0,0,0,0,0,0,0,0,0,0,0,0,0,0,0,0,0,0,0,0,0,0,0,0,0,0,0,0,0,0,0,0,0,0,0,0,0,0,0,0,0,0,0,0,0,0,185.0753,185.0753,0,185.0753,128.7091,0,0,0,0,18.47826,18.47826,46.19566,69.30102,131.2656,131.2656,0,0,0,0,0,0,0,0,0,0,0,0,0,3.612968,3.612968,53.4982,48.0012,52.5,0,52.5,0,0,0,0,0,0,0,0,0,0,3.612968,42.12937,0,0,0,0,0,0,0,0,0,0,0,0,3.225839,3.225839,0,1.727273,4.435484,0,0,0,0,0,0,0,0,0,0,0,0,0,0,0,276.1364,276.1364,180.0244,177.6086,177.4608,7.45812,0,0,438.521,0,0,62.51759,0,0,0,0,0,0,0,0,0,0,0,0,0,0,0,0,0,0,0,0,0,0,0,0,0,0,0,0,71.59963,0,0,0,0,0,0,0,374.1562,374.7265,373.87,6.8176,12.5566,2.581,0,0,0,0,0,0,0,0,0,0,0,0,0,0,0,0,0,0,0,0,0,0,0,0,0,0,0,0,0,0,0,0,0,0,0,0,0,0,0,0,0,0,0,0,0,0,0,0,0,0,0,0,0,0,0,0,0,0,0,0,0,0,0,0,0,0,0,0,0,0,0,0,0,0,0,0,0,0,0,0,0,0,0,0,0,0,0,0,0,0,0,0,0,0,0,0,0,0,0,0,0,0,0,0,0,0,0,0,0,0,0,0,0,0,0,0,0,0,0,0,0,0,0,0,0,0,0,0,0,0,0,0,0,0,0,0,0,0,0,0,0,0,0,0,0,0,0,0,0,0,0,0,0,0,0,0,0,0,0,0,0,0,0,0,0,0,0,0,0,0,0,0,0,0,0,0,0,0,0,0
2029,1,11,4,0,0,0,0,0,0,0,0,0,0,0,0,0,0,0,0,0,0,0,0,0,0,0,0,0,0,0,0,0,0,0,0,0,0,0,0,0,0,0,0,0,0,0,0,0,0,0,0,0,0,0,0,0,0,185.0753,185.0753,0,185.0753,128.7091,0,0,0,0,18.47826,18.47826,46.19566,69.30102,131.2656,131.2656,0,0,0,0,0,0,0,0,0,0,0,0,0,3.612968,3.612968,53.4982,48.0012,52.5,48.0012,52.5,0,0,0,0,0,0,0,0,0,0,3.612968,42.12937,0,0,0,0,0,0,0,0,0,0,0,0,3.225839,3.225839,0,1.727273,4.435484,0,0,0,0,0,0,0,0,0,0,0,0,0,0,0,276.1364,276.1364,123.0977,195.8763,197.0171,2.610342,0,0,264.7424,0,0,73.01071,0,0,0,0,0,0,0,0,0,0,0,0,0,0,0,0,0,0,0,0,0,0,0,0,0,0,0,0,72.10183,0,0,0,0,0,0,0,374.1562,374.7265,373.87,6.8176,12.5566,2.581,0,0,0,0,0,0,0,0,0,0,0,0,0,0,0,0,0,0,0,0,0,0,0,0,0,0,0,0,0,0,0,0,0,0,0,0,0,0,0,0,0,0,0,0,0,0,0,0,0,0,0,0,0,0,0,0,0,0,0,0,0,0,0,0,0,0,0,0,0,0,0,0,0,0,0,0,0,0,0,0,0,0,0,0,0,0,0,0,0,0,0,0,0,0,0,0,0,0,0,0,0,0,0,0,0,0,0,0,0,0,0,0,0,0,0,0,0,0,0,0,0,0,0,0,0,0,0,0,0,0,0,0,0,0,0,0,0,0,0,0,0,0,0,0,0,0,0,0,0,0,0,0,0,0,0,0,0,0,0,0,0,0,0,0,0,0,0,0,0,0,0,0,0,0,0,0,0,0,0,0
2029,1,11,5,0,0,0,0,0,0,0,0,0,0,0,0,0,0,0,0,0,0,0,0,0,0,0,0,0,0,0,0,0,0,0,0,0,0,0,0,0,0,0,0,0,0,0,0,0,0,0,0,0,0,0,0,0,0,185.0753,185.0753,0,185.0753,128.7091,0,0,0,0,18.47826,18.47826,46.19566,69.30102,131.2656,131.2656,0,0,0,0,0,0,0,0,0,0,0,0,0,3.612968,3.612968,53.4982,48.0012,52.5,0,52.5,0,0,0,0,0,0,0,0,0,0,3.612968,42.12937,0,0,0,0,0,0,0,0,0,0,0,0,3.225839,3.225839,0,1.727273,4.435484,0,0,0,0,0,0,0,0,0,0,0,0,0,0,0,276.1364,276.1364,101.5609,175.6246,177.229,4.00874,0,0,149.479,0,0,65.95067,0,0,0,0,0,0,0,0,0,0,0,0,0,0,0,0,0,0,0,0,0,0,0,0,0,0,0,0,73.20984,0,0,0,0,0,0,0,374.1562,374.7265,373.87,6.8176,12.5566,2.581,0,0,0,0,0,0,0,0,0,0,0,0,0,0,0,0,0,0,0,0,0,0,0,0,0,0,0,0,0,0,0,0,0,0,0,0,0,0,0,0,0,0,0,0,0,0,0,0,0,0,0,0,0,0,0,0,0,0,0,0,0,0,0,0,0,0,0,0,0,0,0,0,0,0,0,0,0,0,0,0,0,0,0,0,0,0,0,0,0,0,0,0,0,0,0,0,0,0,0,0,0,0,0,0,0,0,0,0,0,0,0,0,0,0,0,0,0,0,0,0,0,0,0,0,0,0,0,0,0,0,0,0,0,0,0,0,0,0,0,0,0,0,0,0,0,0,0,0,0,0,0,0,0,0,0,0,0,0,0,0,0,0,0,0,0,0,0,0,0,0,0,0,0,0,0,0,0,0,0,0
2029,1,11,6,0,0,0,0,0,0,0,0,0,0,0,0,0,0,0,0,0,0,0,0,0,0,0,0,0,0,0,0,0,0,0,0,0,0,0,0,0,0,0,0,0,0,0,0,0,0,0,0,0,0,0,0,0,0,185.0753,185.0753,0,185.0753,128.7091,0,0,0,0,18.47826,18.47826,46.19566,69.30102,131.2656,131.2656,0,0,0,0,0,0,0,0,0,0,0,0,0,3.612968,3.612968,53.4982,0,52.5,0,52.5,0,0,0,0,0,0,0,0,0,0,3.612968,42.12937,0,0,0,0,0,0,0,0,0,0,0,0,3.225839,3.225839,0,1.727273,4.435484,0,0,0,0,0,0,0,0,0,0,0,0,0,0,0,276.1364,276.1364,85.00856,140.0825,138.6432,5.780044,0.1054063,0,89.09835,0,0,43.46758,0,0,0,0,0,0,0,0,0,0,0,0,0,0,0,0,0,0,0,0,0,0,0,0,0,0,0,0,74.86532,0,0,0,0,0,0,0,374.1562,374.7265,373.87,6.8176,12.5566,2.581,0,0,0,0,0,0,0,0,0,0,0,0,0,0,0,0,0,0,0,0,0,0,0,0,0,0,0,0,0,0,0,0,0,0,0,0,0,0,0,0,0,0,0,0,0,0,0,0,0,0,0,0,0,0,0,0,0,0,0,0,0,0,0,0,0,0,0,0,0,0,0,0,0,0,0,0,0,0,0,0,0,0,0,0,0,0,0,0,0,0,0,0,0,0,0,0,0,0,0,0,0,0,0,0,0,0,0,0,0,0,0,0,0,0,0,0,0,0,0,0,0,0,0,0,0,0,0,0,0,0,0,0,0,0,0,0,0,0,0,0,0,0,0,0,0,0,0,0,0,0,0,0,0,0,0,0,0,0,0,0,0,0,0,0,0,0,0,0,0,0,0,0,0,0,0,0,0,0,0,0
2029,1,11,7,0,0,0,0,0,0,0,0,0,0,0,0,0,1.791,2.585,0,0,0,0,0,0,0,0,0,0,0,0,0,0,0,0,0,0,0,0,0,0,0,0,0,0,0,0,0,0,0,0,0,0,0,0,0,0,0,185.0753,185.0753,0,185.0753,128.7091,0,0,0,0,18.47826,18.47826,46.19566,69.30102,131.2656,131.2656,0,0,0,0,0,0,0,0,0,0,0,0,0,3.612968,3.612968,53.4982,48.0012,52.5,48.0012,52.5,0,0,0,0,0,0,0,0,0,0,3.612968,42.12937,0,0,0,0,0,0,0,0,0,0,0,0,3.225839,3.225839,0,1.727273,4.435484,0,0,0,0,0,0,0,0,0,0,0,0,0,0,0,276.1364,276.1364,57.92066,192.1606,195.268,7.364894,11.91091,0,68.97145,0,0,116.8774,0,0,0,0,0,0,0,0,0,0,0,0,0,0,0,0,0,0,0,0,0,0,0,0,0,0,0,0,75.90395,0,0,0,0,0,0,0,374.1562,374.7265,373.87,6.8176,12.5566,2.581,0,0,0,0,0,0,0,0,0,0,0,0,0,0,0,0,0,0,0,0,0,0,0,0,0,0,0,0,0,0,0,0,0,0,0,0,0,0,0,0,0,0,0,0,0,0,0,0,0,0,0,0,0,0,0,0,0,0,0,0,0,0,0,0,0,0,0,0,0,0,0,0,0,0,0,0,0,0,0,0,0,0,0,0,0,0,0,0,0,0,0,0,0,0,0,0,0,0,0,0,0,0,0,0,0,0,0,0,0,0,0,0,0,0,0,0,0,0,0,0,0,0,0,0,0,0,0,0,0,0,0,0,0,0,0,0,0,0,0,0,0,0,0,0,0,0,0,0,0,0,0,0,0,0,0,0,0,0,0,0,0,0,0,0,0,0,0,0,0,0,0,0,0,0,0,0,0,0,0,0
2029,1,11,8,0,0,0,1.5075,0,0,0.164282,0,0.059258,0.200951,0.195193,0.0763508,0,74.1275,107.58,0,0,0.082509,0,0,1.543449,0.02476933,0.062973,0,0,0,0.106143,0,0,0,0,0,0,0,0,0.22604,0,0,0,3.534912,0.662796,0,0,0,0,0,0,0,0,0,0,0,0,0,185.0753,185.0753,0,185.0753,128.7091,0,0,0,0,18.47826,18.47826,46.19566,69.30102,131.2656,131.2656,0,0,0,0,0,0,0,0,0,0,0,0,0,3.612968,3.612968,53.4982,48.0012,52.5,48.0012,52.5,0,0,0,0,0,0,0,0,0,0,3.612968,42.12937,0,0,0,0,0,0,0,0,0,0,0,0,3.225839,3.225839,0,1.727273,4.435484,0,0,0,0,0,0,0,0,0,0,0,0,0,0,0,276.1364,276.1364,194.64,110.3909,102.5231,7.271667,21.7137,0,89.09835,0,0,115.8884,0,0,0,0,0,0,0,0,0,0,0,0,0,0,0,0,0,0,0,0,0,0,0,0,0,0,0,0,75.60192,0,0,0,0,0,0,0,374.1562,374.7265,373.87,6.8176,12.5566,2.581,0,0,0,0,0,0,0,0,0,0,0,0,0,0,0,0,0,0,0,0,0,0,0,0,0,0,0,0,0,0,0,0,0,0,0,0,0,0,0,0,0,0,0,0,0,0,0,2.882724,0,0,0,0,0,0,0,0,0,0,0.033042,0,0,0,0,0,0,0,0,0,0,0,0,0,0,0,0,0,0,0,0,0,0,0,0,0,0,0,0,0,0,0,0,0,0,0,0,0,0,0,0,0,0,0,0,0,0,0,0,0,0,0,0,0,0,0,0,0,0,0,0,0,0,0,0,0,0,0,0,0,0,0,0,0,0,0,0,0,0,0,0,0,0,0,0,0,0,0,0,0,0,0,0,0,0,0,0,0,0,0,0,0,0,0,0,0,0,0,0,0,0,0,0,0,0,0,0,0,0,0,0,0
2029,1,11,9,46.3721,0,7.801332,68.9175,4.164874,66.39222,19.26257,0,1.146902,3.88929,3.777861,1.477728,0,135.0215,192.445,0,0,1.596912,80.64,0,46.26288,0.07912988,1.218811,57.80347,116.2196,0,0.339092,3.465,0,3.096716,2.20467,0,0,0,0,4.381433,0,0,61.94243,155.9248,29.2359,0,83.77902,98.40498,3.87301,4.088495,0,0,0,0,0,0,0,0,185.0753,185.0753,0,185.0753,128.7091,0,0,0,0,18.47826,18.47826,46.19566,69.30102,131.2656,131.2656,0,0,0,0,0,0,0,0,0,0,0,0,0,3.612968,3.612968,53.4982,48.0012,52.5,48.0012,52.5,0,0,0,0,0,0,0,0,0,0,3.612968,42.12937,0,0,0,0,0,0,0,0,0,0,0,0,3.225839,3.225839,0,1.727273,4.435484,0,0,0,0,0,0,0,0,0,0,0,0,0,0,0,276.1364,276.1364,147.2761,30.00177,26.55274,7.644574,30.46242,0,105.298,0,0,98.32813,172.1696,208.5588,0,0,0,0,0,0,0,0,0,0,0,0,0,0,0,0,0,0,0,0,0,0,0,0,0,0,75.98676,0,0,0,0,0,0,0,374.1562,374.7265,373.87,6.8176,12.5566,2.581,0,0,0,0,0,0,0,0,0,0,0,0,0,0,0,0,0,0,0,0,0,0,0,0,0,0,0,0,0,0,0,0,0,0,0,0,0,0,0,0,0,0,0,0,0,0,0,55.8771,0,0,0,0,0,0,0,0,0,0,0.640463,0,0,0,0,0,0,0,0,0,0,0,0,0,0,0,0,0,0,0,0,0,0,0,0,0,0,0,0,0,0,0,0,0,0,0,0,0,0,0,0,0,0,0,0,0,0,0,0,0,0,0,0,0,0,0,0,0,0,0,0,0,0,0,0,0,0,0,0,0,0,0,0,0,0,0,0,0,0,0,0,0,0,0,0,0,0,0,0,0,0,0,0,0,0,0,0,0,0,0,0,0,0,0,0,0,0,0,0,0,0,0,0,0,0,0,0,0,0,0,0,0
2029,1,11,10,109.4336,3.310858,41.63038,185.7375,14.01945,162.1071,47.41532,3.892634,2.529655,8.578381,8.332607,3.25934,0,138.305,197.8075,0,3.442844,3.522215,140.5152,0,88.04391,0.3791737,2.688261,134.48,270.3853,0,1.624855,54.57,0.8315606,10.4239,7.421174,0,0,0,0,9.810115,3.025217,0,121.1191,292.5603,54.85506,0,165.4053,210.7038,11.46248,15.04026,0,0,0,0,0,0,0,0,128.7091,128.7091,0,128.7091,128.7091,0,0,0,0,18.47826,18.47826,46.19566,69.30102,131.2656,131.2656,0,0,0,0,0,0,0,0,0,0,0,0,0,3.612968,3.612968,0,0,0,0,0,0,0,0,0,0,0,0,0,0,0,3.612968,42.12937,0,0,0,0,0,0,0,0,0,0,0,0,3.225839,3.225839,0,1.727273,4.435484,0,0,0,0,0,0,0,0,0,0,0,0,0,0,0,276.1364,276.1364,194.64,17.30443,14.85689,3.356154,36.99761,0,25.57589,0,0,14.52585,355.0376,468.8334,0,0,0,0,0,0,0,0,0,0,0,0,0,0,0,0,0,0,0,0,0,0,0,0,0,0,76.24858,0,176.893,0,0,0,0,0,374.1562,374.7265,373.87,6.8176,12.5566,2.581,0,0,0,0,0,0,0,0,0,0,0,0,0,0,0,0,0,0,0,0,0,0,0,0,0,0,0,0,0,0,0,0,0,0,0,0,0,0,0,0,0,0,0,0,0,0,0,125.1099,0,0,0,0,0,0,0,0,0,0,1.43401,0,0,0,0,0,0,0,0,0,0,0,0,0,0,0,0,0,0,0,0,0,0,0,0,0,0,0,0,0,0,0,0,0,0,0,0,0,0,0,0,0,0,0,0,0,0,0,0,0,0,0,0,0,0,0,0,0,0,0,0,0,0,0,0,0,0,0,0,0,0,0,0,0,0,0,0,0,0,0,0,0,0,0,0,0,0,0,0,0,0,0,0,0,0,0,0,0,0,0,0,0,0,0,0,0,0,0,0,0,0,0,0,0,0,0,0,0,0,0,0,0
2029,1,11,11,112.8275,4.272407,162.6084,194.49,13.88093,160.6881,43.70683,5.023144,3.264325,11.06974,10.75259,4.205926,0,132.8325,190.355,0,4.442725,4.545147,143.2368,0,87.92511,0.6729521,3.468993,143.2288,287.9757,0,2.88377,56.22,1.073065,10.32092,7.347852,0,0,0,0,12.81233,3.903809,0,122.4967,314.9684,59.05657,0,164.7204,220.5918,19.66811,51.09395,0,0,0,0,0,0,0,0,128.7091,128.7091,0,128.7091,128.7091,0,0,0,0,18.47826,18.47826,46.19566,69.30102,131.2656,131.2656,0,0,0,0,0,0,0,0,0,0,0,0,0,3.612968,3.612968,0,0,0,0,0,0,0,0,0,0,0,0,0,0,0,3.612968,42.12937,0,0,0,0,0,0,0,0,0,0,0,0,3.225839,3.225839,0,1.727273,4.435484,0,0,0,0,0,0,0,0,0,0,0,0,0,0,0,276.1364,276.1364,194.64,38.49089,34.41319,0.8565016,55.54913,0,21.74687,0,0,76.72546,506.4324,684.1746,0,0,0,0,0,0,0,0,0,0,0,0,0,0,0,0,0,0,0,0,0,0,0,0,0,0,76.17914,0,0,0,0,0,0,0,374.1562,374.7265,373.87,6.8176,12.5566,2.581,0,0,0,0,0,0,0,0,0,0,0,0,0,0,0,0,0,0,0,0,0,0,0,0,0,0,0,0,0,0,0,0,0,0,0,0,0,0,0,0,0,0,0,0,0,0,0,163.3976,0,0,0,0,0,0,0,0,0,0,1.872864,0,0,0,0,0,0,0,0,0,0,0,0,0,0,0,0,0,0,0,0,0,0,0,0,0,0,0,0,0,0,0,0,0,0,0,0,0,0,0,0,0,0,0,0,0,0,0,0,0,0,0,0,0,0,0,0,0,0,0,0,0,0,0,0,0,0,0,0,0,0,0,0,0,0,0,0,0,0,0,0,0,0,0,0,0,0,0,0,0,0,0,0,0,0,0,0,0,0,0,0,0,0,0,0,0,0,0,0,0,0,0,0,0,0,0,0,0,0,0,0,0
2029,1,11,12,105.4312,5.71208,173.5076,184.905,11.80324,150.7964,46.09715,6.715792,4.364304,14.79991,14.37589,5.623198,0,127.2605,182.49,0,5.939789,6.076724,136.752,0,83.96006,1.044236,4.637939,134.671,270.7693,0,4.474816,70.89,1.434655,8.776089,6.248031,0,0,0,0,17.28307,5.219275,0,117.2217,268.4457,50.33357,0,158.0421,206.9465,23.52245,49.96621,0,0,0,0,0,0,0,0,128.7091,128.7091,0,128.7091,128.7091,0,0,0,0,18.47826,18.47826,46.19566,69.30102,131.2656,131.2656,0,0,0,0,0,0,0,0,0,0,0,0,0,3.612968,3.612968,0,0,0,0,0,0,0,0,0,0,0,0,0,0,0,3.612968,42.12937,0,0,0,0,0,0,0,0,0,0,0,0,3.225839,3.225839,0,1.727273,4.435484,0,0,0,0,0,0,0,0,0,0,0,0,0,0,0,276.1364,276.1364,194.64,60.67869,50.32376,0.09322651,49.43556,0,50.26816,0,0,139.0431,599.3592,816.2901,0,0,0,0,0,0,0,0,0,0,0,0,0,0,0,0,0,0,0,0,0,0,0,0,0,0,76.51418,0,0,0,0,0,0,0,374.1562,374.7265,373.87,6.8176,12.5566,2.581,0,0,0,0,0,0,0,0,0,0,0,0,0,0,0,0,0,0,0,0,0,0,0,0,0,0,0,0,0,0,0,0,0,0,0,0,0,0,0,0,0,0,0,0,0,0,0,220.4137,0,0,0,0,0,0,0,0,0,0,2.526381,0,0,0,0,0,0,0,0,0,0,0,0,0,0,0,0,0,0,0,0,0,0,0,0,0,0,0,0,0,0,0,0,0,0,0,0,0,0,0,0,0,0,0,0,0,0,0,0,0,0,0,0,0,0,0,0,0,0,0,0,0,0,0,0,0,0,0,0,0,0,0,0,0,0,0,0,0,0,0,0,0,0,0,0,0,0,0,0,0,0,0,0,0,0,0,0,0,0,0,0,0,0,0,0,0,0,0,0,0,0,0,0,0,0,0,0,0,0,0,0,0
2029,1,11,13,101.2932,6.032594,189.9187,177.6375,12.57496,144.3989,45.09201,7.092627,4.609193,15.63036,15.18254,5.938725,0,131.6385,188.5125,0,6.273081,6.4177,131.8632,0,81.46421,1.508341,4.898182,128.7875,258.94,0,6.463622,80.655,1.515157,9.349882,6.656536,0,0,0,0,18.27692,5.512137,0,112.8655,216.731,40.63706,0,151.7175,198.8965,25.19134,47.67819,0,0,0,0,0,0,0,0,128.7091,128.7091,0,128.7091,128.7091,0,0,0,0,18.47826,18.47826,46.19566,69.30102,131.2656,131.2656,0,0,0,0,0,0,0,0,0,0,0,0,0,3.612968,3.612968,0,0,0,0,0,0,0,0,0,0,0,0,0,0,0,3.612968,42.12937,0,0,0,0,0,0,0,0,0,0,0,0,3.225839,3.225839,0,1.727273,4.435484,0,0,0,0,0,0,0,0,0,0,0,0,0,0,0,276.1364,276.1364,194.64,48.95521,41.0303,0.7458121,31.30567,0,51.74086,0,0,167.3569,639.5404,873.5166,0,0,0,0,0,0,0,0,0,0,0,0,0,0,0,0,0,0,0,0,0,0,0,0,0,0,76.67037,0,352.8044,0,0,0,0,0,374.1562,374.7265,373.87,6.8176,12.5566,2.581,0,0,0,0,0,0,0,0,0,0,0,0,0,0,0,0,0,0,0,0,0,0,0,0,0,0,0,0,0,0,0,0,0,0,0,0,0,0,0,0,0,0,0,0,0,0,0,233.0885,0,0,0,0,0,0,0,0,0,0,2.67166,0,0,0,0,0,0,0,0,0,0,0,0,0,0,0,0,0,0,0,0,0,0,0,0,0,0,0,0,0,0,0,0,0,0,0,0,0,0,0,0,0,0,0,0,0,0,0,0,0,0,0,0,0,0,0,0,0,0,0,0,0,0,0,0,0,0,0,0,0,0,0,0,0,0,0,0,0,0,0,0,0,0,0,0,0,0,0,0,0,0,0,0,0,0,0,0,0,0,0,0,0,0,0,0,0,0,0,0,0,0,0,0,0,0,0,0,0,0,0,0,0
2029,1,11,14,102.7678,6.581935,187.141,180.0675,10.87323,148.4507,45.46306,7.738497,5.028916,17.05369,16.5651,6.479518,0,132.8325,189.6125,0,6.844322,7.00211,134.3832,0,83.18487,1.531546,5.344221,132.0349,265.4692,0,6.563063,72.645,1.65313,8.084595,5.75573,0,0,0,0,19.98274,6.014085,0,115.712,296.5947,55.6115,0,155.7249,203.8343,24.19796,35.20157,0,0,0,0,0,0,0,0,128.7091,128.7091,0,128.7091,128.7091,0,0,0,0,18.47826,18.47826,46.19566,69.30102,131.2656,131.2656,0,0,0,0,0,0,0,0,0,0,0,0,0,3.612968,3.612968,0,0,0,0,0,0,0,0,0,0,0,0,0,0,0,3.612968,42.12937,0,0,0,0,0,0,0,0,0,0,0,0,3.225839,3.225839,0,1.727273,4.435484,0,0,0,0,0,0,0,0,0,0,0,0,0,0,0,276.1364,276.1364,194.64,27.43031,22.82271,2.890022,41.95171,0,23.02321,0,0,178.6255,615.5312,839.4633,0,0,0,0,0,0,0,0,0,0,0,0,0,0,0,0,0,0,0,0,0,0,0,0,0,0,76.8069,0,399.4658,0,0,0,0,0,374.1562,374.7265,373.87,6.8176,12.5566,2.581,0,0,0,0,0,0,0,0,0,0,0,0,0,0,0,0,0,0,0,0,0,0,0,0,0,0,0,0,0,0,0,0,0,0,0,0,0,0,0,0,0,0,0,0,0,0,0,254.843,0,0,0,0,0,0,0,0,0,0,2.921011,0,0,0,0,0,0,0,0,0,0,0,0,0,0,0,0,0,0,0,0,0,0,0,0,0,0,0,0,0,0,0,0,0,0,0,0,0,0,0,0,0,0,0,0,0,0,0,0,0,0,0,0,0,0,0,0,0,0,0,0,0,0,0,0,0,0,0,0,0,0,0,0,0,0,0,0,0,0,0,0,0,0,0,0,0,0,0,0,0,0,0,0,0,0,0,0,0,0,0,0,0,0,0,0,0,0,0,0,0,0,0,0,0,0,0,0,0,0,0,0,0
2029,1,11,15,107.5943,5.426202,173.2655,190.4625,7.954576,154.1813,43.67682,6.37968,4.14588,14.0592,13.6564,5.341768,139.1812,139.5985,198.66,0,5.642515,5.772597,138.4656,0,86.64104,0.951415,4.40582,139.714,280.9088,0,4.077054,96.69,1.362854,5.914481,4.210743,0,0,0,0,16.51454,4.958061,0,120.1462,304.375,57.07031,0,161.9056,211.1961,20.62176,15.36197,0,0,0,0,0,0,0,0,128.7091,128.7091,0,128.7091,128.7091,0,0,0,0,18.47826,18.47826,46.19566,69.30102,131.2656,131.2656,0,0,0,0,0,0,0,0,0,0,0,0,0,3.612968,3.612968,0,0,0,0,0,0,0,0,0,0,0,0,0,0,0,3.612968,42.12937,0,0,0,0,0,0,0,0,0,0,0,0,3.225839,3.225839,0,1.727273,4.435484,0,0,0,0,0,0,0,0,0,0,0,0,0,0,0,276.1364,276.1364,194.64,31.5497,25.89945,3.822287,40.47602,0,11.97796,0,0,166.312,529.4464,716.8149,0,0,0,0,0,0,0,0,0,0,0,0,0,0,0,0,0,0,0,0,0,0,0,0,0,0,77.79893,0,515.0462,0,0,0,0,0,374.1562,374.7265,373.87,6.8176,12.5566,2.581,0,0,0,0,0,0,0,0,0,0,0,0,0,0,0,0,0,0,0,0,0,0,0,0,0,0,0,0,0,0,0,0,0,0,0,0,0,0,0,0,0,0,0,0,0,0,0,210.6125,0,0,0,0,0,0,0,0,0,0,2.41404,0,0,0,0,0,0,0,0,0,0,0,0,0,0,0,0,0,0,0,0,0,0,0,0,0,0,0,0,0,0,0,0,0,0,0,0,0,0,0,0,0,0,0,0,0,0,0,0,0,0,0,0,0,0,0,0,0,0,0,0,0,0,0,0,0,0,0,0,0,0,0,0,0,0,0,0,0,0,0,0,0,0,0,0,0,0,0,0,0,0,0,0,0,0,0,0,0,0,0,0,0,0,0,0,0,0,0,0,0,0,0,0,0,0,0,0,0,0,0,0,0
2029,1,11,16,110.1826,3.79306,177.0713,187.4025,5.659226,113.7602,48.15442,4.459567,2.898081,9.827759,9.546191,3.734039,222.4939,75.222,108.8175,0,3.944269,4.0352,140.196,0,86.61234,1.113852,3.079786,141.8917,285.2872,0,4.773137,76.755,0.9526713,4.207815,2.995703,0,0,0,0,11.59314,3.465817,0,119.9904,297.5236,55.78567,0,167.933,213.7883,12.85322,43.12448,0,0,0,0,0,0,0,0,128.7091,128.7091,0,128.7091,128.7091,0,0,0,0,18.47826,18.47826,46.19566,69.30102,131.2656,131.2656,0,0,0,0,0,0,0,0,0,0,0,0,0,3.612968,3.612968,0,0,0,0,0,0,0,0,0,0,0,0,0,0,0,3.612968,42.12937,0,0,0,0,0,0,0,0,0,0,0,0,3.225839,3.225839,0,1.727273,4.435484,0,0,0,0,0,0,0,0,0,0,0,0,0,0,0,276.1364,276.1364,194.64,59.31874,48.49035,8.01748,26.7732,0,0,0,0,166.784,388.6256,516.4515,0,0,0,0,0,0,0,0,0,0,0,0,0,0,0,0,0,0,0,0,0,0,0,0,0,0,78.40101,0,571.811,0,0,0,0,0,374.1562,374.7265,373.87,6.8176,12.5566,2.581,0,0,0,0,0,0,0,0,0,0,0,0,0,0,0,0,0,0,0,0,0,0,0,0,0,0,0,0,0,0,0,0,0,0,0,0,0,0,0,0,0,0,0,0,0,0,0,147.8492,0,0,0,0,0,0,0,0,0,0,1.694647,0,0,0,0,0,0,0,0,0,0,0,0,0,0,0,0,0,0,0,0,0,0,0,0,0,0,0,0,0,0,0,0,0,0,0,0,0,0,0,0,0,0,0,0,0,0,0,0,0,0,0,0,0,0,0,0,0,0,0,0,0,0,0,0,0,0,0,0,0,0,0,0,0,0,0,0,0,0,0,0,0,0,0,0,0,0,0,0,0,0,0,0,0,0,0,0,0,0,0,0,0,0,0,0,0,0,0,0,0,0,0,0,0,0,0,0,0,0,0,0,0
2029,1,11,17,73.49962,0,159.2256,109.1475,0,61.38921,29.44693,0,1.956063,6.633256,6.443211,2.520293,294.0449,1.8905,2.75,0,0,2.723562,120.1032,0,52.85347,0.7889783,2.078705,89.01659,178.9766,0,3.380972,78.105,0,0,0,0,0,0,0,7.837266,0,0,66.18467,169.6658,31.81235,0,124.3738,133.0431,5.502163,38.88294,0,0,0,0,0,0,0,0,128.7091,128.7091,0,128.7091,128.7091,0,0,0,0,18.47826,18.47826,46.19566,69.30102,131.2656,131.2656,0,0,0,0,0,0,0,0,0,0,0,0,0,3.612968,3.612968,53.4982,0,52.5,0,52.5,0,0,0,0,0,0,0,0,0,0,3.612968,42.12937,0,0,0,0,0,0,0,0,0,0,0,0,3.225839,3.225839,0,1.727273,4.435484,0,0,0,0,0,0,0,0,0,0,0,0,0,0,0,276.1364,276.1364,126.5726,45.21629,36.54162,17.71304,18.55151,0,0,0,0,223.5187,211.48,264.3723,0,0,0,0,0,0,0,0,0,0,0,0,0,0,0,0,0,0,0,0,0,0,0,0,0,0,78.09236,0,0,0,0,0,0,0,374.1562,374.7265,373.87,6.8176,12.5566,2.581,0,0,0,0,0,0,0,0,0,0,0,0,0,0,0,0,0,0,0,0,0,0,0,0,0,0,0,0,0,0,0,0,0,0,0,0,0,0,0,0,0,0,0,0,0,0,0,99.94988,0,0,0,0,0,0,0,0,0,0,1.145626,0,0,0,0,0,0,0,0,0,0,0,0,0,0,0,0,0,0,0,0,0,0,0,0,0,0,0,0,0,0,0,0,0,0,0,0,0,0,0,0,0,0,0,0,0,0,0,0,0,0,0,0,0,0,0,0,0,0,0,0,0,0,0,0,0,0,0,0,0,0,0,0,0,0,0,0,0,0,0,0,0,0,0,0,0,0,0,0,0,0,0,0,0,0,0,0,0,0,0,0,0,0,0,0,0,0,0,0,0,0,0,0,0,0,0,0,0,0,0,0,0
2029,1,11,18,1.3909,0,18.44274,6.2775,0,2.313473,1.808541,0,0.298757,1.013123,0.984097,0.3849342,294.0449,0,0,0,0,0.41598,8.7696,0,2.616636,0.08957224,0.317489,7.640909,15.3628,0,0.38384,0.51,0,0,0,0,0,0,0,1.183939,0,0,1.792953,1.946005,0.364876,0,9.062245,11.66488,0,5.960882,0,0,0,0,0,0,0,0,257.1061,185.0753,0,185.0753,185.0753,0,0,0,0,35.1087,35.1087,46.19566,101.6295,131.2656,166.1068,0,0,0,0,0,0,0,0,0,0,0,0,0,3.612968,3.612968,53.4982,0,52.5,0,52.5,0,0,0,0,0,0,0,0,0,0,3.612968,42.12937,0,0,0,0,0,0,0,0,0,0,0,0,3.225839,3.225839,0,1.727273,4.435484,0,0,0,0,0,0,0,0,0,0,0,0,0,0,0,276.1364,276.1364,99.35253,37.94566,30.30384,28.62054,21.29207,0,0,0,0,210.4636,46.7744,30.0969,0,0,0,0,0,0,0,0,0,0,0,0,0,0,0,0,0,0,0,0,0,0,0,0,0,0,77.67725,0,0,0,0,0,0,0,374.1562,374.7265,373.87,6.8176,12.5566,2.581,0,0,0,0,0,0,0,0,0,0,0,0,0,0,0,0,0,0,0,0,0,0,0,0,0,0,0,0,0,0,0,0,0,0,0,0,0,0,0,0,0,0,0,0,0,0,0,15.09896,0,0,0,0,0,0,0,0,0,0,0.173064,0,0,0,0,0,0,0,0,0,0,0,0,0,0,0,0,0,0,0,0,0,0,0,0,0,0,0,0,0,0,0,0,0,0,0,0,0,0,0,0,0,0,0,0,0,0,0,0,0,0,0,0,0,0,0,0,0,0,0,0,0,0,0,0,0,0,0,0,0,0,0,0,0,0,0,0,0,0,0,0,0,0,0,0,0,0,0,0,0,0,0,0,0,0,0,0,0,0,0,0,0,0,0,0,0,0,0,0,0,0,0,0,0,0,0,0,0,0,0,0,0
2029,1,11,19,0,0,0,0,0,0,0,0,0,0,0,0,294.0449,0,0,0,0,0,0,0,0,0,0,0,0,0,0,0,0,0,0,0,0,0,0,0,0,0,0,0,0,0,0,0,0,0,0,0,0,0,0,0,0,0,257.1061,185.0753,0,230.2149,185.0753,0,0,0,0,35.1087,35.1087,46.19566,101.6295,131.2656,166.1068,0,0,0,0,0,0,0,0,0,0,0,0,0,3.612968,3.612968,53.4982,0,52.5,0,52.5,0,0,0,0,0,0,0,0,0,0,3.612968,42.12937,0,0,0,0,0,0,0,0,0,0,0,0,3.225839,3.225839,0,1.727273,4.435484,0,0,0,0,0,0,0,0,0,0,0,0,0,0,0,276.1364,276.1364,68.72427,22.29629,17.30143,27.22214,28.67052,0,0,0,0,191.7046,0,0,0,0,0,0,0,0,0,0,0,0,0,0,0,0,0,0,0,0,0,0,0,0,0,0,0,0,76.77886,0,0,0,0,0,0,0,374.1562,374.7265,373.87,6.8176,12.5566,2.581,0,0,0,0,0,0,0,0,0,0,0,0,0,0,0,0,0,0,0,0,0,0,0,0,0,0,0,0,0,0,0,0,0,0,0,0,0,0,0,0,0,0,0,0,0,0,0,0,0,0,0,0,0,0,0,0,0,0,0,0,0,0,0,0,0,0,0,0,0,0,0,0,0,0,0,0,0,0,0,0,0,0,0,0,0,0,0,0,0,0,0,0,0,0,0,0,0,0,0,0,0,0,0,0,0,0,0,0,0,0,0,0,0,0,0,0,0,0,0,0,0,0,0,0,0,0,0,0,0,0,0,0,0,0,0,0,0,0,0,0,0,0,0,0,0,0,0,0,0,0,0,0,0,0,0,0,0,0,0,0,0,0,0,0,0,0,0,0,0,0,0,0,0,0,0,0,0,0,0,0
2029,1,11,20,0,0,0,0,0,0,0,0,0,0,0,0,294.0449,0,0,0,0,0,0,0,0,0,0,0,0,0,0,0,0,0,0,0,0,0,0,0,0,0,0,0,0,0,0,0,0,0,0,0,0,0,0,0,0,0,257.1061,185.0753,0,253.5542,185.0753,0,0,0,0,35.1087,35.1087,46.19566,101.6295,131.2656,166.1068,0,0,0,0,0,0,0,0,0,0,0,0,0,3.612968,3.612968,53.4982,0,52.5,0,52.5,0,0,0,0,0,0,0,0,0,0,3.612968,42.12937,0,0,0,0,0,0,0,0,0,0,0,0,3.225839,3.225839,0,1.727273,4.435484,0,0,0,0,0,0,0,0,0,0,0,0,0,0,0,276.1364,276.1364,115.1644,30.91455,23.96068,16.31464,40.58143,0,0,0,0,151.3214,0,0,0,0,0,0,0,0,0,0,0,0,0,0,0,0,0,0,0,0,0,0,0,0,0,0,0,0,75.77663,0,0,0,0,0,0,0,374.1562,374.7265,373.87,6.8176,12.5566,2.581,0,0,0,0,0,0,0,0,0,0,0,0,0,0,0,0,0,0,0,0,0,0,0,0,0,0,0,0,0,0,0,0,0,0,0,0,0,0,0,0,0,0,0,0,0,0,0,0,0,0,0,0,0,0,0,0,0,0,0,0,0,0,0,0,0,0,0,0,0,0,0,0,0,0,0,0,0,0,0,0,0,0,0,0,0,0,0,0,0,0,0,0,0,0,0,0,0,0,0,0,0,0,0,0,0,0,0,0,0,0,0,0,0,0,0,0,0,0,0,0,0,0,0,0,0,0,0,0,0,0,0,0,0,0,0,0,0,0,0,0,0,0,0,0,0,0,0,0,0,0,0,0,0,0,0,0,0,0,0,0,0,0,0,0,0,0,0,0,0,0,0,0,0,0,0,0,0,0,0,0
2029,1,11,21,0,0,0,0,0,0,0,0,0,0,0,0,165.6453,0,0,0,0,0,0,0,0,0,0,0,0,0,0,0,0,0,0,0,0,0,0,0,0,0,0,0,0,0,0,0,0,0,0,0,0,0,0,0,0,0,257.1061,185.0753,0,253.5542,185.0753,0,0,0,0,35.1087,35.1087,46.19566,101.6295,131.2656,166.1068,0,0,0,0,0,0,0,0,0,0,0,0,0,3.612968,3.612968,53.4982,0,52.5,48.0012,52.5,0,0,0,0,0,0,0,0,0,0,3.612968,42.12937,0,0,0,0,0,0,0,0,0,0,0,0,3.225839,3.225839,0,1.727273,4.435484,0,0,0,0,0,0,0,0,0,0,0,0,0,0,0,276.1364,276.1364,194.64,24.47597,18.88194,14.91624,34.36246,0,0,0,0,123.505,0,0,0,0,0,0,0,0,0,0,0,0,0,0,0,0,0,0,0,0,0,0,0,0,0,0,0,0,76.44411,0,0,0,0,0,0,0,374.1562,374.7265,373.87,6.8176,12.5566,2.581,0,0,0,0,0,0,0,0,0,0,0,0,0,0,0,0,0,0,0,0,0,0,0,0,0,0,0,0,0,0,0,0,0,0,0,0,0,0,0,0,0,0,0,0,0,0,0,0,0,0,0,0,0,0,0,0,0,0,0,0,0,0,0,0,0,0,0,0,0,0,0,0,0,0,0,0,0,0,0,0,0,0,0,0,0,0,0,0,0,0,0,0,0,0,0,0,0,0,0,0,0,0,0,0,0,0,0,0,0,0,0,0,0,0,0,0,0,0,0,0,0,0,0,0,0,0,0,0,0,0,0,0,0,0,0,0,0,0,0,0,0,0,0,0,0,0,0,0,0,0,0,0,0,0,0,0,0,0,0,0,0,0,0,0,0,0,0,0,0,0,0,0,0,0,0,0,0,0,0,0
2029,1,11,22,0,0,0,0,0,0,0,0,0,0,0,0,0,0,0,0,0,0,0,0,0,0,0,0,0,0,0,0,0,0,0,0,0,0,0,0,0,0,0,0,0,0,0,0,0,0,0,0,0,0,0,0,0,0,257.1061,185.0753,0,253.5542,185.0753,0,0,0,0,35.1087,35.1087,46.19566,101.6295,131.2656,166.1068,0,0,0,0,0,0,0,0,0,0,0,0,0,3.612968,3.612968,53.4982,48.0012,52.5,48.0012,52.5,0,0,0,0,0,0,0,0,0,0,3.612968,42.12937,0,0,0,0,0,0,0,0,0,0,0,0,3.225839,3.225839,0,1.727273,4.435484,0,0,0,0,0,0,0,0,0,0,0,0,0,0,0,403.0425,276.1364,194.64,21.47654,16.41633,9.788783,39.73818,0,26.5086,0,0,68.01183,0,0,0,0,0,0,0,0,0,0,0,0,0,0,0,0,0,0,0,0,0,0,0,0,0,0,0,0,75.42465,0,0,0,0,0,0,0,374.1562,374.7265,373.87,6.8176,12.5566,2.581,0,0,0,0,0,0,0,0,0,0,0,0,0,0,0,0,0,0,0,0,0,0,0,0,0,0,0,0,0,0,0,0,0,0,0,0,0,0,0,0,0,0,0,0,0,0,0,0,0,0,0,0,0,0,0,0,0,0,0,0,0,0,0,0,0,0,0,0,0,0,0,0,0,0,0,0,0,0,0,0,0,0,0,0,0,0,0,0,0,0,0,0,0,0,0,0,0,0,0,0,0,0,0,0,0,0,0,0,0,0,0,0,0,0,0,0,0,0,0,0,0,0,0,0,0,0,0,0,0,0,0,0,0,0,0,0,0,0,0,0,0,0,0,0,0,0,0,0,0,0,0,0,0,0,0,0,0,0,0,0,0,0,0,0,0,0,0,0,0,0,0,0,0,0,0,0,0,0,0,0
2029,1,11,23,0,0,0,0,0,0,0,0,0,0,0,0,0,0,0,0,0,0,0,0,0,0,0,0,0,0,0,0,0,0,0,0,0,0,0,0,0,0,0,0,0,0,0,0,0,0,0,0,0,0,0,0,0,0,257.1061,185.0753,0,253.5542,185.0753,0,0,0,0,35.1087,35.1087,46.19566,101.6295,131.2656,166.1068,0,0,0,0,0,0,0,0,0,0,0,0,0,3.612968,3.612968,53.4982,48.0012,52.5,0,52.5,0,0,0,0,0,0,0,0,0,0,3.612968,42.12937,0,0,0,0,0,0,0,0,0,0,0,0,3.225839,3.225839,0,1.727273,4.435484,0,0,0,0,0,0,0,0,0,0,0,0,0,0,0,403.0425,276.1364,194.64,20.19163,15.34158,12.86526,39.84359,0,55.22625,0,0,61.09705,0,0,0,0,0,0,0,0,0,0,0,0,0,0,0,0,0,0,0,0,0,0,0,0,0,0,0,0,74.30352,0,0,0,0,0,0,0,374.1562,374.7265,373.87,6.8176,12.5566,2.581,0,0,0,0,0,0,0,0,0,0,0,0,0,0,0,0,0,0,0,0,0,0,0,0,0,0,0,0,0,0,0,0,0,0,0,0,0,0,0,0,0,0,0,0,0,0,0,0,0,0,0,0,0,0,0,0,0,0,0,0,0,0,0,0,0,0,0,0,0,0,0,0,0,0,0,0,0,0,0,0,0,0,0,0,0,0,0,0,0,0,0,0,0,0,0,0,0,0,0,0,0,0,0,0,0,0,0,0,0,0,0,0,0,0,0,0,0,0,0,0,0,0,0,0,0,0,0,0,0,0,0,0,0,0,0,0,0,0,0,0,0,0,0,0,0,0,0,0,0,0,0,0,0,0,0,0,0,0,0,0,0,0,0,0,0,0,0,0,0,0,0,0,0,0,0,0,0,0,0,0
2029,1,11,24,0,0,0,0,0,0,0,0,0,0,0,0,0,0,0,0,0,0,0,0,0,0,0,0,0,0,0,0,0,0,0,0,0,0,0,0,0,0,0,0,0,0,0,0,0,0,0,0,0,0,0,0,0,0,257.1061,185.0753,0,253.5542,185.0753,0,0,0,0,35.1087,35.1087,46.19566,101.6295,131.2656,166.1068,0,0,0,0,0,0,0,0,0,0,0,0,0,3.612968,3.612968,53.4982,48.0012,52.5,0,52.5,0,0,0,0,0,0,0,0,0,0,3.612968,42.12937,0,0,0,0,0,0,0,0,0,0,0,0,3.225839,3.225839,0,1.727273,4.435484,0,0,0,0,0,0,0,0,0,0,0,0,0,0,0,306.1307,276.1364,194.64,24.29908,18.16544,23.86599,33.51921,0,111.9252,0,0,44.01215,0,0,0,0,0,0,0,0,0,0,0,0,0,0,0,0,0,0,0,0,0,0,0,0,0,0,0,0,72.83344,0,0,0,0,0,0,0,374.1562,374.7265,373.87,6.8176,12.5566,2.581,0,0,0,0,0,0,0,0,0,0,0,0,0,0,0,0,0,0,0,0,0,0,0,0,0,0,0,0,0,0,0,0,0,0,0,0,0,0,0,0,0,0,0,0,0,0,0,0,0,0,0,0,0,0,0,0,0,0,0,0,0,0,0,0,0,0,0,0,0,0,0,0,0,0,0,0,0,0,0,0,0,0,0,0,0,0,0,0,0,0,0,0,0,0,0,0,0,0,0,0,0,0,0,0,0,0,0,0,0,0,0,0,0,0,0,0,0,0,0,0,0,0,0,0,0,0,0,0,0,0,0,0,0,0,0,0,0,0,0,0,0,0,0,0,0,0,0,0,0,0,0,0,0,0,0,0,0,0,0,0,0,0,0,0,0,0,0,0,0,0,0,0,0,0,0,0,0,0,0,0
2029,1,12,1,0,0,0,0,0,0,0,0,0,0,0,0,0,0,0,0,0,0,0,0,0,0,0,0,0,0,0,0,0,0,0,0,0,0,0,0,0,0,0,0,0,0,0,0,0,0,0,0,0,0,0,0,0,0,185.0753,257.3635,0,128.7091,253.808,0,0,0,0,18.47826,18.47826,46.19566,69.30102,131.2656,131.2656,0,0,0,0,0,0,0,0,0,0,0,0,0,3.612968,3.612968,0,0,0,0,0,0,0,0,0,0,0,0,0,0,0,3.612968,42.12937,0,0,0,0,0,0,0,0,0,0,0,0,3.225839,3.225839,0,1.727273,4.435484,0,0,0,0,0,0,0,0,0,0,0,0,0,0,0,276.1364,276.1364,194.64,7.826936,5.436989,30.67152,29.66607,0,116.7851,0,0,37.47934,0,0,0,0,0,0,0,0,0,0,0,0,0,0,0,0,0,0,0,0,0,0,0,0,0,0,0,0,72.17085,0,241.4295,0,0,0,0,0,374.1562,374.7265,373.87,6.8176,12.5566,2.581,0,0,0,0,0,0,0,0,0,0,0,0,0,0,0,0,0,0,0,0,0,0,0,0,0,0,0,0,0,0,0,0,0,0,0,0,0,0,0,0,0,0,0,0,0,0,0,0,0,0,0,0,0,0,0,0,0,0,0,0,0,0,0,0,0,0,0,0,0,0,0,0,0,0,0,0,0,0,0,0,0,0,0,0,0,0,0,0,0,0,0,0,0,0,0,0,0,0,0,0,0,0,0,0,0,0,0,0,0,0,0,0,0,0,0,0,0,0,0,0,0,0,0,0,0,0,0,0,0,0,0,0,0,0,0,0,0,0,0,0,0,0,0,0,0,0,0,0,0,0,0,0,0,0,0,0,0,0,0,0,0,0,0,0,0,0,0,0,0,0,0,0,0,0,0,0,0,0,0,0
2029,1,12,2,0,0,0,0,0,0,0,0,0,0,0,0,0,0,0,0,0,0,0,0,0,0,0,0,0,0,0,0,0,0,0,0,0,0,0,0,0,0,0,0,0,0,0,0,0,0,0,0,0,0,0,0,0,0,185.0753,257.3635,0,128.7091,253.808,0,0,0,0,18.47826,18.47826,46.19566,69.30102,131.2656,131.2656,0,0,0,0,0,0,0,0,0,0,0,0,0,3.612968,3.612968,0,0,0,0,0,0,0,0,0,0,0,0,0,0,0,3.612968,42.12937,0,0,0,0,0,0,0,0,0,0,0,0,3.225839,3.225839,0,1.727273,4.435484,0,0,0,0,0,0,0,0,0,0,0,0,0,0,0,276.1364,276.1364,194.64,6.291396,4.341162,39.62127,35.28701,0,78.34764,0,0,41.76614,0,0,0,0,0,0,0,0,0,0,0,0,0,0,0,0,0,0,0,0,0,0,0,0,0,0,0,0,71.95998,0,300,0,0,0,0,0,374.1562,374.7265,373.87,6.8176,12.5566,2.581,0,0,0,0,0,0,0,0,0,0,0,0,0,0,0,0,0,0,0,0,0,0,0,0,0,0,0,0,0,0,0,0,0,0,0,0,0,0,0,0,0,0,0,0,0,0,0,0,0,0,0,0,0,0,0,0,0,0,0,0,0,0,0,0,0,0,0,0,0,0,0,0,0,0,0,0,0,0,0,0,0,0,0,0,0,0,0,0,0,0,0,0,0,0,0,0,0,0,0,0,0,0,0,0,0,0,0,0,0,0,0,0,0,0,0,0,0,0,0,0,0,0,0,0,0,0,0,0,0,0,0,0,0,0,0,0,0,0,0,0,0,0,0,0,0,0,0,0,0,0,0,0,0,0,0,0,0,0,0,0,0,0,0,0,0,0,0,0,0,0,0,0,0,0,0,0,0,0,0,0
2029,1,12,3,0,0,0,0,0,0,0,0,0,0,0,0,0,0,0,0,0,0,0,0,0,0,0,0,0,0,0,0,0,0,0,0,0,0,0,0,0,0,0,0,0,0,0,0,0,0,0,0,0,0,0,0,0,0,185.0753,257.3635,0,132.9758,253.808,0,0,0,0,18.47826,18.47826,46.19566,69.30102,131.2656,131.2656,0,0,0,0,0,0,0,0,0,0,0,0,0,3.612968,3.612968,0,0,0,0,0,0,0,0,0,0,0,0,0,0,0,3.612968,42.12937,0,0,0,0,0,0,0,0,0,0,0,0,3.225839,3.225839,0,1.727273,4.435484,0,0,0,0,0,0,0,0,0,0,0,0,0,0,0,276.1364,276.1364,194.64,7.800019,5.436989,41.57902,47.5698,0,158.4134,0,0,62.51759,0,0,0,0,0,0,0,0,0,0,0,0,0,0,0,0,0,0,0,0,0,0,0,0,0,0,0,0,71.73251,0,0,0,0,0,0,0,374.1562,374.7265,373.87,6.8176,12.5566,2.581,0,0,0,0,0,0,0,0,0,0,0,0,0,0,0,0,0,0,0,0,0,0,0,0,0,0,0,0,0,0,0,0,0,0,0,0,0,0,0,0,0,0,0,0,0,0,0,0,0,0,0,0,0,0,0,0,0,0,0,0,0,0,0,0,0,0,0,0,0,0,0,0,0,0,0,0,0,0,0,0,0,0,0,0,0,0,0,0,0,0,0,0,0,0,0,0,0,0,0,0,0,0,0,0,0,0,0,0,0,0,0,0,0,0,0,0,0,0,0,0,0,0,0,0,0,0,0,0,0,0,0,0,0,0,0,0,0,0,0,0,0,0,0,0,0,0,0,0,0,0,0,0,0,0,0,0,0,0,0,0,0,0,0,0,0,0,0,0,0,0,0,0,0,0,0,0,0,0,0,0
2029,1,12,4,0,0,0,0,0,0,0,0,0,0,0,0,0,0,0,0,0,0,0,0,0,0,0,0,0,0,0,0,0,0,0,0,0,0,0,0,0,0,0,0,0,0,0,0,0,0,0,0,0,0,0,0,0,0,185.0753,257.3635,0,128.7091,253.808,0,0,0,0,18.47826,18.47826,46.19566,69.30102,131.2656,131.2656,0,0,0,0,0,0,0,0,0,0,0,0,0,3.612968,3.612968,0,0,0,0,0,0,0,0,0,0,0,0,0,0,0,3.612968,42.12937,0,0,0,0,0,0,0,0,0,0,0,0,3.225839,3.225839,0,1.727273,4.435484,0,0,0,0,0,0,0,0,0,0,0,0,0,0,0,276.1364,276.1364,194.64,8.029087,5.647725,54.91041,49.23526,0,81.34213,0,0,73.01071,0,0,0,0,0,0,0,0,0,0,0,0,0,0,0,0,0,0,0,0,0,0,0,0,0,0,0,0,72.23582,0,0,0,0,0,0,0,374.1562,374.7265,373.87,6.8176,12.5566,2.581,0,0,0,0,0,0,0,0,0,0,0,0,0,0,0,0,0,0,0,0,0,0,0,0,0,0,0,0,0,0,0,0,0,0,0,0,0,0,0,0,0,0,0,0,0,0,0,0,0,0,0,0,0,0,0,0,0,0,0,0,0,0,0,0,0,0,0,0,0,0,0,0,0,0,0,0,0,0,0,0,0,0,0,0,0,0,0,0,0,0,0,0,0,0,0,0,0,0,0,0,0,0,0,0,0,0,0,0,0,0,0,0,0,0,0,0,0,0,0,0,0,0,0,0,0,0,0,0,0,0,0,0,0,0,0,0,0,0,0,0,0,0,0,0,0,0,0,0,0,0,0,0,0,0,0,0,0,0,0,0,0,0,0,0,0,0,0,0,0,0,0,0,0,0,0,0,0,0,0,0
2029,1,12,5,0,0,0,0,0,0,0,0,0,0,0,0,0,0,0,0,0,0,0,0,0,0,0,0,0,0,0,0,0,0,0,0,0,0,0,0,0,0,0,0,0,0,0,0,0,0,0,0,0,0,0,0,0,0,185.0753,257.3635,0,185.0753,253.808,0,0,0,0,18.47826,18.47826,46.19566,69.30102,131.2656,131.2656,0,0,0,0,0,0,0,0,0,0,0,0,0,3.612968,3.612968,0,0,0,0,0,0,0,0,0,0,0,0,0,0,0,3.612968,42.12937,0,0,0,0,0,0,0,0,0,0,0,0,3.225839,3.225839,0,1.727273,4.435484,0,0,0,0,0,0,0,0,0,0,0,0,0,0,0,276.1364,276.1364,194.64,11.95599,8.42944,59.66496,53.91938,0,51.98631,0,0,65.95067,0,0,0,0,0,0,0,0,0,0,0,0,0,0,0,0,0,0,0,0,0,0,0,0,0,0,0,0,73.3232,0,0,0,0,0,0,0,374.1562,374.7265,373.87,6.8176,12.5566,2.581,0,0,0,0,0,0,0,0,0,0,0,0,0,0,0,0,0,0,0,0,0,0,0,0,0,0,0,0,0,0,0,0,0,0,0,0,0,0,0,0,0,0,0,0,0,0,0,0,0,0,0,0,0,0,0,0,0,0,0,0,0,0,0,0,0,0,0,0,0,0,0,0,0,0,0,0,0,0,0,0,0,0,0,0,0,0,0,0,0,0,0,0,0,0,0,0,0,0,0,0,0,0,0,0,0,0,0,0,0,0,0,0,0,0,0,0,0,0,0,0,0,0,0,0,0,0,0,0,0,0,0,0,0,0,0,0,0,0,0,0,0,0,0,0,0,0,0,0,0,0,0,0,0,0,0,0,0,0,0,0,0,0,0,0,0,0,0,0,0,0,0,0,0,0,0,0,0,0,0,0
2029,1,12,6,0,0,0,0,0,0,0,0,0,0,0,0,0,0,0,0,0,0,0,0,0,0,0,0,0,0,0,0,0,0,0,0,0,0,0,0,0,0,0,0,0,0,0,0,0,0,0,0,0,0,0,0,0,0,185.0753,257.3635,0,128.7091,253.808,0,0,0,0,18.47826,18.47826,46.19566,69.30102,131.2656,131.2656,0,0,0,0,0,0,0,0,0,0,0,0,0,3.612968,3.612968,0,0,0,0,0,0,0,0,0,0,0,0,0,0,0,3.612968,42.12937,0,0,0,0,0,0,0,0,0,0,0,0,3.225839,3.225839,0,1.727273,4.435484,0,0,0,0,0,0,0,0,0,0,0,0,0,0,0,276.1364,276.1364,194.64,2.807451,0,55.93591,65.7858,0,65.09334,0,0,43.46758,0,0,0,0,0,0,0,0,0,0,0,0,0,0,0,0,0,0,0,0,0,0,0,0,0,0,0,0,74.98258,0,0,0,0,0,0,0,374.1562,374.7265,373.87,6.8176,12.5566,2.581,0,0,0,0,0,0,0,0,0,0,0,0,0,0,0,0,0,0,0,0,0,0,0,0,0,0,0,0,0,0,0,0,0,0,0,0,0,0,0,0,0,0,0,0,0,0,0,0,0,0,0,0,0,0,0,0,0,0,0,0,0,0,0,0,0,0,0,0,0,0,0,0,0,0,0,0,0,0,0,0,0,0,0,0,0,0,0,0,0,0,0,0,0,0,0,0,0,0,0,0,0,0,0,0,0,0,0,0,0,0,0,0,0,0,0,0,0,0,0,0,0,0,0,0,0,0,0,0,0,0,0,0,0,0,0,0,0,0,0,0,0,0,0,0,0,0,0,0,0,0,0,0,0,0,0,0,0,0,0,0,0,0,0,0,0,0,0,0,0,0,0,0,0,0,0,0,0,0,0,0
2029,1,12,7,0,0,0,0,0,0,0,0,0,0,0,0,0,1.99,2.86,0,0,0,0,0,0,0,0,0,0,0,0,0,0,0,0,0,0,0,0,0,0,0,0,0,0,0,0,0,0,0,0,0,0,0,0,0,0,0,185.0753,257.3635,0,185.0753,253.808,0,0,0,0,18.47826,18.47826,46.19566,69.30102,131.2656,131.2656,0,0,0,0,0,0,0,0,0,0,0,0,0,3.612968,3.612968,0,0,0,0,0,0,0,0,0,0,0,0,0,0,0,3.612968,42.12937,0,0,0,0,0,0,0,0,0,0,0,0,3.225839,3.225839,0,1.727273,4.435484,0,0,0,0,0,0,0,0,0,0,0,0,0,0,0,276.1364,276.1364,194.64,0,0,43.72323,59.95668,0,137.8447,0,0,116.8774,0,0,0,0,0,0,0,0,0,0,0,0,0,0,0,0,0,0,0,0,0,0,0,0,0,0,0,0,76.01867,0,0,0,0,0,0,0,374.1562,374.7265,373.87,6.8176,12.5566,2.581,0,0,0,0,0,0,0,0,0,0,0,0,0,0,0,0,0,0,0,0,0,0,0,0,0,0,0,0,0,0,0,0,0,0,0,0,0,0,0,0,0,0,0,0,0,0,0,0,0,0,0,0,0,0,0,0,0,0,0,0,0,0,0,0,0,0,0,0,0,0,0,0,0,0,0,0,0,0,0,0,0,0,0,0,0,0,0,0,0,0,0,0,0,0,0,0,0,0,0,0,0,0,0,0,0,0,0,0,0,0,0,0,0,0,0,0,0,0,0,0,0,0,0,0,0,0,0,0,0,0,0,0,0,0,0,0,0,0,0,0,0,0,0,0,0,0,0,0,0,0,0,0,0,0,0,0,0,0,0,0,0,0,0,0,0,0,0,0,0,0,0,0,0,0,0,0,0,0,0,0
2029,1,12,8,0,0,0,1.845,0,0,0,0,0.091564,0.310504,0.301608,0.1179753,0,75.3215,109.12,0,0,0.12749,0,0,1.436526,0.02193787,0.097304,0,0,0,0.094009,0,0,0,0,0,0,0,0,0.35735,0,0,0,3.555552,0.666666,0,0,0,0,0,0,0,0,0,0,0,0,0,185.0753,257.3635,0,185.0753,253.808,0,0,0,0,18.47826,18.47826,46.19566,69.30102,131.2656,131.2656,0,0,0,0,0,0,0,0,0,0,0,0,0,3.612968,3.612968,0,0,0,0,0,0,0,0,0,0,0,0,0,0,0,3.612968,42.12937,0,0,0,0,0,0,0,0,0,0,0,0,3.225839,3.225839,0,1.727273,4.435484,0,0,0,0,0,0,0,0,0,0,0,0,0,0,0,276.1364,276.1364,194.64,0,0,19.67079,59.12395,0,122.5777,0,0,115.8884,0,0,0,0,0,0,0,0,0,0,0,0,0,0,0,0,0,0,0,0,0,0,0,0,0,0,0,0,75.69537,0,0,0,0,0,0,0,374.1562,374.7265,373.87,6.8176,12.5566,2.581,0,0,0,0,0,0,0,0,0,0,0,0,0,0,0,0,0,0,0,0,0,0,0,0,0,0,0,0,0,0,0,0,0,0,0,0,0,0,0,0,0,0,0,0,0,0,0,4.557346,0,0,0,0,0,0,0,0,0,0,0.052236,0,0,0,0,0,0,0,0,0,0,0,0,0,0,0,0,0,0,0,0,0,0,0,0,0,0,0,0,0,0,0,0,0,0,0,0,0,0,0,0,0,0,0,0,0,0,0,0,0,0,0,0,0,0,0,0,0,0,0,0,0,0,0,0,0,0,0,0,0,0,0,0,0,0,0,0,0,0,0,0,0,0,0,0,0,0,0,0,0,0,0,0,0,0,0,0,0,0,0,0,0,0,0,0,0,0,0,0,0,0,0,0,0,0,0,0,0,0,0,0,0
2029,1,12,9,48.81705,1.180102,43.16071,66.96,0.2006,22.06232,20.42272,1.387467,3.069058,10.40756,10.10938,3.954334,0,136.2155,193.985,0,1.227147,4.273263,88.4184,0,46.39158,0.7678254,3.261483,59.40807,119.4458,0,3.290326,4.05,0.2963965,0.1491523,0.1061872,0,0,0,0,12.05982,1.07829,0,55.58049,188.5544,35.35394,0,89.51488,100.3338,4.389571,24.81369,0,0,0,0,0,0,0,0,131.2705,257.3635,0,128.7091,253.808,0,0,0,0,18.47826,18.47826,46.19566,69.30102,131.2656,131.2656,0,0,0,0,0,0,0,0,0,0,0,0,0,3.612968,3.612968,0,0,0,0,0,0,0,0,0,0,0,0,0,0,0,3.612968,42.12937,0,0,0,0,0,0,0,0,0,0,0,0,3.225839,3.225839,0,1.727273,4.435484,0,0,0,0,0,0,0,0,0,0,0,0,0,0,0,276.1364,276.1364,194.64,0,0,13.79752,50.90073,0,142.5083,0,0,98.32813,184.8584,226.08,0,0,0,0,0,0,0,0,0,0,0,0,0,0,0,0,0,0,0,0,0,0,0,0,0,0,76.13468,0,0,0,0,0,0,0,374.1562,374.7265,373.87,6.8176,12.5566,2.581,0,0,0,0,0,0,0,0,0,0,0,0,0,0,0,0,0,0,0,0,0,0,0,0,0,0,0,0,0,0,0,0,0,0,0,0,0,0,0,0,0,0,0,0,0,0,0,153.8008,0,0,0,0,0,0,0,0,0,0,1.762864,0,0,0,0,0,0,0,0,0,0,0,0,0,0,0,0,0,0,0,0,0,0,0,0,0,0,0,0,0,0,0,0,0,0,0,0,0,0,0,0,0,0,0,0,0,0,0,0,0,0,0,0,0,0,0,0,0,0,0,0,0,0,0,0,0,0,0,0,0,0,0,0,0,0,0,0,0,0,0,0,0,0,0,0,0,0,0,0,0,0,0,0,0,0,0,0,0,0,0,0,0,0,0,0,0,0,0,0,0,0,0,0,0,0,0,0,0,0,0,0,0
2029,1,12,10,110.9492,8.465919,103.0172,182.61,0,48.76624,52.07394,9.953528,0,21.93506,21.30662,8.334186,0,138.2055,197.615,0,0,9.006361,146.7144,0,88.89732,1.864719,6.873927,136.8869,275.2245,0,7.990792,68.01,2.126314,4.248413,3.024606,0,0,0,0,25.49788,7.735529,0,88.13126,305.6004,57.30008,0,169.4004,213.4107,8.839942,55.53829,0,0,0,0,0,0,0,0,128.7091,257.3635,0,128.7091,253.808,0,0,0,0,18.47826,18.47826,46.19566,69.30102,131.2656,131.2656,0,0,0,0,0,0,0,0,0,0,0,0,0,3.612968,3.612968,0,0,0,0,0,0,0,0,0,0,0,0,0,0,0,3.612968,42.12937,0,0,0,0,0,0,0,0,0,0,0,0,3.225839,3.225839,0,1.727273,4.435484,0,0,0,0,0,0,0,0,0,0,0,0,0,0,0,276.1364,276.1364,194.64,0,0,9.88201,69.11674,0,46.34096,0,0,14.52585,292.0912,378.684,0,0,0,0,0,0,0,0,0,0,0,0,0,0,0,0,0,0,0,0,0,0,0,0,0,0,76.41843,0,0,0,0,0,0,0,374.1562,374.7265,373.87,6.8176,12.5566,2.581,0,0,0,0,0,0,0,0,0,0,0,0,0,0,0,0,0,0,0,0,0,0,0,0,0,0,0,0,0,0,0,0,0,0,0,0,0,0,0,0,0,0,0,0,0,0,0,325.1784,0,0,0,0,0,0,0,0,0,0,3.727195,0,0,0,0,0,0,0,0,0,0,0,0,0,0,0,0,0,0,0,0,0,0,0,0,0,0,0,0,0,0,0,0,0,0,0,0,0,0,0,0,0,0,0,0,0,0,0,0,0,0,0,0,0,0,0,0,0,0,0,0,0,0,0,0,0,0,0,0,0,0,0,0,0,0,0,0,0,0,0,0,0,0,0,0,0,0,0,0,0,0,0,0,0,0,0,0,0,0,0,0,0,0,0,0,0,0,0,0,0,0,0,0,0,0,0,0,0,0,0,0,0
2029,1,12,11,113.3629,9.201088,151.3111,192.87,12.44351,78.3191,49.67062,10.81788,7.030075,23.83988,23.15685,9.057916,0,131.6385,188.6225,0,9.567886,9.788463,146.16,0,88.09143,2.544793,7.47085,145.6739,292.8918,0,10.90508,60.165,2.310961,9.252148,6.586955,0,0,0,0,27.79697,8.407273,0,118.6403,281.5485,52.79034,0,163.4962,220.4102,20.34362,56.17963,0,0,0,0,0,0,0,0,128.7091,257.3635,0,128.7091,253.808,0,0,0,0,18.47826,18.47826,46.19566,69.30102,131.2656,131.2656,0,0,0,0,0,0,0,0,0,0,0,0,0,3.612968,3.612968,0,0,0,0,0,0,0,0,0,0,0,0,0,0,0,3.612968,42.12937,0,0,0,0,0,0,0,0,0,0,0,0,3.225839,3.225839,0,1.727273,4.435484,0,0,0,0,0,0,0,0,0,0,0,0,0,0,0,276.1364,276.1364,194.64,0,0,5.500364,81.39953,0,35.29571,0,0,76.72546,522.8532,707.0652,0,0,0,0,0,0,0,0,0,0,0,0,0,0,0,0,0,0,0,0,0,0,0,0,0,0,76.3731,0,0,0,0,0,0,0,374.1562,374.7265,373.87,6.8176,12.5566,2.581,0,0,0,0,0,0,0,0,0,0,0,0,0,0,0,0,0,0,0,0,0,0,0,0,0,0,0,0,0,0,0,0,0,0,0,0,0,0,0,0,0,0,0,0,0,0,0,354.4991,0,0,0,0,0,0,0,0,0,0,4.063269,0,0,0,0,0,0,0,0,0,0,0,0,0,0,0,0,0,0,0,0,0,0,0,0,0,0,0,0,0,0,0,0,0,0,0,0,0,0,0,0,0,0,0,0,0,0,0,0,0,0,0,0,0,0,0,0,0,0,0,0,0,0,0,0,0,0,0,0,0,0,0,0,0,0,0,0,0,0,0,0,0,0,0,0,0,0,0,0,0,0,0,0,0,0,0,0,0,0,0,0,0,0,0,0,0,0,0,0,0,0,0,0,0,0,0,0,0,0,0,0,0
2029,1,12,12,106.7244,9.276481,154.6353,186.435,12.10851,23.4565,45.99113,10.90652,7.087679,24.03522,23.3466,9.132135,0,126.166,181.9125,0,9.646284,9.868668,138.4824,0,83.88284,3.115177,7.532065,137.3453,276.1463,0,13.34932,63.87,2.329896,9.003059,6.40962,0,0,0,0,28.08923,8.476161,0,115.1856,170.6256,31.99229,0,154.871,207.1099,24.4761,54.49397,0,0,0,0,0,0,0,0,128.7091,257.3635,0,128.7091,253.808,0,0,0,0,18.47826,18.47826,46.19566,69.30102,131.2656,131.2656,0,0,0,0,0,0,0,0,0,0,0,0,0,3.612968,3.612968,0,0,0,0,0,0,0,0,0,0,0,0,0,0,0,3.612968,42.12937,0,0,0,0,0,0,0,0,0,0,0,0,3.225839,3.225839,0,1.727273,4.435484,0,0,0,0,0,0,0,0,0,0,0,0,0,0,0,276.1364,276.1364,194.64,0,0,4.603696,93.16187,0,74.02772,0,0,139.0431,622.4976,848.7891,0,0,0,0,0,0,0,0,0,0,0,0,0,0,0,0,0,0,0,0,0,0,0,0,0,0,76.70168,0,0,0,0,0,0,0,374.1562,374.7265,373.87,6.8176,12.5566,2.581,0,0,0,0,0,0,0,0,0,0,0,0,0,0,0,0,0,0,0,0,0,0,0,0,0,0,0,0,0,0,0,0,0,0,0,0,0,0,0,0,0,0,0,0,0,0,0,358.2263,0,0,0,0,0,0,0,0,0,0,4.10599,0,0,0,0,0,0,0,0,0,0,0,0,0,0,0,0,0,0,0,0,0,0,0,0,0,0,0,0,0,0,0,0,0,0,0,0,0,0,0,0,0,0,0,0,0,0,0,0,0,0,0,0,0,0,0,0,0,0,0,0,0,0,0,0,0,0,0,0,0,0,0,0,0,0,0,0,0,0,0,0,0,0,0,0,0,0,0,0,0,0,0,0,0,0,0,0,0,0,0,0,0,0,0,0,0,0,0,0,0,0,0,0,0,0,0,0,0,0,0,0,0
2029,1,12,13,101.5234,9.652717,67.84543,180.1575,11.72423,40.86808,42.31064,0,0,25.01004,24.29349,9.502517,0,127.6585,182.765,0,7.537476,0,133.3416,0,81.37213,3.356494,7.837551,130.2775,261.9357,0,0,42.87,2.424392,8.717341,6.206206,0,0,0,0,29.2878,8.819938,0,111.7966,91.00066,17.06262,0,149.8214,169.958,20.54229,52.27908,0,0,0,0,0,0,0,0,128.7091,257.3635,0,128.7091,253.808,0,0,0,0,18.47826,18.47826,46.19566,69.30102,131.2656,131.2656,0,0,0,0,0,0,0,0,0,0,0,0,0,3.612968,3.612968,0,0,0,0,0,0,0,0,0,0,0,0,0,0,0,3.612968,42.12937,0,0,0,0,0,0,0,0,0,0,0,0,3.225839,3.225839,0,1.727273,4.435484,0,0,0,0,0,0,0,0,0,0,0,0,0,0,0,276.1364,276.1364,194.64,0,0,6.74495,92.6414,0,89.04926,0,0,167.3569,527.7048,713.8476,0,0,0,0,0,0,0,0,0,0,0,0,0,0,0,0,0,0,0,0,0,0,0,0,0,0,76.86745,0,0,0,0,0,0,0,374.1562,374.7265,373.87,6.8176,12.5566,2.581,0,0,0,0,0,0,0,0,0,0,0,0,0,0,0,0,0,0,0,0,0,0,0,0,0,0,0,0,0,0,0,0,0,0,0,0,0,0,0,0,0,0,0,0,0,0,0,373.5119,0,0,0,0,0,0,0,0,0,0,4.281193,0,0,0,0,0,0,0,0,0,0,0,0,0,0,0,0,0,0,0,0,0,0,0,0,0,0,0,0,0,0,0,0,0,0,0,0,0,0,0,0,0,0,0,0,0,0,0,0,0,0,0,0,0,0,0,0,0,0,0,0,0,0,0,0,0,0,0,0,0,0,0,0,0,0,0,0,0,0,0,0,0,0,0,0,0,0,0,0,0,0,0,0,0,0,0,0,0,0,0,0,0,0,0,0,0,0,0,0,0,0,0,0,0,0,0,0,0,0,0,0,0
2029,1,12,14,104.1244,10.38849,59.79087,184.4775,0,40.28031,43.96686,0,0,0,26.14524,10.22684,0,135.917,194.095,0,0,0,135.3744,0,82.7453,3.312618,8.434961,133.181,267.7736,0,0,67.815,2.60919,9.017712,6.420052,0,0,0,0,31.55038,9.492229,0,113.826,143.4242,26.89203,0,128.8422,163.5568,19.62838,53.26059,0,0,0,0,0,0,0,0,128.7091,257.3635,0,128.7091,253.808,0,0,0,0,18.47826,18.47826,46.19566,69.30102,131.2656,131.2656,0,0,0,0,0,0,0,0,0,0,0,0,0,3.612968,3.612968,0,0,0,0,0,0,0,0,0,0,0,0,0,0,0,3.612968,42.12937,0,0,0,0,0,0,0,0,0,0,0,0,3.225839,3.225839,0,1.727273,4.435484,0,0,0,0,0,0,0,0,0,0,0,0,0,0,0,276.1364,276.1364,194.64,0,0,38.59577,91.39231,0,39.02655,0,0,178.6255,505.686,682.479,0,0,0,0,0,0,0,0,0,0,0,0,0,0,0,0,0,0,0,0,0,0,0,0,0,0,77.00848,0,0,0,0,0,0,0,374.1562,374.7265,373.87,6.8176,12.5566,2.581,0,0,0,0,0,0,0,0,0,0,0,0,0,0,0,0,0,0,0,0,0,0,0,0,0,0,0,0,0,0,0,0,0,0,0,0,0,0,0,0,0,0,0,0,0,0,0,402.367,0,0,0,0,0,0,0,0,0,0,4.61193,0,0,0,0,0,0,0,0,0,0,0,0,0,0,0,0,0,0,0,0,0,0,0,0,0,0,0,0,0,0,0,0,0,0,0,0,0,0,0,0,0,0,0,0,0,0,0,0,0,0,0,0,0,0,0,0,0,0,0,0,0,0,0,0,0,0,0,0,0,0,0,0,0,0,0,0,0,0,0,0,0,0,0,0,0,0,0,0,0,0,0,0,0,0,0,0,0,0,0,0,0,0,0,0,0,0,0,0,0,0,0,0,0,0,0,0,0,0,0,0,0
2029,1,12,15,109.3732,11.18489,56.02647,192.8025,13.10367,18.23319,48.0244,13.15027,8.545798,28.97988,28.1496,11.01085,146.0423,137.8075,196.075,0,11.63077,11.89891,141.1536,0,85.90645,2.98355,9.081606,140.6691,282.8292,0,12.78527,38.325,2.809216,9.742997,6.936409,0,0,0,0,33.98883,10.21993,0,119.7205,307.1726,57.59487,0,162.3102,211.5201,16.88663,54.68767,0,0,0,0,0,0,0,0,128.7091,257.3635,0,128.7091,253.808,0,0,0,0,18.47826,18.47826,46.19566,69.30102,131.2656,131.2656,0,0,0,0,0,0,0,0,0,0,0,0,0,3.612968,3.612968,0,0,0,0,0,0,0,0,0,0,0,0,0,0,0,3.612968,42.12937,0,0,0,0,0,0,0,0,0,0,0,0,3.225839,3.225839,0,1.727273,4.435484,0,0,0,0,0,0,0,0,0,0,0,0,0,0,0,276.1364,276.1364,194.64,8.290082,5.436989,58.17334,85.97955,0,83.453,0,0,166.312,439.6296,588.5145,0,0,0,0,0,0,0,0,0,0,0,0,0,0,0,0,0,0,0,0,0,0,0,0,0,0,77.98519,0,0,0,0,0,0,0,374.1562,374.7265,373.87,6.8176,12.5566,2.581,0,0,0,0,0,0,0,0,0,0,0,0,0,0,0,0,0,0,0,0,0,0,0,0,0,0,0,0,0,0,0,0,0,0,0,0,0,0,0,0,0,0,0,0,0,0,0,433.4648,0,0,0,0,0,0,0,0,0,0,4.968374,0,0,0,0,0,0,0,0,0,0,0,0,0,0,0,0,0,0,0,0,0,0,0,0,0,0,0,0,0,0,0,0,0,0,0,0,0,0,0,0,0,0,0,0,0,0,0,0,0,0,0,0,0,0,0,0,0,0,0,0,0,0,0,0,0,0,0,0,0,0,0,0,0,0,0,0,0,0,0,0,0,0,0,0,0,0,0,0,0,0,0,0,0,0,0,0,0,0,0,0,0,0,0,0,0,0,0,0,0,0,0,0,0,0,0,0,0,0,0,0,0
2029,1,12,16,113.1396,11.09909,105.5414,195.3,13.31059,30.65138,49.4966,13.0494,8.480244,28.75758,27.93367,10.92639,219.5535,71.441,103.0425,0,11.54156,1.922491,143.3544,0,85.61835,2.391227,9.011942,141.8917,285.2872,0,0,84.435,2.787667,9.896846,7.04594,0,0,0,0,33.71883,10.14153,0,120.7333,324.1529,60.77866,0,153.4443,116.4672,10.86645,55.28237,0,0,0,0,0,0,0,0,128.7091,257.3635,0,128.7091,253.808,0,0,0,0,18.47826,18.47826,46.19566,69.30102,131.2656,131.2656,0,0,0,0,0,0,0,0,0,0,0,0,0,3.612968,3.612968,0,0,0,0,0,0,0,0,0,0,0,0,0,0,0,3.612968,42.12937,0,0,0,0,0,0,0,0,0,0,0,0,3.225839,3.225839,0,1.727273,4.435484,0,0,0,0,0,0,0,0,0,0,0,0,0,0,0,276.1364,276.1364,194.64,30.95187,22.21157,76.25928,90.55958,0,197.7345,0,0,166.784,340.9804,448.2036,0,0,0,0,0,0,0,0,0,0,0,0,0,0,0,0,0,0,0,0,0,0,0,0,0,0,78.56812,0,0,0,0,0,0,0,374.1562,374.7265,373.87,6.8176,12.5566,2.581,0,0,0,0,0,0,0,0,0,0,0,0,0,0,0,0,0,0,0,0,0,0,0,0,0,0,0,0,0,0,0,0,0,0,0,0,0,0,0,0,0,0,0,0,0,0,0,430.0215,0,0,0,0,0,0,0,0,0,0,4.928906,0,0,0,0,0,0,0,0,0,0,0,0,0,0,0,0,0,0,0,0,0,0,0,0,0,0,0,0,0,0,0,0,0,0,0,0,0,0,0,0,0,0,0,0,0,0,0,0,0,0,0,0,0,0,0,0,0,0,0,0,0,0,0,0,0,0,0,0,0,0,0,0,0,0,0,0,0,0,0,0,0,0,0,0,0,0,0,0,0,0,0,0,0,0,0,0,0,0,0,0,0,0,0,0,0,0,0,0,0,0,0,0,0,0,0,0,0,0,0,0,0
2029,1,12,17,74.93909,3.644926,94.20987,114.7275,0,22.63019,30.005,4.285404,0,16.79388,16.31273,6.380805,294.0449,0.8955,0,0,3.79023,6.895435,125.3784,0,52.1763,1.228521,5.262804,40.11477,80.6547,0,0,99.225,0.9154658,3.196815,2.275934,0,0,0,0,19.65391,3.330464,0,69.13761,164.9536,30.9288,0,101.4302,60.98828,4.389571,45.92252,0,0,0,0,0,0,0,0,128.7091,257.3635,0,128.7091,253.808,0,0,0,0,18.47826,18.47826,46.19566,69.30102,131.2656,131.2656,0,0,0,0,0,0,0,0,0,0,0,0,0,3.612968,3.612968,0,0,0,0,0,0,0,0,0,0,0,0,0,0,0,3.612968,42.12937,0,0,0,0,0,0,0,0,0,0,0,0,3.225839,3.225839,0,1.727273,4.435484,0,0,0,0,0,0,0,0,0,0,0,0,0,0,0,276.1364,276.1364,194.64,65.43587,47.09949,79.42899,64.6408,0,146.9264,0,0,223.5187,184.8584,226.08,0,0,0,0,0,0,0,0,0,0,0,0,0,0,0,0,0,0,0,0,0,0,0,0,0,0,78.2584,0,0,0,0,0,0,0,374.1562,374.7265,373.87,6.8176,12.5566,2.581,0,0,0,0,0,0,0,0,0,0,0,0,0,0,0,0,0,0,0,0,0,0,0,0,0,0,0,0,0,0,0,0,0,0,0,0,0,0,0,0,0,0,0,0,0,0,0,250.6494,0,0,0,0,0,0,0,0,0,0,2.872944,0,0,0,0,0,0,0,0,0,0,0,0,0,0,0,0,0,0,0,0,0,0,0,0,0,0,0,0,0,0,0,0,0,0,0,0,0,0,0,0,0,0,0,0,0,0,0,0,0,0,0,0,0,0,0,0,0,0,0,0,0,0,0,0,0,0,0,0,0,0,0,0,0,0,0,0,0,0,0,0,0,0,0,0,0,0,0,0,0,0,0,0,0,0,0,0,0,0,0,0,0,0,0,0,0,0,0,0,0,0,0,0,0,0,0,0,0,0,0,0,0
2029,1,12,18,1.810647,0,20.21328,6.7275,0,0,0.885168,0,0.367647,1.246737,1.211018,0.4736954,294.0449,0,0,0,0,0.5119,10.6176,0,2.968095,0.1535651,0.390698,1.146136,2.30442,0,0.658065,6.09,0,0,0,0,0,0,0,1.467356,0,0,2.956648,0.042363,0.007943,0,4.650779,0,0,6.995965,0,0,0,0,0,0,0,0,185.0753,257.3635,0,128.7091,253.808,0,0,0,0,18.47826,18.47826,46.19566,69.30102,131.2656,131.2656,0,0,0,0,0,0,0,0,0,0,0,0,0,3.612968,3.612968,0,0,0,0,0,0,0,0,0,0,0,0,0,0,0,3.612968,42.12937,0,0,0,0,0,0,0,0,0,0,0,0,3.225839,3.225839,0,1.727273,4.435484,0,0,0,0,0,0,0,0,0,0,0,0,0,0,0,276.1364,276.1364,145.5015,78.08662,55.40249,82.69191,51.42118,0,95.33278,0,0,210.4636,59.3388,47.4768,0,0,0,0,0,0,0,0,0,0,0,0,0,0,0,0,0,0,0,0,0,0,0,0,0,0,77.86314,0,0,0,0,0,0,0,374.1562,374.7265,373.87,6.8176,12.5566,2.581,0,0,0,0,0,0,0,0,0,0,0,0,0,0,0,0,0,0,0,0,0,0,0,0,0,0,0,0,0,0,0,0,0,0,0,0,0,0,0,0,0,0,0,0,0,0,0,18.71342,0,0,0,0,0,0,0,0,0,0,0.214493,0,0,0,0,0,0,0,0,0,0,0,0,0,0,0,0,0,0,0,0,0,0,0,0,0,0,0,0,0,0,0,0,0,0,0,0,0,0,0,0,0,0,0,0,0,0,0,0,0,0,0,0,0,0,0,0,0,0,0,0,0,0,0,0,0,0,0,0,0,0,0,0,0,0,0,0,0,0,0,0,0,0,0,0,0,0,0,0,0,0,0,0,0,0,0,0,0,0,0,0,0,0,0,0,0,0,0,0,0,0,0,0,0,0,0,0,0,0,0,0,0
2029,1,12,19,0,0,0,0,0,0,0,0,0,0,0,0,294.0449,0,0,0,0,0,0,0,0,0,0,0,0,0,0,0,0,0,0,0,0,0,0,0,0,0,0,0,0,0,0,0,0,0,0,0,0,0,0,0,0,0,185.0753,257.3635,0,128.7091,253.808,0,0,0,0,18.47826,18.47826,46.19566,69.30102,131.2656,131.2656,0,0,0,0,0,0,0,0,0,0,0,0,0,3.612968,3.612968,0,0,0,0,0,0,0,0,0,0,0,0,0,0,0,3.612968,42.12937,0,0,0,0,0,0,0,0,0,0,0,0,3.225839,3.225839,0,1.727273,4.435484,0,0,0,0,0,0,0,0,0,0,0,0,0,0,0,276.1364,276.1364,50.73651,11.12161,7.502202,83.3445,36.95247,0,313.3906,0,0,191.7046,0,0,0,0,0,0,0,0,0,0,0,0,0,0,0,0,0,0,0,0,0,0,0,0,0,0,0,0,76.95839,0,0,0,0,0,0,0,374.1562,374.7265,373.87,6.8176,12.5566,2.581,0,0,0,0,0,0,0,0,0,0,0,0,0,0,0,0,0,0,0,0,0,0,0,0,0,0,0,0,0,0,0,0,0,0,0,0,0,0,0,0,0,0,0,0,0,0,0,0,0,0,0,0,0,0,0,0,0,0,0,0,0,0,0,0,0,0,0,0,0,0,0,0,0,0,0,0,0,0,0,0,0,0,0,0,0,0,0,0,0,0,0,0,0,0,0,0,0,0,0,0,0,0,0,0,0,0,0,0,0,0,0,0,0,0,0,0,0,0,0,0,0,0,0,0,0,0,0,0,0,0,0,0,0,0,0,0,0,0,0,0,0,0,0,0,0,0,0,0,0,0,0,0,0,0,0,0,0,0,0,0,0,0,0,0,0,0,0,0,0,0,0,0,0,0,0,0,0,0,0,0
2029,1,12,20,0,0,0,0,0,0,0,0,0,0,0,0,294.0449,0,0,0,0,0,0,0,0,0,0,0,0,0,0,0,0,0,0,0,0,0,0,0,0,0,0,0,0,0,0,0,0,0,0,0,0,0,0,0,0,0,185.0753,257.3635,0,185.0753,253.808,0,0,0,0,18.47826,18.47826,46.19566,69.30102,131.2656,131.2656,0,0,0,0,0,0,0,0,0,0,0,0,0,3.612968,3.612968,0,0,0,0,0,0,0,0,0,0,0,0,0,0,0,3.612968,42.12937,0,0,0,0,0,0,0,0,0,0,0,0,3.225839,3.225839,0,1.727273,4.435484,0,0,0,0,0,0,0,0,0,0,0,0,0,0,0,276.1364,276.1364,30.94649,5.13839,3.16104,83.43772,35.80746,0,334.9411,0,0,151.3214,0,0,0,0,0,0,0,0,0,0,0,0,0,0,0,0,0,0,0,0,0,0,0,0,0,0,0,0,75.92619,0,0,0,0,0,0,0,374.1562,374.7265,373.87,6.8176,12.5566,2.581,0,0,0,0,0,0,0,0,0,0,0,0,0,0,0,0,0,0,0,0,0,0,0,0,0,0,0,0,0,0,0,0,0,0,0,0,0,0,0,0,0,0,0,0,0,0,0,0,0,0,0,0,0,0,0,0,0,0,0,0,0,0,0,0,0,0,0,0,0,0,0,0,0,0,0,0,0,0,0,0,0,0,0,0,0,0,0,0,0,0,0,0,0,0,0,0,0,0,0,0,0,0,0,0,0,0,0,0,0,0,0,0,0,0,0,0,0,0,0,0,0,0,0,0,0,0,0,0,0,0,0,0,0,0,0,0,0,0,0,0,0,0,0,0,0,0,0,0,0,0,0,0,0,0,0,0,0,0,0,0,0,0,0,0,0,0,0,0,0,0,0,0,0,0,0,0,0,0,0,0
2029,1,12,21,0,0,0,0,0,0,0,0,0,0,0,0,165.6453,0,0,0,0,0,0,0,0,0,0,0,0,0,0,0,0,0,0,0,0,0,0,0,0,0,0,0,0,0,0,0,0,0,0,0,0,0,0,0,0,0,185.0753,257.3635,0,130.3035,253.808,0,0,0,0,18.47826,18.47826,46.19566,69.30102,131.2656,131.2656,0,0,0,0,0,0,0,0,0,0,0,0,0,3.612968,3.612968,0,0,0,0,0,0,0,0,0,0,0,0,0,0,0,3.612968,42.12937,0,0,0,0,0,0,0,0,0,0,0,0,3.225839,3.225839,0,1.727273,4.435484,0,0,0,0,0,0,0,0,0,0,0,0,0,0,0,276.1364,276.1364,23.59451,0,0,83.43772,38.72203,0,151.0499,0,0,123.505,0,0,0,0,0,0,0,0,0,0,0,0,0,0,0,0,0,0,0,0,0,0,0,0,0,0,0,0,76.5853,0,0,0,0,0,0,0,374.1562,374.7265,373.87,6.8176,12.5566,2.581,0,0,0,0,0,0,0,0,0,0,0,0,0,0,0,0,0,0,0,0,0,0,0,0,0,0,0,0,0,0,0,0,0,0,0,0,0,0,0,0,0,0,0,0,0,0,0,0,0,0,0,0,0,0,0,0,0,0,0,0,0,0,0,0,0,0,0,0,0,0,0,0,0,0,0,0,0,0,0,0,0,0,0,0,0,0,0,0,0,0,0,0,0,0,0,0,0,0,0,0,0,0,0,0,0,0,0,0,0,0,0,0,0,0,0,0,0,0,0,0,0,0,0,0,0,0,0,0,0,0,0,0,0,0,0,0,0,0,0,0,0,0,0,0,0,0,0,0,0,0,0,0,0,0,0,0,0,0,0,0,0,0,0,0,0,0,0,0,0,0,0,0,0,0,0,0,0,0,0,0
2029,1,12,22,0,0,0,0,0,0,0,0,0,0,0,0,0,0,0,0,0,0,0,0,0,0,0,0,0,0,0,0,0,0,0,0,0,0,0,0,0,0,0,0,0,0,0,0,0,0,0,0,0,0,0,0,0,0,185.0753,257.3635,0,185.0753,253.808,0,0,0,0,18.47826,18.47826,46.19566,69.30102,131.2656,131.2656,0,0,0,0,0,0,0,0,0,0,0,0,0,3.612968,3.612968,53.4982,48.0012,52.5,48.0012,52.5,0,0,0,0,0,0,0,0,0,0,3.612968,42.12937,0,0,0,0,0,0,0,0,0,0,19.90022,19.90022,3.225839,3.225839,0,1.727273,4.435484,18.36735,18.36735,0,0,0,0,0,0,0,0,0,0,0,0,0,276.1364,276.1364,7.3581,0,0,83.06482,26.8556,0,32.3994,0,0,68.01183,0,0,0,0,0,0,0,0,0,0,0,0,0,0,0,0,0,0,0,0,0,0,0,0,0,0,0,0,75.57582,0,0,0,0,0,0,0,374.1562,374.7265,373.87,6.8176,12.5566,2.581,0,0,0,0,0,0,0,0,0,0,0,0,0,0,0,0,0,0,0,0,0,0,0,0,0,0,0,0,0,0,0,0,0,0,0,0,0,0,0,0,0,0,0,0,0,0,0,0,0,0,0,0,0,0,0,0,0,0,0,0,0,0,0,0,0,0,0,0,0,0,0,0,0,0,0,0,0,0,0,0,0,0,0,0,0,0,0,0,0,0,0,0,0,0,0,0,0,0,0,0,0,0,0,0,0,0,0,0,0,0,0,0,0,0,0,0,0,0,0,0,0,0,0,0,0,0,0,0,0,0,0,0,0,0,0,0,0,0,0,0,0,0,0,0,0,0,0,0,0,0,0,0,0,0,0,0,0,0,0,0,0,0,0,0,0,0,0,0,0,0,0,0,0,0,0,0,0,0,0,0
2029,1,12,23,0,0,0,0,0,0,0,0,0,0,0,0,0,0,0,0,0,0,0,0,0,0,0,0,0,0,0,0,0,0,0,0,0,0,0,0,0,0,0,0,0,0,0,0,0,0,0,0,0,0,0,0,0,0,185.0753,257.3635,0,185.0753,253.808,0,0,0,0,18.47826,18.47826,46.19566,69.30102,131.2656,131.2656,0,0,0,0,0,0,0,0,0,0,0,0,0,3.612968,3.612968,53.4982,48.0012,52.5,48.0012,52.5,0,0,0,0,0,0,0,0,0,0,3.612968,42.12937,19.54527,19.54527,19.54527,19.54527,19.54527,19.54527,19.54527,19.54527,19.54527,19.54527,19.90022,19.90022,3.225839,3.225839,0,1.727273,4.435484,18.36735,18.36735,0,0,0,0,0,0,0,0,0,0,0,0,0,276.1364,276.1364,0.2145528,0,0,82.22578,17.27918,0,9.67073,0,0,61.09705,0,0,0,0,0,0,0,0,0,0,0,0,0,0,0,0,0,0,0,0,0,0,0,0,0,0,0,0,74.44933,0,0,0,0,0,0,0,374.1562,374.7265,373.87,6.8176,12.5566,2.581,0,0,0,0,0,0,0,0,0,0,0,0,0,0,0,0,0,0,0,0,0,0,0,0,0,0,0,0,0,0,0,0,0,0,0,0,0,0,0,0,0,0,0,0,0,0,0,0,0,0,0,0,0,0,0,0,0,0,0,0,0,0,0,0,0,0,0,0,0,0,0,0,0,0,0,0,0,0,0,0,0,0,0,0,0,0,0,0,0,0,0,0,0,0,0,0,0,0,0,0,0,0,0,0,0,0,0,0,0,0,0,0,0,0,0,0,0,0,0,0,0,0,0,0,0,0,0,0,0,0,0,0,0,0,0,0,0,0,0,0,0,0,0,0,0,0,0,0,0,0,0,0,0,0,0,0,0,0,0,0,0,0,0,0,0,0,0,0,0,0,0,0,0,0,0,0,0,0,0,0
2029,1,12,24,0,0,0,0,0,0,0,0,0,0,0,0,0,0,0,0,0,0,0,0,0,0,0,0,0,0,0,0,0,0,0,0,0,0,0,0,0,0,0,0,0,0,0,0,0,0,0,0,0,0,0,0,0,0,185.0753,257.3635,0,185.0753,253.808,0,0,0,0,18.47826,18.47826,46.19566,69.30102,131.2656,131.2656,0,0,0,0,0,0,0,0,0,0,0,0,0,3.612968,3.612968,0,0,0,0,0,0,0,0,0,0,0,0,0,0,0,3.612968,42.12937,0,0,0,0,0,0,0,0,0,0,19.90022,19.90022,3.225839,3.225839,0,1.727273,4.435484,0,0,0,0,0,0,0,0,0,0,0,0,0,0,0,276.1364,276.1364,0,0,0,82.97159,20.40193,0,19.09601,0,0,44.01215,0,0,0,0,0,0,0,0,0,0,0,0,0,0,0,0,0,0,0,0,0,0,0,0,0,0,0,0,72.99288,0,0,0,0,0,0,0,374.1562,374.7265,373.87,6.8176,12.5566,2.581,0,0,0,0,0,0,0,0,0,0,0,0,0,0,0,0,0,0,0,0,0,0,0,0,0,0,0,0,0,0,0,0,0,0,0,0,0,0,0,0,0,0,0,0,0,0,0,0,0,0,0,0,0,0,0,0,0,0,0,0,0,0,0,0,0,0,0,0,0,0,0,0,0,0,0,0,0,0,0,0,0,0,0,0,0,0,0,0,0,0,0,0,0,0,0,0,0,0,0,0,0,0,0,0,0,0,0,0,0,0,0,0,0,0,0,0,0,0,0,0,0,0,0,0,0,0,0,0,0,0,0,0,0,0,0,0,0,0,0,0,0,0,0,0,0,0,0,0,0,0,0,0,0,0,0,0,0,0,0,0,0,0,0,0,0,0,0,0,0,0,0,0,0,0,0,0,0,0,0,0
2029,1,13,1,0,0,0,0,0,0,0,0,0,0,0,0,0,0,0,0,0,0,0,0,0,0,0,0,0,0,0,0,0,0,0,0,0,0,0,0,0,0,0,0,0,0,0,0,0,0,0,0,0,0,0,0,0,0,185.0753,185.0753,0,185.0753,128.7091,0,0,0,0,18.47826,18.47826,46.19566,69.30102,0,0,0,0,0,0,0,0,0,0,0,0,0,0,0,0,0,0,0,0,0,0,0,0,0,0,0,0,0,0,0,0,0,0,0,0,0,0,0,0,0,0,0,0,0,0,0,0,0,0,0,0,0,0,0,0,0,0,0,0,0,0,0,0,0,0,276.1364,276.1364,2.612367,18.51049,12.74953,83.3445,2.36902,0,39.07564,0,0,65.77078,0,0,0,0,0,0,0,0,0,0,0,0,0,0,0,0,0,0,0,0,0,0,0,0,0,0,0,0,73.90995,0,0,0,0,0,0,0,374.1562,374.7265,373.87,6.8176,12.5566,2.581,0,0,0,0,0,0,0,0,0,0,0,0,0,0,0,0,0,0,0,0,0,0,0,0,0,0,0,0,0,0,0,0,0,0,0,0,0,0,0,0,0,0,0,0,0,0,0,0,0,0,0,0,0,0,0,0,0,0,0,0,0,0,0,0,0,0,0,0,0,0,0,0,0,0,0,0,0,0,0,0,0,0,0,0,0,0,0,0,0,0,0,0,0,0,0,0,0,0,0,0,0,0,0,0,0,0,0,0,0,0,0,0,0,0,0,0,0,0,0,0,0,0,0,0,0,0,0,0,0,0,0,0,0,0,0,0,0,0,0,0,0,0,0,0,0,0,0,0,0,0,0,0,0,0,0,0,0,0,0,0,0,0,0,0,0,0,0,0,0,0,0,0,0,0,0,0,0,0,0,0
2029,1,13,2,0,0,0,0,0,0,0,0,0,0,0,0,0,0,0,0,0,0,0,0,0,0,0,0,0,0,0,0,0,0,0,0,0,0,0,0,0,0,0,0,0,0,0,0,0,0,0,0,0,0,0,0,0,0,185.0753,185.0753,0,185.0753,128.7091,0,0,0,0,18.47826,18.47826,46.19566,69.30102,0,0,0,0,0,0,0,0,0,0,0,0,0,0,0,3.612968,3.612968,53.4982,48.0012,52.5,48.0012,52.5,0,0,0,0,0,0,0,0,0,0,3.612968,42.12937,0,0,19.54527,0,19.54527,0,0,0,0,0,19.90022,19.90022,0,0,0,1.727273,0,0,0,0,0,0,0,0,0,0,0,0,0,0,0,0,276.1364,276.1364,5.423195,13.64668,9.356678,83.3445,5.460173,0,47.37185,0,0,69.70206,0,0,0,0,0,0,0,0,0,0,0,0,0,0,0,0,0,0,0,0,0,0,0,0,0,0,0,0,73.70247,0,0,0,0,0,0,0,374.1562,374.7265,373.87,6.8176,12.5566,2.581,0,0,0,0,0,0,0,0,0,0,0,0,0,0,0,0,0,0,0,0,0,0,0,0,0,0,0,0,0,0,0,0,0,0,0,0,0,0,0,0,0,0,0,0,0,0,0,0,0,0,0,0,0,0,0,0,0,0,0,0,0,0,0,0,0,0,0,0,0,0,0,0,0,0,0,0,0,0,0,0,0,0,0,0,0,0,0,0,0,0,0,0,0,0,0,0,0,0,0,0,0,0,0,0,0,0,0,0,0,0,0,0,0,0,0,0,0,0,0,0,0,0,0,0,0,0,0,0,0,0,0,0,0,0,0,0,0,0,0,0,0,0,0,0,0,0,0,0,0,0,0,0,0,0,0,0,0,0,0,0,0,0,0,0,0,0,0,0,0,0,0,0,0,0,0,0,0,0,0,0
2029,1,13,3,0,0,0,0,0,0,0,0,0,0,0,0,0,0,0,0,0,0,0,0,0,0,0,0,0,0,0,0,0,0,0,0,0,0,0,0,0,0,0,0,0,0,0,0,0,0,0,0,0,0,0,0,0,0,185.0753,185.0753,0,185.0753,185.0753,0,0,0,0,18.47826,18.47826,46.19566,69.30102,0,0,0,0,0,0,0,0,0,0,0,0,0,0,0,3.612968,3.612968,53.4982,48.0012,52.5,48.0012,52.5,0,0,0,0,0,0,0,0,0,0,3.612968,42.12937,0,0,19.54527,0,19.54527,0,0,0,0,0,19.90022,19.90022,3.225839,3.225839,0,1.727273,4.435484,18.36735,18.36735,0,0,0,0,0,0,0,0,0,0,0,0,0,276.1364,276.1364,9.637674,0,0,83.15804,4.179928,0,38.43747,0,0,68.78493,0,0,0,0,0,0,0,0,0,0,0,0,0,0,0,0,0,0,0,0,0,0,0,0,0,0,0,0,73.54868,0,0,0,0,0,0,0,374.1562,374.7265,373.87,6.8176,12.5566,2.581,0,0,0,0,0,0,0,0,0,0,0,0,0,0,0,0,0,0,0,0,0,0,0,0,0,0,0,0,0,0,0,0,0,0,0,0,0,0,0,0,0,0,0,0,0,0,0,0,0,0,0,0,0,0,0,0,0,0,0,0,0,0,0,0,0,0,0,0,0,0,0,0,0,0,0,0,0,0,0,0,0,0,0,0,0,0,0,0,0,0,0,0,0,0,0,0,0,0,0,0,0,0,0,0,0,0,0,0,0,0,0,0,0,0,0,0,0,0,0,0,0,0,0,0,0,0,0,0,0,0,0,0,0,0,0,0,0,0,0,0,0,0,0,0,0,0,0,0,0,0,0,0,0,0,0,0,0,0,0,0,0,0,0,0,0,0,0,0,0,0,0,0,0,0,0,0,0,0,0,0
2029,1,13,4,0,0,0,0,0,0,0,0,0,0,0,0,0,0,0,0,0,0,0,0,0,0,0,0,0,0,0,0,0,0,0,0,0,0,0,0,0,0,0,0,0,0,0,0,0,0,0,0,0,0,0,0,0,0,185.0753,185.0753,0,185.0753,185.0753,0,0,0,0,18.47826,18.47826,46.19566,69.30102,0,0,0,0,0,0,0,0,0,0,0,0,0,0,0,3.612968,3.612968,53.4982,48.0012,52.5,48.0012,52.5,0,0,0,0,0,0,0,0,0,0,3.612968,42.12937,0,0,19.54527,0,19.54527,19.54527,19.54527,19.54527,19.54527,19.54527,19.90022,19.90022,3.225839,3.225839,0,1.727273,4.435484,18.36735,18.36735,0,0,0,0,0,0,0,0,0,0,0,0,0,276.1364,276.1364,15.64762,21.05219,15.06762,83.15804,1.150416,0,53.5081,0,0,72.53651,0,0,0,0,0,0,0,0,0,0,0,0,0,0,0,0,0,0,0,0,0,0,0,0,0,0,0,0,73.99596,0,0,0,0,0,0,0,374.1562,374.7265,373.87,6.8176,12.5566,2.581,0,0,0,0,0,0,0,0,0,0,0,0,0,0,0,0,0,0,0,0,0,0,0,0,0,0,0,0,0,0,0,0,0,0,0,0,0,0,0,0,0,0,0,0,0,0,0,0,0,0,0,0,0,0,0,0,0,0,0,0,0,0,0,0,0,0,0,0,0,0,0,0,0,0,0,0,0,0,0,0,0,0,0,0,0,0,0,0,0,0,0,0,0,0,0,0,0,0,0,0,0,0,0,0,0,0,0,0,0,0,0,0,0,0,0,0,0,0,0,0,0,0,0,0,0,0,0,0,0,0,0,0,0,0,0,0,0,0,0,0,0,0,0,0,0,0,0,0,0,0,0,0,0,0,0,0,0,0,0,0,0,0,0,0,0,0,0,0,0,0,0,0,0,0,0,0,0,0,0,0
2029,1,13,5,0,0,0,0,0,0,0,0,0,0,0,0,0,0,0,0,0,0,0,0,0,0,0,0,0,0,0,0,0,0,0,0,0,0,0,0,0,0,0,0,0,0,0,0,0,0,0,0,0,0,0,0,0,0,185.0753,185.0753,0,185.0753,150.4042,0,0,0,0,18.47826,18.47826,46.19566,69.30102,0,0,0,0,0,0,0,0,0,0,0,0,0,0,0,3.612968,3.612968,53.4982,48.0012,52.5,48.0012,52.5,0,0,0,0,0,0,0,0,0,0,3.612968,42.12937,19.54527,19.54527,19.54527,19.54527,19.54527,19.54527,0,0,0,0,19.90022,19.90022,3.225839,3.225839,0,1.727273,4.435484,18.36735,18.36735,0,0,0,0,0,0,0,0,0,0,0,0,0,276.1364,276.1364,74.89925,30.28209,22.21157,82.87836,0.000284739,0,45.50643,0,0,76.8542,0,0,0,0,0,0,0,0,0,0,0,0,0,0,0,0,0,0,0,0,0,0,0,0,0,0,0,0,74.97694,0,0,0,0,0,0,0,374.1562,374.7265,373.87,6.8176,12.5566,2.581,0,0,0,0,0,0,0,0,0,0,0,0,0,0,0,0,0,0,0,0,0,0,0,0,0,0,0,0,0,0,0,0,0,0,0,0,0,0,0,0,0,0,0,0,0,0,0,0,0,0,0,0,0,0,0,0,0,0,0,0,0,0,0,0,0,0,0,0,0,0,0,0,0,0,0,0,0,0,0,0,0,0,0,0,0,0,0,0,0,0,0,0,0,0,0,0,0,0,0,0,0,0,0,0,0,0,0,0,0,0,0,0,0,0,0,0,0,0,0,0,0,0,0,0,0,0,0,0,0,0,0,0,0,0,0,0,0,0,0,0,0,0,0,0,0,0,0,0,0,0,0,0,0,0,0,0,0,0,0,0,0,0,0,0,0,0,0,0,0,0,0,0,0,0,0,0,0,0,0,0
2029,1,13,6,0,0,0,0,0,0,0,0,0,0,0,0,0,0,0,0,0,0,0,0,0,0,0,0,0,0,0,0,0,0,0,0,0,0,0,0,0,0,0,0,0,0,0,0,0,0,0,0,0,0,0,0,0,0,185.0753,185.0753,0,185.0753,185.0753,0,0,0,0,18.47826,18.47826,46.19566,69.30102,0,0,0,0,0,0,0,0,0,0,0,0,0,0,0,3.612968,3.612968,53.4982,48.0012,52.5,48.0012,52.5,0,0,0,0,0,0,0,0,0,0,3.612968,42.12937,0,0,19.54527,0,19.54527,0,0,0,0,0,19.90022,19.90022,3.225839,3.225839,0,1.727273,4.435484,18.36735,18.36735,0,0,0,0,0,0,0,0,0,0,0,0,0,276.1364,276.1364,56.43276,85.79567,63.87408,82.87836,0.9006874,0,15.26699,0,0,93.70811,0,0,0,0,0,0,0,0,0,0,0,0,0,0,0,0,0,0,0,0,0,0,0,0,0,0,0,0,76.2447,0,0,0,0,0,0,0,374.1562,374.7265,373.87,6.8176,12.5566,2.581,0,0,0,0,0,0,0,0,0,0,0,0,0,0,0,0,0,0,0,0,0,0,0,0,0,0,0,0,0,0,0,0,0,0,0,0,0,0,0,0,0,0,0,0,0,0,0,0,0,0,0,0,0,0,0,0,0,0,0,0,0,0,0,0,0,0,0,0,0,0,0,0,0,0,0,0,0,0,0,0,0,0,0,0,0,0,0,0,0,0,0,0,0,0,0,0,0,0,0,0,0,0,0,0,0,0,0,0,0,0,0,0,0,0,0,0,0,0,0,0,0,0,0,0,0,0,0,0,0,0,0,0,0,0,0,0,0,0,0,0,0,0,0,0,0,0,0,0,0,0,0,0,0,0,0,0,0,0,0,0,0,0,0,0,0,0,0,0,0,0,0,0,0,0,0,0,0,0,0,0
2029,1,13,7,0,0,0,0,0,0,0,0,0,0,0,0,0,2.587,3.74,0,0,0,0,0,0,0,0,0,0,0,0,0,0,0,0,0,0,0,0,0,0,0,0,0,0,0,0,0,0,0,0,0,0,0,0,0,0,0,185.0753,185.0753,0,185.0753,185.0753,0,0,0,0,18.47826,18.47826,46.19566,69.30102,0,0,0,0,0,0,0,0,0,0,0,0,0,0,0,3.612968,3.612968,53.4982,48.0012,52.5,48.0012,52.5,0,0,0,0,0,0,0,0,0,0,3.612968,42.12937,0,0,19.54527,0,19.54527,0,0,0,0,0,19.90022,19.90022,3.225839,3.225839,0,1.727273,4.435484,18.36735,18.36735,0,0,0,0,0,0,0,0,0,0,0,0,0,276.1364,276.1364,145.8156,59.10846,42.65297,83.06482,0.2916569,0,0,0,0,125.6922,0,0,0,0,0,0,0,0,0,0,0,0,0,0,0,0,0,0,0,0,0,0,0,0,0,0,0,0,77.17619,0,0,0,0,0,0,0,374.1562,374.7265,373.87,6.8176,12.5566,2.581,0,0,0,0,0,0,0,0,0,0,0,0,0,0,0,0,0,0,0,0,0,0,0,0,0,0,0,0,0,0,0,0,0,0,0,0,0,0,0,0,0,0,0,0,0,0,0,0,0,0,0,0,0,0,0,0,0,0,0,0,0,0,0,0,0,0,0,0,0,0,0,0,0,0,0,0,0,0,0,0,0,0,0,0,0,0,0,0,0,0,0,0,0,0,0,0,0,0,0,0,0,0,0,0,0,0,0,0,0,0,0,0,0,0,0,0,0,0,0,0,0,0,0,0,0,0,0,0,0,0,0,0,0,0,0,0,0,0,0,0,0,0,0,0,0,0,0,0,0,0,0,0,0,0,0,0,0,0,0,0,0,0,0,0,0,0,0,0,0,0,0,0,0,0,0,0,0,0,0,0
2029,1,13,8,0,0,0,0,0,0,0,0,0.064623,0.219144,0.212865,0.08326323,0,91.142,132.1375,0,0,0.089979,0,0,1.313763,0.02189776,0.068674,0,0,0,0.093837,0,0,0,0,0,0,0,0,0.25716,0,0,0,0,0,0,0,0,0,0,0,0,0,0,0,0,0,0,185.0753,185.0753,0,185.0753,185.0753,0,0,0,0,18.47826,18.47826,46.19566,69.30102,0,0,0,0,0,0,0,0,0,0,0,0,0,0,0,3.612968,3.612968,53.4982,48.0012,52.5,48.0012,52.5,0,0,0,0,0,0,0,0,0,0,3.612968,42.12937,0,0,19.54527,0,19.54527,0,0,0,0,0,19.90022,19.90022,3.225839,3.225839,0,1.727273,4.435484,18.36735,18.36735,0,0,0,0,0,0,0,0,0,0,0,0,0,276.1364,276.1364,151.4219,17.33719,12.20161,83.43772,0,0,0,0,0,125.1467,0,0,0,0,0,0,0,0,0,0,0,0,0,0,0,0,0,0,0,0,0,0,0,0,0,0,0,0,76.33549,0,0,0,0,0,0,0,374.1562,374.7265,373.87,6.8176,12.5566,2.581,0,0,0,0,0,0,0,0,0,0,0,0,0,0,0,0,0,0,0,0,0,0,0,0,0,0,0,0,0,0,0,0,0,0,0,0,0,0,0,0,0,0,0,0,0,0,0,3.279605,0,0,0,0,0,0,0,0,0,0,0.037591,0,0,0,0,0,0,0,0,0,0,0,0,0,0,0,0,0,0,0,0,0,0,0,0,0,0,0,0,0,0,0,0,0,0,0,0,0,0,0,0,0,0,0,0,0,0,0,0,0,0,0,0,0,0,0,0,0,0,0,0,0,0,0,0,0,0,0,0,0,0,0,0,0,0,0,0,0,0,0,0,0,0,0,0,0,0,0,0,0,0,0,0,0,0,0,0,0,0,0,0,0,0,0,0,0,0,0,0,0,0,0,0,0,0,0,0,0,0,0,0,0
2029,1,13,9,21.10536,0.6012428,91.8193,43.83,0,35.21122,21.64489,0.706892,2.626781,8.907747,8.652537,3.384482,0,157.5085,224.0425,0,0.625211,3.65745,84.6048,0,44.84417,0.7445241,2.791476,62.27341,125.2068,0,3.190474,20.805,0.1510091,0,0,0,0,0,0,10.45304,0.5493711,0,34.03769,11.55937,2.167382,0,90.11719,101.6796,4.043872,22.49966,0,0,0,0,0,0,0,0,128.7091,128.7091,0,128.7091,128.7091,0,0,0,0,18.47826,18.47826,46.19566,69.30102,0,0,0,0,0,0,0,0,0,0,0,0,0,0,0,3.612968,3.612968,53.4982,48.0012,52.5,48.0012,52.5,0,0,0,0,0,0,0,0,0,0,3.612968,42.12937,0,0,19.54527,0,19.54527,0,0,0,0,0,19.90022,19.90022,3.225839,3.225839,0,1.727273,4.435484,18.36735,18.36735,0,0,0,0,0,0,0,0,0,0,0,0,0,276.1364,276.1364,193.0509,0.1747017,0,83.3445,0,0,0,0,0,130.1873,178.514,182.277,0,0,0,0,0,0,0,0,0,0,0,0,0,0,0,0,0,0,0,0,0,0,0,0,0,0,76.73724,0,0,0,0,0,0,0,374.1562,374.7265,373.87,6.8176,12.5566,2.581,0,0,0,0,0,0,0,0,0,0,0,0,0,0,0,0,0,0,0,0,0,0,0,0,0,0,0,0,0,0,0,0,0,0,0,0,0,0,0,0,0,0,0,0,0,0,0,133.3093,0,0,0,0,0,0,0,0,0,0,1.527991,0,0,0,0,0,0,0,0,0,0,0,0,0,0,0,0,0,0,0,0,0,0,0,0,0,0,0,0,0,0,0,0,0,0,0,0,0,0,0,0,0,0,0,0,0,0,0,0,0,0,0,0,0,0,0,0,0,0,0,0,0,0,0,0,0,0,0,0,0,0,0,0,0,0,0,0,0,0,0,0,0,0,0,0,0,0,0,0,0,0,0,0,0,0,0,0,0,0,0,0,0,0,0,0,0,0,0,0,0,0,0,0,0,0,0,0,0,0,0,0,0
2029,1,13,10,71.00981,9.670061,233.0972,169.6275,13.01407,47.49032,51.7249,11.36926,7.388393,25.05498,24.33714,9.519591,0,153.7275,219.5325,0,10.05555,10.28737,145.6224,0,87.73997,1.970799,7.851634,141.8535,285.2104,0,8.445372,125.85,2.428749,9.676376,6.88898,0,0,0,0,29.40146,8.835786,0,39.96068,117.0744,21.95145,0,173.2194,215.114,10.23466,52.38158,0,0,0,0,0,0,0,0,128.7091,128.7091,0,128.7091,128.7091,0,0,0,0,18.47826,18.47826,46.19566,69.30102,0,0,0,0,0,0,0,0,0,0,0,0,0,0,0,3.612968,3.612968,53.4982,48.0012,52.5,48.0012,52.5,0,0,0,0,0,0,0,0,0,0,3.612968,42.12937,0,0,19.54527,0,19.54527,0,0,0,0,0,19.90022,19.90022,3.225839,3.225839,0,1.727273,4.435484,18.36735,18.36735,0,0,0,0,0,0,0,0,0,0,0,0,0,276.1364,276.1364,160.9527,0,0,80.26802,0,0,0,0,0,132.3872,303.0384,359.4672,0,0,0,0,0,0,0,0,0,0,0,0,0,0,0,0,0,0,0,0,0,0,0,0,0,0,76.79553,0,1000,0,0,0,0,0,374.1562,374.7265,373.87,6.8176,12.5566,2.581,0,0,0,0,0,0,0,0,0,0,0,0,0,0,0,0,0,0,0,0,0,0,0,0,0,0,0,0,0,0,0,0,0,0,0,0,0,0,0,0,0,0,0,0,0,0,0,374.9614,0,0,0,0,0,0,0,0,0,0,4.297808,0,0,0,0,0,0,0,0,0,0,0,0,0,0,0,0,0,0,0,0,0,0,0,0,0,0,0,0,0,0,0,0,0,0,0,0,0,0,0,0,0,0,0,0,0,0,0,0,0,0,0,0,0,0,0,0,0,0,0,0,0,0,0,0,0,0,0,0,0,0,0,0,0,0,0,0,0,0,0,0,0,0,0,0,0,0,0,0,0,0,0,0,0,0,0,0,0,0,0,0,0,0,0,0,0,0,0,0,0,0,0,0,0,0,0,0,0,0,0,0,0
2029,1,13,11,96.62862,9.202132,244.73,159.705,11.15773,27.71907,49.23256,10.81911,7.030873,23.84258,23.15948,9.058943,0,142.7825,204.3525,0,9.568971,9.789573,147.3192,0,85.59954,2.737221,7.471697,150.1821,301.9558,0,11.72968,124.155,2.311223,8.29613,5.90633,0,0,0,0,27.97874,8.408226,0,79.12041,294.8804,55.29007,0,169.8908,222.2473,17.29193,54.3885,0,0,0,0,0,0,0,0,128.7091,128.7091,0,128.7091,128.7091,0,0,0,0,18.47826,18.47826,46.19566,69.30102,0,0,0,0,0,0,0,0,0,0,0,0,0,0,0,3.612968,3.612968,53.4982,48.0012,52.5,48.0012,52.5,0,0,0,0,0,0,0,0,0,0,3.612968,42.12937,0,0,19.54527,0,19.54527,0,0,0,0,0,19.90022,19.90022,3.225839,3.225839,0,1.727273,4.435484,18.36735,18.36735,0,0,0,0,0,0,0,0,0,0,0,0,0,276.1364,276.1364,157.0352,0,0,74.58121,0,0,0,0,0,124.5779,435.2756,547.5375,0,0,0,0,0,0,0,0,0,0,0,0,0,0,0,0,0,0,0,0,0,0,0,0,0,0,76.80989,0,1000,0,0,0,0,0,374.1562,374.7265,373.87,6.8176,12.5566,2.581,0,0,0,0,0,0,0,0,0,0,0,0,0,0,0,0,0,0,0,0,0,0,0,0,0,0,0,0,0,0,0,0,0,0,0,0,0,0,0,0,0,0,0,0,0,0,0,356.8172,0,0,0,0,0,0,0,0,0,0,4.089839,0,0,0,0,0,0,0,0,0,0,0,0,0,0,0,0,0,0,0,0,0,0,0,0,0,0,0,0,0,0,0,0,0,0,0,0,0,0,0,0,0,0,0,0,0,0,0,0,0,0,0,0,0,0,0,0,0,0,0,0,0,0,0,0,0,0,0,0,0,0,0,0,0,0,0,0,0,0,0,0,0,0,0,0,0,0,0,0,0,0,0,0,0,0,0,0,0,0,0,0,0,0,0,0,0,0,0,0,0,0,0,0,0,0,0,0,0,0,0,0,0
2029,1,13,12,103.708,10.37498,235.1509,172.53,11.55182,54.87654,46.39119,12.19805,7.926988,26.88142,26.11126,10.21354,0,136.912,197.175,0,10.78858,11.0373,135.1896,0,83.84621,3.087585,8.423998,139.2556,279.987,0,13.23108,116.715,2.605798,8.589144,6.114937,0,0,0,0,31.54475,9.479892,0,101.3254,298.0636,55.88692,0,158.0038,210.1772,21.01117,52.66056,0,0,0,0,0,0,0,0,128.7091,128.7091,0,128.7091,128.7091,0,0,0,0,18.47826,18.47826,46.19566,69.30102,0,0,0,0,0,0,0,0,0,0,0,0,0,0,0,3.612968,3.612968,53.4982,48.0012,52.5,48.0012,52.5,0,0,0,0,0,0,0,0,0,0,3.612968,42.12937,0,0,19.54527,0,19.54527,0,0,0,0,0,19.90022,19.90022,3.225839,3.225839,0,1.727273,4.435484,18.36735,18.36735,0,0,0,0,0,0,0,0,0,0,0,0,0,276.1364,276.1364,112.4521,0,0,75.51347,0,0,0,0,0,121.6162,519.4944,667.3599,0,0,0,0,0,0,0,0,0,0,0,0,0,0,0,0,0,0,0,0,0,0,0,0,0,0,77.01997,0,1000,0,0,0,0,0,374.1562,374.7265,373.87,6.8176,12.5566,2.581,0,0,0,0,0,0,0,0,0,0,0,0,0,0,0,0,0,0,0,0,0,0,0,0,0,0,0,0,0,0,0,0,0,0,0,0,0,0,0,0,0,0,0,0,0,0,0,402.2951,0,0,0,0,0,0,0,0,0,0,4.611107,0,0,0,0,0,0,0,0,0,0,0,0,0,0,0,0,0,0,0,0,0,0,0,0,0,0,0,0,0,0,0,0,0,0,0,0,0,0,0,0,0,0,0,0,0,0,0,0,0,0,0,0,0,0,0,0,0,0,0,0,0,0,0,0,0,0,0,0,0,0,0,0,0,0,0,0,0,0,0,0,0,0,0,0,0,0,0,0,0,0,0,0,0,0,0,0,0,0,0,0,0,0,0,0,0,0,0,0,0,0,0,0,0,0,0,0,0,0,0,0,0
2029,1,13,13,102.3553,9.918294,227.0132,181.665,10.14141,70.39427,42.55767,11.66111,7.578055,25.69814,24.96188,9.763962,0,142.484,203.8025,0,10.31368,10.55145,129.5616,0,79.95442,3.262767,8.053187,132.9518,267.3127,0,13.98178,112.02,2.491095,7.540464,5.368343,0,0,0,0,30.1562,9.062602,0,110.1491,230.0733,43.13875,0,151.9577,202.1358,22.99397,50.47657,0,0,0,0,0,0,0,0,128.7091,128.7091,0,128.7091,128.7091,0,0,0,0,18.47826,18.47826,46.19566,69.30102,0,0,0,0,0,0,0,0,0,0,0,0,0,0,0,3.612968,3.612968,53.4982,48.0012,52.5,48.0012,52.5,0,0,0,0,0,0,0,0,0,0,3.612968,42.12937,0,0,19.54527,0,19.54527,0,0,0,0,0,19.90022,19.90022,3.225839,3.225839,0,1.727273,4.435484,18.36735,18.36735,0,0,0,0,0,0,0,0,0,0,0,0,0,276.1364,276.1364,117.3242,1.152924,0,81.5732,0.000213554,0,0,0,0,131.3435,591.3976,769.6611,0,0,0,0,0,0,0,0,0,0,0,0,0,0,0,0,0,0,0,0,0,0,0,0,0,0,76.95418,0,1000,0,0,0,0,0,374.1562,374.7265,373.87,6.8176,12.5566,2.581,0,0,0,0,0,0,0,0,0,0,0,0,0,0,0,0,0,0,0,0,0,0,0,0,0,0,0,0,0,0,0,0,0,0,0,0,0,0,0,0,0,0,0,0,0,0,0,384.5868,0,0,0,0,0,0,0,0,0,0,4.408134,0,0,0,0,0,0,0,0,0,0,0,0,0,0,0,0,0,0,0,0,0,0,0,0,0,0,0,0,0,0,0,0,0,0,0,0,0,0,0,0,0,0,0,0,0,0,0,0,0,0,0,0,0,0,0,0,0,0,0,0,0,0,0,0,0,0,0,0,0,0,0,0,0,0,0,0,0,0,0,0,0,0,0,0,0,0,0,0,0,0,0,0,0,0,0,0,0,0,0,0,0,0,0,0,0,0,0,0,0,0,0,0,0,0,0,0,0,0,0,0,0
2029,1,13,14,104.651,9.542315,226.9757,186.12,12.55777,74.95139,44.95399,11.21907,7.290789,24.72399,24.01564,9.393833,0,151.3395,215.8475,0,9.922716,10.15147,131.1912,0,80.28608,3.087585,7.74791,136.5048,274.4564,0,13.23108,113.535,2.396664,9.337098,6.647435,0,0,0,0,29.01305,8.719061,0,116.2973,207.4637,38.89944,0,154.7084,206.3462,20.66945,51.018,0,0,0,0,0,0,0,0,128.7091,128.7091,0,128.7091,128.7091,0,0,0,0,18.47826,18.47826,46.19566,69.30102,0,0,0,0,0,0,0,0,0,0,0,0,0,0,0,3.612968,3.612968,53.4982,48.0012,52.5,48.0012,52.5,0,0,0,0,0,0,0,0,0,0,3.612968,42.12937,0,0,19.54527,0,19.54527,0,0,0,0,0,19.90022,19.90022,3.225839,3.225839,0,1.727273,4.435484,18.36735,18.36735,0,0,0,0,0,0,0,0,0,0,0,0,0,276.1364,276.1364,176.5464,0,0,83.06482,0,0,0,0,0,121.9319,493.6192,630.6219,0,0,0,0,0,0,0,0,0,0,0,0,0,0,0,0,0,0,0,0,0,0,0,0,0,0,77.0747,0,1000,0,0,0,0,0,374.1562,374.7265,373.87,6.8176,12.5566,2.581,0,0,0,0,0,0,0,0,0,0,0,0,0,0,0,0,0,0,0,0,0,0,0,0,0,0,0,0,0,0,0,0,0,0,0,0,0,0,0,0,0,0,0,0,0,0,0,370.008,0,0,0,0,0,0,0,0,0,0,4.241032,0,0,0,0,0,0,0,0,0,0,0,0,0,0,0,0,0,0,0,0,0,0,0,0,0,0,0,0,0,0,0,0,0,0,0,0,0,0,0,0,0,0,0,0,0,0,0,0,0,0,0,0,0,0,0,0,0,0,0,0,0,0,0,0,0,0,0,0,0,0,0,0,0,0,0,0,0,0,0,0,0,0,0,0,0,0,0,0,0,0,0,0,0,0,0,0,0,0,0,0,0,0,0,0,0,0,0,0,0,0,0,0,0,0,0,0,0,0,0,0,0
2029,1,13,15,110.7756,10.62159,235.7008,193.68,9.892519,67.56894,45.88012,12.488,8.115411,27.52039,26.73192,10.45632,195.0497,154.424,219.2575,0,11.04502,11.29965,138.9864,0,85.80349,2.715323,8.624234,137.1543,275.7623,0,11.63585,118.485,2.667737,7.355403,5.236591,0,0,0,0,32.29456,9.705226,0,120.4531,238.8659,44.78735,0,152.6966,215.85,16.4853,52.84148,0,0,0,0,0,0,0,0,128.7091,128.7091,0,128.7091,128.7091,0,0,0,0,18.47826,18.47826,46.19566,69.30102,0,0,0,0,0,0,0,0,0,0,0,0,0,0,0,3.612968,3.612968,53.4982,48.0012,52.5,48.0012,52.5,0,0,0,0,0,0,0,0,0,0,3.612968,42.12937,0,0,19.54527,0,19.54527,0,0,0,0,0,19.90022,19.90022,3.225839,3.225839,0,1.727273,4.435484,18.36735,18.36735,0,0,0,0,0,0,0,0,0,0,0,0,0,276.1364,276.1364,194.64,0,0,83.43772,0,0,0,0,0,121.4251,580.8236,754.6833,0,0,0,0,0,0,0,0,0,0,0,0,0,0,0,0,0,0,0,0,0,0,0,0,0,0,77.4854,0,1000,0,0,0,0,0,374.1562,374.7265,373.87,6.8176,12.5566,2.581,0,0,0,0,0,0,0,0,0,0,0,0,0,0,0,0,0,0,0,0,0,0,0,0,0,0,0,0,0,0,0,0,0,0,0,0,0,0,0,0,0,0,0,0,0,0,0,411.8576,0,0,0,0,0,0,0,0,0,0,4.720712,0,0,0,0,0,0,0,0,0,0,0,0,0,0,0,0,0,0,0,0,0,0,0,0,0,0,0,0,0,0,0,0,0,0,0,0,0,0,0,0,0,0,0,0,0,0,0,0,0,0,0,0,0,0,0,0,0,0,0,0,0,0,0,0,0,0,0,0,0,0,0,0,0,0,0,0,0,0,0,0,0,0,0,0,0,0,0,0,0,0,0,0,0,0,0,0,0,0,0,0,0,0,0,0,0,0,0,0,0,0,0,0,0,0,0,0,0,0,0,0,0
2029,1,13,16,113.3259,9.344756,241.0329,195.5475,13.04518,89.72267,47.68636,10.98679,7.139844,24.21212,23.51843,9.199348,224.4542,85.2715,123.255,0,9.717281,9.941302,140.6664,0,86.50938,2.518243,7.587502,113.5439,228.2912,0,10.79131,122.04,2.347045,9.69951,6.905449,0,0,0,0,28.41238,8.538546,0,112.531,234.7646,44.01836,0,164.0947,218.9077,10.98168,53.38861,0,0,0,0,0,0,0,0,128.7091,128.7091,0,128.7091,128.7091,0,0,0,0,18.47826,18.47826,46.19566,69.30102,0,0,0,0,0,0,0,0,0,0,0,0,0,0,0,3.612968,3.612968,53.4982,48.0012,52.5,48.0012,52.5,0,0,0,0,0,0,0,0,0,0,3.612968,42.12937,0,0,19.54527,0,19.54527,0,0,0,0,19.54527,19.90022,19.90022,3.225839,3.225839,0,1.727273,4.435484,18.36735,18.36735,0,0,0,0,0,0,0,0,0,0,0,0,0,276.1364,276.1364,194.64,0,0,83.43772,0,0,0,0,0,122.1784,446.7204,563.787,0,0,0,0,0,0,0,0,0,0,0,0,0,0,0,0,0,0,0,0,0,0,0,0,0,0,77.95615,0,1000,0,0,0,0,0,374.1562,374.7265,373.87,6.8176,12.5566,2.581,0,0,0,0,0,0,0,0,0,0,0,0,0,0,0,0,0,0,0,0,0,0,0,0,0,0,0,0,0,0,0,0,0,0,0,0,0,0,0,0,0,0,0,0,0,0,0,362.3476,0,0,0,0,0,0,0,0,0,0,4.153228,0,0,0,0,0,0,0,0,0,0,0,0,0,0,0,0,0,0,0,0,0,0,0,0,0,0,0,0,0,0,0,0,0,0,0,0,0,0,0,0,0,0,0,0,0,0,0,0,0,0,0,0,0,0,0,0,0,0,0,0,0,0,0,0,0,0,0,0,0,0,0,0,0,0,0,0,0,0,0,0,0,0,0,0,0,0,0,0,0,0,0,0,0,0,0,0,0,0,0,0,0,0,0,0,0,0,0,0,0,0,0,0,0,0,0,0,0,0,0,0,0
2029,1,13,17,75.17022,3.24903,207.2699,115.9425,2.72331,46.16771,31.43519,3.819942,4.649818,15.76812,15.31636,5.991068,294.0449,2.0895,2.9975,0,3.378551,6.474265,121.0776,0,53.44155,1.510946,4.941355,16.0077,32.18507,0,6.474785,102.06,0.8160318,2.024868,1.44158,0,0,0,0,18.50354,2.968723,0,57.61278,60.92617,11.42366,0,128.8891,137.6645,6.412106,45.21858,0,0,0,0,0,0,0,0,128.7091,128.7091,0,128.7091,128.7091,0,0,0,0,18.47826,18.47826,46.19566,69.30102,0,0,0,0,0,0,0,0,0,0,0,0,0,0,0,3.612968,3.612968,0,0,0,0,0,0,0,0,0,0,0,0,0,0,0,3.612968,42.12937,0,0,19.54527,0,19.54527,0,0,0,0,0,19.90022,19.90022,3.225839,3.225839,0,1.727273,4.435484,0,0,0,0,0,0,0,0,0,0,0,0,0,0,0,276.1364,276.1364,194.64,0,0,83.06482,0,0,0,0,0,113.1998,185.2316,191.8854,0,0,0,0,0,0,0,0,0,0,0,0,0,0,0,0,0,0,0,0,0,0,0,0,0,0,77.78059,0,0,0,0,0,0,0,374.1562,374.7265,373.87,6.8176,12.5566,2.581,0,0,0,0,0,0,0,0,0,0,0,0,0,0,0,0,0,0,0,0,0,0,0,0,0,0,0,0,0,0,0,0,0,0,0,0,0,0,0,0,0,0,0,0,0,0,0,235.9786,0,0,0,0,0,0,0,0,0,0,2.704786,0,0,0,0,0,0,0,0,0,0,0,0,0,0,0,0,0,0,0,0,0,0,0,0,0,0,0,0,0,0,0,0,0,0,0,0,0,0,0,0,0,0,0,0,0,0,0,0,0,0,0,0,0,0,0,0,0,0,0,0,0,0,0,0,0,0,0,0,0,0,0,0,0,0,0,0,0,0,0,0,0,0,0,0,0,0,0,0,0,0,0,0,0,0,0,0,0,0,0,0,0,0,0,0,0,0,0,0,0,0,0,0,0,0,0,0,0,0,0,0,0
2029,1,13,18,3.223685,0,25.20676,8.01,0,1.736098,2.84858,0,0.689955,2.339723,2.272689,0.8889734,294.0449,0,0,0,0,0.960672,3.0408,0,2.720589,0.2408754,0.733214,0,0,0,1.032212,7.725,0,0,0,0,0,0,0,2.745613,0,0,1.758749,0,0,0,12.53118,15.59714,0,7.040248,0,0,0,0,0,0,0,0,185.0753,128.7091,0,128.7091,128.7091,0,0,0,0,18.47826,18.47826,46.19566,69.30102,0,0,0,0,0,0,0,0,0,0,0,0,0,0,0,3.612968,3.612968,53.4982,48.0012,52.5,48.0012,52.5,0,0,0,0,0,0,0,0,0,0,3.612968,42.12937,0,0,19.54527,0,19.54527,0,0,0,0,0,19.90022,19.90022,3.225839,3.225839,0,1.727273,4.435484,0,0,0,0,0,0,0,0,0,0,0,0,0,0,0,276.1364,276.1364,194.64,0,0,80.08157,0,0,19.24328,0,0,122.4768,81.8552,44.6508,0,0,0,0,0,0,0,0,0,0,0,0,0,0,0,0,0,0,0,0,0,0,0,0,0,0,78.06542,0,0,0,0,0,0,0,374.1562,374.7265,373.87,6.8176,12.5566,2.581,0,0,0,0,0,0,0,0,0,0,0,0,0,0,0,0,0,0,0,0,0,0,0,0,0,0,0,0,0,0,0,0,0,0,0,0,0,0,0,0,0,0,0,0,0,0,0,35.01524,0,0,0,0,0,0,0,0,0,0,0.401345,0,0,0,0,0,0,0,0,0,0,0,0,0,0,0,0,0,0,0,0,0,0,0,0,0,0,0,0,0,0,0,0,0,0,0,0,0,0,0,0,0,0,0,0,0,0,0,0,0,0,0,0,0,0,0,0,0,0,0,0,0,0,0,0,0,0,0,0,0,0,0,0,0,0,0,0,0,0,0,0,0,0,0,0,0,0,0,0,0,0,0,0,0,0,0,0,0,0,0,0,0,0,0,0,0,0,0,0,0,0,0,0,0,0,0,0,0,0,0,0,0
2029,1,13,19,0,0,0,0,0,0,0,0,0,0,0,0,294.0449,0,0,0,0,0,0,0,0,0,0,0,0,0,0,0,0,0,0,0,0,0,0,0,0,0,0,0,0,0,0,0,0,0,0,0,0,0,0,0,0,0,185.0753,128.7091,0,128.7091,128.7091,0,0,0,0,18.47826,18.47826,46.19566,69.30102,0,0,0,0,0,0,0,0,0,0,0,0,0,0,0,3.612968,3.612968,53.4982,48.0012,52.5,48.0012,52.5,0,0,0,0,0,0,0,0,0,0,3.612968,42.12937,0,0,19.54527,0,19.54527,0,0,0,0,0,19.90022,19.90022,3.225839,3.225839,0,1.727273,4.435484,0,0,0,0,0,0,0,0,0,0,0,0,0,0,0,276.1364,276.1364,194.64,0,0,78.03059,0,0,21.84505,0,0,101.5507,0,0,0,0,0,0,0,0,0,0,0,0,0,0,0,0,0,0,0,0,0,0,0,0,0,0,0,0,76.87534,0,0,0,0,0,0,0,374.1562,374.7265,373.87,6.8176,12.5566,2.581,0,0,0,0,0,0,0,0,0,0,0,0,0,0,0,0,0,0,0,0,0,0,0,0,0,0,0,0,0,0,0,0,0,0,0,0,0,0,0,0,0,0,0,0,0,0,0,0,0,0,0,0,0,0,0,0,0,0,0,0,0,0,0,0,0,0,0,0,0,0,0,0,0,0,0,0,0,0,0,0,0,0,0,0,0,0,0,0,0,0,0,0,0,0,0,0,0,0,0,0,0,0,0,0,0,0,0,0,0,0,0,0,0,0,0,0,0,0,0,0,0,0,0,0,0,0,0,0,0,0,0,0,0,0,0,0,0,0,0,0,0,0,0,0,0,0,0,0,0,0,0,0,0,0,0,0,0,0,0,0,0,0,0,0,0,0,0,0,0,0,0,0,0,0,0,0,0,0,0,0
2029,1,13,20,0,0,0,0,0,0,0,0,0,0,0,0,294.0449,0,0,0,0,0,0,0,0,0,0,0,0,0,0,0,0,0,0,0,0,0,0,0,0,0,0,0,0,0,0,0,0,0,0,0,0,0,0,0,0,0,185.0753,128.7091,0,128.7091,128.7091,0,0,0,0,18.47826,18.47826,46.19566,69.30102,0,0,0,0,0,0,0,0,0,0,0,0,0,0,0,3.612968,3.612968,53.4982,48.0012,52.5,48.0012,52.5,0,0,0,0,0,0,0,0,0,0,3.612968,42.12937,0,0,19.54527,0,19.54527,0,0,0,0,0,19.90022,19.90022,3.225839,3.225839,0,1.727273,4.435484,0,0,0,0,0,0,0,0,0,0,0,0,0,0,0,276.1364,276.1364,194.64,0,0,69.6402,4.452615,0,75.50042,0,0,120.3993,0,0,0,0,0,0,0,0,0,0,0,0,0,0,0,0,0,0,0,0,0,0,0,0,0,0,0,0,76.12084,0,0,0,0,0,0,0,374.1562,374.7265,373.87,6.8176,12.5566,2.581,0,0,0,0,0,0,0,0,0,0,0,0,0,0,0,0,0,0,0,0,0,0,0,0,0,0,0,0,0,0,0,0,0,0,0,0,0,0,0,0,0,0,0,0,0,0,0,0,0,0,0,0,0,0,0,0,0,0,0,0,0,0,0,0,0,0,0,0,0,0,0,0,0,0,0,0,0,0,0,0,0,0,0,0,0,0,0,0,0,0,0,0,0,0,0,0,0,0,0,0,0,0,0,0,0,0,0,0,0,0,0,0,0,0,0,0,0,0,0,0,0,0,0,0,0,0,0,0,0,0,0,0,0,0,0,0,0,0,0,0,0,0,0,0,0,0,0,0,0,0,0,0,0,0,0,0,0,0,0,0,0,0,0,0,0,0,0,0,0,0,0,0,0,0,0,0,0,0,0,0
2029,1,13,21,0,0,0,0,0,0,0,0,0,0,0,0,168.5857,0,0,0,0,0,0,0,0,0,0,0,0,0,0,0,0,0,0,0,0,0,0,0,0,0,0,0,0,0,0,0,0,0,0,0,0,0,0,0,0,0,185.0753,128.7091,0,128.7091,128.7091,0,0,0,0,18.47826,18.47826,46.19566,69.30102,0,0,0,0,0,0,0,0,0,0,0,0,0,0,0,3.612968,3.612968,53.4982,48.0012,52.5,48.0012,52.5,0,0,0,0,0,0,0,0,0,0,3.612968,42.12937,0,0,19.54527,0,19.54527,0,0,0,0,0,19.90022,19.90022,3.225839,3.225839,0,1.727273,4.435484,18.36735,18.36735,0,0,0,0,0,0,0,0,0,0,0,0,0,276.1364,276.1364,194.64,4.526378,3.013525,62.18208,5.018681,0,84.04208,0,0,122.6406,0,0,0,0,0,0,0,0,0,0,0,0,0,0,0,0,0,0,0,0,0,0,0,0,0,0,0,0,76.66095,0,0,0,0,0,0,0,374.1562,374.7265,373.87,6.8176,12.5566,2.581,0,0,0,0,0,0,0,0,0,0,0,0,0,0,0,0,0,0,0,0,0,0,0,0,0,0,0,0,0,0,0,0,0,0,0,0,0,0,0,0,0,0,0,0,0,0,0,0,0,0,0,0,0,0,0,0,0,0,0,0,0,0,0,0,0,0,0,0,0,0,0,0,0,0,0,0,0,0,0,0,0,0,0,0,0,0,0,0,0,0,0,0,0,0,0,0,0,0,0,0,0,0,0,0,0,0,0,0,0,0,0,0,0,0,0,0,0,0,0,0,0,0,0,0,0,0,0,0,0,0,0,0,0,0,0,0,0,0,0,0,0,0,0,0,0,0,0,0,0,0,0,0,0,0,0,0,0,0,0,0,0,0,0,0,0,0,0,0,0,0,0,0,0,0,0,0,0,0,0,0
2029,1,13,22,0,0,0,0,0,0,0,0,0,0,0,0,0,0,0,0,0,0,0,0,0,0,0,0,0,0,0,0,0,0,0,0,0,0,0,0,0,0,0,0,0,0,0,0,0,0,0,0,0,0,0,0,0,0,185.0753,128.7091,0,128.7091,128.7091,0,0,0,0,18.47826,18.47826,46.19566,69.30102,0,0,0,0,0,0,0,0,0,0,0,0,0,0,0,3.612968,3.612968,53.4982,48.0012,52.5,48.0012,52.5,0,0,0,0,0,0,0,0,0,0,3.612968,42.12937,0,0,19.54527,0,19.54527,0,0,0,0,0,19.90022,19.90022,3.225839,3.225839,0,1.727273,4.435484,0,0,0,0,0,0,0,0,0,0,0,0,0,0,0,276.1364,276.1364,194.64,0.36382,0,34.58703,1.587807,0,48.84455,0,0,89.73485,0,0,0,0,0,0,0,0,0,0,0,0,0,0,0,0,0,0,0,0,0,0,0,0,0,0,0,0,76.16212,0,0,0,0,0,0,0,374.1562,374.7265,373.87,6.8176,12.5566,2.581,0,0,0,0,0,0,0,0,0,0,0,0,0,0,0,0,0,0,0,0,0,0,0,0,0,0,0,0,0,0,0,0,0,0,0,0,0,0,0,0,0,0,0,0,0,0,0,0,0,0,0,0,0,0,0,0,0,0,0,0,0,0,0,0,0,0,0,0,0,0,0,0,0,0,0,0,0,0,0,0,0,0,0,0,0,0,0,0,0,0,0,0,0,0,0,0,0,0,0,0,0,0,0,0,0,0,0,0,0,0,0,0,0,0,0,0,0,0,0,0,0,0,0,0,0,0,0,0,0,0,0,0,0,0,0,0,0,0,0,0,0,0,0,0,0,0,0,0,0,0,0,0,0,0,0,0,0,0,0,0,0,0,0,0,0,0,0,0,0,0,0,0,0,0,0,0,0,0,0,0
2029,1,13,23,0,0,0,0,0,0,0,0,0,0,0,0,0,0,0,0,0,0,0,0,0,0,0,0,0,0,0,0,0,0,0,0,0,0,0,0,0,0,0,0,0,0,0,0,0,0,0,0,0,0,0,0,0,0,185.0753,128.7091,0,185.0753,128.7091,0,0,0,0,18.47826,18.47826,46.19566,69.30102,0,0,0,0,0,0,0,0,0,0,0,0,0,0,0,3.612968,3.612968,53.4982,48.0012,52.5,48.0012,52.5,0,0,0,0,0,0,0,0,0,0,3.612968,42.12937,0,0,19.54527,0,19.54527,0,0,0,0,0,19.90022,19.90022,3.225839,3.225839,0,1.727273,4.435484,0,0,0,0,0,0,0,0,0,0,0,0,0,0,0,276.1364,276.1364,194.64,0,0,19.01821,1.24638,0,34.70663,0,0,90.81425,0,0,0,0,0,0,0,0,0,0,0,0,0,0,0,0,0,0,0,0,0,0,0,0,0,0,0,0,75.15231,0,0,0,0,0,0,0,374.1562,374.7265,373.87,6.8176,12.5566,2.581,0,0,0,0,0,0,0,0,0,0,0,0,0,0,0,0,0,0,0,0,0,0,0,0,0,0,0,0,0,0,0,0,0,0,0,0,0,0,0,0,0,0,0,0,0,0,0,0,0,0,0,0,0,0,0,0,0,0,0,0,0,0,0,0,0,0,0,0,0,0,0,0,0,0,0,0,0,0,0,0,0,0,0,0,0,0,0,0,0,0,0,0,0,0,0,0,0,0,0,0,0,0,0,0,0,0,0,0,0,0,0,0,0,0,0,0,0,0,0,0,0,0,0,0,0,0,0,0,0,0,0,0,0,0,0,0,0,0,0,0,0,0,0,0,0,0,0,0,0,0,0,0,0,0,0,0,0,0,0,0,0,0,0,0,0,0,0,0,0,0,0,0,0,0,0,0,0,0,0,0
2029,1,13,24,0,0,0,0,0,0,0,0,0,0,0,0,0,0,0,0,0,0,0,0,0,0,0,0,0,0,0,0,0,0,0,0,0,0,0,0,0,0,0,0,0,0,0,0,0,0,0,0,0,0,0,0,0,0,185.0753,128.7091,0,147.2651,128.7091,0,0,0,0,18.47826,18.47826,46.19566,69.30102,0,0,0,0,0,0,0,0,0,0,0,0,0,0,0,3.612968,3.612968,53.4982,48.0012,52.5,48.0012,52.5,0,0,0,0,0,0,0,0,0,0,3.612968,42.12937,0,0,19.54527,0,19.54527,0,0,0,0,0,19.90022,19.90022,3.225839,3.225839,0,1.727273,4.435484,0,0,0,0,0,0,0,0,0,0,0,0,0,0,0,276.1364,276.1364,194.64,0,0,12.3059,0.09593669,0,34.01937,0,0,91.72894,0,0,0,0,0,0,0,0,0,0,0,0,0,0,0,0,0,0,0,0,0,0,0,0,0,0,0,0,73.41479,0,0,0,0,0,0,0,374.1562,374.7265,373.87,6.8176,12.5566,2.581,0,0,0,0,0,0,0,0,0,0,0,0,0,0,0,0,0,0,0,0,0,0,0,0,0,0,0,0,0,0,0,0,0,0,0,0,0,0,0,0,0,0,0,0,0,0,0,0,0,0,0,0,0,0,0,0,0,0,0,0,0,0,0,0,0,0,0,0,0,0,0,0,0,0,0,0,0,0,0,0,0,0,0,0,0,0,0,0,0,0,0,0,0,0,0,0,0,0,0,0,0,0,0,0,0,0,0,0,0,0,0,0,0,0,0,0,0,0,0,0,0,0,0,0,0,0,0,0,0,0,0,0,0,0,0,0,0,0,0,0,0,0,0,0,0,0,0,0,0,0,0,0,0,0,0,0,0,0,0,0,0,0,0,0,0,0,0,0,0,0,0,0,0,0,0,0,0,0,0,0
2029,1,14,1,0,0,0,0,0,0,0,0,0,0,0,0,0,0,0,0,0,0,0,0,0,0,0,0,0,0,0,0,0,0,0,0,0,0,0,0,0,0,0,0,0,0,0,0,0,0,0,0,0,0,0,0,0,0,128.7091,128.7091,0,128.7091,128.7091,0,0,0,0,0,0,46.19566,69.30102,0,0,0,0,0,0,0,0,0,0,0,0,0,0,0,0,0,53.4982,48.0012,52.5,48.0012,52.5,0,0,0,0,0,0,0,0,0,0,0,42.12937,0,0,0,0,0,0,0,0,0,0,19.90022,19.90022,0,0,0,0,0,0,0,0,0,0,0,0,0,0,0,0,0,0,0,0,276.1364,276.1364,194.64,0,0,9.60233,86.29182,0,30.73034,0,0,65.77078,0,0,0,0,0,0,0,0,0,0,0,0,0,0,0,0,0,0,0,0,0,0,0,0,0,0,0,0,74.20265,0,0,0,0,0,0,0,374.1562,374.7265,373.87,6.8176,12.5566,2.581,0,0,0,0,0,0,0,0,0,0,0,0,0,0,0,0,0,0,0,0,0,0,0,0,0,0,0,0,0,0,0,0,0,0,0,0,0,0,0,0,0,0,0,0,0,0,0,0,0,0,0,0,0,0,0,0,0,0,0,0,0,0,0,0,0,0,0,0,0,0,0,0,0,0,0,0,0,0,0,0,0,0,0,0,0,0,0,0,0,0,0,0,0,0,0,0,0,0,0,0,0,0,0,0,0,0,0,0,0,0,0,0,0,0,0,0,0,0,0,0,0,0,0,0,0,0,0,0,0,0,0,0,0,0,0,0,0,0,0,0,0,0,0,0,0,0,0,0,0,0,0,0,0,0,0,0,0,0,0,0,0,0,0,0,0,0,0,0,0,0,0,0,0,0,0,0,0,0,0,0
2029,1,14,2,0,0,0,0,0,0,0,0,0,0,0,0,0,0,0,0,0,0,0,0,0,0,0,0,0,0,0,0,0,0,0,0,0,0,0,0,0,0,0,0,0,0,0,0,0,0,0,0,0,0,0,0,0,0,128.7091,128.7091,0,128.7091,128.7091,0,0,0,0,0,0,46.19566,69.30102,0,0,0,0,0,0,0,0,0,0,0,0,0,0,0,0,0,53.4982,48.0012,52.5,48.0012,52.5,32.86969,32.86969,32.86969,32.86969,32.86969,32.86969,32.86969,32.86969,0,0,0,42.12937,0,0,0,0,0,0,19.54527,19.54527,19.54527,19.54527,19.90022,19.90022,0,0,0,0,0,0,0,0,0,0,0,0,0,0,0,0,0,0,0,0,276.1364,276.1364,194.64,0,0,8.763291,87.64502,0,34.70663,0,0,69.70206,0,0,0,0,0,0,0,0,0,0,0,0,0,0,0,0,0,0,0,0,0,0,0,0,0,0,0,0,73.95589,0,0,0,0,0,0,0,374.1562,374.7265,373.87,6.8176,12.5566,2.581,0,0,0,0,0,0,0,0,0,0,0,0,0,0,0,0,0,0,0,0,0,0,0,0,0,0,0,0,0,0,0,0,0,0,0,0,0,0,0,0,0,0,0,0,0,0,0,0,0,0,0,0,0,0,0,0,0,0,0,0,0,0,0,0,0,0,0,0,0,0,0,0,0,0,0,0,0,0,0,0,0,0,0,0,0,0,0,0,0,0,0,0,0,0,0,0,0,0,0,0,0,0,0,0,0,0,0,0,0,0,0,0,0,0,0,0,0,0,0,0,0,0,0,0,0,0,0,0,0,0,0,0,0,0,0,0,0,0,0,0,0,0,0,0,0,0,0,0,0,0,0,0,0,0,0,0,0,0,0,0,0,0,0,0,0,0,0,0,0,0,0,0,0,0,0,0,0,0,0,0
2029,1,14,3,0,0,0,0,0,0,0,0,0,0,0,0,0,0,0,0,0,0,0,0,0,0,0,0,0,0,0,0,0,0,0,0,0,0,0,0,0,0,0,0,0,0,0,0,0,0,0,0,0,0,0,0,0,0,128.7091,128.7091,0,128.7091,128.7091,0,0,0,0,0,0,46.19566,69.30102,0,0,0,0,0,0,0,0,0,0,0,0,0,0,0,0,0,53.4982,48.0012,52.5,48.0012,52.5,32.86969,32.86969,32.86969,32.86969,32.86969,32.86969,32.86969,32.86969,0,0,0,42.12937,19.54527,19.54527,19.54527,19.54527,19.54527,19.54527,19.54527,19.54527,19.54527,19.54527,19.90022,19.90022,0,0,0,0,0,0,0,0,0,0,0,0,0,0,0,0,0,0,0,0,276.1364,276.1364,194.64,0,0,6.991988,82.85681,0,61.41159,0,0,68.78493,0,0,0,0,0,0,0,0,0,0,0,0,0,0,0,0,0,0,0,0,0,0,0,0,0,0,0,0,73.81442,0,0,0,0,0,0,0,374.1562,374.7265,373.87,6.8176,12.5566,2.581,0,0,0,0,0,0,0,0,0,0,0,0,0,0,0,0,0,0,0,0,0,0,0,0,0,0,0,0,0,0,0,0,0,0,0,0,0,0,0,0,0,0,0,0,0,0,0,0,0,0,0,0,0,0,0,0,0,0,0,0,0,0,0,0,0,0,0,0,0,0,0,0,0,0,0,0,0,0,0,0,0,0,0,0,0,0,0,0,0,0,0,0,0,0,0,0,0,0,0,0,0,0,0,0,0,0,0,0,0,0,0,0,0,0,0,0,0,0,0,0,0,0,0,0,0,0,0,0,0,0,0,0,0,0,0,0,0,0,0,0,0,0,0,0,0,0,0,0,0,0,0,0,0,0,0,0,0,0,0,0,0,0,0,0,0,0,0,0,0,0,0,0,0,0,0,0,0,0,0,0
2029,1,14,4,0,0,0,0,0,0,0,0,0,0,0,0,0,0,0,0,0,0,0,0,0,0,0,0,0,0,0,0,0,0,0,0,0,0,0,0,0,0,0,0,0,0,0,0,0,0,0,0,0,0,0,0,0,0,128.7091,128.7091,0,128.7091,128.7091,0,0,0,0,0,0,46.19566,69.30102,0,0,0,0,0,0,0,0,0,0,0,0,0,0,0,0,0,53.4982,48.0012,52.5,48.0012,52.5,32.86969,32.86969,32.86969,32.86969,32.86969,32.86969,32.86969,32.86969,0,0,0,42.12937,19.54527,19.54527,19.54527,19.54527,19.54527,19.54527,19.54527,19.54527,19.54527,19.54527,19.90022,19.90022,0,0,0,0,0,0,0,0,0,0,0,0,0,0,0,0,0,0,0,0,276.1364,276.1364,194.64,1.042214,0,6.339402,69.84538,0,37.94657,0,0,72.53651,0,0,0,0,0,0,0,0,0,0,0,0,0,0,0,0,0,0,0,0,0,0,0,0,0,0,0,0,74.26396,0,0,0,0,0,0,0,374.1562,374.7265,373.87,6.8176,12.5566,2.581,0,0,0,0,0,0,0,0,0,0,0,0,0,0,0,0,0,0,0,0,0,0,0,0,0,0,0,0,0,0,0,0,0,0,0,0,0,0,0,0,0,0,0,0,0,0,0,0,0,0,0,0,0,0,0,0,0,0,0,0,0,0,0,0,0,0,0,0,0,0,0,0,0,0,0,0,0,0,0,0,0,0,0,0,0,0,0,0,0,0,0,0,0,0,0,0,0,0,0,0,0,0,0,0,0,0,0,0,0,0,0,0,0,0,0,0,0,0,0,0,0,0,0,0,0,0,0,0,0,0,0,0,0,0,0,0,0,0,0,0,0,0,0,0,0,0,0,0,0,0,0,0,0,0,0,0,0,0,0,0,0,0,0,0,0,0,0,0,0,0,0,0,0,0,0,0,0,0,0,0
2029,1,14,5,0,0,0,0,0,0,0,0,0,0,0,0,0,0,0,0,0,0,0,0,0,0,0,0,0,0,0,0,0,0,0,0,0,0,0,0,0,0,0,0,0,0,0,0,0,0,0,0,0,0,0,0,0,0,156.4185,128.7091,0,128.7091,128.7091,0,0,0,0,0,0,46.19566,69.30102,0,0,0,0,0,0,0,0,0,0,0,0,0,0,0,0,0,53.4982,48.0012,52.5,48.0012,52.5,32.86969,32.86969,32.86969,32.86969,32.86969,32.86969,32.86969,32.86969,0,0,0,42.12937,19.54527,19.54527,19.54527,19.54527,19.54527,19.54527,19.54527,0,0,0,19.90022,19.90022,0,0,0,0,0,0,0,0,0,0,0,0,0,0,0,0,0,0,0,0,276.1364,276.1364,194.64,0,0,4.195193,53.29483,0,0,0,0,76.8542,0,0,0,0,0,0,0,0,0,0,0,0,0,0,0,0,0,0,0,0,0,0,0,0,0,0,0,0,75.20366,0,0,0,0,0,0,0,374.1562,374.7265,373.87,6.8176,12.5566,2.581,0,0,0,0,0,0,0,0,0,0,0,0,0,0,0,0,0,0,0,0,0,0,0,0,0,0,0,0,0,0,0,0,0,0,0,0,0,0,0,0,0,0,0,0,0,0,0,0,0,0,0,0,0,0,0,0,0,0,0,0,0,0,0,0,0,0,0,0,0,0,0,0,0,0,0,0,0,0,0,0,0,0,0,0,0,0,0,0,0,0,0,0,0,0,0,0,0,0,0,0,0,0,0,0,0,0,0,0,0,0,0,0,0,0,0,0,0,0,0,0,0,0,0,0,0,0,0,0,0,0,0,0,0,0,0,0,0,0,0,0,0,0,0,0,0,0,0,0,0,0,0,0,0,0,0,0,0,0,0,0,0,0,0,0,0,0,0,0,0,0,0,0,0,0,0,0,0,0,0,0
2029,1,14,6,0,0,0,0,0,0,0,0,0,0,0,0,0,0,0,0,0,0,0,0,0,0,0,0,0,0,0,0,0,0,0,0,0,0,0,0,0,0,0,0,0,0,0,0,0,0,0,0,0,0,0,0,0,0,128.7091,128.7091,0,128.7091,128.7091,0,0,0,0,0,0,46.19566,69.30102,0,0,0,0,0,0,0,0,0,0,0,0,0,0,0,0,0,53.4982,48.0012,52.5,48.0012,52.5,32.86969,32.86969,32.86969,32.86969,32.86969,32.86969,32.86969,32.86969,0,0,0,42.12937,0,0,0,0,0,0,0,0,0,0,19.90022,19.90022,0,0,0,0,0,0,0,0,0,0,0,0,0,0,0,0,0,0,0,0,276.1364,276.1364,194.64,0,0,0.932265,49.75572,0,0,0,0,93.70811,0,0,0,0,0,0,0,0,0,0,0,0,0,0,0,0,0,0,0,0,0,0,0,0,0,0,0,0,76.47923,0,0,0,0,0,0,0,374.1562,374.7265,373.87,6.8176,12.5566,2.581,0,0,0,0,0,0,0,0,0,0,0,0,0,0,0,0,0,0,0,0,0,0,0,0,0,0,0,0,0,0,0,0,0,0,0,0,0,0,0,0,0,0,0,0,0,0,0,0,0,0,0,0,0,0,0,0,0,0,0,0,0,0,0,0,0,0,0,0,0,0,0,0,0,0,0,0,0,0,0,0,0,0,0,0,0,0,0,0,0,0,0,0,0,0,0,0,0,0,0,0,0,0,0,0,0,0,0,0,0,0,0,0,0,0,0,0,0,0,0,0,0,0,0,0,0,0,0,0,0,0,0,0,0,0,0,0,0,0,0,0,0,0,0,0,0,0,0,0,0,0,0,0,0,0,0,0,0,0,0,0,0,0,0,0,0,0,0,0,0,0,0,0,0,0,0,0,0,0,0,0
2029,1,14,7,0,0,0,0,0,0,0,0,0,0,0,0,0,2.786,4.015,0,0,0,0,0,0,0,0,0,0,0,0,0,0,0,0,0,0,0,0,0,0,0,0,0,0,0,0,0,0,0,0,0,0,0,0,0,0,0,185.0753,128.7091,0,128.7091,128.7091,0,0,0,0,0,0,46.19566,69.30102,0,0,0,0,0,0,0,0,0,0,0,0,0,0,0,0,0,53.4982,48.0012,52.5,48.0012,52.5,32.86969,32.86969,32.86969,32.86969,32.86969,32.86969,32.86969,32.86969,0,0,0,42.12937,0,0,0,0,0,0,0,0,0,0,19.90022,19.90022,0,0,0,0,0,0,0,0,0,0,0,0,0,0,0,0,0,0,0,0,276.1364,276.1364,194.64,0,0,0,26.02287,0,20.02872,0,0,125.6922,0,0,0,0,0,0,0,0,0,0,0,0,0,0,0,0,0,0,0,0,0,0,0,0,0,0,0,0,77.40563,0,0,0,0,0,0,0,374.1562,374.7265,373.87,6.8176,12.5566,2.581,0,0,0,0,0,0,0,0,0,0,0,0,0,0,0,0,0,0,0,0,0,0,0,0,0,0,0,0,0,0,0,0,0,0,0,0,0,0,0,0,0,0,0,0,0,0,0,0,0,0,0,0,0,0,0,0,0,0,0,0,0,0,0,0,0,0,0,0,0,0,0,0,0,0,0,0,0,0,0,0,0,0,0,0,0,0,0,0,0,0,0,0,0,0,0,0,0,0,0,0,0,0,0,0,0,0,0,0,0,0,0,0,0,0,0,0,0,0,0,0,0,0,0,0,0,0,0,0,0,0,0,0,0,0,0,0,0,0,0,0,0,0,0,0,0,0,0,0,0,0,0,0,0,0,0,0,0,0,0,0,0,0,0,0,0,0,0,0,0,0,0,0,0,0,0,0,0,0,0,0
2029,1,14,8,0,0,0,0,0,0,0.250853,0,0.145318,0.492792,0.478674,0.1872355,0,90.8435,131.5875,0,0,0.202337,0,0,1.561269,0.0658136,0.154429,0,0,0,0.282028,0,0,0,0,0,0,0,0,0.578281,0,0,0,3.55198,0.665996,0,2.133973,0,0,0,0,0,0,0,0,0,0,0,128.7091,128.7091,0,128.7091,128.7091,0,0,0,0,0,0,46.19566,69.30102,0,0,0,0,0,0,0,0,0,0,0,0,0,0,0,0,0,53.4982,48.0012,52.5,48.0012,52.5,32.86969,32.86969,32.86969,32.86969,32.86969,32.86969,32.86969,32.86969,0,0,0,42.12937,0,0,0,0,0,0,0,0,0,0,19.90022,19.90022,0,0,0,0,0,0,0,0,0,0,0,0,0,0,0,0,0,0,0,0,276.1364,276.1364,194.64,2.054396,0,3.356154,16.65463,0,76.77676,0,0,125.1467,32.344,16.8147,0,0,0,0,0,0,0,0,0,0,0,0,0,0,0,0,0,0,0,0,0,0,0,0,0,0,76.52238,0,0,0,0,0,0,0,374.1562,374.7265,373.87,6.8176,12.5566,2.581,0,0,0,0,0,0,0,0,0,0,0,0,0,0,0,0,0,0,0,0,0,0,0,0,0,0,0,0,0,0,0,0,0,0,0,0,0,0,0,0,0,0,0,0,0,0,0,7.374907,0,0,0,0,0,0,0,0,0,0,0.084531,0,0,0,0,0,0,0,0,0,0,0,0,0,0,0,0,0,0,0,0,0,0,0,0,0,0,0,0,0,0,0,0,0,0,0,0,0,0,0,0,0,0,0,0,0,0,0,0,0,0,0,0,0,0,0,0,0,0,0,0,0,0,0,0,0,0,0,0,0,0,0,0,0,0,0,0,0,0,0,0,0,0,0,0,0,0,0,0,0,0,0,0,0,0,0,0,0,0,0,0,0,0,0,0,0,0,0,0,0,0,0,0,0,0,0,0,0,0,0,0,0
2029,1,14,9,51.90762,2.479395,76.39058,74.475,4.063025,55.37109,19.69363,2.915068,4.06178,13.77401,13.37938,5.233409,0,153.23,217.745,0,2.578235,5.655499,78.2544,0,45.50155,0.8994526,4.316447,19.17868,38.56063,0,3.854382,6.84,0.622729,3.020988,2.150756,0,0,0,0,16.16349,2.265487,0,36.39397,195.5191,36.65983,0,73.22709,103.0904,3.43592,5.319109,0,0,0,0,0,0,0,0,128.7091,128.7091,0,128.7091,128.7091,0,0,0,0,0,0,46.19566,69.30102,0,0,0,0,0,0,0,0,0,0,0,0,0,0,0,0,0,53.4982,48.0012,52.5,48.0012,52.5,32.86969,32.86969,32.86969,32.86969,32.86969,32.86969,32.86969,32.86969,0,0,0,42.12937,0,0,0,0,0,0,0,0,0,0,19.90022,19.90022,0,0,0,0,0,0,0,0,0,0,0,0,0,0,0,0,0,0,0,0,276.1364,276.1364,194.64,0,0,3.915513,16.65463,0,53.75355,0,0,130.1873,176.5236,177.3315,0,0,0,0,0,0,0,0,0,0,0,0,0,0,0,0,0,0,0,0,0,0,0,0,0,0,77.03307,0,0,0,0,0,0,0,374.1562,374.7265,373.87,6.8176,12.5566,2.581,0,0,0,0,0,0,0,0,0,0,0,0,0,0,0,0,0,0,0,0,0,0,0,0,0,0,0,0,0,0,0,0,0,0,0,0,0,0,0,0,0,0,0,0,0,0,0,206.1356,0,0,0,0,0,0,0,0,0,0,2.362726,0,0,0,0,0,0,0,0,0,0,0,0,0,0,0,0,0,0,0,0,0,0,0,0,0,0,0,0,0,0,0,0,0,0,0,0,0,0,0,0,0,0,0,0,0,0,0,0,0,0,0,0,0,0,0,0,0,0,0,0,0,0,0,0,0,0,0,0,0,0,0,0,0,0,0,0,0,0,0,0,0,0,0,0,0,0,0,0,0,0,0,0,0,0,0,0,0,0,0,0,0,0,0,0,0,0,0,0,0,0,0,0,0,0,0,0,0,0,0,0,0
2029,1,14,10,113.0508,11.53601,109.553,193.7475,14.42399,147.9066,50.49273,13.56309,8.814069,29.88963,29.03328,11.35651,0,151.3395,215.765,0,11.99589,12.27244,138.684,0,86.4371,2.040222,9.366698,75.41577,151.6308,0,8.742866,39.195,2.897404,10.7247,7.635318,0,0,0,0,35.07481,10.54075,0,110.6897,317.3431,59.50184,0,164.9501,213.8762,6.018724,48.5734,0,0,0,0,0,0,0,0,128.7091,128.7091,0,128.7091,128.7091,0,0,0,0,0,0,46.19566,69.30102,0,0,0,0,0,0,0,0,0,0,0,0,0,0,0,0,0,0,0,0,0,0,32.86969,32.86969,32.86969,32.86969,32.86969,32.86969,32.86969,32.86969,0,0,0,42.12937,0,0,0,0,0,0,0,0,0,0,19.90022,19.90022,0,0,0,0,0,0,0,0,0,0,0,0,0,0,0,0,0,0,0,0,276.1364,276.1364,175.4727,0,0,4.924884,6.974128,0,6.8726,0,0,132.3872,238.7236,265.9266,0,0,0,0,0,0,0,0,0,0,0,0,0,0,0,0,0,0,0,0,0,0,0,0,0,0,77.13523,0,0,0,0,0,0,0,374.1562,374.7265,373.87,6.8176,12.5566,2.581,0,0,0,0,0,0,0,0,0,0,0,0,0,0,0,0,0,0,0,0,0,0,0,0,0,0,0,0,0,0,0,0,0,0,0,0,0,0,0,0,0,0,0,0,0,0,0,447.3146,0,0,0,0,0,0,0,0,0,0,5.12712,0,0,0,0,0,0,0,0,0,0,0,0,0,0,0,0,0,0,0,0,0,0,0,0,0,0,0,0,0,0,0,0,0,0,0,0,0,0,0,0,0,0,0,0,0,0,0,0,0,0,0,0,0,0,0,0,0,0,0,0,0,0,0,0,0,0,0,0,0,0,0,0,0,0,0,0,0,0,0,0,0,0,0,0,0,0,0,0,0,0,0,0,0,0,0,0,0,0,0,0,0,0,0,0,0,0,0,0,0,0,0,0,0,0,0,0,0,0,0,0,0
2029,1,14,11,115.8186,11.85581,153.0216,197.955,14.4437,147.4639,50.12668,13.93908,9.05841,30.71822,29.83813,11.67133,0,139.2005,198.99,0,12.32844,12.61265,141.6744,0,84.70357,2.961612,9.626358,112.3978,225.9868,0,12.69126,83.835,2.977725,10.73935,7.64575,0,0,0,0,36.04715,10.83296,0,120.6659,284.3397,53.31369,0,163.4882,223.6199,18.31711,53.32427,0,0,0,0,0,0,0,0,128.7091,128.7091,0,128.7091,128.7091,0,0,0,0,0,0,46.19566,69.30102,0,0,0,0,0,0,0,0,0,0,0,0,0,0,0,0,0,0,0,0,0,0,32.86969,32.86969,32.86969,32.86969,32.86969,32.86969,32.86969,32.86969,0,0,0,42.12937,0,0,0,0,0,0,0,0,0,0,19.90022,19.90022,0,0,0,0,0,0,0,0,0,0,0,0,0,0,0,0,0,0,0,0,276.1364,276.1364,173.7227,0,0,15.09584,1.977738,0,0,0,0,124.5779,488.7676,621.5787,0,0,0,0,0,0,0,0,0,0,0,0,0,0,0,0,0,0,0,0,0,0,0,0,0,0,77.19781,0,86.07356,0,0,0,0,0,374.1562,374.7265,373.87,6.8176,12.5566,2.581,0,0,0,0,0,0,0,0,0,0,0,0,0,0,0,0,0,0,0,0,0,0,0,0,0,0,0,0,0,0,0,0,0,0,0,0,0,0,0,0,0,0,0,0,0,0,0,459.7149,0,0,0,0,0,0,0,0,0,0,5.269252,0,0,0,0,0,0,0,0,0,0,0,0,0,0,0,0,0,0,0,0,0,0,0,0,0,0,0,0,0,0,0,0,0,0,0,0,0,0,0,0,0,0,0,0,0,0,0,0,0,0,0,0,0,0,0,0,0,0,0,0,0,0,0,0,0,0,0,0,0,0,0,0,0,0,0,0,0,0,0,0,0,0,0,0,0,0,0,0,0,0,0,0,0,0,0,0,0,0,0,0,0,0,0,0,0,0,0,0,0,0,0,0,0,0,0,0,0,0,0,0,0
2029,1,14,12,108.9499,11.33599,114.4794,190.17,13.50765,140.1378,48.07041,13.32793,8.661246,29.37138,28.52988,11.1596,0,130.743,188.21,0,11.7879,12.05966,136.6176,0,82.48096,3.553935,9.204292,125.9222,253.1789,0,15.22951,88.08,2.847167,10.04337,7.150255,0,0,0,0,34.46666,10.35799,0,117.8802,284.7985,53.39972,0,161.5949,210.6751,22.88668,51.83941,0,0,0,0,0,0,0,0,128.7091,128.7091,0,128.7091,128.7091,0,0,0,0,0,0,46.19566,69.30102,0,0,0,0,0,0,0,0,0,0,0,0,0,0,0,0,0,0,0,0,0,0,32.86969,32.86969,32.86969,32.86969,32.86969,32.86969,32.86969,32.86969,0,0,0,42.12937,0,0,0,0,0,0,0,0,0,0,19.90022,19.90022,0,0,0,0,0,0,0,0,0,0,0,0,0,0,0,0,0,0,0,0,276.1364,276.1364,163.9702,0,0,34.47419,2.498195,0,0,0,0,121.6162,598.8616,778.2804,0,0,0,0,0,0,0,0,0,0,0,0,0,0,0,0,0,0,0,0,0,0,0,0,0,0,77.395,0,39.4604,0,0,0,0,0,374.1562,374.7265,373.87,6.8176,12.5566,2.581,0,0,0,0,0,0,0,0,0,0,0,0,0,0,0,0,0,0,0,0,0,0,0,0,0,0,0,0,0,0,0,0,0,0,0,0,0,0,0,0,0,0,0,0,0,0,0,439.5587,0,0,0,0,0,0,0,0,0,0,5.038222,0,0,0,0,0,0,0,0,0,0,0,0,0,0,0,0,0,0,0,0,0,0,0,0,0,0,0,0,0,0,0,0,0,0,0,0,0,0,0,0,0,0,0,0,0,0,0,0,0,0,0,0,0,0,0,0,0,0,0,0,0,0,0,0,0,0,0,0,0,0,0,0,0,0,0,0,0,0,0,0,0,0,0,0,0,0,0,0,0,0,0,0,0,0,0,0,0,0,0,0,0,0,0,0,0,0,0,0,0,0,0,0,0,0,0,0,0,0,0,0,0
2029,1,14,13,103.1452,10.93633,141.1296,183.6675,12.99529,144.3951,45.008,12.85803,8.355882,28.33586,27.52402,10.76615,0,137.708,196.8725,0,11.3723,11.63448,131.1576,0,79.38812,3.817189,8.879783,130.3921,262.1662,0,16.35762,98.475,2.746787,9.66241,6.879036,0,0,0,0,33.2515,9.992806,0,112.6821,289.8813,54.35275,0,152.6517,203.0696,24.31716,50.03822,0,0,0,0,0,0,0,0,128.7091,128.7091,0,128.7091,128.7091,0,0,0,0,0,0,46.19566,69.30102,0,0,0,0,0,0,0,0,0,0,0,0,0,0,0,0,0,0,0,0,0,0,32.86969,32.86969,32.86969,32.86969,32.86969,32.86969,32.86969,32.86969,0,0,0,42.12937,0,0,0,0,0,0,0,0,0,0,19.90022,19.90022,0,0,0,0,0,0,0,0,0,0,0,0,0,0,0,0,0,0,0,0,276.1364,276.1364,126.5762,0,0,67.55656,0.9368232,0,0,0,0,131.3435,633.3204,827.3115,0,0,0,0,0,0,0,0,0,0,0,0,0,0,0,0,0,0,0,0,0,0,0,0,0,0,77.34833,0,31.97131,0,0,0,0,0,374.1562,374.7265,373.87,6.8176,12.5566,2.581,0,0,0,0,0,0,0,0,0,0,0,0,0,0,0,0,0,0,0,0,0,0,0,0,0,0,0,0,0,0,0,0,0,0,0,0,0,0,0,0,0,0,0,0,0,0,0,424.0615,0,0,0,0,0,0,0,0,0,0,4.860593,0,0,0,0,0,0,0,0,0,0,0,0,0,0,0,0,0,0,0,0,0,0,0,0,0,0,0,0,0,0,0,0,0,0,0,0,0,0,0,0,0,0,0,0,0,0,0,0,0,0,0,0,0,0,0,0,0,0,0,0,0,0,0,0,0,0,0,0,0,0,0,0,0,0,0,0,0,0,0,0,0,0,0,0,0,0,0,0,0,0,0,0,0,0,0,0,0,0,0,0,0,0,0,0,0,0,0,0,0,0,0,0,0,0,0,0,0,0,0,0,0
2029,1,14,14,106.2641,11.00608,106.3249,187.11,12.94602,159.7047,47.07728,12.94004,8.409176,28.51658,27.69957,10.83482,0,145.27,207.0475,0,11.44483,11.70868,124.3872,0,82.60274,3.795251,8.936418,134.5946,270.6157,0,16.26361,83.505,2.764306,9.625779,6.852958,0,0,0,0,33.46357,10.05654,0,116.3334,301.2576,56.4858,0,155.7,208.0046,23.16483,50.74058,0,0,0,0,0,0,0,0,128.7091,128.7091,0,128.7091,128.7091,0,0,0,0,0,0,46.19566,69.30102,0,0,0,0,0,0,0,0,0,0,0,0,0,0,0,0,0,0,0,0,0,0,32.86969,32.86969,32.86969,32.86969,32.86969,32.86969,32.86969,32.86969,0,0,0,42.12937,0,0,0,0,0,0,0,0,0,0,19.90022,19.90022,0,0,0,0,0,0,0,0,0,0,0,0,0,0,0,0,0,0,0,0,276.1364,276.1364,128.0509,1.862393,0,88.75498,0,0,0,0,0,121.9319,605.5792,787.7475,0,0,0,0,0,0,0,0,0,0,0,0,0,0,0,0,0,0,0,0,0,0,0,0,0,0,77.47784,0,486.2645,0,0,0,0,0,374.1562,374.7265,373.87,6.8176,12.5566,2.581,0,0,0,0,0,0,0,0,0,0,0,0,0,0,0,0,0,0,0,0,0,0,0,0,0,0,0,0,0,0,0,0,0,0,0,0,0,0,0,0,0,0,0,0,0,0,0,426.7662,0,0,0,0,0,0,0,0,0,0,4.891594,0,0,0,0,0,0,0,0,0,0,0,0,0,0,0,0,0,0,0,0,0,0,0,0,0,0,0,0,0,0,0,0,0,0,0,0,0,0,0,0,0,0,0,0,0,0,0,0,0,0,0,0,0,0,0,0,0,0,0,0,0,0,0,0,0,0,0,0,0,0,0,0,0,0,0,0,0,0,0,0,0,0,0,0,0,0,0,0,0,0,0,0,0,0,0,0,0,0,0,0,0,0,0,0,0,0,0,0,0,0,0,0,0,0,0,0,0,0,0,0,0
2029,1,14,15,112.8616,11.38983,132.4319,194.3325,14.07913,163.7003,48.97253,13.39123,8.702382,29.51088,28.66538,11.2126,12.74194,147.061,208.725,0,11.84388,12.11693,132.888,0,86.43512,3.400369,9.248007,141.395,284.2886,0,14.57144,69.105,2.86069,10.46828,7.452768,0,0,0,0,34.63036,10.40719,0,122.74,318.1457,59.65232,0,165.8105,215.7955,19.54891,52.29741,0,0,0,0,0,0,0,0,128.7091,128.7091,0,128.7091,128.7091,0,0,0,0,0,0,46.19566,69.30102,0,0,0,0,0,0,0,0,0,0,0,0,0,0,0,0,0,0,0,0,0,0,32.86969,32.86969,32.86969,32.86969,32.86969,32.86969,32.86969,32.86969,0,0,0,42.12937,0,0,0,0,0,0,0,0,0,0,19.90022,19.90022,0,0,0,0,0,0,0,0,0,0,0,0,0,0,0,0,0,0,0,0,276.1364,276.1364,127.6796,1.020434,0,81.29351,0.1040915,0,0,0,0,121.4251,518.3748,663.8274,0,0,0,0,0,0,0,0,0,0,0,0,0,0,0,0,0,0,0,0,0,0,0,0,0,0,77.85793,0,797.2111,0,0,0,0,0,374.1562,374.7265,373.87,6.8176,12.5566,2.581,0,0,0,0,0,0,0,0,0,0,0,0,0,0,0,0,0,0,0,0,0,0,0,0,0,0,0,0,0,0,0,0,0,0,0,0,0,0,0,0,0,0,0,0,0,0,0,441.6464,0,0,0,0,0,0,0,0,0,0,5.062151,0,0,0,0,0,0,0,0,0,0,0,0,0,0,0,0,0,0,0,0,0,0,0,0,0,0,0,0,0,0,0,0,0,0,0,0,0,0,0,0,0,0,0,0,0,0,0,0,0,0,0,0,0,0,0,0,0,0,0,0,0,0,0,0,0,0,0,0,0,0,0,0,0,0,0,0,0,0,0,0,0,0,0,0,0,0,0,0,0,0,0,0,0,0,0,0,0,0,0,0,0,0,0,0,0,0,0,0,0,0,0,0,0,0,0,0,0,0,0,0,0
2029,1,14,16,115.8576,11.44507,56.81902,195.93,13.17264,165.0337,47.06227,13.45617,8.744584,29.65399,28.80439,11.26698,206.8115,84.0775,121.385,0,11.90132,12.17569,143.5056,0,86.19157,2.873861,9.292855,143.2288,287.9757,0,12.31522,50.19,2.874562,9.79428,6.97292,0,0,0,0,34.7983,10.45765,0,123.1371,327.1501,61.34065,0,162.7671,221.7789,11.8201,52.60958,0,0,0,0,0,0,0,0,128.7091,128.7091,0,128.7091,128.7091,0,0,0,0,0,0,46.19566,69.30102,0,0,0,0,0,0,0,0,0,0,0,0,0,0,0,0,0,0,0,0,0,0,32.86969,32.86969,32.86969,32.86969,32.86969,32.86969,32.86969,32.86969,0,0,0,42.12937,0,0,0,0,0,0,0,0,0,0,19.90022,19.90022,0,0,0,0,0,0,0,0,0,0,0,0,0,0,0,0,0,0,0,0,276.1364,276.1364,112.6905,0,0,81.10706,0.9368232,0,0,0,0,122.1784,378.5492,464.877,0,0,0,0,0,0,0,0,0,0,0,0,0,0,0,0,0,0,0,0,0,0,0,0,0,0,78.29038,0,549.8333,0,0,0,0,0,374.1562,374.7265,373.87,6.8176,12.5566,2.581,0,0,0,0,0,0,0,0,0,0,0,0,0,0,0,0,0,0,0,0,0,0,0,0,0,0,0,0,0,0,0,0,0,0,0,0,0,0,0,0,0,0,0,0,0,0,0,443.7881,0,0,0,0,0,0,0,0,0,0,5.0867,0,0,0,0,0,0,0,0,0,0,0,0,0,0,0,0,0,0,0,0,0,0,0,0,0,0,0,0,0,0,0,0,0,0,0,0,0,0,0,0,0,0,0,0,0,0,0,0,0,0,0,0,0,0,0,0,0,0,0,0,0,0,0,0,0,0,0,0,0,0,0,0,0,0,0,0,0,0,0,0,0,0,0,0,0,0,0,0,0,0,0,0,0,0,0,0,0,0,0,0,0,0,0,0,0,0,0,0,0,0,0,0,0,0,0,0,0,0,0,0,0
2029,1,14,17,79.38622,5.66781,115.6364,117.225,7.235731,97.07575,24.96733,6.663744,6.497883,22.03514,21.40383,8.372211,294.0449,1.8905,2.695,0,5.893755,9.047455,112.4928,0,55.29983,1.864719,6.90529,93.3719,187.7334,0,7.990792,2.49,1.423537,5.379997,3.830224,0,0,0,0,25.85775,5.178825,0,72.39079,188.4135,35.32753,0,123.6777,143.755,4.667719,44.17286,0,0,0,0,0,0,0,0,128.7091,128.7091,0,128.7091,128.7091,0,0,0,0,0,0,46.19566,69.30102,0,0,0,0,0,0,0,0,0,0,0,0,0,0,0,0,0,53.4982,48.0012,52.5,48.0012,52.5,32.86969,32.86969,32.86969,32.86969,32.86969,32.86969,32.86969,32.86969,0,0,0,42.12937,19.54527,19.54527,19.54527,19.54527,19.54527,19.54527,19.54527,19.54527,19.54527,19.54527,19.90022,19.90022,0,0,0,0,0,0,0,0,0,0,0,0,0,0,0,0,0,0,0,0,276.1364,276.1364,116.103,0,0,79.52221,4.26775,0,0,0,0,113.1998,206.1308,219.5802,0,0,0,0,0,0,0,0,0,0,0,0,0,0,0,0,0,0,0,0,0,0,0,0,0,0,78.11268,0,0,0,0,0,0,0,374.1562,374.7265,373.87,6.8176,12.5566,2.581,0,0,0,0,0,0,0,0,0,0,0,0,0,0,0,0,0,0,0,0,0,0,0,0,0,0,0,0,0,0,0,0,0,0,0,0,0,0,0,0,0,0,0,0,0,0,0,329.768,0,0,0,0,0,0,0,0,0,0,3.779801,0,0,0,0,0,0,0,0,0,0,0,0,0,0,0,0,0,0,0,0,0,0,0,0,0,0,0,0,0,0,0,0,0,0,0,0,0,0,0,0,0,0,0,0,0,0,0,0,0,0,0,0,0,0,0,0,0,0,0,0,0,0,0,0,0,0,0,0,0,0,0,0,0,0,0,0,0,0,0,0,0,0,0,0,0,0,0,0,0,0,0,0,0,0,0,0,0,0,0,0,0,0,0,0,0,0,0,0,0,0,0,0,0,0,0,0,0,0,0,0,0
2029,1,14,18,5.292382,0,11.67531,7.695,0,2.274768,0.380191,0,1.304306,4.423066,4.296344,1.680536,294.0449,0,0,0,0,1.816076,14.868,0,3.404696,0.504571,1.386084,9.130886,18.35855,0,2.162214,0.645,0,0,0,0,0,0,0,5.19037,0,0,3.734788,2.866333,0.537437,0,7.671247,18.70644,0,6.984085,0,0,0,0,0,0,0,0,185.0753,128.7091,0,128.7091,128.7091,0,0,0,0,0,0,46.19566,69.30102,0,0,0,0,0,0,0,0,0,0,0,0,0,0,0,0,0,53.4982,48.0012,52.5,48.0012,52.5,32.86969,32.86969,32.86969,32.86969,32.86969,32.86969,32.86969,32.86969,0,0,0,42.12937,19.54527,19.54527,19.54527,19.54527,19.54527,19.54527,19.54527,19.54527,19.54527,19.54527,19.90022,19.90022,0,0,0,0,0,0,0,0,0,0,0,0,0,0,0,0,0,0,0,0,276.1364,276.1364,100.5679,0,0,79.33575,9.888689,0,0,0,0,122.4768,45.7792,23.8797,0,0,0,0,0,0,0,0,0,0,0,0,0,0,0,0,0,0,0,0,0,0,0,0,0,0,78.43719,0,0,0,0,0,0,0,374.1562,374.7265,373.87,6.8176,12.5566,2.581,0,0,0,0,0,0,0,0,0,0,0,0,0,0,0,0,0,0,0,0,0,0,0,0,0,0,0,0,0,0,0,0,0,0,0,0,0,0,0,0,0,0,0,0,0,0,0,66.1936,0,0,0,0,0,0,0,0,0,0,0.758711,0,0,0,0,0,0,0,0,0,0,0,0,0,0,0,0,0,0,0,0,0,0,0,0,0,0,0,0,0,0,0,0,0,0,0,0,0,0,0,0,0,0,0,0,0,0,0,0,0,0,0,0,0,0,0,0,0,0,0,0,0,0,0,0,0,0,0,0,0,0,0,0,0,0,0,0,0,0,0,0,0,0,0,0,0,0,0,0,0,0,0,0,0,0,0,0,0,0,0,0,0,0,0,0,0,0,0,0,0,0,0,0,0,0,0,0,0,0,0,0,0
2029,1,14,19,0,0,0,0,0,0,0,0,0,0,0,0,294.0449,0,0,0,0,0,0,0,0,0,0,0,0,0,0,0,0,0,0,0,0,0,0,0,0,0,0,0,0,0,0,0,0,0,0,0,0,0,0,0,0,0,185.0753,128.7091,0,128.7091,128.7091,0,0,0,0,0,0,46.19566,69.30102,0,0,0,0,0,0,0,0,0,0,0,0,0,0,0,0,0,53.4982,48.0012,52.5,48.0012,52.5,32.86969,32.86969,32.86969,32.86969,32.86969,32.86969,32.86969,32.86969,0,0,0,42.12937,0,0,0,0,0,0,0,0,0,0,19.90022,19.90022,0,0,0,0,0,0,0,0,0,0,0,0,0,0,0,0,0,0,0,0,276.1364,276.1364,146.0869,0,0,78.58994,24.77377,0,0,0,0,101.5507,0,0,0,0,0,0,0,0,0,0,0,0,0,0,0,0,0,0,0,0,0,0,0,0,0,0,0,0,77.23441,0,0,0,0,0,0,0,374.1562,374.7265,373.87,6.8176,12.5566,2.581,0,0,0,0,0,0,0,0,0,0,0,0,0,0,0,0,0,0,0,0,0,0,0,0,0,0,0,0,0,0,0,0,0,0,0,0,0,0,0,0,0,0,0,0,0,0,0,0,0,0,0,0,0,0,0,0,0,0,0,0,0,0,0,0,0,0,0,0,0,0,0,0,0,0,0,0,0,0,0,0,0,0,0,0,0,0,0,0,0,0,0,0,0,0,0,0,0,0,0,0,0,0,0,0,0,0,0,0,0,0,0,0,0,0,0,0,0,0,0,0,0,0,0,0,0,0,0,0,0,0,0,0,0,0,0,0,0,0,0,0,0,0,0,0,0,0,0,0,0,0,0,0,0,0,0,0,0,0,0,0,0,0,0,0,0,0,0,0,0,0,0,0,0,0,0,0,0,0,0,0
2029,1,14,20,0,0,0,0,0,0,0,0,0,0,0,0,294.0449,0,0,0,0,0,0,0,0,0,0,0,0,0,0,0,0,0,0,0,0,0,0,0,0,0,0,0,0,0,0,0,0,0,0,0,0,0,0,0,0,0,185.0753,128.7091,0,128.7091,128.7091,0,0,0,0,0,0,46.19566,69.30102,0,0,0,0,0,0,0,0,0,0,0,0,0,0,0,0,0,53.4982,48.0012,52.5,48.0012,52.5,32.86969,32.86969,32.86969,32.86969,32.86969,32.86969,32.86969,32.86969,0,0,0,42.12937,0,0,0,0,0,0,0,0,0,0,19.90022,19.90022,0,0,0,0,0,0,0,0,0,0,0,0,0,0,0,0,0,0,0,0,276.1364,276.1364,188.9566,6.969571,5.078738,79.80189,19.77738,0,0,0,0,120.3993,0,0,0,0,0,0,0,0,0,0,0,0,0,0,0,0,0,0,0,0,0,0,0,0,0,0,0,0,76.41995,0,0,0,0,0,0,0,374.1562,374.7265,373.87,6.8176,12.5566,2.581,0,0,0,0,0,0,0,0,0,0,0,0,0,0,0,0,0,0,0,0,0,0,0,0,0,0,0,0,0,0,0,0,0,0,0,0,0,0,0,0,0,0,0,0,0,0,0,0,0,0,0,0,0,0,0,0,0,0,0,0,0,0,0,0,0,0,0,0,0,0,0,0,0,0,0,0,0,0,0,0,0,0,0,0,0,0,0,0,0,0,0,0,0,0,0,0,0,0,0,0,0,0,0,0,0,0,0,0,0,0,0,0,0,0,0,0,0,0,0,0,0,0,0,0,0,0,0,0,0,0,0,0,0,0,0,0,0,0,0,0,0,0,0,0,0,0,0,0,0,0,0,0,0,0,0,0,0,0,0,0,0,0,0,0,0,0,0,0,0,0,0,0,0,0,0,0,0,0,0,0
2029,1,14,21,0,0,0,0,0,0,0,0,0,0,0,0,156.8239,0,0,0,0,0,0,0,0,0,0,0,0,0,0,0,0,0,0,0,0,0,0,0,0,0,0,0,0,0,0,0,0,0,0,0,0,0,0,0,0,0,185.0753,128.7091,0,128.7091,128.7091,0,0,0,0,0,0,46.19566,69.30102,0,0,0,0,0,0,0,0,0,0,0,0,0,0,0,0,0,53.4982,48.0012,52.5,48.0012,52.5,32.86969,32.86969,32.86969,32.86969,32.86969,32.86969,32.86969,32.86969,0,0,0,42.12937,0,0,0,0,0,0,0,0,0,0,19.90022,19.90022,0,0,0,0,0,0,0,0,0,0,0,0,0,0,0,0,0,0,0,0,276.1364,276.1364,194.64,8.434405,6.385301,81.10706,11.24188,0,0,0,0,122.6406,0,0,0,0,0,0,0,0,0,0,0,0,0,0,0,0,0,0,0,0,0,0,0,0,0,0,0,0,76.94334,0,0,0,0,0,0,0,374.1562,374.7265,373.87,6.8176,12.5566,2.581,0,0,0,0,0,0,0,0,0,0,0,0,0,0,0,0,0,0,0,0,0,0,0,0,0,0,0,0,0,0,0,0,0,0,0,0,0,0,0,0,0,0,0,0,0,0,0,0,0,0,0,0,0,0,0,0,0,0,0,0,0,0,0,0,0,0,0,0,0,0,0,0,0,0,0,0,0,0,0,0,0,0,0,0,0,0,0,0,0,0,0,0,0,0,0,0,0,0,0,0,0,0,0,0,0,0,0,0,0,0,0,0,0,0,0,0,0,0,0,0,0,0,0,0,0,0,0,0,0,0,0,0,0,0,0,0,0,0,0,0,0,0,0,0,0,0,0,0,0,0,0,0,0,0,0,0,0,0,0,0,0,0,0,0,0,0,0,0,0,0,0,0,0,0,0,0,0,0,0,0
2029,1,14,22,0,0,0,0,0,0,0,0,0,0,0,0,0,0,0,0,0,0,0,0,0,0,0,0,0,0,0,0,0,0,0,0,0,0,0,0,0,0,0,0,0,0,0,0,0,0,0,0,0,0,0,0,0,0,185.0753,128.7091,0,128.7091,128.7091,0,0,0,0,0,0,46.19566,69.30102,0,0,0,0,0,0,0,0,0,0,0,0,0,0,0,0,0,53.4982,48.0012,52.5,48.0012,52.5,32.86969,32.86969,32.86969,32.86969,32.86969,32.86969,32.86969,32.86969,0,0,0,42.12937,0,0,0,0,0,0,0,0,0,0,19.90022,19.90022,0,0,0,0,0,0,0,0,0,0,0,0,0,0,0,0,0,0,0,0,276.1364,276.1364,194.64,0,0,81.9461,4.892299,0,0,0,0,89.73485,0,0,0,0,0,0,0,0,0,0,0,0,0,0,0,0,0,0,0,0,0,0,0,0,0,0,0,0,76.46445,0,0,0,0,0,0,0,374.1562,374.7265,373.87,6.8176,12.5566,2.581,0,0,0,0,0,0,0,0,0,0,0,0,0,0,0,0,0,0,0,0,0,0,0,0,0,0,0,0,0,0,0,0,0,0,0,0,0,0,0,0,0,0,0,0,0,0,0,0,0,0,0,0,0,0,0,0,0,0,0,0,0,0,0,0,0,0,0,0,0,0,0,0,0,0,0,0,0,0,0,0,0,0,0,0,0,0,0,0,0,0,0,0,0,0,0,0,0,0,0,0,0,0,0,0,0,0,0,0,0,0,0,0,0,0,0,0,0,0,0,0,0,0,0,0,0,0,0,0,0,0,0,0,0,0,0,0,0,0,0,0,0,0,0,0,0,0,0,0,0,0,0,0,0,0,0,0,0,0,0,0,0,0,0,0,0,0,0,0,0,0,0,0,0,0,0,0,0,0,0,0
2029,1,14,23,0,0,0,0,0,0,0,0,0,0,0,0,0,0,0,0,0,0,0,0,0,0,0,0,0,0,0,0,0,0,0,0,0,0,0,0,0,0,0,0,0,0,0,0,0,0,0,0,0,0,0,0,0,0,185.0753,128.7091,0,128.7091,128.7091,0,0,0,0,0,0,46.19566,69.30102,0,0,0,0,0,0,0,0,0,0,0,0,0,0,0,0,0,53.4982,48.0012,52.5,48.0012,52.5,32.86969,32.86969,32.86969,32.86969,32.86969,32.86969,32.86969,32.86969,0,0,0,42.12937,0,0,0,0,0,0,0,0,0,0,19.90022,19.90022,0,0,0,0,0,0,0,0,0,0,0,0,0,0,0,0,0,0,0,0,276.1364,276.1364,194.64,0.4183244,0,82.59869,2.706378,0,0,0,0,90.81425,0,0,0,0,0,0,0,0,0,0,0,0,0,0,0,0,0,0,0,0,0,0,0,0,0,0,0,0,75.44395,0,0,0,0,0,0,0,374.1562,374.7265,373.87,6.8176,12.5566,2.581,0,0,0,0,0,0,0,0,0,0,0,0,0,0,0,0,0,0,0,0,0,0,0,0,0,0,0,0,0,0,0,0,0,0,0,0,0,0,0,0,0,0,0,0,0,0,0,0,0,0,0,0,0,0,0,0,0,0,0,0,0,0,0,0,0,0,0,0,0,0,0,0,0,0,0,0,0,0,0,0,0,0,0,0,0,0,0,0,0,0,0,0,0,0,0,0,0,0,0,0,0,0,0,0,0,0,0,0,0,0,0,0,0,0,0,0,0,0,0,0,0,0,0,0,0,0,0,0,0,0,0,0,0,0,0,0,0,0,0,0,0,0,0,0,0,0,0,0,0,0,0,0,0,0,0,0,0,0,0,0,0,0,0,0,0,0,0,0,0,0,0,0,0,0,0,0,0,0,0,0
2029,1,14,24,0,0,0,0,0,0,0,0,0,0,0,0,0,0,0,0,0,0,0,0,0,0,0,0,0,0,0,0,0,0,0,0,0,0,0,0,0,0,0,0,0,0,0,0,0,0,0,0,0,0,0,0,0,0,185.0753,128.7091,0,128.7091,128.7091,0,0,0,0,0,0,46.19566,69.30102,0,0,0,0,0,0,0,0,0,0,0,0,0,0,0,0,0,53.4982,48.0012,52.5,48.0012,52.5,32.86969,32.86969,32.86969,32.86969,32.86969,32.86969,32.86969,32.86969,0,0,0,42.12937,0,0,0,0,0,0,0,0,0,0,19.90022,19.90022,0,0,0,0,0,0,0,0,0,0,0,0,0,0,0,0,0,0,0,0,276.1364,276.1364,194.64,0,0,82.97159,5.412756,0,0,0,0,91.72894,0,0,0,0,0,0,0,0,0,0,0,0,0,0,0,0,0,0,0,0,0,0,0,0,0,0,0,0,73.73368,0,0,0,0,0,0,0,374.1562,374.7265,373.87,6.8176,12.5566,2.581,0,0,0,0,0,0,0,0,0,0,0,0,0,0,0,0,0,0,0,0,0,0,0,0,0,0,0,0,0,0,0,0,0,0,0,0,0,0,0,0,0,0,0,0,0,0,0,0,0,0,0,0,0,0,0,0,0,0,0,0,0,0,0,0,0,0,0,0,0,0,0,0,0,0,0,0,0,0,0,0,0,0,0,0,0,0,0,0,0,0,0,0,0,0,0,0,0,0,0,0,0,0,0,0,0,0,0,0,0,0,0,0,0,0,0,0,0,0,0,0,0,0,0,0,0,0,0,0,0,0,0,0,0,0,0,0,0,0,0,0,0,0,0,0,0,0,0,0,0,0,0,0,0,0,0,0,0,0,0,0,0,0,0,0,0,0,0,0,0,0,0,0,0,0,0,0,0,0,0,0
2029,1,15,1,0,0,0,0,0,0,0,0,0,0,0,0,0,0,0,0,0,0,0,0,0,0,0,0,0,0,0,0,0,0,0,0,0,0,0,0,0,0,0,0,0,0,0,0,0,0,0,0,0,0,0,0,0,0,128.7091,128.7091,0,128.7091,128.7091,0,0,0,0,0,0,46.19566,69.30102,0,0,0,0,0,0,0,0,0,0,0,0,0,0,0,0,0,0,0,0,0,0,0,0,0,0,0,0,0,0,0,0,0,0,0,0,0,0,0,0,0,0,0,0,0,0,0,0,0,0,0,0,0,0,0,0,0,0,0,0,0,0,0,0,0,0,276.1364,276.1364,194.64,5.832026,4.362235,82.50546,52.16671,0,0,0,0,65.77078,0,0,0,0,0,0,0,0,0,0,0,0,0,0,0,0,0,0,0,0,0,0,0,0,0,0,0,0,73.03333,0,0,0,0,0,0,0,374.1562,374.7265,373.87,6.8176,12.5566,2.581,0,0,0,0,0,0,0,0,0,0,0,0,0,0,0,0,0,0,0,0,0,0,0,0,0,0,0,0,0,0,0,0,0,0,0,0,0,0,0,0,0,0,0,0,0,0,0,0,0,0,0,0,0,0,0,0,0,0,0,0,0,0,0,0,0,0,0,0,0,0,0,0,0,0,0,0,0,0,0,0,0,0,0,0,0,0,0,0,0,0,0,0,0,0,0,0,0,0,0,0,0,0,0,0,0,0,0,0,0,0,0,0,0,0,0,0,0,0,0,0,0,0,0,0,0,0,0,0,0,0,0,0,0,0,0,0,0,0,0,0,0,0,0,0,0,0,0,0,0,0,0,0,0,0,0,0,0,0,0,0,0,0,0,0,0,0,0,0,0,0,0,0,0,0,0,0,0,0,0,0
2029,1,15,2,0,0,0,0,0,0,0,0,0,0,0,0,0,0,0,0,0,0,0,0,0,0,0,0,0,0,0,0,0,0,0,0,0,0,0,0,0,0,0,0,0,0,0,0,0,0,0,0,0,0,0,0,0,0,128.7091,128.7091,0,128.7091,128.7091,0,0,0,0,18.47826,0,46.19566,69.30102,0,0,0,0,0,0,0,0,0,0,0,0,0,0,0,0,3.612968,53.4982,48.0012,52.5,48.0012,52.5,0,0,0,0,0,0,0,0,0,0,0,42.12937,19.54527,19.54527,19.54527,19.54527,19.54527,19.54527,19.54527,19.54527,19.54527,19.54527,19.90022,19.90022,0,0,0,0,0,0,0,0,0,0,0,0,0,0,0,0,0,0,0,0,276.1364,276.1364,194.64,11.37555,9.103795,83.3445,50.68238,0,7.80531,0,0,69.70206,0,0,0,0,0,0,0,0,0,0,0,0,0,0,0,0,0,0,0,0,0,0,0,0,0,0,0,0,72.86875,0,0,0,0,0,0,0,374.1562,374.7265,373.87,6.8176,12.5566,2.581,0,0,0,0,0,0,0,0,0,0,0,0,0,0,0,0,0,0,0,0,0,0,0,0,0,0,0,0,0,0,0,0,0,0,0,0,0,0,0,0,0,0,0,0,0,0,0,0,0,0,0,0,0,0,0,0,0,0,0,0,0,0,0,0,0,0,0,0,0,0,0,0,0,0,0,0,0,0,0,0,0,0,0,0,0,0,0,0,0,0,0,0,0,0,0,0,0,0,0,0,0,0,0,0,0,0,0,0,0,0,0,0,0,0,0,0,0,0,0,0,0,0,0,0,0,0,0,0,0,0,0,0,0,0,0,0,0,0,0,0,0,0,0,0,0,0,0,0,0,0,0,0,0,0,0,0,0,0,0,0,0,0,0,0,0,0,0,0,0,0,0,0,0,0,0,0,0,0,0,0
2029,1,15,3,0,0,0,0,0,0,0,0,0,0,0,0,0,0,0,0,0,0,0,0,0,0,0,0,0,0,0,0,0,0,0,0,0,0,0,0,0,0,0,0,0,0,0,0,0,0,0,0,0,0,0,0,0,0,128.7091,128.7091,0,128.7091,128.7091,0,0,0,0,18.47826,18.47826,46.19566,69.30102,0,0,0,0,0,0,0,0,0,0,0,0,0,0,0,3.612968,3.612968,53.4982,48.0012,52.5,48.0012,52.5,0,0,0,0,0,0,0,0,0,0,3.612968,42.12937,19.54527,19.54527,19.54527,19.54527,19.54527,19.54527,19.54527,19.54527,19.54527,19.54527,19.90022,19.90022,3.225839,3.225839,0,1.727273,4.435484,18.36735,18.36735,0,0,0,0,0,0,0,0,0,0,0,0,0,276.1364,276.1364,189.181,62.96949,54.53848,83.43772,50.12945,0,0,0,0,68.78493,0,0,0,0,0,0,0,0,0,0,0,0,0,0,0,0,0,0,0,0,0,0,0,0,0,0,0,0,71.37609,0,0,0,0,0,0,0,374.1562,374.7265,373.87,6.8176,12.5566,2.581,0,0,0,0,0,0,0,0,0,0,0,0,0,0,0,0,0,0,0,0,0,0,0,0,0,0,0,0,0,0,0,0,0,0,0,0,0,0,0,0,0,0,0,0,0,0,0,0,0,0,0,0,0,0,0,0,0,0,0,0,0,0,0,0,0,0,0,0,0,0,0,0,0,0,0,0,0,0,0,0,0,0,0,0,0,0,0,0,0,0,0,0,0,0,0,0,0,0,0,0,0,0,0,0,0,0,0,0,0,0,0,0,0,0,0,0,0,0,0,0,0,0,0,0,0,0,0,0,0,0,0,0,0,0,0,0,0,0,0,0,0,0,0,0,0,0,0,0,0,0,0,0,0,0,0,0,0,0,0,0,0,0,0,0,0,0,0,0,0,0,0,0,0,0,0,0,0,0,0,0
2029,1,15,4,0,0,0,0,0,0,0,0,0,0,0,0,0,0,0,0,0,0,0,0,0,0,0,0,0,0,0,0,0,0,0,0,0,0,0,0,0,0,0,0,0,0,0,0,0,0,0,0,0,0,0,0,0,0,128.7091,128.7091,0,128.7091,128.7091,0,0,0,0,18.47826,18.47826,46.19566,69.30102,0,0,0,0,0,0,0,0,0,0,0,0,0,0,0,3.612968,3.612968,53.4982,48.0012,52.5,48.0012,52.5,0,0,0,0,0,0,0,0,0,0,3.612968,42.12937,19.54527,19.54527,19.54527,19.54527,19.54527,0,0,0,0,0,19.90022,19.90022,3.225839,3.225839,0,1.727273,4.435484,18.36735,18.36735,0,0,0,0,0,0,0,0,0,0,0,0,0,276.1364,276.1364,194.64,107.2399,95.5477,83.43772,31.15862,0,20.42144,0,0,72.53651,0,0,0,0,0,0,0,0,0,0,0,0,0,0,0,0,0,0,0,0,0,0,0,0,0,0,0,0,72.24765,0,0,0,0,0,0,0,374.1562,374.7265,373.87,6.8176,12.5566,2.581,0,0,0,0,0,0,0,0,0,0,0,0,0,0,0,0,0,0,0,0,0,0,0,0,0,0,0,0,0,0,0,0,0,0,0,0,0,0,0,0,0,0,0,0,0,0,0,0,0,0,0,0,0,0,0,0,0,0,0,0,0,0,0,0,0,0,0,0,0,0,0,0,0,0,0,0,0,0,0,0,0,0,0,0,0,0,0,0,0,0,0,0,0,0,0,0,0,0,0,0,0,0,0,0,0,0,0,0,0,0,0,0,0,0,0,0,0,0,0,0,0,0,0,0,0,0,0,0,0,0,0,0,0,0,0,0,0,0,0,0,0,0,0,0,0,0,0,0,0,0,0,0,0,0,0,0,0,0,0,0,0,0,0,0,0,0,0,0,0,0,0,0,0,0,0,0,0,0,0,0
2029,1,15,5,0,0,0,0,0,0,0,0,0,0,0,0,0,0,0,0,0,0,0,0,0,0,0,0,0,0,0,0,0,0,0,0,0,0,0,0,0,0,0,0,0,0,0,0,0,0,0,0,0,0,0,0,0,0,177.5886,128.7091,0,128.7091,128.7091,0,0,0,0,18.47826,18.47826,46.19566,69.30102,0,0,0,0,0,0,0,0,0,0,0,0,0,0,0,3.612968,3.612968,53.4982,48.0012,52.5,48.0012,52.5,0,0,0,0,0,0,0,0,0,0,3.612968,42.12937,0,0,19.54527,0,19.54527,0,0,0,0,0,19.90022,19.90022,3.225839,3.225839,0,1.727273,4.435484,18.36735,18.36735,0,0,0,0,0,0,0,0,0,0,0,0,0,276.1364,276.1364,154.5354,139.6136,132.7637,83.43772,39.87201,0,17.62331,0,0,76.8542,0,0,0,0,0,0,0,0,0,0,0,0,0,0,0,0,0,0,0,0,0,0,0,0,0,0,0,0,73.67742,0,0,0,0,0,0,0,374.1562,374.7265,373.87,6.8176,12.5566,2.581,0,0,0,0,0,0,0,0,0,0,0,0,0,0,0,0,0,0,0,0,0,0,0,0,0,0,0,0,0,0,0,0,0,0,0,0,0,0,0,0,0,0,0,0,0,0,0,0,0,0,0,0,0,0,0,0,0,0,0,0,0,0,0,0,0,0,0,0,0,0,0,0,0,0,0,0,0,0,0,0,0,0,0,0,0,0,0,0,0,0,0,0,0,0,0,0,0,0,0,0,0,0,0,0,0,0,0,0,0,0,0,0,0,0,0,0,0,0,0,0,0,0,0,0,0,0,0,0,0,0,0,0,0,0,0,0,0,0,0,0,0,0,0,0,0,0,0,0,0,0,0,0,0,0,0,0,0,0,0,0,0,0,0,0,0,0,0,0,0,0,0,0,0,0,0,0,0,0,0,0
2029,1,15,6,0,0,0,0,0,0,0,0,0,0,0,0,0,0,0,0,0,0,0,0,0,0,0,0,0,0,0,0,0,0,0,0,0,0,0,0,0,0,0,0,0,0,0,0,0,0,0,0,0,0,0,0,0,0,185.0753,128.7091,0,128.7091,128.7091,0,0,0,0,18.47826,18.47826,46.19566,69.30102,0,0,0,0,0,0,0,0,0,0,0,0,0,0,0,3.612968,3.612968,53.4982,48.0012,52.5,48.0012,52.5,0,0,0,0,0,0,0,0,0,0,3.612968,42.12937,0,0,19.54527,0,19.54527,0,0,0,0,0,19.90022,19.90022,3.225839,3.225839,0,1.727273,4.435484,18.36735,18.36735,0,0,0,0,0,0,0,0,0,0,0,0,0,276.1364,276.1364,50.65899,122.1695,115.2304,83.43772,9.175661,0,0,0,0,93.70811,0,0,0,0,0,0,0,0,0,0,0,0,0,0,0,0,0,0,0,0,0,0,0,0,0,0,0,0,75.15049,0,0,0,0,0,0,0,374.1562,374.7265,373.87,6.8176,12.5566,2.581,0,0,0,0,0,0,0,0,0,0,0,0,0,0,0,0,0,0,0,0,0,0,0,0,0,0,0,0,0,0,0,0,0,0,0,0,0,0,0,0,0,0,0,0,0,0,0,0,0,0,0,0,0,0,0,0,0,0,0,0,0,0,0,0,0,0,0,0,0,0,0,0,0,0,0,0,0,0,0,0,0,0,0,0,0,0,0,0,0,0,0,0,0,0,0,0,0,0,0,0,0,0,0,0,0,0,0,0,0,0,0,0,0,0,0,0,0,0,0,0,0,0,0,0,0,0,0,0,0,0,0,0,0,0,0,0,0,0,0,0,0,0,0,0,0,0,0,0,0,0,0,0,0,0,0,0,0,0,0,0,0,0,0,0,0,0,0,0,0,0,0,0,0,0,0,0,0,0,0,0
2029,1,15,7,0,0,0,0,0,0,0,0,0,0,0,0,0,0.8955,1.2925,0,0,0,0,0,0,0,0,0,0,0,0,0,0,0,0,0,0,0,0,0,0,0,0,0,0,0,0,0,0,0,0,0,0,0,0,0,0,0,185.0753,128.7091,0,128.7091,128.7091,0,0,0,0,18.47826,18.47826,46.19566,69.30102,0,0,0,0,0,0,0,0,0,0,0,0,0,0,0,3.612968,3.612968,53.4982,48.0012,52.5,48.0012,52.5,0,0,0,0,0,0,0,0,0,0,3.612968,42.12937,0,0,19.54527,0,19.54527,0,0,0,0,0,19.90022,19.90022,3.225839,3.225839,0,1.727273,4.435484,18.36735,18.36735,0,0,0,0,0,0,0,0,0,0,0,0,0,276.1364,276.1364,14.52542,101.0793,88.21409,83.43772,4.098796,0,0,0,0,125.6922,0,0,0,0,0,0,0,0,0,0,0,0,0,0,0,0,0,0,0,0,0,0,0,0,0,0,0,0,74.39058,0,0,0,0,0,0,0,374.1562,374.7265,373.87,6.8176,12.5566,2.581,0,0,0,0,0,0,0,0,0,0,0,0,0,0,0,0,0,0,0,0,0,0,0,0,0,0,0,0,0,0,0,0,0,0,0,0,0,0,0,0,0,0,0,0,0,0,0,0,0,0,0,0,0,0,0,0,0,0,0,0,0,0,0,0,0,0,0,0,0,0,0,0,0,0,0,0,0,0,0,0,0,0,0,0,0,0,0,0,0,0,0,0,0,0,0,0,0,0,0,0,0,0,0,0,0,0,0,0,0,0,0,0,0,0,0,0,0,0,0,0,0,0,0,0,0,0,0,0,0,0,0,0,0,0,0,0,0,0,0,0,0,0,0,0,0,0,0,0,0,0,0,0,0,0,0,0,0,0,0,0,0,0,0,0,0,0,0,0,0,0,0,0,0,0,0,0,0,0,0,0
2029,1,15,8,0,0,0,2.115,0,0,0,0,0.056232,0.190689,0.185226,0.07245208,0,68.058,98.3125,0,0,0.078296,0,0,0,0.02325674,0.059758,0,0,0,0.099661,0,0,0,0,0,0,0,0,0.22377,0,0,0,0,0,0,0,0,0,0,0,0,0,0,0,0,0,0,185.0753,128.7091,0,128.7091,128.7091,0,0,0,0,18.47826,18.47826,46.19566,69.30102,0,0,0,0,0,0,0,0,0,0,0,0,0,0,0,3.612968,3.612968,53.4982,48.0012,52.5,48.0012,52.5,0,0,0,0,0,0,0,0,0,0,3.612968,42.12937,0,0,19.54527,0,19.54527,0,0,0,0,0,19.90022,19.90022,3.225839,3.225839,0,1.727273,4.435484,18.36735,18.36735,0,0,0,0,0,0,0,0,0,0,0,0,0,276.1364,276.1364,0.1125254,106.1034,94.78905,83.43772,6.180915,0,0,0,0,125.1467,0,0,0,0,0,0,0,0,0,0,0,0,0,0,0,0,0,0,0,0,0,0,0,0,0,0,0,0,72.85029,0,0,0,0,0,0,0,374.1562,374.7265,373.87,6.8176,12.5566,2.581,0,0,0,0,0,0,0,0,0,0,0,0,0,0,0,0,0,0,0,0,0,0,0,0,0,0,0,0,0,0,0,0,0,0,0,0,0,0,0,0,0,0,0,0,0,0,0,2.853771,0,0,0,0,0,0,0,0,0,0,0.03271,0,0,0,0,0,0,0,0,0,0,0,0,0,0,0,0,0,0,0,0,0,0,0,0,0,0,0,0,0,0,0,0,0,0,0,0,0,0,0,0,0,0,0,0,0,0,0,0,0,0,0,0,0,0,0,0,0,0,0,0,0,0,0,0,0,0,0,0,0,0,0,0,0,0,0,0,0,0,0,0,0,0,0,0,0,0,0,0,0,0,0,0,0,0,0,0,0,0,0,0,0,0,0,0,0,0,0,0,0,0,0,0,0,0,0,0,0,0,0,0,0
2029,1,15,9,51.71744,1.401105,8.811722,80.64,2.322162,58.82607,1.378384,1.647304,3.237914,10.98018,10.66559,4.171898,0,153.3295,217.8,0,1.45696,4.508373,17.4384,0,4.598666,0.8844078,3.440927,61.47111,123.5937,0,3.789911,2.49,0.3519039,1.726602,1.229233,0,0,0,0,12.885,1.280226,0,63.55381,131.5615,24.66779,0,2.358966,105.8566,3.237242,24.78166,0,0,0,0,0,0,0,0,128.7091,128.7091,0,128.7091,128.7091,0,0,0,0,18.47826,18.47826,46.19566,69.30102,0,0,0,0,0,0,0,0,0,0,0,0,0,0,0,3.612968,3.612968,53.4982,48.0012,52.5,48.0012,52.5,0,0,0,0,0,0,0,0,0,0,3.612968,42.12937,0,0,19.54527,0,19.54527,0,0,0,0,0,19.90022,19.90022,3.225839,3.225839,0,1.727273,4.435484,18.36735,18.36735,0,0,0,0,0,0,0,0,0,0,0,0,0,276.1364,276.1364,0.0785162,61.7765,54.13808,83.43772,24.24683,0,0,0,0,130.1873,158.4856,184.9617,0,0,0,0,0,0,0,0,0,0,0,0,0,0,0,0,0,0,0,0,0,0,0,0,0,0,71.70847,0,0,0,0,0,0,0,374.1562,374.7265,373.87,6.8176,12.5566,2.581,0,0,0,0,0,0,0,0,0,0,0,0,0,0,0,0,0,0,0,0,0,0,0,0,0,0,0,0,0,0,0,0,0,0,0,0,0,0,0,0,0,0,0,0,0,0,0,164.3244,0,0,0,0,0,0,0,0,0,0,1.883486,0,0,0,0,0,0,0,0,0,0,0,0,0,0,0,0,0,0,0,0,0,0,0,0,0,0,0,0,0,0,0,0,0,0,0,0,0,0,0,0,0,0,0,0,0,0,0,0,0,0,0,0,0,0,0,0,0,0,0,0,0,0,0,0,0,0,0,0,0,0,0,0,0,0,0,0,0,0,0,0,0,0,0,0,0,0,0,0,0,0,0,0,0,0,0,0,0,0,0,0,0,0,0,0,0,0,0,0,0,0,0,0,0,0,0,0,0,0,0,0,0
2029,1,15,10,112.888,10.86722,22.12769,195.5025,13.82246,146.4765,3.236031,12.77679,8.303083,28.15681,27.35011,10.69813,0,140.295,199.98,0,11.30044,11.56096,58.0608,0,12.14662,2.117952,8.823674,140.3253,282.1378,0,9.07596,0.105,2.72943,10.27744,7.316898,0,0,0,0,33.04139,9.929665,0,121.2245,209.4223,39.26669,0,6.221469,219.4324,1.290205,54.51373,0,0,0,0,0,0,0,0,128.7091,128.7091,0,128.7091,128.7091,0,0,0,0,18.47826,18.47826,46.19566,69.30102,0,0,0,0,0,0,0,0,0,0,0,0,0,0,0,3.612968,3.612968,0,0,0,0,0,0,0,0,0,0,0,0,0,0,0,3.612968,42.12937,0,0,19.54527,0,19.54527,0,0,0,0,0,19.90022,19.90022,3.225839,3.225839,0,1.727273,4.435484,0,0,0,0,0,0,0,0,0,0,0,0,0,0,0,276.1364,276.1364,0,27.45094,24.00283,83.15804,13.55822,0,0,0,0,132.3872,111.4624,118.2681,0,0,0,0,0,0,0,0,0,0,0,0,0,0,0,0,0,0,0,0,0,0,0,0,0,0,73.75757,0,196.0296,0,0,0,0,0,374.1562,374.7265,373.87,6.8176,12.5566,2.581,0,0,0,0,0,0,0,0,0,0,0,0,0,0,0,0,0,0,0,0,0,0,0,0,0,0,0,0,0,0,0,0,0,0,0,0,0,0,0,0,0,0,0,0,0,0,0,421.382,0,0,0,0,0,0,0,0,0,0,4.82988,0,0,0,0,0,0,0,0,0,0,0,0,0,0,0,0,0,0,0,0,0,0,0,0,0,0,0,0,0,0,0,0,0,0,0,0,0,0,0,0,0,0,0,0,0,0,0,0,0,0,0,0,0,0,0,0,0,0,0,0,0,0,0,0,0,0,0,0,0,0,0,0,0,0,0,0,0,0,0,0,0,0,0,0,0,0,0,0,0,0,0,0,0,0,0,0,0,0,0,0,0,0,0,0,0,0,0,0,0,0,0,0,0,0,0,0,0,0,0,0,0
2029,1,15,11,114.5625,11.67078,44.24879,196.515,13.92122,157.2272,6.135018,13.72154,8.91704,30.23881,29.37246,11.48918,0,129.4495,185.1025,0,12.13603,12.41582,129.7632,0,38.40406,3.072212,9.476124,148.3864,298.3456,0,13.1652,25.38,2.931253,10.35087,7.369179,0,0,0,0,35.48457,10.6639,0,122.7134,307.8495,57.72178,0,42.36931,226.8228,18.39658,55.19257,0,0,0,0,0,0,0,0,128.7091,128.7091,0,128.7091,128.7091,0,0,0,0,18.47826,18.47826,46.19566,69.30102,0,0,0,0,0,0,0,0,0,0,0,0,0,0,0,3.612968,3.612968,0,0,0,0,0,0,0,0,0,0,0,0,0,0,0,3.612968,42.12937,0,0,19.54527,0,19.54527,0,0,0,0,0,19.90022,19.90022,3.225839,3.225839,0,1.727273,4.435484,0,0,0,0,0,0,0,0,0,0,0,0,0,0,0,276.1364,276.1364,0.7133539,46.92497,41.55714,95.82112,6.141251,0,0,0,0,124.5779,477.3228,638.8173,0,0,0,0,0,0,0,0,0,0,0,0,0,0,0,0,0,0,0,0,0,0,0,0,0,0,75.13274,0,334.4977,0,0,0,0,0,374.1562,374.7265,373.87,6.8176,12.5566,2.581,0,0,0,0,0,0,0,0,0,0,0,0,0,0,0,0,0,0,0,0,0,0,0,0,0,0,0,0,0,0,0,0,0,0,0,0,0,0,0,0,0,0,0,0,0,0,0,452.5403,0,0,0,0,0,0,0,0,0,0,5.187017,0,0,0,0,0,0,0,0,0,0,0,0,0,0,0,0,0,0,0,0,0,0,0,0,0,0,0,0,0,0,0,0,0,0,0,0,0,0,0,0,0,0,0,0,0,0,0,0,0,0,0,0,0,0,0,0,0,0,0,0,0,0,0,0,0,0,0,0,0,0,0,0,0,0,0,0,0,0,0,0,0,0,0,0,0,0,0,0,0,0,0,0,0,0,0,0,0,0,0,0,0,0,0,0,0,0,0,0,0,0,0,0,0,0,0,0,0,0,0,0,0
2029,1,15,12,108.5881,11.02639,55.98088,189.72,12.83502,159.7142,13.38178,12.96391,8.424691,28.56919,27.75068,10.85481,0,132.8325,190.96,0,11.46595,11.73028,126.504,0,21.24594,3.677335,8.952906,139.8668,281.2161,0,15.75831,37.32,2.769406,9.543244,6.794199,0,0,0,0,33.52531,10.07509,0,117.3861,287.0935,53.83004,0,60.18558,213.0704,22.33039,53.24731,0,0,0,0,0,0,0,0,128.7091,128.7091,0,128.7091,128.7091,0,0,0,0,18.47826,18.47826,46.19566,69.30102,0,0,0,0,0,0,0,0,0,0,0,0,0,0,0,3.612968,3.612968,0,0,0,0,0,0,0,0,0,0,0,0,0,0,0,3.612968,42.12937,0,0,19.54527,0,19.54527,0,0,0,0,0,19.90022,19.90022,3.225839,3.225839,0,1.727273,4.435484,0,0,0,0,0,0,0,0,0,0,0,0,0,0,0,276.1364,276.1364,3.637547,160.727,153.8162,95.82112,5.461222,0,0,0,0,121.6162,572.1156,773.6175,0,0,0,0,0,0,0,0,0,0,0,0,0,0,0,0,0,0,0,0,0,0,0,0,0,0,75.54471,0,336.6682,0,0,0,0,0,374.1562,374.7265,373.87,6.8176,12.5566,2.581,0,0,0,0,0,0,0,0,0,0,0,0,0,0,0,0,0,0,0,0,0,0,0,0,0,0,0,0,0,0,0,0,0,0,0,0,0,0,0,0,0,0,0,0,0,0,0,427.5536,0,0,0,0,0,0,0,0,0,0,4.900619,0,0,0,0,0,0,0,0,0,0,0,0,0,0,0,0,0,0,0,0,0,0,0,0,0,0,0,0,0,0,0,0,0,0,0,0,0,0,0,0,0,0,0,0,0,0,0,0,0,0,0,0,0,0,0,0,0,0,0,0,0,0,0,0,0,0,0,0,0,0,0,0,0,0,0,0,0,0,0,0,0,0,0,0,0,0,0,0,0,0,0,0,0,0,0,0,0,0,0,0,0,0,0,0,0,0,0,0,0,0,0,0,0,0,0,0,0,0,0,0,0
2029,1,15,13,102.1905,10.49824,78.66936,184.77,12.24263,155.933,23.74317,12.34296,8.02116,27.20077,26.42146,10.33488,0,129.2505,184.6625,0,10.91675,11.16842,126.9072,0,36.26065,3.933322,8.524074,133.0664,267.5432,0,16.85528,86.985,2.636755,9.102785,6.480618,0,0,0,0,31.9195,9.592511,0,113.1182,248.4847,46.59088,14.19754,95.16755,204.0809,23.99928,51.48913,0,0,0,0,0,0,0,0,128.7091,128.7091,0,128.7091,128.7091,0,0,0,0,18.47826,18.47826,46.19566,69.30102,0,0,0,0,0,0,0,0,0,0,0,0,0,0,0,3.612968,3.612968,0,0,0,0,0,0,0,0,0,0,0,0,0,0,0,3.612968,42.12937,0,0,19.54527,0,19.54527,0,0,0,0,0,19.90022,19.90022,3.225839,3.225839,0,1.727273,4.435484,0,0,0,0,0,0,0,0,0,0,0,0,0,0,0,276.1364,276.1364,3.538052,175.59,173.2461,83.15804,0.430488,0,0,0,0,131.3435,612.4212,830.844,0,0,0,0,0,0,0,0,0,0,0,0,0,0,0,0,0,0,0,0,0,0,0,0,0,0,75.75206,0,566.4311,0,0,0,0,0,374.1562,374.7265,373.87,6.8176,12.5566,2.581,0,0,0,0,0,0,0,0,0,0,0,0,0,0,0,0,0,0,0,0,0,0,0,0,0,0,0,0,0,0,0,0,0,0,0,0,0,0,0,0,0,0,0,0,0,0,0,407.0743,0,0,0,0,0,0,0,0,0,0,4.665886,0,0,0,0,0,0,0,0,0,0,0,0,0,0,0,0,0,0,0,0,0,0,0,0,0,0,0,0,0,0,0,0,0,0,0,0,0,0,0,0,0,0,0,0,0,0,0,0,0,0,0,0,0,0,0,0,0,0,0,0,0,0,0,0,0,0,0,0,0,0,0,0,0,0,0,0,0,0,0,0,0,0,0,0,0,0,0,0,0,0,0,0,0,0,0,0,0,0,0,0,0,0,0,0,0,0,0,0,0,0,0,0,0,0,0,0,0,0,0,0,0
2029,1,15,14,104.8704,10.58518,105.9858,188.55,12.44016,156.96,35.05167,12.44518,8.087587,27.42603,26.64027,10.42047,0,130.544,185.9275,0,11.00715,11.26091,104.8152,0,72.43122,3.886808,8.594666,135.9318,273.3042,0,16.65596,52.8,2.658591,9.249652,6.585178,0,0,0,0,32.18384,9.671951,0,116.094,271.5846,50.92212,117.2721,146.6375,207.8392,23.08536,52.31333,0,0,0,0,0,0,0,0,128.7091,128.7091,0,128.7091,128.7091,0,0,0,0,18.47826,18.47826,46.19566,69.30102,0,0,0,0,0,0,0,0,0,0,0,0,0,0,0,3.612968,3.612968,0,0,0,0,0,0,0,0,0,0,0,0,0,0,0,3.612968,42.12937,0,0,19.54527,0,19.54527,0,0,0,0,0,19.90022,19.90022,3.225839,3.225839,0,1.727273,4.435484,0,0,0,0,0,0,0,0,0,0,0,0,0,0,0,276.1364,276.1364,8.479223,175.2295,170.949,82.87836,0.0887522,0,12.41977,0,0,121.9319,590.4024,799.6167,0,0,0,0,0,0,0,0,0,0,0,0,0,0,0,0,0,0,0,0,0,0,0,0,0,0,76.4514,0,412.2507,0,0,0,0,0,374.1562,374.7265,373.87,6.8176,12.5566,2.581,0,0,0,0,0,0,0,0,0,0,0,0,0,0,0,0,0,0,0,0,0,0,0,0,0,0,0,0,0,0,0,0,0,0,0,0,0,0,0,0,0,0,0,0,0,0,0,410.4455,0,0,0,0,0,0,0,0,0,0,4.704527,0,0,0,0,0,0,0,0,0,0,0,0,0,0,0,0,0,0,0,0,0,0,0,0,0,0,0,0,0,0,0,0,0,0,0,0,0,0,0,0,0,0,0,0,0,0,0,0,0,0,0,0,0,0,0,0,0,0,0,0,0,0,0,0,0,0,0,0,0,0,0,0,0,0,0,0,0,0,0,0,0,0,0,0,0,0,0,0,0,0,0,0,0,0,0,0,0,0,0,0,0,0,0,0,0,0,0,0,0,0,0,0,0,0,0,0,0,0,0,0,0
2029,1,15,15,110.8087,11.17567,159.5819,195.03,13.42741,161.7319,39.7673,13.13944,8.538754,28.956,28.1264,11.00178,0,134.2255,190.135,0,11.62119,11.8891,130.9224,0,34.7776,3.514415,9.074121,140.4017,282.2914,0,15.06016,61.965,2.806901,9.983705,7.107779,0,0,0,0,33.97922,10.2115,0,120.435,298.0318,55.88096,147.5359,129.589,217.0734,19.74758,53.91435,0,0,0,0,0,0,0,0,128.7091,128.7091,0,128.7091,128.7091,0,0,0,0,18.47826,18.47826,46.19566,69.30102,0,0,0,0,0,0,0,0,0,0,0,0,0,0,0,3.612968,3.612968,0,0,0,0,0,0,0,0,0,0,0,0,0,0,0,3.612968,42.12937,0,0,19.54527,0,19.54527,0,0,0,0,0,19.90022,19.90022,3.225839,3.225839,0,1.727273,4.435484,0,0,0,0,0,0,0,0,0,0,0,0,0,0,0,276.1364,276.1364,7.677014,196.8245,187.6604,83.06482,1.362859,0,21.05961,0,0,121.4251,509.9156,685.1637,0,0,0,0,0,0,0,0,0,0,0,0,0,0,0,0,0,0,0,0,0,0,0,0,0,0,77.6587,0,366.9823,0,0,0,0,0,374.1562,374.7265,373.87,6.8176,12.5566,2.581,0,0,0,0,0,0,0,0,0,0,0,0,0,0,0,0,0,0,0,0,0,0,0,0,0,0,0,0,0,0,0,0,0,0,0,0,0,0,0,0,0,0,0,0,0,0,0,433.3423,0,0,0,0,0,0,0,0,0,0,4.966969,0,0,0,0,0,0,0,0,0,0,0,0,0,0,0,0,0,0,0,0,0,0,0,0,0,0,0,0,0,0,0,0,0,0,0,0,0,0,0,0,0,0,0,0,0,0,0,0,0,0,0,0,0,0,0,0,0,0,0,0,0,0,0,0,0,0,0,0,0,0,0,0,0,0,0,0,0,0,0,0,0,0,0,0,0,0,0,0,0,0,0,0,0,0,0,0,0,0,0,0,0,0,0,0,0,0,0,0,0,0,0,0,0,0,0,0,0,0,0,0,0
2029,1,15,16,114.5274,11.23666,163.9945,199.125,13.72369,162.96,35.82278,13.21113,8.585349,29.11401,28.27988,11.06181,0,51.6405,74.0025,0,11.6846,11.95398,126.3528,0,20.30541,2.83944,9.123637,142.2737,286.0553,0,12.16772,16.095,2.822218,10.204,7.264618,0,0,0,0,34.16464,10.26723,0,122.7229,320.5346,60.10023,170.4617,75.46046,220.7763,12.21746,54.30835,0,0,0,0,0,0,0,0,128.7091,128.7091,0,128.7091,128.7091,0,0,0,0,18.47826,18.47826,46.19566,69.30102,0,0,0,0,0,0,0,0,0,0,0,0,0,0,0,3.612968,3.612968,0,0,0,0,0,0,0,0,0,0,0,0,0,0,0,3.612968,42.12937,0,0,19.54527,0,19.54527,0,0,0,0,0,19.90022,19.90022,3.225839,3.225839,0,1.727273,4.435484,0,0,0,0,0,0,0,0,0,0,0,0,0,0,0,276.1364,276.1364,12.98346,198.4034,187.2811,83.25127,5.1246,0,40.15562,0,0,122.1784,374.9416,492.9957,0,0,0,0,0,0,0,0,0,0,0,0,0,0,0,0,0,0,0,0,0,0,0,0,0,0,77.20591,0,384.1382,0,0,0,0,0,374.1562,374.7265,373.87,6.8176,12.5566,2.581,0,0,0,0,0,0,0,0,0,0,0,0,0,0,0,0,0,0,0,0,0,0,0,0,0,0,0,0,0,0,0,0,0,0,0,0,0,0,0,0,0,0,0,0,0,0,0,435.707,0,0,0,0,0,0,0,0,0,0,4.994073,0,0,0,0,0,0,0,0,0,0,0,0,0,0,0,0,0,0,0,0,0,0,0,0,0,0,0,0,0,0,0,0,0,0,0,0,0,0,0,0,0,0,0,0,0,0,0,0,0,0,0,0,0,0,0,0,0,0,0,0,0,0,0,0,0,0,0,0,0,0,0,0,0,0,0,0,0,0,0,0,0,0,0,0,0,0,0,0,0,0,0,0,0,0,0,0,0,0,0,0,0,0,0,0,0,0,0,0,0,0,0,0,0,0,0,0,0,0,0,0,0
2029,1,15,17,79.0995,4.743887,49.4201,126.2925,5.876493,96.64466,19.24557,5.577472,5.791961,19.64128,19.07855,7.462666,294.0449,0.796,1.2375,0,4.933001,8.064551,97.9776,0,10.76058,1.652451,6.155108,92.11115,185.1985,0,7.081169,0,1.191483,4.369359,3.110713,0,0,0,0,23.0486,4.334613,0,73.44256,164.9115,30.92091,115.1528,78.8745,145.9372,5.263751,46.3334,0,0,0,0,0,0,0,0,128.7091,128.7091,0,128.7091,128.7091,0,0,0,0,18.47826,18.47826,46.19566,69.30102,0,0,0,0,0,0,0,0,0,0,0,0,0,0,0,3.612968,3.612968,0,0,0,0,0,0,0,0,0,0,0,0,0,0,0,3.612968,42.12937,0,0,19.54527,0,19.54527,0,0,0,0,0,19.90022,19.90022,3.225839,3.225839,0,1.727273,4.435484,0,0,0,0,0,0,0,0,0,0,0,0,0,0,0,276.1364,276.1364,14.40572,191.786,180.1371,95.28581,4.606908,0,37.94657,0,0,113.1998,207.2504,254.4813,0,0,0,0,0,0,0,0,0,0,0,0,0,0,0,0,0,0,0,0,0,0,0,0,0,0,76.41587,0,0,0,0,0,0,0,374.1562,374.7265,373.87,6.8176,12.5566,2.581,0,0,0,0,0,0,0,0,0,0,0,0,0,0,0,0,0,0,0,0,0,0,0,0,0,0,0,0,0,0,0,0,0,0,0,0,0,0,0,0,0,0,0,0,0,0,0,293.9424,0,0,0,0,0,0,0,0,0,0,3.369168,0,0,0,0,0,0,0,0,0,0,0,0,0,0,0,0,0,0,0,0,0,0,0,0,0,0,0,0,0,0,0,0,0,0,0,0,0,0,0,0,0,0,0,0,0,0,0,0,0,0,0,0,0,0,0,0,0,0,0,0,0,0,0,0,0,0,0,0,0,0,0,0,0,0,0,0,0,0,0,0,0,0,0,0,0,0,0,0,0,0,0,0,0,0,0,0,0,0,0,0,0,0,0,0,0,0,0,0,0,0,0,0,0,0,0,0,0,0,0,0,0
2029,1,15,18,5.724125,0,23.03847,8.1,0,2.806399,1.87645,0,0.995892,3.377195,3.280437,1.283159,294.0449,0,0,0,0,1.386649,6.1152,0,3.311634,0.2560278,1.058332,9.66575,19.43394,0,1.097144,0,0,0,0,0,0,0,0,3.963063,0,0,3.75018,3.332466,0.624837,11.32613,19.62202,1.846748,0,7.693808,0,0,0,0,0,0,0,0,185.0753,128.7091,0,128.7091,128.7091,0,0,0,0,18.47826,18.47826,46.19566,69.30102,0,0,0,0,0,0,0,0,0,0,0,0,0,0,0,3.612968,3.612968,53.4982,48.0012,52.5,48.0012,52.5,0,0,0,0,0,0,0,0,0,0,3.612968,42.12937,0,0,19.54527,0,19.54527,0,0,0,0,0,19.90022,19.90022,3.225839,3.225839,0,1.727273,4.435484,0,0,0,0,0,0,0,0,0,0,0,0,0,0,0,276.1364,276.1364,12.05306,84.48177,68.97389,94.7505,10.7255,0,8.49257,0,0,122.4768,52.1236,33.7707,0,0,0,0,0,0,0,0,0,0,0,0,0,0,0,0,0,0,0,0,0,0,0,0,0,0,77.03501,0,0,0,0,0,0,0,374.1562,374.7265,373.87,6.8176,12.5566,2.581,0,0,0,0,0,0,0,0,0,0,0,0,0,0,0,0,0,0,0,0,0,0,0,0,0,0,0,0,0,0,0,0,0,0,0,0,0,0,0,0,0,0,0,0,0,0,0,50.54156,0,0,0,0,0,0,0,0,0,0,0.579307,0,0,0,0,0,0,0,0,0,0,0,0,0,0,0,0,0,0,0,0,0,0,0,0,0,0,0,0,0,0,0,0,0,0,0,0,0,0,0,0,0,0,0,0,0,0,0,0,0,0,0,0,0,0,0,0,0,0,0,0,0,0,0,0,0,0,0,0,0,0,0,0,0,0,0,0,0,0,0,0,0,0,0,0,0,0,0,0,0,0,0,0,0,0,0,0,0,0,0,0,0,0,0,0,0,0,0,0,0,0,0,0,0,0,0,0,0,0,0,0,0
2029,1,15,19,0,0,0,0,0,0,0,0,0,0,0,0,294.0449,0,0,0,0,0,0,0,0,0,0,0,0,0,0,0,0,0,0,0,0,0,0,0,0,0,0,0,0,0,0,0,0,0,0,0,0,0,0,0,0,0,185.0753,128.7091,0,128.7091,128.7091,0,0,0,0,18.47826,18.47826,46.19566,69.30102,0,0,0,0,0,0,0,0,0,0,0,0,0,0,0,3.612968,3.612968,53.4982,48.0012,52.5,48.0012,52.5,0,0,0,0,0,0,0,0,0,0,3.612968,42.12937,0,0,19.54527,0,19.54527,0,0,0,0,0,19.90022,19.90022,3.225839,3.225839,0,1.727273,4.435484,0,0,0,0,0,0,0,0,0,0,0,0,0,0,0,276.1364,276.1364,52.39,104.1484,85.95921,82.50546,29.42876,0,60.52797,0,0,101.5507,0,0,0,0,0,0,0,0,0,0,0,0,0,0,0,0,0,0,0,0,0,0,0,0,0,0,0,0,76.6219,0,0,0,0,0,0,0,374.1562,374.7265,373.87,6.8176,12.5566,2.581,0,0,0,0,0,0,0,0,0,0,0,0,0,0,0,0,0,0,0,0,0,0,0,0,0,0,0,0,0,0,0,0,0,0,0,0,0,0,0,0,0,0,0,0,0,0,0,0,0,0,0,0,0,0,0,0,0,0,0,0,0,0,0,0,0,0,0,0,0,0,0,0,0,0,0,0,0,0,0,0,0,0,0,0,0,0,0,0,0,0,0,0,0,0,0,0,0,0,0,0,0,0,0,0,0,0,0,0,0,0,0,0,0,0,0,0,0,0,0,0,0,0,0,0,0,0,0,0,0,0,0,0,0,0,0,0,0,0,0,0,0,0,0,0,0,0,0,0,0,0,0,0,0,0,0,0,0,0,0,0,0,0,0,0,0,0,0,0,0,0,0,0,0,0,0,0,0,0,0,0
2029,1,15,20,0,0,0,0,0,0,0,0,0,0,0,0,252.8786,0,0,0,0,0,0,0,0,0,0,0,0,0,0,0,0,0,0,0,0,0,0,0,0,0,0,0,0,0,0,0,0,0,0,0,0,0,0,0,0,0,185.0753,128.7091,0,128.7091,128.7091,0,0,0,0,18.47826,18.47826,46.19566,69.30102,0,0,0,0,0,0,0,0,0,0,0,0,0,0,0,3.612968,3.612968,53.4982,48.0012,52.5,48.0012,52.5,0,0,0,0,0,0,0,0,0,0,3.612968,42.12937,0,0,19.54527,0,19.54527,0,0,0,0,0,19.90022,19.90022,3.225839,3.225839,0,1.727273,4.435484,0,0,0,0,0,0,0,0,0,0,0,0,0,0,0,276.1364,276.1364,13.72416,107.2684,89.33099,83.3445,25.90206,0,81.19486,0,0,120.3993,0,0,0,0,0,0,0,0,0,0,0,0,0,0,0,0,0,0,0,0,0,0,0,0,0,0,0,0,76.35413,0,0,0,0,0,0,0,374.1562,374.7265,373.87,6.8176,12.5566,2.581,0,0,0,0,0,0,0,0,0,0,0,0,0,0,0,0,0,0,0,0,0,0,0,0,0,0,0,0,0,0,0,0,0,0,0,0,0,0,0,0,0,0,0,0,0,0,0,0,0,0,0,0,0,0,0,0,0,0,0,0,0,0,0,0,0,0,0,0,0,0,0,0,0,0,0,0,0,0,0,0,0,0,0,0,0,0,0,0,0,0,0,0,0,0,0,0,0,0,0,0,0,0,0,0,0,0,0,0,0,0,0,0,0,0,0,0,0,0,0,0,0,0,0,0,0,0,0,0,0,0,0,0,0,0,0,0,0,0,0,0,0,0,0,0,0,0,0,0,0,0,0,0,0,0,0,0,0,0,0,0,0,0,0,0,0,0,0,0,0,0,0,0,0,0,0,0,0,0,0,0
2029,1,15,21,0,0,0,0,0,0,0,0,0,0,0,0,0,0,0,0,0,0,0,0,0,0,0,0,0,0,0,0,0,0,0,0,0,0,0,0,0,0,0,0,0,0,0,0,0,0,0,0,0,0,0,0,0,0,185.0753,128.7091,0,128.7091,128.7091,0,0,0,0,18.47826,18.47826,46.19566,69.30102,0,0,0,0,0,0,0,0,0,0,0,0,0,0,0,3.612968,3.612968,53.4982,48.0012,52.5,48.0012,52.5,0,0,0,0,0,0,0,0,0,0,3.612968,42.12937,0,0,19.54527,0,19.54527,0,0,0,0,0,19.90022,19.90022,3.225839,3.225839,0,1.727273,4.435484,0,0,0,0,0,0,0,0,0,0,0,0,0,0,0,276.1364,276.1364,4.950584,206.5954,185.9324,83.43772,9.07927,0,96.60912,0,0,122.6406,0,0,0,0,0,0,0,0,0,0,0,0,0,0,0,0,0,0,0,0,0,0,0,0,0,0,0,0,76.22817,0,0,0,0,0,0,0,374.1562,374.7265,373.87,6.8176,12.5566,2.581,0,0,0,0,0,0,0,0,0,0,0,0,0,0,0,0,0,0,0,0,0,0,0,0,0,0,0,0,0,0,0,0,0,0,0,0,0,0,0,0,0,0,0,0,0,0,0,0,0,0,0,0,0,0,0,0,0,0,0,0,0,0,0,0,0,0,0,0,0,0,0,0,0,0,0,0,0,0,0,0,0,0,0,0,0,0,0,0,0,0,0,0,0,0,0,0,0,0,0,0,0,0,0,0,0,0,0,0,0,0,0,0,0,0,0,0,0,0,0,0,0,0,0,0,0,0,0,0,0,0,0,0,0,0,0,0,0,0,0,0,0,0,0,0,0,0,0,0,0,0,0,0,0,0,0,0,0,0,0,0,0,0,0,0,0,0,0,0,0,0,0,0,0,0,0,0,0,0,0,0
2029,1,15,22,0,0,0,0,0,0,0,0,0,0,0,0,0,0,0,0,0,0,0,0,0,0,0,0,0,0,0,0,0,0,0,0,0,0,0,0,0,0,0,0,0,0,0,0,0,0,0,0,0,0,0,0,0,0,185.0753,128.7091,0,128.7091,128.7091,0,0,0,0,18.47826,18.47826,46.19566,69.30102,0,0,0,0,0,0,0,0,0,0,0,0,0,0,0,3.612968,3.612968,53.4982,48.0012,52.5,48.0012,52.5,0,0,0,0,0,0,0,0,0,0,3.612968,42.12937,0,0,19.54527,0,19.54527,0,0,0,0,0,19.90022,19.90022,3.225839,3.225839,0,1.727273,4.435484,0,0,0,0,0,0,0,0,0,0,0,0,0,0,0,276.1364,276.1364,18.27118,208.356,184.7944,83.43772,4.184788,0,66.22241,0,0,89.73485,0,0,0,0,0,0,0,0,0,0,0,0,0,0,0,0,0,0,0,0,0,0,0,0,0,0,0,0,75.9125,0,0,0,0,0,0,0,374.1562,374.7265,373.87,6.8176,12.5566,2.581,0,0,0,0,0,0,0,0,0,0,0,0,0,0,0,0,0,0,0,0,0,0,0,0,0,0,0,0,0,0,0,0,0,0,0,0,0,0,0,0,0,0,0,0,0,0,0,0,0,0,0,0,0,0,0,0,0,0,0,0,0,0,0,0,0,0,0,0,0,0,0,0,0,0,0,0,0,0,0,0,0,0,0,0,0,0,0,0,0,0,0,0,0,0,0,0,0,0,0,0,0,0,0,0,0,0,0,0,0,0,0,0,0,0,0,0,0,0,0,0,0,0,0,0,0,0,0,0,0,0,0,0,0,0,0,0,0,0,0,0,0,0,0,0,0,0,0,0,0,0,0,0,0,0,0,0,0,0,0,0,0,0,0,0,0,0,0,0,0,0,0,0,0,0,0,0,0,0,0,0
2029,1,15,23,0,0,0,0,0,0,0,0,0,0,0,0,0,0,0,0,0,0,0,0,0,0,0,0,0,0,0,0,0,0,0,0,0,0,0,0,0,0,0,0,0,0,0,0,0,0,0,0,0,0,0,0,0,0,185.0753,128.7091,0,128.7091,128.7091,0,0,0,0,18.47826,18.47826,46.19566,69.30102,0,0,0,0,0,0,0,0,0,0,0,0,0,0,0,3.612968,3.612968,53.4982,48.0012,52.5,48.0012,52.5,0,0,0,0,0,0,0,0,0,0,3.612968,42.12937,0,0,19.54527,0,19.54527,0,0,0,0,0,19.90022,19.90022,3.225839,3.225839,0,1.727273,4.435484,0,0,0,0,0,0,0,0,0,0,0,0,0,0,0,276.1364,276.1364,20.22633,210.0341,185.7216,83.43772,4.256667,0,56.06078,0,0,90.81425,0,0,0,0,0,0,0,0,0,0,0,0,0,0,0,0,0,0,0,0,0,0,0,0,0,0,0,0,74.23436,0,0,0,0,0,0,0,374.1562,374.7265,373.87,6.8176,12.5566,2.581,0,0,0,0,0,0,0,0,0,0,0,0,0,0,0,0,0,0,0,0,0,0,0,0,0,0,0,0,0,0,0,0,0,0,0,0,0,0,0,0,0,0,0,0,0,0,0,0,0,0,0,0,0,0,0,0,0,0,0,0,0,0,0,0,0,0,0,0,0,0,0,0,0,0,0,0,0,0,0,0,0,0,0,0,0,0,0,0,0,0,0,0,0,0,0,0,0,0,0,0,0,0,0,0,0,0,0,0,0,0,0,0,0,0,0,0,0,0,0,0,0,0,0,0,0,0,0,0,0,0,0,0,0,0,0,0,0,0,0,0,0,0,0,0,0,0,0,0,0,0,0,0,0,0,0,0,0,0,0,0,0,0,0,0,0,0,0,0,0,0,0,0,0,0,0,0,0,0,0,0
2029,1,15,24,0,0,0,0,0,0,0,0,0,0,0,0,0,0,0,0,0,0,0,0,0,0,0,0,0,0,0,0,0,0,0,0,0,0,0,0,0,0,0,0,0,0,0,0,0,0,0,0,0,0,0,0,0,0,185.0753,128.7091,0,128.7091,128.7091,0,0,0,0,18.47826,18.47826,46.19566,69.30102,0,0,0,0,0,0,0,0,0,0,0,0,0,0,0,3.612968,3.612968,53.4982,48.0012,52.5,48.0012,52.5,0,0,0,0,0,0,0,0,0,0,3.612968,42.12937,0,0,19.54527,0,19.54527,0,0,0,0,0,19.90022,19.90022,3.225839,3.225839,0,1.727273,4.435484,0,0,0,0,0,0,0,0,0,0,0,0,0,0,0,276.1364,276.1364,7.83604,162.7916,140.1184,83.43772,6.110306,0,84.58207,0,0,91.72894,0,0,0,0,0,0,0,0,0,0,0,0,0,0,0,0,0,0,0,0,0,0,0,0,0,0,0,0,72.66615,0,0,0,0,0,0,0,374.1562,374.7265,373.87,6.8176,12.5566,2.581,0,0,0,0,0,0,0,0,0,0,0,0,0,0,0,0,0,0,0,0,0,0,0,0,0,0,0,0,0,0,0,0,0,0,0,0,0,0,0,0,0,0,0,0,0,0,0,0,0,0,0,0,0,0,0,0,0,0,0,0,0,0,0,0,0,0,0,0,0,0,0,0,0,0,0,0,0,0,0,0,0,0,0,0,0,0,0,0,0,0,0,0,0,0,0,0,0,0,0,0,0,0,0,0,0,0,0,0,0,0,0,0,0,0,0,0,0,0,0,0,0,0,0,0,0,0,0,0,0,0,0,0,0,0,0,0,0,0,0,0,0,0,0,0,0,0,0,0,0,0,0,0,0,0,0,0,0,0,0,0,0,0,0,0,0,0,0,0,0,0,0,0,0,0,0,0,0,0,0,0
2029,1,16,1,0,0,0,0,0,0,0,0,0,0,0,0,0,0,0,0,0,0,0,0,0,0,0,0,0,0,0,0,0,0,0,0,0,0,0,0,0,0,0,0,0,0,0,0,0,0,0,0,0,0,0,0,0,0,128.7091,128.7091,0,128.7091,128.7091,0,0,0,0,18.47826,18.47826,46.19566,69.30102,0,0,0,0,0,0,0,0,0,0,0,0,0,0,0,0,0,0,0,0,0,0,0,0,0,0,0,0,0,0,0,0,0,0,0,0,0,0,0,0,0,0,0,0,0,0,0,0,0,0,0,0,0,0,0,0,0,0,0,0,0,0,0,0,0,0,276.1364,276.1364,18.70414,138.4725,116.3895,83.43772,55.50917,0,72.6532,0,0,37.47934,0,0,0,0,0,0,0,0,0,0,0,0,0,0,0,0,0,0,0,0,0,0,0,0,0,0,0,0,73.63434,0,0,0,0,0,0,0,374.1562,374.7265,373.87,6.8176,12.5566,2.581,0,0,0,0,0,0,0,0,0,0,0,0,0,0,0,0,0,0,0,0,0,0,0,0,0,0,0,0,0,0,0,0,0,0,0,0,0,0,0,0,0,0,0,0,0,0,0,0,0,0,0,0,0,0,0,0,0,0,0,0,0,0,0,0,0,0,0,0,0,0,0,0,0,0,0,0,0,0,0,0,0,0,0,0,0,0,0,0,0,0,0,0,0,0,0,0,0,0,0,0,0,0,0,0,0,0,0,0,0,0,0,0,0,0,0,0,0,0,0,0,0,0,0,0,0,0,0,0,0,0,0,0,0,0,0,0,0,0,0,0,0,0,0,0,0,0,0,0,0,0,0,0,0,0,0,0,0,0,0,0,0,0,0,0,0,0,0,0,0,0,0,0,0,0,0,0,0,0,0,0
2029,1,16,2,0,0,0,0,0,0,0,0,0,0,0,0,0,0,0,0,0,0,0,0,0,0,0,0,0,0,0,0,0,0,0,0,0,0,0,0,0,0,0,0,0,0,0,0,0,0,0,0,0,0,0,0,0,0,128.7091,128.7091,0,128.7091,128.7091,0,0,0,0,18.47826,18.47826,46.19566,69.30102,0,0,0,0,0,0,0,0,0,0,0,0,0,0,0,3.612968,3.612968,53.4982,0,0,0,0,0,0,0,0,0,0,0,0,0,0,3.612968,42.12937,0,0,19.54527,0,19.54527,0,0,0,0,0,19.90022,19.90022,0,0,0,0,0,0,0,0,0,0,0,0,0,0,0,0,0,0,0,0,276.1364,276.1364,24.30115,16.6003,12.55987,83.25127,63.2088,0,118.3069,0,0,41.76614,0,0,0,0,0,0,0,0,0,0,0,0,0,0,0,0,0,0,0,0,0,0,0,0,0,0,0,0,73.22706,0,0,0,0,0,0,0,374.1562,374.7265,373.87,6.8176,12.5566,2.581,0,0,0,0,0,0,0,0,0,0,0,0,0,0,0,0,0,0,0,0,0,0,0,0,0,0,0,0,0,0,0,0,0,0,0,0,0,0,0,0,0,0,0,0,0,0,0,0,0,0,0,0,0,0,0,0,0,0,0,0,0,0,0,0,0,0,0,0,0,0,0,0,0,0,0,0,0,0,0,0,0,0,0,0,0,0,0,0,0,0,0,0,0,0,0,0,0,0,0,0,0,0,0,0,0,0,0,0,0,0,0,0,0,0,0,0,0,0,0,0,0,0,0,0,0,0,0,0,0,0,0,0,0,0,0,0,0,0,0,0,0,0,0,0,0,0,0,0,0,0,0,0,0,0,0,0,0,0,0,0,0,0,0,0,0,0,0,0,0,0,0,0,0,0,0,0,0,0,0,0
2029,1,16,3,0,0,0,0,0,0,0,0,0,0,0,0,0,0,0,0,0,0,0,0,0,0,0,0,0,0,0,0,0,0,0,0,0,0,0,0,0,0,0,0,0,0,0,0,0,0,0,0,0,0,0,0,0,0,128.7091,128.7091,0,128.7091,128.7091,0,0,0,0,18.47826,18.47826,46.19566,69.30102,0,0,0,0,0,0,0,0,0,0,0,0,0,0,0,3.612968,3.612968,53.4982,48.0012,52.5,48.0012,52.5,0,0,0,0,0,0,0,0,0,0,3.612968,42.12937,0,0,19.54527,0,19.54527,0,0,0,0,0,19.90022,19.90022,3.225839,3.225839,0,1.727273,4.435484,18.36735,18.36735,0,0,0,0,0,0,0,0,0,0,0,0,0,276.1364,276.1364,34.83289,18.34799,13.73999,82.87836,55.63341,0,145.2573,0,0,62.51759,0,0,0,0,0,0,0,0,0,0,0,0,0,0,0,0,0,0,0,0,0,0,0,0,0,0,0,0,73.06126,0,0,0,0,0,0,0,374.1562,374.7265,373.87,6.8176,12.5566,2.581,0,0,0,0,0,0,0,0,0,0,0,0,0,0,0,0,0,0,0,0,0,0,0,0,0,0,0,0,0,0,0,0,0,0,0,0,0,0,0,0,0,0,0,0,0,0,0,0,0,0,0,0,0,0,0,0,0,0,0,0,0,0,0,0,0,0,0,0,0,0,0,0,0,0,0,0,0,0,0,0,0,0,0,0,0,0,0,0,0,0,0,0,0,0,0,0,0,0,0,0,0,0,0,0,0,0,0,0,0,0,0,0,0,0,0,0,0,0,0,0,0,0,0,0,0,0,0,0,0,0,0,0,0,0,0,0,0,0,0,0,0,0,0,0,0,0,0,0,0,0,0,0,0,0,0,0,0,0,0,0,0,0,0,0,0,0,0,0,0,0,0,0,0,0,0,0,0,0,0,0
2029,1,16,4,0,0,0,0,0,0,0,0,0,0,0,0,0,0,0,0,0,0,0,0,0,0,0,0,0,0,0,0,0,0,0,0,0,0,0,0,0,0,0,0,0,0,0,0,0,0,0,0,0,0,0,0,0,0,128.7091,128.7091,0,128.7091,128.7091,0,0,0,0,18.47826,18.47826,46.19566,69.30102,0,0,0,0,0,0,0,0,0,0,0,0,0,0,0,3.612968,3.612968,53.4982,48.0012,52.5,48.0012,52.5,0,0,0,0,0,0,0,0,0,0,3.612968,42.12937,0,0,19.54527,0,19.54527,0,0,0,0,0,19.90022,19.90022,3.225839,3.225839,0,1.727273,4.435484,18.36735,18.36735,0,0,0,0,0,0,0,0,0,0,0,0,0,276.1364,276.1364,40.11663,0,0,78.21704,56.69183,0,119.2396,0,0,73.01071,0,0,0,0,0,0,0,0,0,0,0,0,0,0,0,0,0,0,0,0,0,0,0,0,0,0,0,0,73.57582,0,0,0,0,0,0,0,374.1562,374.7265,373.87,6.8176,12.5566,2.581,0,0,0,0,0,0,0,0,0,0,0,0,0,0,0,0,0,0,0,0,0,0,0,0,0,0,0,0,0,0,0,0,0,0,0,0,0,0,0,0,0,0,0,0,0,0,0,0,0,0,0,0,0,0,0,0,0,0,0,0,0,0,0,0,0,0,0,0,0,0,0,0,0,0,0,0,0,0,0,0,0,0,0,0,0,0,0,0,0,0,0,0,0,0,0,0,0,0,0,0,0,0,0,0,0,0,0,0,0,0,0,0,0,0,0,0,0,0,0,0,0,0,0,0,0,0,0,0,0,0,0,0,0,0,0,0,0,0,0,0,0,0,0,0,0,0,0,0,0,0,0,0,0,0,0,0,0,0,0,0,0,0,0,0,0,0,0,0,0,0,0,0,0,0,0,0,0,0,0,0
2029,1,16,5,0,0,0,0,0,0,0,0,0,0,0,0,0,0,0,0,0,0,0,0,0,0,0,0,0,0,0,0,0,0,0,0,0,0,0,0,0,0,0,0,0,0,0,0,0,0,0,0,0,0,0,0,0,0,128.7091,128.7091,0,128.7091,128.7091,0,0,0,0,18.47826,18.47826,46.19566,69.30102,0,0,0,0,0,0,0,0,0,0,0,0,0,0,0,3.612968,3.612968,53.4982,48.0012,52.5,48.0012,52.5,0,0,0,0,0,0,0,0,0,0,3.612968,42.12937,0,0,19.54527,0,19.54527,0,0,0,0,0,19.90022,19.90022,3.225839,3.225839,0,1.727273,4.435484,18.36735,18.36735,0,0,0,0,0,0,0,0,0,0,0,0,0,276.1364,276.1364,43.94572,92.13004,70.61763,77.84413,70.15269,0,149.7245,0,0,65.95067,0,0,0,0,0,0,0,0,0,0,0,0,0,0,0,0,0,0,0,0,0,0,0,0,0,0,0,0,74.45676,0,0,0,0,0,0,0,374.1562,374.7265,373.87,6.8176,12.5566,2.581,0,0,0,0,0,0,0,0,0,0,0,0,0,0,0,0,0,0,0,0,0,0,0,0,0,0,0,0,0,0,0,0,0,0,0,0,0,0,0,0,0,0,0,0,0,0,0,0,0,0,0,0,0,0,0,0,0,0,0,0,0,0,0,0,0,0,0,0,0,0,0,0,0,0,0,0,0,0,0,0,0,0,0,0,0,0,0,0,0,0,0,0,0,0,0,0,0,0,0,0,0,0,0,0,0,0,0,0,0,0,0,0,0,0,0,0,0,0,0,0,0,0,0,0,0,0,0,0,0,0,0,0,0,0,0,0,0,0,0,0,0,0,0,0,0,0,0,0,0,0,0,0,0,0,0,0,0,0,0,0,0,0,0,0,0,0,0,0,0,0,0,0,0,0,0,0,0,0,0,0
2029,1,16,6,0,0,0,0,0,0,0,0,0,0,0,0,0,0,0,0,0,0,0,0,0,0,0,0,0,0,0,0,0,0,0,0,0,0,0,0,0,0,0,0,0,0,0,0,0,0,0,0,0,0,0,0,0,0,128.7091,128.7091,0,128.7091,128.7091,0,0,0,0,18.47826,18.47826,46.19566,69.30102,0,0,0,0,0,0,0,0,0,0,0,0,0,0,0,3.612968,3.612968,53.4982,48.0012,52.5,48.0012,52.5,0,0,0,0,0,0,0,0,0,0,3.612968,42.12937,0,0,19.54527,0,19.54527,0,0,0,0,0,19.90022,19.90022,3.225839,3.225839,0,1.727273,4.435484,18.36735,18.36735,0,0,0,0,0,0,0,0,0,0,0,0,0,276.1364,276.1364,51.82992,197.322,168.652,79.24253,83.76173,0,161.6043,0,0,43.46758,0,0,0,0,0,0,0,0,0,0,0,0,0,0,0,0,0,0,0,0,0,0,0,0,0,0,0,0,76.1552,0,0,0,0,0,0,0,374.1562,374.7265,373.87,6.8176,12.5566,2.581,0,0,0,0,0,0,0,0,0,0,0,0,0,0,0,0,0,0,0,0,0,0,0,0,0,0,0,0,0,0,0,0,0,0,0,0,0,0,0,0,0,0,0,0,0,0,0,0,0,0,0,0,0,0,0,0,0,0,0,0,0,0,0,0,0,0,0,0,0,0,0,0,0,0,0,0,0,0,0,0,0,0,0,0,0,0,0,0,0,0,0,0,0,0,0,0,0,0,0,0,0,0,0,0,0,0,0,0,0,0,0,0,0,0,0,0,0,0,0,0,0,0,0,0,0,0,0,0,0,0,0,0,0,0,0,0,0,0,0,0,0,0,0,0,0,0,0,0,0,0,0,0,0,0,0,0,0,0,0,0,0,0,0,0,0,0,0,0,0,0,0,0,0,0,0,0,0,0,0,0
2029,1,16,7,0,0,0,0,0,0,0,0,0,0,0,0,0,0,0,0,0,0,0,0,0,0,0,0,0,0,0,0,0,0,0,0,0,0,0,0,0,0,0,0,0,0,0,0,0,0,0,0,0,0,0,0,0,0,128.7091,128.7091,0,128.7091,128.7091,0,0,0,0,18.47826,18.47826,46.19566,69.30102,0,0,0,0,0,0,0,0,0,0,0,0,0,0,0,3.612968,3.612968,53.4982,48.0012,52.5,48.0012,52.5,0,0,0,0,0,0,0,0,0,0,3.612968,42.12937,0,0,19.54527,0,19.54527,0,0,0,0,0,19.90022,19.90022,3.225839,3.225839,0,1.727273,4.435484,18.36735,18.36735,0,0,0,0,0,0,0,0,0,0,0,0,0,276.1364,276.1364,21.85241,161.061,130.3402,79.42899,80.47441,0,104.8072,0,0,116.8774,0,0,0,0,0,0,0,0,0,0,0,0,0,0,0,0,0,0,0,0,0,0,0,0,0,0,0,0,77.1659,0,0,0,0,0,0,0,374.1562,374.7265,373.87,6.8176,12.5566,2.581,0,0,0,0,0,0,0,0,0,0,0,0,0,0,0,0,0,0,0,0,0,0,0,0,0,0,0,0,0,0,0,0,0,0,0,0,0,0,0,0,0,0,0,0,0,0,0,0,0,0,0,0,0,0,0,0,0,0,0,0,0,0,0,0,0,0,0,0,0,0,0,0,0,0,0,0,0,0,0,0,0,0,0,0,0,0,0,0,0,0,0,0,0,0,0,0,0,0,0,0,0,0,0,0,0,0,0,0,0,0,0,0,0,0,0,0,0,0,0,0,0,0,0,0,0,0,0,0,0,0,0,0,0,0,0,0,0,0,0,0,0,0,0,0,0,0,0,0,0,0,0,0,0,0,0,0,0,0,0,0,0,0,0,0,0,0,0,0,0,0,0,0,0,0,0,0,0,0,0,0
2029,1,16,8,0,0,0,1.8225,0,0.0072,0,0,0.115316,0.391052,0.379848,0.1485796,0,4.0795,5.6925,0,0,0.160563,0,0,1.424646,0.05477572,0.122546,0,0,0,0.234728,0,0,0,0,0,0,0,0,0.458891,0,0,0,0,0,0,0,0,0,0,0,0,0,0,0,0,0,0,128.7091,128.7091,0,128.7091,128.7091,0,0,0,0,18.47826,18.47826,46.19566,69.30102,0,0,0,0,0,0,0,0,0,0,0,0,0,0,0,3.612968,3.612968,53.4982,48.0012,52.5,48.0012,52.5,0,0,0,0,0,0,0,0,0,0,3.612968,42.12937,0,0,19.54527,0,19.54527,0,0,0,0,0,19.90022,19.90022,3.225839,3.225839,0,1.727273,4.435484,18.36735,18.36735,0,0,0,0,0,0,0,0,0,0,0,0,0,276.1364,276.1364,22.18411,4.659092,2.802789,81.9461,88.02566,0,111.9252,0,0,115.8884,45.7792,23.8797,0,0,0,0,0,0,0,0,0,0,0,0,0,0,0,0,0,0,0,0,0,0,0,0,0,0,76.62981,0,0,0,0,0,0,0,374.1562,374.7265,373.87,6.8176,12.5566,2.581,0,0,0,0,0,0,0,0,0,0,0,0,0,0,0,0,0,0,0,0,0,0,0,0,0,0,0,0,0,0,0,0,0,0,0,0,0,0,0,0,0,0,0,0,0,0,0,5.85231,0,0,0,0,0,0,0,0,0,0,0.067079,0,0,0,0,0,0,0,0,0,0,0,0,0,0,0,0,0,0,0,0,0,0,0,0,0,0,0,0,0,0,0,0,0,0,0,0,0,0,0,0,0,0,0,0,0,0,0,0,0,0,0,0,0,0,0,0,0,0,0,0,0,0,0,0,0,0,0,0,0,0,0,0,0,0,0,0,0,0,0,0,0,0,0,0,0,0,0,0,0,0,0,0,0,0,0,0,0,0,0,0,0,0,0,0,0,0,0,0,0,0,0,0,0,0,0,0,0,0,0,0,0
2029,1,16,9,53.62405,2.32782,107.2759,80.5275,1.556679,57.7148,4.100647,2.736858,3.945969,13.38128,12.9979,5.084192,0,15.4225,21.12,0,2.420617,5.494247,49.0728,0,44.60756,0.7819521,4.193375,62.12059,124.8996,0,3.350863,25.56,0.5846591,1.15744,0.8240258,0,0,0,0,15.70264,2.126989,0,64.22459,27.44497,5.145932,0,2.752049,87.44263,5.18428,24.70568,0,0,0,0,0,0,0,0,128.7091,128.7091,0,128.7091,128.7091,0,0,0,0,18.47826,18.47826,46.19566,69.30102,0,0,0,0,0,0,0,0,0,0,0,0,0,0,0,3.612968,3.612968,53.4982,48.0012,52.5,48.0012,52.5,0,0,0,0,0,0,0,0,0,0,3.612968,42.12937,0,0,19.54527,0,19.54527,0,0,0,0,0,19.90022,19.90022,3.225839,3.225839,0,1.727273,4.435484,18.36735,18.36735,0,0,0,0,0,0,0,0,0,0,0,0,0,276.1364,276.1364,0.1351981,66.26174,47.87922,80.45448,93.9265,0,32.00668,0,0,98.32813,206.0064,251.0901,0,0,0,0,0,0,0,0,0,0,0,0,0,0,0,0,0,0,0,0,0,0,0,0,0,0,77.61387,0,0,0,0,0,0,0,374.1562,374.7265,373.87,6.8176,12.5566,2.581,0,0,0,0,0,0,0,0,0,0,0,0,0,0,0,0,0,0,0,0,0,0,0,0,0,0,0,0,0,0,0,0,0,0,0,0,0,0,0,0,0,0,0,0,0,0,0,200.2582,0,0,0,0,0,0,0,0,0,0,2.295359,0,0,0,0,0,0,0,0,0,0,0,0,0,0,0,0,0,0,0,0,0,0,0,0,0,0,0,0,0,0,0,0,0,0,0,0,0,0,0,0,0,0,0,0,0,0,0,0,0,0,0,0,0,0,0,0,0,0,0,0,0,0,0,0,0,0,0,0,0,0,0,0,0,0,0,0,0,0,0,0,0,0,0,0,0,0,0,0,0,0,0,0,0,0,0,0,0,0,0,0,0,0,0,0,0,0,0,0,0,0,0,0,0,0,0,0,0,0,0,0,0
2029,1,16,10,113.2439,11.49247,239.1984,199.08,13.77933,141.7602,10.05834,13.5119,8.780801,29.77681,28.92369,11.31364,0,19.9,27.39,0,11.95061,12.22612,121.1952,0,83.43634,2.01431,9.331343,141.1658,283.8277,0,8.631827,112.98,2.886468,10.24537,7.294069,0,0,0,0,34.94242,10.50097,0,122.4473,80.23208,15.04352,94.64268,49.6784,142.2821,13.01217,56.02101,0,0,0,0,0,0,0,0,128.7091,128.7091,0,128.7091,128.7091,0,0,0,0,18.47826,18.47826,46.19566,69.30102,0,0,0,0,0,0,0,0,0,0,0,0,0,0,0,3.612968,3.612968,53.4982,48.0012,52.5,48.0012,52.5,0,0,0,0,0,0,0,0,0,0,3.612968,42.12937,19.54527,19.54527,19.54527,19.54527,19.54527,19.54527,19.54527,19.54527,19.54527,19.54527,19.90022,19.90022,3.225839,3.225839,0,1.727273,4.435484,18.36735,18.36735,0,0,0,0,0,0,0,0,0,0,0,0,0,276.1364,276.1364,0.2372256,89.10323,63.83194,69.36052,97,0,9.91618,0,0,14.52585,394.5968,519.5601,0,0,0,0,0,0,0,0,0,0,0,0,0,0,0,0,0,0,0,0,0,0,0,0,0,0,78.11693,0,1000,0,0,0,0,0,374.1562,374.7265,373.87,6.8176,12.5566,2.581,0,0,0,0,0,0,0,0,0,0,0,0,0,0,0,0,0,0,0,0,0,0,0,0,0,0,0,0,0,0,0,0,0,0,0,0,0,0,0,0,0,0,0,0,0,0,0,445.6262,0,0,0,0,0,0,0,0,0,0,5.107767,0,0,0,0,0,0,0,0,0,0,0,0,0,0,0,0,0,0,0,0,0,0,0,0,0,0,0,0,0,0,0,0,0,0,0,0,0,0,0,0,0,0,0,0,0,0,0,0,0,0,0,0,0,0,0,0,0,0,0,0,0,0,0,0,0,0,0,0,0,0,0,0,0,0,0,0,0,0,0,0,0,0,0,0,0,0,0,0,0,0,0,0,0,0,0,0,0,0,0,0,0,0,0,0,0,0,0,0,0,0,0,0,0,0,0,0,0,0,0,0,0
2029,1,16,11,114.6181,11.92989,247.5697,198.5625,14.35379,162.9371,23.50713,14.02618,9.115012,30.91016,30.02457,11.74426,0,27.3625,38.1975,0,12.40547,12.69147,140.2464,0,86.64897,2.851039,9.686509,148.6921,298.9601,0,12.21743,117.015,2.996331,10.6725,7.598161,0,0,0,0,36.27239,10.90065,0,122.4825,163.9296,30.7368,177.0705,77.2419,215.3663,21.49594,57.61462,0,0,0,0,0,0,0,0,128.7091,128.7091,0,128.7091,128.7091,0,0,0,0,18.47826,18.47826,46.19566,69.30102,0,0,0,0,0,0,0,0,0,0,0,0,0,0,0,3.612968,3.612968,0,0,0,0,0,0,0,0,0,0,0,0,0,0,0,3.612968,42.12937,0,0,19.54527,0,19.54527,0,0,0,0,0,19.90022,19.90022,3.225839,3.225839,0,1.727273,4.435484,0,0,0,0,0,0,0,0,0,0,0,0,0,0,0,276.1364,276.1364,0.6793448,118.9032,86.71786,61.9024,96.5783,0,31.31942,0,0,76.72546,552.7092,744.3684,0,0,0,0,0,0,0,0,0,0,0,0,0,0,0,0,0,0,0,0,0,0,0,0,0,0,78.31274,0,763.3124,0,0,0,0,0,374.1562,374.7265,373.87,6.8176,12.5566,2.581,0,0,0,0,0,0,0,0,0,0,0,0,0,0,0,0,0,0,0,0,0,0,0,0,0,0,0,0,0,0,0,0,0,0,0,0,0,0,0,0,0,0,0,0,0,0,0,462.5874,0,0,0,0,0,0,0,0,0,0,5.302177,0,0,0,0,0,0,0,0,0,0,0,0,0,0,0,0,0,0,0,0,0,0,0,0,0,0,0,0,0,0,0,0,0,0,0,0,0,0,0,0,0,0,0,0,0,0,0,0,0,0,0,0,0,0,0,0,0,0,0,0,0,0,0,0,0,0,0,0,0,0,0,0,0,0,0,0,0,0,0,0,0,0,0,0,0,0,0,0,0,0,0,0,0,0,0,0,0,0,0,0,0,0,0,0,0,0,0,0,0,0,0,0,0,0,0,0,0,0,0,0,0
2029,1,16,12,108.6651,10.82679,238.5493,189.3825,11.9263,161.4348,24.53727,12.72925,8.272193,28.05205,27.24835,10.65833,0,25.671,35.8325,0,11.2584,11.51795,134.5176,0,83.32743,3.415523,8.790846,139.9432,281.3697,0,14.63638,110.265,2.719276,8.867584,6.31317,0,0,0,0,32.91846,9.892722,0,117.8821,181.9364,34.11307,177.2984,135.7795,137.6301,25.94632,54.90278,0,0,0,0,0,0,0,0,128.7091,128.7091,0,128.7091,128.7091,0,0,0,0,18.47826,18.47826,46.19566,69.30102,0,0,0,0,0,0,0,0,0,0,0,0,0,0,0,3.612968,3.612968,53.4982,48.0012,52.5,48.0012,52.5,0,0,0,0,0,0,0,0,0,0,3.612968,42.12937,0,0,19.54527,0,19.54527,0,0,0,0,0,19.90022,19.90022,3.225839,3.225839,0,1.727273,4.435484,18.36735,18.36735,0,0,0,0,0,0,0,0,0,0,0,0,0,276.1364,276.1364,8.475671,198.4409,157.757,75.05096,93.25282,0,11.33979,0,0,139.0431,659.942,896.9724,0,0,0,0,0,0,0,0,0,0,0,0,0,0,0,0,0,0,0,0,0,0,0,0,0,0,78.57679,0,1000,0,0,0,0,0,374.1562,374.7265,373.87,6.8176,12.5566,2.581,0,0,0,0,0,0,0,0,0,0,0,0,0,0,0,0,0,0,0,0,0,0,0,0,0,0,0,0,0,0,0,0,0,0,0,0,0,0,0,0,0,0,0,0,0,0,0,419.8143,0,0,0,0,0,0,0,0,0,0,4.811912,0,0,0,0,0,0,0,0,0,0,0,0,0,0,0,0,0,0,0,0,0,0,0,0,0,0,0,0,0,0,0,0,0,0,0,0,0,0,0,0,0,0,0,0,0,0,0,0,0,0,0,0,0,0,0,0,0,0,0,0,0,0,0,0,0,0,0,0,0,0,0,0,0,0,0,0,0,0,0,0,0,0,0,0,0,0,0,0,0,0,0,0,0,0,0,0,0,0,0,0,0,0,0,0,0,0,0,0,0,0,0,0,0,0,0,0,0,0,0,0,0
2029,1,16,13,103.0068,10.08445,230.6087,182.7,8.531763,156.4694,15.7541,11.85647,7.705007,26.12866,25.38006,9.927533,0,21.492,29.9475,0,10.48646,10.72822,107.1336,0,80.41874,3.457706,8.188099,133.2574,267.9272,0,14.81715,106.89,2.532828,6.343638,4.516277,0,0,0,0,30.6614,9.214424,0,113.4099,279.4981,52.40589,152.4584,76.30109,152.3029,27.85362,53.21167,0,0,0,0,0,0,0,0,128.7091,128.7091,0,128.7091,128.7091,0,0,0,0,18.47826,18.47826,46.19566,69.30102,0,0,0,0,0,0,0,0,0,0,0,0,0,0,0,3.612968,3.612968,0,0,0,0,0,0,0,0,0,0,0,0,0,0,0,3.612968,42.12937,0,0,19.54527,0,19.54527,0,0,0,0,0,19.90022,19.90022,3.225839,3.225839,0,1.727273,4.435484,0,0,0,0,0,0,0,0,0,0,0,0,0,0,0,276.1364,276.1364,33.57625,225.4674,181.528,85.97135,94.2454,0,9.57255,0,0,167.3569,705.8456,962.3943,0,0,0,0,0,0,0,0,0,0,0,0,0,0,0,0,0,0,0,0,0,0,0,0,0,0,78.83818,0,529.1729,0,0,0,0,0,374.1562,374.7265,373.87,6.8176,12.5566,2.581,0,0,0,0,0,0,0,0,0,0,0,0,0,0,0,0,0,0,0,0,0,0,0,0,0,0,0,0,0,0,0,0,0,0,0,0,0,0,0,0,0,0,0,0,0,0,0,391.0296,0,0,0,0,0,0,0,0,0,0,4.481981,0,0,0,0,0,0,0,0,0,0,0,0,0,0,0,0,0,0,0,0,0,0,0,0,0,0,0,0,0,0,0,0,0,0,0,0,0,0,0,0,0,0,0,0,0,0,0,0,0,0,0,0,0,0,0,0,0,0,0,0,0,0,0,0,0,0,0,0,0,0,0,0,0,0,0,0,0,0,0,0,0,0,0,0,0,0,0,0,0,0,0,0,0,0,0,0,0,0,0,0,0,0,0,0,0,0,0,0,0,0,0,0,0,0,0,0,0,0,0,0,0
2029,1,16,14,106.2582,9.785522,233.0691,185.985,10.14076,156.437,14.62395,11.50501,7.476611,25.35414,24.62773,9.633256,0,16.119,22.1375,0,10.17562,10.41021,132.2328,0,84.07688,2.734953,7.945383,135.9318,273.3042,0,11.71997,109.665,2.457748,7.539981,5.367999,0,0,0,0,29.75251,8.941285,0,114.1747,299.2074,56.10138,178.6657,40.05829,112.8551,26.86023,54.03624,0,0,0,0,0,0,0,0,128.7091,128.7091,0,128.7091,128.7091,0,0,0,0,18.47826,18.47826,46.19566,69.30102,0,0,0,0,0,0,0,0,0,0,0,0,0,0,0,3.612968,3.612968,53.4982,48.0012,52.5,48.0012,52.5,0,0,0,0,0,0,0,0,0,0,3.612968,42.12937,0,0,19.54527,0,19.54527,0,0,0,0,0,19.90022,19.90022,3.225839,3.225839,0,1.727273,4.435484,18.36735,18.36735,0,0,0,0,0,0,0,0,0,0,0,0,0,276.1364,276.1364,48.3423,232.3574,185.2369,81.85287,95.02004,0,0,0,0,178.6255,681.9608,928.341,0,0,0,0,0,0,0,0,0,0,0,0,0,0,0,0,0,0,0,0,0,0,0,0,0,0,79.02419,0,1000,0,0,0,0,0,374.1562,374.7265,373.87,6.8176,12.5566,2.581,0,0,0,0,0,0,0,0,0,0,0,0,0,0,0,0,0,0,0,0,0,0,0,0,0,0,0,0,0,0,0,0,0,0,0,0,0,0,0,0,0,0,0,0,0,0,0,379.4385,0,0,0,0,0,0,0,0,0,0,4.349124,0,0,0,0,0,0,0,0,0,0,0,0,0,0,0,0,0,0,0,0,0,0,0,0,0,0,0,0,0,0,0,0,0,0,0,0,0,0,0,0,0,0,0,0,0,0,0,0,0,0,0,0,0,0,0,0,0,0,0,0,0,0,0,0,0,0,0,0,0,0,0,0,0,0,0,0,0,0,0,0,0,0,0,0,0,0,0,0,0,0,0,0,0,0,0,0,0,0,0,0,0,0,0,0,0,0,0,0,0,0,0,0,0,0,0,0,0,0,0,0,0
2029,1,16,15,112.2189,10.53981,240.5096,193.5225,13.31697,159.2014,25.64442,12.39183,8.05292,27.30847,26.52608,10.3758,0,10.746,14.6575,0,10.95997,11.21264,76.3392,0,79.30793,2.638772,8.557826,142.3501,286.209,0,11.30781,113.025,2.647195,9.90159,7.049318,0,0,0,0,32.04589,9.630494,0,120.1357,308.1641,57.78077,89.17332,50.73163,186.0244,23.40325,56.12212,0,0,0,0,0,0,0,0,128.7091,128.7091,0,128.7091,128.7091,0,0,0,0,18.47826,18.47826,46.19566,69.30102,0,0,0,0,0,0,0,0,0,0,0,0,0,0,0,3.612968,3.612968,0,0,0,0,0,0,0,0,0,0,0,0,0,0,0,3.612968,42.12937,0,0,19.54527,0,19.54527,0,0,0,0,0,19.90022,19.90022,3.225839,3.225839,0,1.727273,4.435484,0,0,0,0,0,0,0,0,0,0,0,0,0,0,0,276.1364,276.1364,49.04215,231.5346,185.1948,83.25127,95.20643,0,0,0,0,166.312,598.6128,809.7903,0,0,0,0,0,0,0,0,0,0,0,0,0,0,0,0,0,0,0,0,0,0,0,0,0,0,79.84784,0,644.2136,0,0,0,0,0,374.1562,374.7265,373.87,6.8176,12.5566,2.581,0,0,0,0,0,0,0,0,0,0,0,0,0,0,0,0,0,0,0,0,0,0,0,0,0,0,0,0,0,0,0,0,0,0,0,0,0,0,0,0,0,0,0,0,0,0,0,408.6862,0,0,0,0,0,0,0,0,0,0,4.684361,0,0,0,0,0,0,0,0,0,0,0,0,0,0,0,0,0,0,0,0,0,0,0,0,0,0,0,0,0,0,0,0,0,0,0,0,0,0,0,0,0,0,0,0,0,0,0,0,0,0,0,0,0,0,0,0,0,0,0,0,0,0,0,0,0,0,0,0,0,0,0,0,0,0,0,0,0,0,0,0,0,0,0,0,0,0,0,0,0,0,0,0,0,0,0,0,0,0,0,0,0,0,0,0,0,0,0,0,0,0,0,0,0,0,0,0,0,0,0,0,0
2029,1,16,16,113.5989,11.67057,237.1839,196.7175,13.01909,157.5325,32.02327,13.72129,8.916877,30.23826,29.37192,11.48897,131.34,7.363,10.3125,0,12.13581,12.41559,122.8752,0,60.65586,2.668363,9.475952,144.4514,290.4337,0,11.43461,113.28,2.9312,9.680105,6.891634,0,0,0,0,35.48393,10.6637,0,121.5894,254.0377,47.63207,67.04521,106.6947,110.8116,15.75391,56.71864,0,0,0,0,0,0,0,0,128.7091,128.7091,0,128.7091,128.7091,0,0,0,0,18.47826,18.47826,46.19566,69.30102,0,0,0,0,0,0,0,0,0,0,0,0,0,0,0,3.612968,3.612968,0,0,0,0,0,0,0,0,0,0,0,0,0,0,0,3.612968,42.12937,0,0,19.54527,19.54527,19.54527,19.54527,19.54527,0,0,0,19.90022,19.90022,3.225839,3.225839,0,1.727273,4.435484,0,0,0,0,0,0,0,0,0,0,0,0,0,0,0,276.1364,276.1364,33.74837,210.8163,171.4127,83.25127,92.47318,0,0,0,0,166.784,460.7776,613.5246,0,0,0,0,0,0,0,0,0,0,0,0,0,0,0,0,0,0,0,0,0,0,0,0,0,0,80.23927,0,561.0086,0,0,0,0,0,374.1562,374.7265,373.87,6.8176,12.5566,2.581,0,0,0,0,0,0,0,0,0,0,0,0,0,0,0,0,0,0,0,0,0,0,0,0,0,0,0,0,0,0,0,0,0,0,0,0,0,0,0,0,0,0,0,0,0,0,0,452.5321,0,0,0,0,0,0,0,0,0,0,5.186923,0,0,0,0,0,0,0,0,0,0,0,0,0,0,0,0,0,0,0,0,0,0,0,0,0,0,0,0,0,0,0,0,0,0,0,0,0,0,0,0,0,0,0,0,0,0,0,0,0,0,0,0,0,0,0,0,0,0,0,0,0,0,0,0,0,0,0,0,0,0,0,0,0,0,0,0,0,0,0,0,0,0,0,0,0,0,0,0,0,0,0,0,0,0,0,0,0,0,0,0,0,0,0,0,0,0,0,0,0,0,0,0,0,0,0,0,0,0,0,0,0
2029,1,16,17,80.29906,6.392,195.4658,125.235,6.293506,92.39811,23.76717,7.515186,7.051199,23.91151,23.22643,9.085133,294.0449,0,0,0,6.646814,9.817874,69.9552,0,42.54633,1.807336,7.493298,95.81699,192.6495,0,7.744893,93.78,1.605425,4.679422,3.331458,0,0,0,0,28.05962,5.840536,0,74.60265,128.4768,24.08939,60.82382,77.14964,63.91692,7.091582,48.9633,0,0,0,0,0,0,0,0,128.7091,128.7091,0,128.7091,128.7091,0,0,0,0,18.47826,18.47826,46.19566,69.30102,0,0,0,0,0,0,0,0,0,0,0,0,0,0,0,3.612968,3.612968,53.4982,0,0,0,0,0,0,0,0,0,0,0,0,0,0,3.612968,42.12937,0,0,19.54527,0,19.54527,0,0,0,0,0,19.90022,19.90022,3.225839,3.225839,0,1.727273,4.435484,0,0,0,0,0,0,0,0,0,0,0,0,0,0,0,276.1364,276.1364,71.74438,95.52302,69.56396,83.15804,91.45677,0,0,0,0,223.5187,251.91,316.512,0,0,0,0,0,0,0,0,0,0,0,0,0,0,0,0,0,0,0,0,0,0,0,0,0,0,79.9188,0,0,0,0,0,0,0,374.1562,374.7265,373.87,6.8176,12.5566,2.581,0,0,0,0,0,0,0,0,0,0,0,0,0,0,0,0,0,0,0,0,0,0,0,0,0,0,0,0,0,0,0,0,0,0,0,0,0,0,0,0,0,0,0,0,0,0,0,357.8488,0,0,0,0,0,0,0,0,0,0,4.101663,0,0,0,0,0,0,0,0,0,0,0,0,0,0,0,0,0,0,0,0,0,0,0,0,0,0,0,0,0,0,0,0,0,0,0,0,0,0,0,0,0,0,0,0,0,0,0,0,0,0,0,0,0,0,0,0,0,0,0,0,0,0,0,0,0,0,0,0,0,0,0,0,0,0,0,0,0,0,0,0,0,0,0,0,0,0,0,0,0,0,0,0,0,0,0,0,0,0,0,0,0,0,0,0,0,0,0,0,0,0,0,0,0,0,0,0,0,0,0,0,0
2029,1,16,18,7.747084,0,28.30219,11.745,0,2.741835,0,0,1.643978,5.574938,5.415214,2.118187,294.0449,0,0,0,0,2.289025,2.016,0,1.20486,0.4217069,1.747053,10.9265,21.9688,0,1.807121,7.14,0,0,0,0,0,0,0,6.542066,0,0,6.284598,3.757967,0.704619,0,7.056712,0,0.05840519,8.577596,0,0,0,0,0,0,0,0,128.7091,128.7091,0,128.7091,128.7091,0,0,0,0,18.47826,18.47826,46.19566,69.30102,0,0,0,0,0,0,0,0,0,0,0,0,0,0,0,3.612968,3.612968,53.4982,48.0012,52.5,48.0012,52.5,0,0,0,0,0,0,0,0,0,0,3.612968,42.12937,0,0,19.54527,0,19.54527,0,0,0,0,0,19.90022,19.90022,3.225839,3.225839,0,1.727273,4.435484,0,0,0,0,0,0,0,0,0,0,0,0,0,0,0,276.1364,276.1364,67.14529,81.58276,59.21682,83.3445,91.7679,0,0,0,0,210.4636,82.4772,75.3129,0,0,0,0,0,0,0,0,0,0,0,0,0,0,0,0,0,0,0,0,0,0,0,0,0,0,79.72197,0,0,0,0,0,0,0,374.1562,374.7265,373.87,6.8176,12.5566,2.581,0,0,0,0,0,0,0,0,0,0,0,0,0,0,0,0,0,0,0,0,0,0,0,0,0,0,0,0,0,0,0,0,0,0,0,0,0,0,0,0,0,0,0,0,0,0,0,83.432,0,0,0,0,0,0,0,0,0,0,0.956298,0,0,0,0,0,0,0,0,0,0,0,0,0,0,0,0,0,0,0,0,0,0,0,0,0,0,0,0,0,0,0,0,0,0,0,0,0,0,0,0,0,0,0,0,0,0,0,0,0,0,0,0,0,0,0,0,0,0,0,0,0,0,0,0,0,0,0,0,0,0,0,0,0,0,0,0,0,0,0,0,0,0,0,0,0,0,0,0,0,0,0,0,0,0,0,0,0,0,0,0,0,0,0,0,0,0,0,0,0,0,0,0,0,0,0,0,0,0,0,0,0
2029,1,16,19,0,0,0,0,0,0,0,0,0,0,0,0,294.0449,0,0,0,0,0,0,0,0,0,0,0,0,0,0,0,0,0,0,0,0,0,0,0,0,0,0,0,0,0,0,0,0,0,0,0,0,0,0,0,0,0,128.7091,128.7091,0,128.7091,128.7091,0,0,0,0,18.47826,18.47826,46.19566,69.30102,0,0,0,0,0,0,0,0,0,0,0,0,0,0,0,3.612968,3.612968,53.4982,48.0012,52.5,48.0012,52.5,0,0,0,0,0,0,0,0,0,0,3.612968,42.12937,0,0,19.54527,0,19.54527,0,0,0,0,0,19.90022,19.90022,3.225839,3.225839,0,1.727273,4.435484,0,0,0,0,0,0,0,0,0,0,0,0,0,0,0,276.1364,276.1364,124.1828,29.38121,20.79964,83.3445,85.57781,0,0,0,0,191.7046,0,0,0,0,0,0,0,0,0,0,0,0,0,0,0,0,0,0,0,0,0,0,0,0,0,0,0,0,78.75373,0,0,0,0,0,0,0,374.1562,374.7265,373.87,6.8176,12.5566,2.581,0,0,0,0,0,0,0,0,0,0,0,0,0,0,0,0,0,0,0,0,0,0,0,0,0,0,0,0,0,0,0,0,0,0,0,0,0,0,0,0,0,0,0,0,0,0,0,0,0,0,0,0,0,0,0,0,0,0,0,0,0,0,0,0,0,0,0,0,0,0,0,0,0,0,0,0,0,0,0,0,0,0,0,0,0,0,0,0,0,0,0,0,0,0,0,0,0,0,0,0,0,0,0,0,0,0,0,0,0,0,0,0,0,0,0,0,0,0,0,0,0,0,0,0,0,0,0,0,0,0,0,0,0,0,0,0,0,0,0,0,0,0,0,0,0,0,0,0,0,0,0,0,0,0,0,0,0,0,0,0,0,0,0,0,0,0,0,0,0,0,0,0,0,0,0,0,0,0,0,0
2029,1,16,20,0,0,0,0,0,0,0,0,0,0,0,0,294.0449,0,0,0,0,0,0,0,0,0,0,0,0,0,0,0,0,0,0,0,0,0,0,0,0,0,0,0,0,0,0,0,0,0,0,0,0,0,0,0,0,0,128.7091,128.7091,0,128.7091,128.7091,0,0,0,0,18.47826,18.47826,46.19566,69.30102,0,0,0,0,0,0,0,0,0,0,0,0,0,0,0,3.612968,3.612968,53.4982,48.0012,52.5,48.0012,52.5,0,0,0,0,0,0,0,0,0,0,3.612968,42.12937,0,0,19.54527,0,19.54527,0,0,0,0,0,19.90022,19.90022,3.225839,3.225839,0,1.727273,4.435484,0,0,0,0,0,0,0,0,0,0,0,0,0,0,0,276.1364,276.1364,105.7586,10.80595,7.417907,83.06482,86.10648,0,0,0,0,151.3214,0,0,0,0,0,0,0,0,0,0,0,0,0,0,0,0,0,0,0,0,0,0,0,0,0,0,0,0,77.42175,0,0,0,0,0,0,0,374.1562,374.7265,373.87,6.8176,12.5566,2.581,0,0,0,0,0,0,0,0,0,0,0,0,0,0,0,0,0,0,0,0,0,0,0,0,0,0,0,0,0,0,0,0,0,0,0,0,0,0,0,0,0,0,0,0,0,0,0,0,0,0,0,0,0,0,0,0,0,0,0,0,0,0,0,0,0,0,0,0,0,0,0,0,0,0,0,0,0,0,0,0,0,0,0,0,0,0,0,0,0,0,0,0,0,0,0,0,0,0,0,0,0,0,0,0,0,0,0,0,0,0,0,0,0,0,0,0,0,0,0,0,0,0,0,0,0,0,0,0,0,0,0,0,0,0,0,0,0,0,0,0,0,0,0,0,0,0,0,0,0,0,0,0,0,0,0,0,0,0,0,0,0,0,0,0,0,0,0,0,0,0,0,0,0,0,0,0,0,0,0,0
2029,1,16,21,0,0,0,0,0,0,0,0,0,0,0,0,138.2011,0,0,0,0,0,0,0,0,0,0,0,0,0,0,0,0,0,0,0,0,0,0,0,0,0,0,0,0,0,0,0,0,0,0,0,0,0,0,0,0,0,128.7091,128.7091,0,128.7091,128.7091,0,0,0,0,18.47826,18.47826,46.19566,69.30102,0,0,0,0,0,0,0,0,0,0,0,0,0,0,0,3.612968,3.612968,53.4982,48.0012,52.5,48.0012,52.5,0,0,0,0,0,0,0,0,0,0,3.612968,42.12937,0,0,19.54527,0,19.54527,0,0,0,0,0,19.90022,19.90022,3.225839,3.225839,0,1.727273,4.435484,0,0,0,0,0,0,0,0,0,0,0,0,0,0,0,276.1364,276.1364,131.9465,57.09203,41.64143,82.87836,93.77213,0,0,0,0,123.505,0,0,0,0,0,0,0,0,0,0,0,0,0,0,0,0,0,0,0,0,0,0,0,0,0,0,0,0,77.99724,0,0,0,0,0,0,0,374.1562,374.7265,373.87,6.8176,12.5566,2.581,0,0,0,0,0,0,0,0,0,0,0,0,0,0,0,0,0,0,0,0,0,0,0,0,0,0,0,0,0,0,0,0,0,0,0,0,0,0,0,0,0,0,0,0,0,0,0,0,0,0,0,0,0,0,0,0,0,0,0,0,0,0,0,0,0,0,0,0,0,0,0,0,0,0,0,0,0,0,0,0,0,0,0,0,0,0,0,0,0,0,0,0,0,0,0,0,0,0,0,0,0,0,0,0,0,0,0,0,0,0,0,0,0,0,0,0,0,0,0,0,0,0,0,0,0,0,0,0,0,0,0,0,0,0,0,0,0,0,0,0,0,0,0,0,0,0,0,0,0,0,0,0,0,0,0,0,0,0,0,0,0,0,0,0,0,0,0,0,0,0,0,0,0,0,0,0,0,0,0,0
2029,1,16,22,0,0,0,0,0,0,0,0,0,0,0,0,0,0,0,0,0,0,0,0,0,0,0,0,0,0,0,0,0,0,0,0,0,0,0,0,0,0,0,0,0,0,0,0,0,0,0,0,0,0,0,0,0,0,128.7091,128.7091,0,128.7091,128.7091,0,0,0,0,18.47826,18.47826,46.19566,69.30102,0,0,0,0,0,0,0,0,0,0,0,0,0,0,0,3.612968,3.612968,53.4982,48.0012,52.5,48.0012,52.5,0,0,0,0,0,0,0,0,0,0,3.612968,42.12937,0,0,19.54527,0,19.54527,0,0,0,0,0,19.90022,19.90022,3.225839,3.225839,0,1.727273,4.435484,0,0,0,0,0,0,0,0,0,0,0,0,0,0,0,276.1364,276.1364,114.5404,41.60905,30.47243,82.59869,94.99036,0,0,0,0,68.01183,0,0,0,0,0,0,0,0,0,0,0,0,0,0,0,0,0,0,0,0,0,0,0,0,0,0,0,0,77.08744,0,0,0,0,0,0,0,374.1562,374.7265,373.87,6.8176,12.5566,2.581,0,0,0,0,0,0,0,0,0,0,0,0,0,0,0,0,0,0,0,0,0,0,0,0,0,0,0,0,0,0,0,0,0,0,0,0,0,0,0,0,0,0,0,0,0,0,0,0,0,0,0,0,0,0,0,0,0,0,0,0,0,0,0,0,0,0,0,0,0,0,0,0,0,0,0,0,0,0,0,0,0,0,0,0,0,0,0,0,0,0,0,0,0,0,0,0,0,0,0,0,0,0,0,0,0,0,0,0,0,0,0,0,0,0,0,0,0,0,0,0,0,0,0,0,0,0,0,0,0,0,0,0,0,0,0,0,0,0,0,0,0,0,0,0,0,0,0,0,0,0,0,0,0,0,0,0,0,0,0,0,0,0,0,0,0,0,0,0,0,0,0,0,0,0,0,0,0,0,0,0
2029,1,16,23,0,0,0,0,0,0,0,0,0,0,0,0,0,0,0,0,0,0,0,0,0,0,0,0,0,0,0,0,0,0,0,0,0,0,0,0,0,0,0,0,0,0,0,0,0,0,0,0,0,0,0,0,0,0,128.7091,128.7091,0,128.7091,128.7091,0,0,0,0,18.47826,18.47826,46.19566,69.30102,0,0,0,0,0,0,0,0,0,0,0,0,0,0,0,3.612968,3.612968,0,48.0012,52.5,48.0012,52.5,0,0,0,0,0,0,0,0,0,0,3.612968,42.12937,0,0,19.54527,0,19.54527,0,0,0,0,0,19.90022,19.90022,3.225839,3.225839,0,1.727273,4.435484,0,0,0,0,0,0,0,0,0,0,0,0,0,0,0,276.1364,276.1364,116.3038,56.39358,41.81002,83.25127,97,0,10.70162,0,0,61.09705,0,0,0,0,0,0,0,0,0,0,0,0,0,0,0,0,0,0,0,0,0,0,0,0,0,0,0,0,75.90749,0,0,0,0,0,0,0,374.1562,374.7265,373.87,6.8176,12.5566,2.581,0,0,0,0,0,0,0,0,0,0,0,0,0,0,0,0,0,0,0,0,0,0,0,0,0,0,0,0,0,0,0,0,0,0,0,0,0,0,0,0,0,0,0,0,0,0,0,0,0,0,0,0,0,0,0,0,0,0,0,0,0,0,0,0,0,0,0,0,0,0,0,0,0,0,0,0,0,0,0,0,0,0,0,0,0,0,0,0,0,0,0,0,0,0,0,0,0,0,0,0,0,0,0,0,0,0,0,0,0,0,0,0,0,0,0,0,0,0,0,0,0,0,0,0,0,0,0,0,0,0,0,0,0,0,0,0,0,0,0,0,0,0,0,0,0,0,0,0,0,0,0,0,0,0,0,0,0,0,0,0,0,0,0,0,0,0,0,0,0,0,0,0,0,0,0,0,0,0,0,0
2029,1,16,24,0,0,0,0,0,0,0,0,0,0,0,0,0,0,0,0,0,0,0,0,0,0,0,0,0,0,0,0,0,0,0,0,0,0,0,0,0,0,0,0,0,0,0,0,0,0,0,0,0,0,0,0,0,0,128.7091,128.7091,0,128.7091,128.7091,0,0,0,0,18.47826,18.47826,46.19566,69.30102,0,0,0,0,0,0,0,0,0,0,0,0,0,0,0,3.612968,3.612968,0,48.0012,52.5,48.0012,52.5,0,0,0,0,0,0,0,0,0,0,3.612968,42.12937,0,0,19.54527,0,19.54527,0,0,0,0,0,19.90022,19.90022,3.225839,3.225839,0,1.727273,4.435484,18.36735,18.36735,0,0,0,0,0,0,0,0,0,0,0,0,0,276.1364,276.1364,82.30109,106.9331,79.4264,83.15804,97,0,0,0,0,44.01215,0,0,0,0,0,0,0,0,0,0,0,0,0,0,0,0,0,0,0,0,0,0,0,0,0,0,0,0,74.58733,0,0,0,0,0,0,0,374.1562,374.7265,373.87,6.8176,12.5566,2.581,0,0,0,0,0,0,0,0,0,0,0,0,0,0,0,0,0,0,0,0,0,0,0,0,0,0,0,0,0,0,0,0,0,0,0,0,0,0,0,0,0,0,0,0,0,0,0,0,0,0,0,0,0,0,0,0,0,0,0,0,0,0,0,0,0,0,0,0,0,0,0,0,0,0,0,0,0,0,0,0,0,0,0,0,0,0,0,0,0,0,0,0,0,0,0,0,0,0,0,0,0,0,0,0,0,0,0,0,0,0,0,0,0,0,0,0,0,0,0,0,0,0,0,0,0,0,0,0,0,0,0,0,0,0,0,0,0,0,0,0,0,0,0,0,0,0,0,0,0,0,0,0,0,0,0,0,0,0,0,0,0,0,0,0,0,0,0,0,0,0,0,0,0,0,0,0,0,0,0,0
2029,1,17,1,0,0,0,0,0,0,0,0,0,0,0,0,0,0,0,0,0,0,0,0,0,0,0,0,0,0,0,0,0,0,0,0,0,0,0,0,0,0,0,0,0,0,0,0,0,0,0,0,0,0,0,0,0,0,128.7091,128.7091,0,128.7091,128.7091,0,0,0,0,18.47826,18.47826,46.19566,69.30102,0,0,0,0,0,0,0,0,0,0,0,0,0,0,0,0,0,0,0,0,0,0,0,0,0,0,0,0,0,0,0,0,0,0,0,0,0,0,0,0,0,0,0,0,0,0,0,0,0,0,0,0,0,0,0,0,0,0,0,0,0,0,0,0,0,0,276.1364,276.1364,90.79566,86.89732,63.91623,82.31901,13.99067,0,0,0,0,37.47934,0,0,0,0,0,0,0,0,0,0,0,0,0,0,0,0,0,0,0,0,0,0,0,0,0,0,0,0,73.63434,0,0,0,0,0,0,0,374.1562,374.7265,373.87,6.8176,12.5566,2.581,0,0,0,0,0,0,0,0,0,0,0,0,0,0,0,0,0,0,0,0,0,0,0,0,0,0,0,0,0,0,0,0,0,0,0,0,0,0,0,0,0,0,0,0,0,0,0,0,0,0,0,0,0,0,0,0,0,0,0,0,0,0,0,0,0,0,0,0,0,0,0,0,0,0,0,0,0,0,0,0,0,0,0,0,0,0,0,0,0,0,0,0,0,0,0,0,0,0,0,0,0,0,0,0,0,0,0,0,0,0,0,0,0,0,0,0,0,0,0,0,0,0,0,0,0,0,0,0,0,0,0,0,0,0,0,0,0,0,0,0,0,0,0,0,0,0,0,0,0,0,0,0,0,0,0,0,0,0,0,0,0,0,0,0,0,0,0,0,0,0,0,0,0,0,0,0,0,0,0,0
2029,1,17,2,0,0,0,0,0,0,0,0,0,0,0,0,0,0,0,0,0,0,0,0,0,0,0,0,0,0,0,0,0,0,0,0,0,0,0,0,0,0,0,0,0,0,0,0,0,0,0,0,0,0,0,0,0,0,128.7091,128.7091,0,128.7091,128.7091,0,0,0,0,18.47826,18.47826,46.19566,69.30102,0,0,0,0,0,0,0,0,0,0,0,0,0,0,0,3.612968,3.612968,0,48.0012,52.5,48.0012,52.5,0,0,0,0,0,0,0,0,0,0,3.612968,42.12937,0,0,19.54527,19.54527,19.54527,0,0,0,0,0,19.90022,19.90022,0,0,0,0,0,0,0,0,0,0,0,0,0,0,0,0,0,0,0,0,276.1364,276.1364,142.7554,17.00355,12.15947,76.35251,19.2829,0,0,0,0,41.76614,0,0,0,0,0,0,0,0,0,0,0,0,0,0,0,0,0,0,0,0,0,0,0,0,0,0,0,0,73.22706,0,0,0,0,0,0,0,374.1562,374.7265,373.87,6.8176,12.5566,2.581,0,0,0,0,0,0,0,0,0,0,0,0,0,0,0,0,0,0,0,0,0,0,0,0,0,0,0,0,0,0,0,0,0,0,0,0,0,0,0,0,0,0,0,0,0,0,0,0,0,0,0,0,0,0,0,0,0,0,0,0,0,0,0,0,0,0,0,0,0,0,0,0,0,0,0,0,0,0,0,0,0,0,0,0,0,0,0,0,0,0,0,0,0,0,0,0,0,0,0,0,0,0,0,0,0,0,0,0,0,0,0,0,0,0,0,0,0,0,0,0,0,0,0,0,0,0,0,0,0,0,0,0,0,0,0,0,0,0,0,0,0,0,0,0,0,0,0,0,0,0,0,0,0,0,0,0,0,0,0,0,0,0,0,0,0,0,0,0,0,0,0,0,0,0,0,0,0,0,0,0
2029,1,17,3,0,0,0,0,0,0,0,0,0,0,0,0,0,0,0,0,0,0,0,0,0,0,0,0,0,0,0,0,0,0,0,0,0,0,0,0,0,0,0,0,0,0,0,0,0,0,0,0,0,0,0,0,0,0,128.7091,128.7091,0,128.7091,128.7091,0,0,0,0,18.47826,18.47826,46.19566,69.30102,0,0,0,0,0,0,0,0,0,0,0,0,0,0,0,3.612968,3.612968,0,48.0012,52.5,48.0012,52.5,0,0,0,0,0,0,0,0,0,3.612968,3.612968,42.12937,19.54527,19.54527,19.54527,19.54527,19.54527,0,0,19.54527,19.54527,19.54527,19.90022,19.90022,3.225839,3.225839,0,1.727273,4.435484,18.36735,18.36735,0,0,0,0,0,0,0,0,0,0,0,0,0,276.1364,276.1364,134.1997,11.92652,8.387293,72.62345,7.456856,0,0,0,0,62.51759,0,0,0,0,0,0,0,0,0,0,0,0,0,0,0,0,0,0,0,0,0,0,0,0,0,0,0,0,73.06126,0,0,0,0,0,0,0,374.1562,374.7265,373.87,6.8176,12.5566,2.581,0,0,0,0,0,0,0,0,0,0,0,0,0,0,0,0,0,0,0,0,0,0,0,0,0,0,0,0,0,0,0,0,0,0,0,0,0,0,0,0,0,0,0,0,0,0,0,0,0,0,0,0,0,0,0,0,0,0,0,0,0,0,0,0,0,0,0,0,0,0,0,0,0,0,0,0,0,0,0,0,0,0,0,0,0,0,0,0,0,0,0,0,0,0,0,0,0,0,0,0,0,0,0,0,0,0,0,0,0,0,0,0,0,0,0,0,0,0,0,0,0,0,0,0,0,0,0,0,0,0,0,0,0,0,0,0,0,0,0,0,0,0,0,0,0,0,0,0,0,0,0,0,0,0,0,0,0,0,0,0,0,0,0,0,0,0,0,0,0,0,0,0,0,0,0,0,0,0,0,0
2029,1,17,4,0,0,0,0,0,0,0,0,0,0,0,0,0,0,0,0,0,0,0,0,0,0,0,0,0,0,0,0,0,0,0,0,0,0,0,0,0,0,0,0,0,0,0,0,0,0,0,0,0,0,0,0,0,0,128.7091,128.7091,0,128.7091,128.7091,0,0,0,0,18.47826,18.47826,46.19566,69.30102,0,0,0,0,0,0,0,0,0,0,0,0,0,0,0,3.612968,3.612968,0,48.0012,52.5,48.0012,52.5,0,0,0,0,0,0,0,0,0,3.612968,3.612968,42.12937,19.54527,19.54527,19.54527,19.54527,19.54527,0,0,19.54527,0,0,19.90022,19.90022,3.225839,3.225839,0,1.727273,4.435484,18.36735,18.36735,0,0,0,0,0,0,0,0,0,0,0,0,0,276.1364,276.1364,173.2918,85.61491,64.10589,72.99635,5.597347,0,12.07614,0,0,73.01071,0,0,0,0,0,0,0,0,0,0,0,0,0,0,0,0,0,0,0,0,0,0,0,0,0,0,0,0,73.57582,0,0,0,0,0,0,0,374.1562,374.7265,373.87,6.8176,12.5566,2.581,0,0,0,0,0,0,0,0,0,0,0,0,0,0,0,0,0,0,0,0,0,0,0,0,0,0,0,0,0,0,0,0,0,0,0,0,0,0,0,0,0,0,0,0,0,0,0,0,0,0,0,0,0,0,0,0,0,0,0,0,0,0,0,0,0,0,0,0,0,0,0,0,0,0,0,0,0,0,0,0,0,0,0,0,0,0,0,0,0,0,0,0,0,0,0,0,0,0,0,0,0,0,0,0,0,0,0,0,0,0,0,0,0,0,0,0,0,0,0,0,0,0,0,0,0,0,0,0,0,0,0,0,0,0,0,0,0,0,0,0,0,0,0,0,0,0,0,0,0,0,0,0,0,0,0,0,0,0,0,0,0,0,0,0,0,0,0,0,0,0,0,0,0,0,0,0,0,0,0,0
2029,1,17,5,0,0,0,0,0,0,0,0,0,0,0,0,0,0,0,0,0,0,0,0,0,0,0,0,0,0,0,0,0,0,0,0,0,0,0,0,0,0,0,0,0,0,0,0,0,0,0,0,0,0,0,0,0,0,128.7091,128.7091,0,128.7091,128.7091,0,0,0,0,18.47826,18.47826,46.19566,69.30102,0,0,0,0,0,0,0,0,0,0,0,0,0,0,0,3.612968,3.612968,0,48.0012,52.5,48.0012,52.5,0,0,0,0,0,0,0,0,0,3.612968,3.612968,42.12937,0,0,19.54527,0,19.54527,0,0,0,0,0,19.90022,19.90022,3.225839,3.225839,0,1.727273,4.435484,18.36735,18.36735,0,0,0,0,0,0,0,0,0,0,0,0,0,276.1364,276.1364,70.78936,176.3575,146.019,63.95338,2.26765,0,49.13909,0,0,65.95067,0,0,0,0,0,0,0,0,0,0,0,0,0,0,0,0,0,0,0,0,0,0,0,0,0,0,0,0,74.45676,0,0,0,0,0,0,0,374.1562,374.7265,373.87,6.8176,12.5566,2.581,0,0,0,0,0,0,0,0,0,0,0,0,0,0,0,0,0,0,0,0,0,0,0,0,0,0,0,0,0,0,0,0,0,0,0,0,0,0,0,0,0,0,0,0,0,0,0,0,0,0,0,0,0,0,0,0,0,0,0,0,0,0,0,0,0,0,0,0,0,0,0,0,0,0,0,0,0,0,0,0,0,0,0,0,0,0,0,0,0,0,0,0,0,0,0,0,0,0,0,0,0,0,0,0,0,0,0,0,0,0,0,0,0,0,0,0,0,0,0,0,0,0,0,0,0,0,0,0,0,0,0,0,0,0,0,0,0,0,0,0,0,0,0,0,0,0,0,0,0,0,0,0,0,0,0,0,0,0,0,0,0,0,0,0,0,0,0,0,0,0,0,0,0,0,0,0,0,0,0,0
2029,1,17,6,0,0,0,0,0,0,0,0,0,0,0,0,0,0,0,0,0,0,0,0,0,0,0,0,0,0,0,0,0,0,0,0,0,0,0,0,0,0,0,0,0,0,0,0,0,0,0,0,0,0,0,0,0,0,128.7091,128.7091,0,128.7091,128.7091,0,0,0,0,18.47826,18.47826,46.19566,69.30102,0,0,0,0,0,0,0,0,0,0,0,0,0,0,0,3.612968,3.612968,0,48.0012,52.5,48.0012,52.5,0,0,0,0,0,0,0,0,0,3.612968,3.612968,42.12937,0,0,19.54527,0,19.54527,0,0,0,0,0,19.90022,19.90022,3.225839,3.225839,0,1.727273,4.435484,18.36735,18.36735,0,0,0,0,0,0,0,0,0,0,0,0,0,276.1364,276.1364,50.71436,191.6536,160.6019,41.67225,0.6880606,0,44.03373,0,0,43.46758,0,0,0,0,0,0,0,0,0,0,0,0,0,0,0,0,0,0,0,0,0,0,0,0,0,0,0,0,76.1552,0,0,0,0,0,0,0,374.1562,374.7265,373.87,6.8176,12.5566,2.581,0,0,0,0,0,0,0,0,0,0,0,0,0,0,0,0,0,0,0,0,0,0,0,0,0,0,0,0,0,0,0,0,0,0,0,0,0,0,0,0,0,0,0,0,0,0,0,0,0,0,0,0,0,0,0,0,0,0,0,0,0,0,0,0,0,0,0,0,0,0,0,0,0,0,0,0,0,0,0,0,0,0,0,0,0,0,0,0,0,0,0,0,0,0,0,0,0,0,0,0,0,0,0,0,0,0,0,0,0,0,0,0,0,0,0,0,0,0,0,0,0,0,0,0,0,0,0,0,0,0,0,0,0,0,0,0,0,0,0,0,0,0,0,0,0,0,0,0,0,0,0,0,0,0,0,0,0,0,0,0,0,0,0,0,0,0,0,0,0,0,0,0,0,0,0,0,0,0,0,0
2029,1,17,7,0,0,0,0,0,0,0,0,0,0,0,0,0,0,0,0,0,0,0,0,0,0,0,0,0,0,0,0,0,0,0,0,0,0,0,0,0,0,0,0,0,0,0,0,0,0,0,0,0,0,0,0,0,0,128.7091,128.7091,0,128.7091,128.7091,0,0,0,0,18.47826,18.47826,46.19566,69.30102,0,0,0,0,0,0,0,0,0,0,0,0,0,0,0,3.612968,3.612968,0,48.0012,52.5,48.0012,52.5,0,0,0,0,0,0,0,0,0,3.612968,3.612968,42.12937,0,0,19.54527,0,19.54527,0,0,0,0,0,19.90022,19.90022,3.225839,3.225839,0,1.727273,4.435484,18.36735,18.36735,0,0,0,0,0,0,0,0,0,0,0,0,0,276.1364,276.1364,29.33635,214.6569,177.8612,20.13692,1.04284,0,0,0,0,116.8774,0,0,0,0,0,0,0,0,0,0,0,0,0,0,0,0,0,0,0,0,0,0,0,0,0,0,0,0,77.1659,0,0,0,0,0,0,0,374.1562,374.7265,373.87,6.8176,12.5566,2.581,0,0,0,0,0,0,0,0,0,0,0,0,0,0,0,0,0,0,0,0,0,0,0,0,0,0,0,0,0,0,0,0,0,0,0,0,0,0,0,0,0,0,0,0,0,0,0,0,0,0,0,0,0,0,0,0,0,0,0,0,0,0,0,0,0,0,0,0,0,0,0,0,0,0,0,0,0,0,0,0,0,0,0,0,0,0,0,0,0,0,0,0,0,0,0,0,0,0,0,0,0,0,0,0,0,0,0,0,0,0,0,0,0,0,0,0,0,0,0,0,0,0,0,0,0,0,0,0,0,0,0,0,0,0,0,0,0,0,0,0,0,0,0,0,0,0,0,0,0,0,0,0,0,0,0,0,0,0,0,0,0,0,0,0,0,0,0,0,0,0,0,0,0,0,0,0,0,0,0,0
2029,1,17,8,0,0,0,2.0475,0,0,0.180274,0,0.046177,0.156592,0.152105,0.05949676,0,53.0335,76.34,0,0,0.064295,0,0,1.425636,0.02192967,0.049072,0,0,0,0.093974,0,0,0,0,0,0,0,0,0.183757,0,0,0,0.094249,0.017672,0,0,0,0,0,0,0,0,0,0,0,0,0,128.7091,128.7091,0,128.7091,128.7091,0,0,0,0,18.47826,18.47826,46.19566,69.30102,0,0,0,0,0,0,0,0,0,0,0,0,0,0,0,3.612968,3.612968,0,48.0012,52.5,48.0012,52.5,0,0,0,0,0,0,0,0,0,3.612968,3.612968,42.12937,0,0,19.54527,0,19.54527,0,0,0,0,0,19.90022,19.90022,3.225839,3.225839,0,1.727273,4.435484,18.36735,18.36735,0,0,0,0,0,0,0,0,0,0,0,0,0,276.1364,276.1364,17.024,217.7768,179.7367,15.4756,0.3213423,0,0,0,0,115.8884,0,0,0,0,0,0,0,0,0,0,0,0,0,0,0,0,0,0,0,0,0,0,0,0,0,0,0,0,76.62981,0,0,0,0,0,0,0,374.1562,374.7265,373.87,6.8176,12.5566,2.581,0,0,0,0,0,0,0,0,0,0,0,0,0,0,0,0,0,0,0,0,0,0,0,0,0,0,0,0,0,0,0,0,0,0,0,0,0,0,0,0,0,0,0,0,0,0,0,2.343482,0,0,0,0,0,0,0,0,0,0,0.026861,0,0,0,0,0,0,0,0,0,0,0,0,0,0,0,0,0,0,0,0,0,0,0,0,0,0,0,0,0,0,0,0,0,0,0,0,0,0,0,0,0,0,0,0,0,0,0,0,0,0,0,0,0,0,0,0,0,0,0,0,0,0,0,0,0,0,0,0,0,0,0,0,0,0,0,0,0,0,0,0,0,0,0,0,0,0,0,0,0,0,0,0,0,0,0,0,0,0,0,0,0,0,0,0,0,0,0,0,0,0,0,0,0,0,0,0,0,0,0,0,0
2029,1,17,9,54.30575,0.5358568,91.37433,80.55,0,63.86023,21.18682,0.630016,2.576823,8.738333,8.487977,3.320113,0,152.9315,217.0575,0,0.557219,3.58789,85.1424,0,44.91348,0.3376567,2.738386,64.29825,129.278,0,1.446945,64.065,0.1345867,0,0,0,0,0,0,10.25424,0.4896263,0,65.05214,36.52679,6.848773,0,96.45399,116.4815,3.992216,3.928189,0,0,0,0,0,0,0,0,128.7091,128.7091,0,128.7091,128.7091,0,0,0,0,18.47826,18.47826,46.19566,69.30102,0,0,0,0,0,0,0,0,0,0,0,0,0,0,0,3.612968,3.612968,0,48.0012,52.5,48.0012,52.5,0,0,0,0,0,0,0,0,0,3.612968,3.612968,42.12937,0,0,19.54527,0,19.54527,0,0,0,0,0,19.90022,19.90022,3.225839,3.225839,0,1.727273,4.435484,18.36735,18.36735,0,0,0,0,0,0,0,0,0,0,0,0,0,276.1364,276.1364,4.798663,93.18277,67.75163,16.31464,0.2559428,0,0,0,0,98.32813,178.0164,209.4066,0,0,0,0,0,0,0,0,0,0,0,0,0,0,0,0,0,0,0,0,0,0,0,0,0,0,77.61387,0,0,0,0,0,0,0,374.1562,374.7265,373.87,6.8176,12.5566,2.581,0,0,0,0,0,0,0,0,0,0,0,0,0,0,0,0,0,0,0,0,0,0,0,0,0,0,0,0,0,0,0,0,0,0,0,0,0,0,0,0,0,0,0,0,0,0,0,130.7739,0,0,0,0,0,0,0,0,0,0,1.498931,0,0,0,0,0,0,0,0,0,0,0,0,0,0,0,0,0,0,0,0,0,0,0,0,0,0,0,0,0,0,0,0,0,0,0,0,0,0,0,0,0,0,0,0,0,0,0,0,0,0,0,0,0,0,0,0,0,0,0,0,0,0,0,0,0,0,0,0,0,0,0,0,0,0,0,0,0,0,0,0,0,0,0,0,0,0,0,0,0,0,0,0,0,0,0,0,0,0,0,0,0,0,0,0,0,0,0,0,0,0,0,0,0,0,0,0,0,0,0,0,0
2029,1,17,10,114.6746,8.454637,240.6497,194.355,3.584227,155.362,49.15355,9.940264,6.45975,21.90583,21.27822,8.323079,0,152.7325,217.745,0,8.791677,8.994359,143.6232,0,87.52613,1.413938,6.864766,146.5908,294.7353,0,6.059081,117.21,2.123481,2.664987,1.897306,0,0,0,0,25.70601,7.72522,0,123.8858,128.4876,24.09143,118.3159,179.1946,238.9647,11.54195,13.13863,0,0,0,0,0,0,0,0,128.7091,128.7091,0,128.7091,128.7091,0,0,0,0,18.47826,18.47826,46.19566,69.30102,0,0,0,0,0,0,0,0,0,0,0,0,0,0,0,3.612968,3.612968,0,0,0,0,0,0,0,0,0,0,0,0,0,0,3.612968,3.612968,42.12937,0,0,19.54527,0,19.54527,0,0,0,0,0,19.90022,19.90022,3.225839,3.225839,0,1.727273,4.435484,0,0,0,0,0,0,0,0,0,0,0,0,0,0,0,276.1364,276.1364,3.352382,29.39065,21.15789,20.4166,0,0,0,0,0,14.52585,360.0136,468.2682,0,0,0,0,0,0,0,0,0,0,0,0,0,0,0,0,0,0,0,0,0,0,0,0,0,0,78.11693,0,0,0,0,0,0,0,374.1562,374.7265,373.87,6.8176,12.5566,2.581,0,0,0,0,0,0,0,0,0,0,0,0,0,0,0,0,0,0,0,0,0,0,0,0,0,0,0,0,0,0,0,0,0,0,0,0,0,0,0,0,0,0,0,0,0,0,0,327.8327,0,0,0,0,0,0,0,0,0,0,3.757619,0,0,0,0,0,0,0,0,0,0,0,0,0,0,0,0,0,0,0,0,0,0,0,0,0,0,0,0,0,0,0,0,0,0,0,0,0,0,0,0,0,0,0,0,0,0,0,0,0,0,0,0,0,0,0,0,0,0,0,0,0,0,0,0,0,0,0,0,0,0,0,0,0,0,0,0,0,0,0,0,0,0,0,0,0,0,0,0,0,0,0,0,0,0,0,0,0,0,0,0,0,0,0,0,0,0,0,0,0,0,0,0,0,0,0,0,0,0,0,0,0
2029,1,17,11,115.7942,5.926032,249.7701,193.9275,8.947308,161.8557,50.49373,6.96734,4.527774,15.35426,14.91435,5.833821,0,134.6235,192.5825,0,6.162271,6.304335,144.5808,0,88.89435,1.477248,4.811659,153.6587,308.9459,0,6.330383,119.055,1.488392,6.652609,4.736245,0,0,0,0,18.01788,5.414769,0,121.5979,238.5733,44.73249,218.0907,174.574,240.7463,19.70785,23.20997,0,0,0,0,0,0,0,0,128.7091,128.7091,0,128.7091,128.7091,0,0,0,0,18.47826,18.47826,46.19566,69.30102,0,0,0,0,0,0,0,0,0,0,0,0,0,0,0,3.612968,3.612968,0,0,0,0,0,0,0,0,0,0,0,0,0,0,3.612968,3.612968,42.12937,0,0,19.54527,0,19.54527,0,0,0,0,0,19.90022,19.90022,3.225839,3.225839,0,1.727273,4.435484,0,0,0,0,0,0,0,0,0,0,0,0,0,0,0,276.1364,276.1364,5.689711,106.2614,79.4264,28.79987,0,0,0,0,0,76.72546,510.4132,682.1964,0,0,0,0,0,0,0,0,0,0,0,0,0,0,0,0,0,0,0,0,0,0,0,0,0,0,78.31274,0,84.77691,0,0,0,0,0,374.1562,374.7265,373.87,6.8176,12.5566,2.581,0,0,0,0,0,0,0,0,0,0,0,0,0,0,0,0,0,0,0,0,0,0,0,0,0,0,0,0,0,0,0,0,0,0,0,0,0,0,0,0,0,0,0,0,0,0,0,229.7848,0,0,0,0,0,0,0,0,0,0,2.633794,0,0,0,0,0,0,0,0,0,0,0,0,0,0,0,0,0,0,0,0,0,0,0,0,0,0,0,0,0,0,0,0,0,0,0,0,0,0,0,0,0,0,0,0,0,0,0,0,0,0,0,0,0,0,0,0,0,0,0,0,0,0,0,0,0,0,0,0,0,0,0,0,0,0,0,0,0,0,0,0,0,0,0,0,0,0,0,0,0,0,0,0,0,0,0,0,0,0,0,0,0,0,0,0,0,0,0,0,0,0,0,0,0,0,0,0,0,0,0,0,0
2029,1,17,12,108.866,6.901048,242.9144,186.39,8.564231,157.8072,48.57148,8.113683,5.272733,17.88051,17.36822,6.793665,0,130.743,187.33,0,7.176155,7.341593,138.684,0,84.94612,1.097384,5.603325,144.4132,290.3569,0,4.70257,113.145,1.733279,6.367779,4.533463,0,0,0,0,20.98238,6.305666,0,115.1153,248.8525,46.65985,215.8118,162.8344,225.5334,23.72113,37.50423,0,0,0,0,0,0,0,0,128.7091,128.7091,0,128.7091,128.7091,0,0,0,0,18.47826,18.47826,46.19566,69.30102,0,0,0,0,0,0,0,0,0,0,0,0,0,0,0,3.612968,3.612968,0,0,0,0,0,0,0,0,0,0,0,0,0,0,3.612968,3.612968,42.12937,19.54527,19.54527,19.54527,19.54527,19.54527,0,0,0,0,0,19.90022,19.90022,3.225839,3.225839,0,1.727273,4.435484,0,0,0,0,0,0,0,0,0,0,0,0,0,0,0,276.1364,276.1364,3.363928,133.1707,98.32941,41.21914,0,0,5.93989,0,0,139.0431,607.072,819.8226,0,0,0,0,0,0,0,0,0,0,0,0,0,0,0,0,0,0,0,0,0,0,0,0,0,0,78.57679,0,478.2111,0,0,0,0,0,374.1562,374.7265,373.87,6.8176,12.5566,2.581,0,0,0,0,0,0,0,0,0,0,0,0,0,0,0,0,0,0,0,0,0,0,0,0,0,0,0,0,0,0,0,0,0,0,0,0,0,0,0,0,0,0,0,0,0,0,0,267.5916,0,0,0,0,0,0,0,0,0,0,3.067134,0,0,0,0,0,0,0,0,0,0,0,0,0,0,0,0,0,0,0,0,0,0,0,0,0,0,0,0,0,0,0,0,0,0,0,0,0,0,0,0,0,0,0,0,0,0,0,0,0,0,0,0,0,0,0,0,0,0,0,0,0,0,0,0,0,0,0,0,0,0,0,0,0,0,0,0,0,0,0,0,0,0,0,0,0,0,0,0,0,0,0,0,0,0,0,0,0,0,0,0,0,0,0,0,0,0,0,0,0,0,0,0,0,0,0,0,0,0,0,0,0
2029,1,17,13,103.0438,6.808008,234.3437,178.7625,8.348136,154.382,46.22516,8.004294,5.201647,17.63944,17.13407,6.702073,0,138.2055,198.385,0,7.079407,7.242614,133.9296,0,82.83044,1.371731,5.527782,137.6128,276.684,0,5.878212,109.2,1.709911,6.207105,4.419074,0,0,0,0,20.69949,6.220654,0,110.779,198.6751,37.25158,206.2404,156.4132,215.6483,25.39002,26.89036,0,0,0,0,0,0,0,0,128.7091,128.7091,0,128.7091,128.7091,0,0,0,0,18.47826,18.47826,46.19566,69.30102,0,0,0,0,0,0,0,0,0,0,0,0,0,0,0,3.612968,3.612968,0,0,0,0,0,0,0,0,0,0,0,0,0,0,3.612968,3.612968,42.12937,0,0,19.54527,0,19.54527,0,0,0,0,0,19.90022,19.90022,3.225839,3.225839,0,1.727273,4.435484,0,0,0,0,0,0,0,0,0,0,0,0,0,0,0,276.1364,276.1364,2.290763,175.4812,134.8921,59.31274,0,0,0,0,0,167.3569,647.3776,877.0491,0,0,0,0,0,0,0,0,0,0,0,0,0,0,0,0,0,0,0,0,0,0,0,0,0,0,78.83818,0,470.101,0,0,0,0,0,374.1562,374.7265,373.87,6.8176,12.5566,2.581,0,0,0,0,0,0,0,0,0,0,0,0,0,0,0,0,0,0,0,0,0,0,0,0,0,0,0,0,0,0,0,0,0,0,0,0,0,0,0,0,0,0,0,0,0,0,0,263.9839,0,0,0,0,0,0,0,0,0,0,3.025783,0,0,0,0,0,0,0,0,0,0,0,0,0,0,0,0,0,0,0,0,0,0,0,0,0,0,0,0,0,0,0,0,0,0,0,0,0,0,0,0,0,0,0,0,0,0,0,0,0,0,0,0,0,0,0,0,0,0,0,0,0,0,0,0,0,0,0,0,0,0,0,0,0,0,0,0,0,0,0,0,0,0,0,0,0,0,0,0,0,0,0,0,0,0,0,0,0,0,0,0,0,0,0,0,0,0,0,0,0,0,0,0,0,0,0,0,0,0,0,0,0
2029,1,17,14,104.968,7.419583,235.4203,182.25,8.117307,154.9226,46.5032,8.723334,5.668919,19.22403,18.67325,7.304132,0,142.7825,203.5825,0,7.715362,7.893231,135.1056,0,84.52635,2.659047,6.024352,140.3635,282.2146,0,11.39469,112.245,1.863515,6.035477,4.296885,0,0,0,0,22.55897,6.779465,0,112.817,235.1347,44.08776,213.5329,154.0843,218.8665,24.43637,46.85916,0,0,0,0,0,0,0,0,128.7091,128.7091,0,128.7091,128.7091,0,0,0,0,18.47826,18.47826,46.19566,69.30102,0,0,0,0,0,0,0,0,0,0,0,0,0,0,0,3.612968,3.612968,0,0,0,0,0,0,0,0,0,0,0,0,0,0,3.612968,3.612968,42.12937,0,0,19.54527,0,19.54527,0,0,0,0,0,19.90022,19.90022,3.225839,3.225839,0,1.727273,4.435484,0,0,0,0,0,0,0,0,0,0,0,0,0,0,0,276.1364,276.1364,4.436204,190.7518,148.0631,64.66588,0.1404089,0,11.19252,0,0,178.6255,624.3636,844.4088,0,0,0,0,0,0,0,0,0,0,0,0,0,0,0,0,0,0,0,0,0,0,0,0,0,0,79.02419,0,354.4382,0,0,0,0,0,374.1562,374.7265,373.87,6.8176,12.5566,2.581,0,0,0,0,0,0,0,0,0,0,0,0,0,0,0,0,0,0,0,0,0,0,0,0,0,0,0,0,0,0,0,0,0,0,0,0,0,0,0,0,0,0,0,0,0,0,0,287.698,0,0,0,0,0,0,0,0,0,0,3.297595,0,0,0,0,0,0,0,0,0,0,0,0,0,0,0,0,0,0,0,0,0,0,0,0,0,0,0,0,0,0,0,0,0,0,0,0,0,0,0,0,0,0,0,0,0,0,0,0,0,0,0,0,0,0,0,0,0,0,0,0,0,0,0,0,0,0,0,0,0,0,0,0,0,0,0,0,0,0,0,0,0,0,0,0,0,0,0,0,0,0,0,0,0,0,0,0,0,0,0,0,0,0,0,0,0,0,0,0,0,0,0,0,0,0,0,0,0,0,0,0,0
2029,1,17,15,111.3471,5.443766,243.2714,190.53,11.09843,159.1957,48.25143,6.40033,4.159299,14.10471,13.70061,5.359058,82.33256,117.012,166.43,0,5.660779,5.791282,139.7256,0,87.23803,1.477248,4.420081,145.9796,293.5063,0,6.330383,116.295,1.367265,8.252039,5.87494,0,0,0,0,16.55157,4.97411,0,118.8958,258.1754,48.40788,218.7743,168.768,227.468,20.82044,53.46059,0,0,0,0,0,0,0,0,128.7091,128.7091,0,128.7091,128.7091,0,0,0,0,18.47826,18.47826,46.19566,69.30102,0,0,0,0,0,0,0,0,0,0,0,0,0,0,0,3.612968,3.612968,0,0,0,0,0,0,0,0,0,0,0,0,0,0,3.612968,3.612968,42.12937,0,0,19.54527,0,19.54527,0,0,0,0,0,19.90022,19.90022,3.225839,3.225839,0,1.727273,4.435484,0,0,0,0,0,0,0,0,0,0,0,0,0,0,0,276.1364,276.1364,1.257501,216.2223,164.627,60.97013,0.02064087,0,9.22892,0,0,166.312,537.1592,720.3474,0,0,0,0,0,0,0,0,0,0,0,0,0,0,0,0,0,0,0,0,0,0,0,0,0,0,79.84784,0,331.1268,0,0,0,0,0,374.1562,374.7265,373.87,6.8176,12.5566,2.581,0,0,0,0,0,0,0,0,0,0,0,0,0,0,0,0,0,0,0,0,0,0,0,0,0,0,0,0,0,0,0,0,0,0,0,0,0,0,0,0,0,0,0,0,0,0,0,211.0847,0,0,0,0,0,0,0,0,0,0,2.419453,0,0,0,0,0,0,0,0,0,0,0,0,0,0,0,0,0,0,0,0,0,0,0,0,0,0,0,0,0,0,0,0,0,0,0,0,0,0,0,0,0,0,0,0,0,0,0,0,0,0,0,0,0,0,0,0,0,0,0,0,0,0,0,0,0,0,0,0,0,0,0,0,0,0,0,0,0,0,0,0,0,0,0,0,0,0,0,0,0,0,0,0,0,0,0,0,0,0,0,0,0,0,0,0,0,0,0,0,0,0,0,0,0,0,0,0,0,0,0,0,0
2029,1,17,16,113.555,3.939734,246.8022,192.825,9.458078,157.916,48.95353,4.632014,3.010147,10.20779,9.915333,3.87843,212.6924,83.8785,120.9725,0,4.09679,4.191237,143.4552,0,88.30528,0.8441418,3.198878,148.31,298.192,0,3.617362,117.54,0.9895102,7.032382,5.00662,0,0,0,0,11.97861,3.599837,0,119.122,225.5716,42.29468,217.407,172.1608,231.4175,13.13137,54.06912,0,0,0,0,0,0,0,0,128.7091,128.7091,0,128.7091,128.7091,0,0,0,0,18.47826,18.47826,46.19566,69.30102,0,0,0,0,0,0,0,0,0,0,0,0,0,0,0,3.612968,3.612968,0,0,0,0,0,0,0,0,0,0,0,0,0,0,3.612968,3.612968,42.12937,0,0,19.54527,0,19.54527,0,0,0,0,0,19.90022,19.90022,3.225839,3.225839,0,1.727273,4.435484,0,0,0,0,0,0,0,0,0,0,0,0,0,0,0,276.1364,276.1364,14.54388,207.0729,159.5061,72.53022,0.03023785,0,18.26148,0,0,166.784,398.3288,522.81,0,0,0,0,0,0,0,0,0,0,0,0,0,0,0,0,0,0,0,0,0,0,0,0,0,0,80.23927,0,106.2153,0,0,0,0,0,374.1562,374.7265,373.87,6.8176,12.5566,2.581,0,0,0,0,0,0,0,0,0,0,0,0,0,0,0,0,0,0,0,0,0,0,0,0,0,0,0,0,0,0,0,0,0,0,0,0,0,0,0,0,0,0,0,0,0,0,0,152.7651,0,0,0,0,0,0,0,0,0,0,1.750994,0,0,0,0,0,0,0,0,0,0,0,0,0,0,0,0,0,0,0,0,0,0,0,0,0,0,0,0,0,0,0,0,0,0,0,0,0,0,0,0,0,0,0,0,0,0,0,0,0,0,0,0,0,0,0,0,0,0,0,0,0,0,0,0,0,0,0,0,0,0,0,0,0,0,0,0,0,0,0,0,0,0,0,0,0,0,0,0,0,0,0,0,0,0,0,0,0,0,0,0,0,0,0,0,0,0,0,0,0,0,0,0,0,0,0,0,0,0,0,0,0
2029,1,17,17,77.40549,0,213.7064,121.23,4.402628,99.36312,32.94239,0,1.745716,5.919944,5.750336,2.249272,294.0449,3.184,4.51,0,0,2.430682,128.3184,0,58.96391,0.4009674,1.85517,99.56104,200.1773,0,1.718247,100.26,0,3.273494,2.330525,0,0,0,0,6.946923,0,0,72.66347,128.8885,24.1666,230.0777,146.2319,154.7155,5.859783,46.23421,0,0,0,0,0,0,0,0,128.7091,128.7091,0,128.7091,128.7091,0,0,0,0,18.47826,18.47826,46.19566,69.30102,0,0,0,0,0,0,0,0,0,0,0,0,0,0,0,3.612968,3.612968,0,0,0,0,0,0,0,0,0,0,0,0,0,0,3.612968,3.612968,42.12937,0,0,19.54527,0,19.54527,0,0,0,0,0,19.90022,19.90022,3.225839,3.225839,0,1.727273,4.435484,0,0,0,0,0,0,0,0,0,0,0,0,0,0,0,276.1364,276.1364,16.11485,211.162,161.782,57.05462,1.928168,0,22.5814,0,0,223.5187,223.0492,273.4155,0,0,0,0,0,0,0,0,0,0,0,0,0,0,0,0,0,0,0,0,0,0,0,0,0,0,79.9188,0,0,0,0,0,0,0,374.1562,374.7265,373.87,6.8176,12.5566,2.581,0,0,0,0,0,0,0,0,0,0,0,0,0,0,0,0,0,0,0,0,0,0,0,0,0,0,0,0,0,0,0,0,0,0,0,0,0,0,0,0,0,0,0,0,0,0,0,88.5952,0,0,0,0,0,0,0,0,0,0,1.015478,0,0,0,0,0,0,0,0,0,0,0,0,0,0,0,0,0,0,0,0,0,0,0,0,0,0,0,0,0,0,0,0,0,0,0,0,0,0,0,0,0,0,0,0,0,0,0,0,0,0,0,0,0,0,0,0,0,0,0,0,0,0,0,0,0,0,0,0,0,0,0,0,0,0,0,0,0,0,0,0,0,0,0,0,0,0,0,0,0,0,0,0,0,0,0,0,0,0,0,0,0,0,0,0,0,0,0,0,0,0,0,0,0,0,0,0,0,0,0,0,0
2029,1,17,18,5.900255,0,34.30009,11.7,0,3.889887,4.129651,0,0.487601,1.653515,1.606141,0.62825,294.0449,0,0,0,0,0.67892,17.976,0,4.493723,0.08441418,0.518172,10.77368,21.66155,0,0.361736,9.615,0,0,0,0,0,0,0,1.940363,0,0,4.978007,4.175405,0.782888,103.2797,26.52387,28.14233,0,8.620411,0,0,0,0,0,0,0,0,128.7091,128.7091,0,128.7091,128.7091,0,0,0,0,18.47826,18.47826,46.19566,69.30102,0,0,0,0,0,0,0,0,0,0,0,0,0,0,0,3.612968,3.612968,0,48.0012,52.5,48.0012,52.5,0,0,0,0,0,0,0,0,0,3.612968,3.612968,42.12937,19.54527,0,19.54527,0,19.54527,0,0,0,0,0,19.90022,19.90022,3.225839,3.225839,0,1.727273,4.435484,0,0,0,0,0,0,0,0,0,0,0,0,0,0,0,276.1364,276.1364,30.07662,204.9484,158.0731,43.81646,3.53819,0,22.92503,0,0,210.4636,54.4872,33.6294,0,0,0,0,0,0,0,0,0,0,0,0,0,0,0,0,0,0,0,0,0,0,0,0,0,0,79.72197,0,0,0,0,0,0,0,374.1562,374.7265,373.87,6.8176,12.5566,2.581,0,0,0,0,0,0,0,0,0,0,0,0,0,0,0,0,0,0,0,0,0,0,0,0,0,0,0,0,0,0,0,0,0,0,0,0,0,0,0,0,0,0,0,0,0,0,0,24.74576,0,0,0,0,0,0,0,0,0,0,0.283636,0,0,0,0,0,0,0,0,0,0,0,0,0,0,0,0,0,0,0,0,0,0,0,0,0,0,0,0,0,0,0,0,0,0,0,0,0,0,0,0,0,0,0,0,0,0,0,0,0,0,0,0,0,0,0,0,0,0,0,0,0,0,0,0,0,0,0,0,0,0,0,0,0,0,0,0,0,0,0,0,0,0,0,0,0,0,0,0,0,0,0,0,0,0,0,0,0,0,0,0,0,0,0,0,0,0,0,0,0,0,0,0,0,0,0,0,0,0,0,0,0
2029,1,17,19,0,0,0,0,0,0,0,0,0,0,0,0,294.0449,0,0,0,0,0,0,0,0,0,0,0,0,0,0,0,0,0,0,0,0,0,0,0,0,0,0,0,0,0,0,0,0,0,0,0,0,0,0,0,0,0,128.7091,128.7091,0,128.7091,128.7091,0,0,0,0,18.47826,18.47826,46.19566,69.30102,0,0,0,0,0,0,0,0,0,0,0,0,0,0,0,3.612968,3.612968,0,48.0012,52.5,48.0012,52.5,0,0,0,0,0,0,0,0,0,3.612968,3.612968,42.12937,0,0,19.54527,0,19.54527,0,0,0,0,0,19.90022,19.90022,3.225839,3.225839,0,1.727273,4.435484,0,0,0,0,0,0,0,0,0,0,0,0,0,0,0,276.1364,276.1364,34.8181,112.061,77.48763,36.35834,8.657598,0,86.05477,0,0,191.7046,0,0,0,0,0,0,0,0,0,0,0,0,0,0,0,0,0,0,0,0,0,0,0,0,0,0,0,0,78.75373,0,0,0,0,0,0,0,374.1562,374.7265,373.87,6.8176,12.5566,2.581,0,0,0,0,0,0,0,0,0,0,0,0,0,0,0,0,0,0,0,0,0,0,0,0,0,0,0,0,0,0,0,0,0,0,0,0,0,0,0,0,0,0,0,0,0,0,0,0,0,0,0,0,0,0,0,0,0,0,0,0,0,0,0,0,0,0,0,0,0,0,0,0,0,0,0,0,0,0,0,0,0,0,0,0,0,0,0,0,0,0,0,0,0,0,0,0,0,0,0,0,0,0,0,0,0,0,0,0,0,0,0,0,0,0,0,0,0,0,0,0,0,0,0,0,0,0,0,0,0,0,0,0,0,0,0,0,0,0,0,0,0,0,0,0,0,0,0,0,0,0,0,0,0,0,0,0,0,0,0,0,0,0,0,0,0,0,0,0,0,0,0,0,0,0,0,0,0,0,0,0
2029,1,17,20,0,0,0,0,0,0,0,0,0,0,0,0,294.0449,0,0,0,0,0,0,0,0,0,0,0,0,0,0,0,0,0,0,0,0,0,0,0,0,0,0,0,0,0,0,0,0,0,0,0,0,0,0,0,0,0,128.7091,128.7091,0,128.7091,128.7091,0,0,0,0,18.47826,18.47826,46.19566,69.30102,0,0,0,0,0,0,0,0,0,0,0,0,0,0,0,3.612968,3.612968,0,48.0012,52.5,48.0012,52.5,0,0,0,0,0,0,0,0,0,3.612968,3.612968,42.12937,0,0,19.54527,0,19.54527,0,0,0,0,0,19.90022,19.90022,3.225839,3.225839,0,1.727273,4.435484,0,0,0,0,0,0,0,0,0,0,0,0,0,0,0,276.1364,276.1364,30.96683,82.07784,56.07685,26.84923,5.644518,0,196.2127,0,0,151.3214,0,0,0,0,0,0,0,0,0,0,0,0,0,0,0,0,0,0,0,0,0,0,0,0,0,0,0,0,77.42175,0,0,0,0,0,0,0,374.1562,374.7265,373.87,6.8176,12.5566,2.581,0,0,0,0,0,0,0,0,0,0,0,0,0,0,0,0,0,0,0,0,0,0,0,0,0,0,0,0,0,0,0,0,0,0,0,0,0,0,0,0,0,0,0,0,0,0,0,0,0,0,0,0,0,0,0,0,0,0,0,0,0,0,0,0,0,0,0,0,0,0,0,0,0,0,0,0,0,0,0,0,0,0,0,0,0,0,0,0,0,0,0,0,0,0,0,0,0,0,0,0,0,0,0,0,0,0,0,0,0,0,0,0,0,0,0,0,0,0,0,0,0,0,0,0,0,0,0,0,0,0,0,0,0,0,0,0,0,0,0,0,0,0,0,0,0,0,0,0,0,0,0,0,0,0,0,0,0,0,0,0,0,0,0,0,0,0,0,0,0,0,0,0,0,0,0,0,0,0,0,0
2029,1,17,21,0,0,0,0,0,0,0,0,0,0,0,0,174.4666,0,0,0,0,0,0,0,0,0,0,0,0,0,0,0,0,0,0,0,0,0,0,0,0,0,0,0,0,0,0,0,0,0,0,0,0,0,0,0,0,0,128.7091,128.7091,0,128.7091,128.7091,0,0,0,0,18.47826,18.47826,46.19566,69.30102,0,0,0,0,0,0,0,0,0,0,0,0,0,0,0,3.612968,3.612968,0,48.0012,52.5,48.0012,52.5,0,0,0,0,0,0,0,0,0,3.612968,3.612968,42.12937,0,0,19.54527,0,19.54527,0,0,0,19.54527,19.54527,19.90022,19.90022,3.225839,3.225839,0,1.727273,4.435484,0,0,0,0,0,0,0,0,0,0,0,0,0,0,0,276.1364,276.1364,15.07281,124.6953,90.49004,51.27458,0.2454197,0,70.24779,0,0,123.505,0,0,0,0,0,0,0,0,0,0,0,0,0,0,0,0,0,0,0,0,0,0,0,0,0,0,0,0,77.99724,0,0,0,0,0,0,0,374.1562,374.7265,373.87,6.8176,12.5566,2.581,0,0,0,0,0,0,0,0,0,0,0,0,0,0,0,0,0,0,0,0,0,0,0,0,0,0,0,0,0,0,0,0,0,0,0,0,0,0,0,0,0,0,0,0,0,0,0,0,0,0,0,0,0,0,0,0,0,0,0,0,0,0,0,0,0,0,0,0,0,0,0,0,0,0,0,0,0,0,0,0,0,0,0,0,0,0,0,0,0,0,0,0,0,0,0,0,0,0,0,0,0,0,0,0,0,0,0,0,0,0,0,0,0,0,0,0,0,0,0,0,0,0,0,0,0,0,0,0,0,0,0,0,0,0,0,0,0,0,0,0,0,0,0,0,0,0,0,0,0,0,0,0,0,0,0,0,0,0,0,0,0,0,0,0,0,0,0,0,0,0,0,0,0,0,0,0,0,0,0,0
2029,1,17,22,0,0,0,0,0,0,0,0,0,0,0,0,0,0,0,0,0,0,0,0,0,0,0,0,0,0,0,0,0,0,0,0,0,0,0,0,0,0,0,0,0,0,0,0,0,0,0,0,0,0,0,0,0,0,128.7091,128.7091,0,128.7091,128.7091,0,0,0,0,18.47826,18.47826,46.19566,69.30102,0,0,0,0,0,0,0,0,0,0,0,0,0,0,0,3.612968,3.612968,0,48.0012,52.5,48.0012,52.5,0,0,0,0,0,0,0,0,0,3.612968,3.612968,42.12937,19.54527,19.54527,19.54527,19.54527,19.54527,0,0,19.54527,19.54527,19.54527,19.90022,19.90022,3.225839,3.225839,0,1.727273,4.435484,0,0,0,0,0,0,0,0,0,0,0,0,0,0,0,276.1364,276.1364,22.85516,209.6745,161.0655,66.93663,0,0,46.88095,0,0,68.01183,0,0,0,0,0,0,0,0,0,0,0,0,0,0,0,0,0,0,0,0,0,0,0,0,0,0,0,0,77.08744,0,0,0,0,0,0,0,374.1562,374.7265,373.87,6.8176,12.5566,2.581,0,0,0,0,0,0,0,0,0,0,0,0,0,0,0,0,0,0,0,0,0,0,0,0,0,0,0,0,0,0,0,0,0,0,0,0,0,0,0,0,0,0,0,0,0,0,0,0,0,0,0,0,0,0,0,0,0,0,0,0,0,0,0,0,0,0,0,0,0,0,0,0,0,0,0,0,0,0,0,0,0,0,0,0,0,0,0,0,0,0,0,0,0,0,0,0,0,0,0,0,0,0,0,0,0,0,0,0,0,0,0,0,0,0,0,0,0,0,0,0,0,0,0,0,0,0,0,0,0,0,0,0,0,0,0,0,0,0,0,0,0,0,0,0,0,0,0,0,0,0,0,0,0,0,0,0,0,0,0,0,0,0,0,0,0,0,0,0,0,0,0,0,0,0,0,0,0,0,0,0
2029,1,17,23,0,0,0,0,0,0,0,0,0,0,0,0,0,0,0,0,0,0,0,0,0,0,0,0,0,0,0,0,0,0,0,0,0,0,0,0,0,0,0,0,0,0,0,0,0,0,0,0,0,0,0,0,0,0,128.7091,128.7091,0,128.7091,128.7091,0,0,0,0,18.47826,18.47826,46.19566,69.30102,0,0,0,0,0,0,0,0,0,0,0,0,0,0,0,3.612968,3.612968,0,48.0012,52.5,48.0012,52.5,0,0,0,0,0,0,0,0,0,3.612968,3.612968,42.12937,19.54527,19.54527,19.54527,19.54527,19.54527,0,0,19.54527,0,0,19.90022,19.90022,3.225839,3.225839,0,1.727273,4.435484,0,0,0,0,0,0,0,0,0,0,0,0,0,0,0,276.1364,276.1364,10.88496,179.8898,119.8666,78.58994,0,0,65.63333,0,0,61.09705,0,0,0,0,0,0,0,0,0,0,0,0,0,0,0,0,0,0,0,0,0,0,0,0,0,0,0,0,75.90749,0,0,0,0,0,0,0,374.1562,374.7265,373.87,6.8176,12.5566,2.581,0,0,0,0,0,0,0,0,0,0,0,0,0,0,0,0,0,0,0,0,0,0,0,0,0,0,0,0,0,0,0,0,0,0,0,0,0,0,0,0,0,0,0,0,0,0,0,0,0,0,0,0,0,0,0,0,0,0,0,0,0,0,0,0,0,0,0,0,0,0,0,0,0,0,0,0,0,0,0,0,0,0,0,0,0,0,0,0,0,0,0,0,0,0,0,0,0,0,0,0,0,0,0,0,0,0,0,0,0,0,0,0,0,0,0,0,0,0,0,0,0,0,0,0,0,0,0,0,0,0,0,0,0,0,0,0,0,0,0,0,0,0,0,0,0,0,0,0,0,0,0,0,0,0,0,0,0,0,0,0,0,0,0,0,0,0,0,0,0,0,0,0,0,0,0,0,0,0,0,0
2029,1,17,24,0,0,0,0,0,0,0,0,0,0,0,0,0,0,0,0,0,0,0,0,0,0,0,0,0,0,0,0,0,0,0,0,0,0,0,0,0,0,0,0,0,0,0,0,0,0,0,0,0,0,0,0,0,0,128.7091,128.7091,0,128.7091,128.7091,0,0,0,0,18.47826,18.47826,46.19566,69.30102,0,0,0,0,0,0,0,0,0,0,0,0,0,0,0,3.612968,3.612968,0,48.0012,52.5,48.0012,52.5,0,0,0,0,0,0,0,0,0,3.612968,3.612968,42.12937,0,0,19.54527,0,19.54527,0,0,0,0,0,19.90022,19.90022,3.225839,3.225839,0,1.727273,4.435484,0,0,0,0,0,0,0,0,0,0,0,0,0,0,0,276.1364,276.1364,1.738696,207.7919,160.7916,79.80189,0.08047827,0,44.13191,0,0,44.01215,0,0,0,0,0,0,0,0,0,0,0,0,0,0,0,0,0,0,0,0,0,0,0,0,0,0,0,0,74.58733,0,0,0,0,0,0,0,374.1562,374.7265,373.87,6.8176,12.5566,2.581,0,0,0,0,0,0,0,0,0,0,0,0,0,0,0,0,0,0,0,0,0,0,0,0,0,0,0,0,0,0,0,0,0,0,0,0,0,0,0,0,0,0,0,0,0,0,0,0,0,0,0,0,0,0,0,0,0,0,0,0,0,0,0,0,0,0,0,0,0,0,0,0,0,0,0,0,0,0,0,0,0,0,0,0,0,0,0,0,0,0,0,0,0,0,0,0,0,0,0,0,0,0,0,0,0,0,0,0,0,0,0,0,0,0,0,0,0,0,0,0,0,0,0,0,0,0,0,0,0,0,0,0,0,0,0,0,0,0,0,0,0,0,0,0,0,0,0,0,0,0,0,0,0,0,0,0,0,0,0,0,0,0,0,0,0,0,0,0,0,0,0,0,0,0,0,0,0,0,0,0
2029,1,18,1,0,0,0,0,0,0,0,0,0,0,0,0,0,0,0,0,0,0,0,0,0,0,0,0,0,0,0,0,0,0,0,0,0,0,0,0,0,0,0,0,0,0,0,0,0,0,0,0,0,0,0,0,0,0,128.7091,128.7091,0,128.7091,128.7091,0,0,0,0,18.47826,18.47826,46.19566,69.30102,0,0,0,0,0,0,0,0,0,0,0,0,0,0,0,0,0,0,0,0,0,0,0,0,0,0,0,0,0,0,0,0,0,0,0,0,0,0,0,0,0,0,0,0,0,0,0,0,0,0,0,0,0,0,0,0,0,0,0,0,0,0,0,0,0,0,276.1364,276.1364,0.2598984,203.9932,159.4639,78.7764,0.03061873,0,80.9985,0,0,37.47934,0,0,0,0,0,0,0,0,0,0,0,0,0,0,0,0,0,0,0,0,0,0,0,0,0,0,0,0,74.07339,0,0,0,0,0,0,0,374.1562,374.7265,373.87,6.8176,12.5566,2.581,0,0,0,0,0,0,0,0,0,0,0,0,0,0,0,0,0,0,0,0,0,0,0,0,0,0,0,0,0,0,0,0,0,0,0,0,0,0,0,0,0,0,0,0,0,0,0,0,0,0,0,0,0,0,0,0,0,0,0,0,0,0,0,0,0,0,0,0,0,0,0,0,0,0,0,0,0,0,0,0,0,0,0,0,0,0,0,0,0,0,0,0,0,0,0,0,0,0,0,0,0,0,0,0,0,0,0,0,0,0,0,0,0,0,0,0,0,0,0,0,0,0,0,0,0,0,0,0,0,0,0,0,0,0,0,0,0,0,0,0,0,0,0,0,0,0,0,0,0,0,0,0,0,0,0,0,0,0,0,0,0,0,0,0,0,0,0,0,0,0,0,0,0,0,0,0,0,0,0,0
2029,1,18,2,0,0,0,0,0,0,0,0,0,0,0,0,0,0,0,0,0,0,0,0,0,0,0,0,0,0,0,0,0,0,0,0,0,0,0,0,0,0,0,0,0,0,0,0,0,0,0,0,0,0,0,0,0,0,128.7091,128.7091,0,128.7091,128.7091,0,0,0,0,18.47826,18.47826,46.19566,69.30102,0,0,0,0,0,0,0,0,0,0,0,0,0,0,0,3.612968,3.612968,0,48.0012,52.5,48.0012,52.5,0,0,0,0,0,0,0,0,0,3.612968,3.612968,42.12937,0,19.54527,19.54527,19.54527,19.54527,0,0,0,0,0,19.90022,19.90022,0,0,0,0,0,0,0,0,0,0,0,0,0,0,0,0,0,0,0,0,276.1364,276.1364,2.796261,205.8793,161.2973,79.89512,0.4970756,0,61.75522,0,0,41.76614,0,0,0,0,0,0,0,0,0,0,0,0,0,0,0,0,0,0,0,0,0,0,0,0,0,0,0,0,73.60718,0,0,0,0,0,0,0,374.1562,374.7265,373.87,6.8176,12.5566,2.581,0,0,0,0,0,0,0,0,0,0,0,0,0,0,0,0,0,0,0,0,0,0,0,0,0,0,0,0,0,0,0,0,0,0,0,0,0,0,0,0,0,0,0,0,0,0,0,0,0,0,0,0,0,0,0,0,0,0,0,0,0,0,0,0,0,0,0,0,0,0,0,0,0,0,0,0,0,0,0,0,0,0,0,0,0,0,0,0,0,0,0,0,0,0,0,0,0,0,0,0,0,0,0,0,0,0,0,0,0,0,0,0,0,0,0,0,0,0,0,0,0,0,0,0,0,0,0,0,0,0,0,0,0,0,0,0,0,0,0,0,0,0,0,0,0,0,0,0,0,0,0,0,0,0,0,0,0,0,0,0,0,0,0,0,0,0,0,0,0,0,0,0,0,0,0,0,0,0,0,0
2029,1,18,3,0,0,0,0,0,0,0,0,0,0,0,0,0,0,0,0,0,0,0,0,0,0,0,0,0,0,0,0,0,0,0,0,0,0,0,0,0,0,0,0,0,0,0,0,0,0,0,0,0,0,0,0,0,0,128.7091,128.7091,0,128.7091,128.7091,0,0,0,0,18.47826,18.47826,46.19566,69.30102,0,0,0,0,0,0,0,0,0,0,0,0,0,0,0,3.612968,3.612968,0,48.0012,52.5,48.0012,52.5,0,0,0,0,0,0,0,0,0,3.612968,3.612968,42.12937,19.54527,19.54527,19.54527,19.54527,19.54527,0,0,19.54527,19.54527,19.54527,19.90022,19.90022,3.225839,3.225839,0,1.727273,4.435484,18.36735,18.36735,0,0,0,0,0,0,0,0,0,0,0,0,0,276.1364,276.1364,0.8833997,156.4672,108.7187,76.63219,1.664277,0,54.63717,0,0,62.51759,0,0,0,0,0,0,0,0,0,0,0,0,0,0,0,0,0,0,0,0,0,0,0,0,0,0,0,0,73.45989,0,0,0,0,0,0,0,374.1562,374.7265,373.87,6.8176,12.5566,2.581,0,0,0,0,0,0,0,0,0,0,0,0,0,0,0,0,0,0,0,0,0,0,0,0,0,0,0,0,0,0,0,0,0,0,0,0,0,0,0,0,0,0,0,0,0,0,0,0,0,0,0,0,0,0,0,0,0,0,0,0,0,0,0,0,0,0,0,0,0,0,0,0,0,0,0,0,0,0,0,0,0,0,0,0,0,0,0,0,0,0,0,0,0,0,0,0,0,0,0,0,0,0,0,0,0,0,0,0,0,0,0,0,0,0,0,0,0,0,0,0,0,0,0,0,0,0,0,0,0,0,0,0,0,0,0,0,0,0,0,0,0,0,0,0,0,0,0,0,0,0,0,0,0,0,0,0,0,0,0,0,0,0,0,0,0,0,0,0,0,0,0,0,0,0,0,0,0,0,0,0
2029,1,18,4,0,0,0,0,0,0,0,0,0,0,0,0,0,0,0,0,0,0,0,0,0,0,0,0,0,0,0,0,0,0,0,0,0,0,0,0,0,0,0,0,0,0,0,0,0,0,0,0,0,0,0,0,0,0,128.7091,128.7091,0,128.7091,128.7091,0,0,0,0,18.47826,18.47826,46.19566,69.30102,0,0,0,0,0,0,0,0,0,0,0,0,0,0,0,3.612968,3.612968,0,48.0012,52.5,48.0012,52.5,0,0,0,0,0,0,0,0,0,3.612968,3.612968,42.12937,19.54527,19.54527,19.54527,19.54527,19.54527,0,0,0,0,0,19.90022,19.90022,3.225839,3.225839,0,1.727273,4.435484,18.36735,18.36735,0,0,0,0,0,0,0,0,0,0,0,0,0,276.1364,276.1364,2.543956,122.5316,73.8419,77.0051,1.747928,0,0,0,0,73.01071,0,0,0,0,0,0,0,0,0,0,0,0,0,0,0,0,0,0,0,0,0,0,0,0,0,0,0,0,73.97781,0,0,0,0,0,0,0,374.1562,374.7265,373.87,6.8176,12.5566,2.581,0,0,0,0,0,0,0,0,0,0,0,0,0,0,0,0,0,0,0,0,0,0,0,0,0,0,0,0,0,0,0,0,0,0,0,0,0,0,0,0,0,0,0,0,0,0,0,0,0,0,0,0,0,0,0,0,0,0,0,0,0,0,0,0,0,0,0,0,0,0,0,0,0,0,0,0,0,0,0,0,0,0,0,0,0,0,0,0,0,0,0,0,0,0,0,0,0,0,0,0,0,0,0,0,0,0,0,0,0,0,0,0,0,0,0,0,0,0,0,0,0,0,0,0,0,0,0,0,0,0,0,0,0,0,0,0,0,0,0,0,0,0,0,0,0,0,0,0,0,0,0,0,0,0,0,0,0,0,0,0,0,0,0,0,0,0,0,0,0,0,0,0,0,0,0,0,0,0,0,0
2029,1,18,5,0,0,0,0,0,0,0,0,0,0,0,0,0,0,0,0,0,0,0,0,0,0,0,0,0,0,0,0,0,0,0,0,0,0,0,0,0,0,0,0,0,0,0,0,0,0,0,0,0,0,0,0,0,0,128.7091,128.7091,0,128.7091,128.7091,0,0,0,0,18.47826,18.47826,46.19566,69.30102,0,0,0,0,0,0,0,0,0,0,0,0,0,0,0,3.612968,3.612968,0,48.0012,52.5,48.0012,52.5,0,0,0,0,0,0,0,0,0,3.612968,3.612968,42.12937,0,0,19.54527,0,19.54527,0,0,0,0,0,19.90022,19.90022,3.225839,3.225839,0,1.727273,4.435484,18.36735,18.36735,0,0,0,0,0,0,0,0,0,0,0,0,0,276.1364,276.1364,16.62401,193.5504,145.5764,76.53896,0.4518556,0,0,0,0,65.95067,0,0,0,0,0,0,0,0,0,0,0,0,0,0,0,0,0,0,0,0,0,0,0,0,0,0,0,0,74.79684,0,0,0,0,0,0,0,374.1562,374.7265,373.87,6.8176,12.5566,2.581,0,0,0,0,0,0,0,0,0,0,0,0,0,0,0,0,0,0,0,0,0,0,0,0,0,0,0,0,0,0,0,0,0,0,0,0,0,0,0,0,0,0,0,0,0,0,0,0,0,0,0,0,0,0,0,0,0,0,0,0,0,0,0,0,0,0,0,0,0,0,0,0,0,0,0,0,0,0,0,0,0,0,0,0,0,0,0,0,0,0,0,0,0,0,0,0,0,0,0,0,0,0,0,0,0,0,0,0,0,0,0,0,0,0,0,0,0,0,0,0,0,0,0,0,0,0,0,0,0,0,0,0,0,0,0,0,0,0,0,0,0,0,0,0,0,0,0,0,0,0,0,0,0,0,0,0,0,0,0,0,0,0,0,0,0,0,0,0,0,0,0,0,0,0,0,0,0,0,0,0
2029,1,18,6,0,0,0,0,0,0,0,0,0,0,0,0,0,0,0,0,0,0,0,0,0,0,0,0,0,0,0,0,0,0,0,0,0,0,0,0,0,0,0,0,0,0,0,0,0,0,0,0,0,0,0,0,0,0,128.7091,128.7091,0,128.7091,128.7091,0,0,0,0,18.47826,18.47826,46.19566,69.30102,0,0,0,0,0,0,0,0,0,0,0,0,0,0,0,3.612968,3.612968,0,48.0012,52.5,48.0012,52.5,0,0,0,0,0,0,0,0,0,3.612968,3.612968,42.12937,0,0,19.54527,0,19.54527,0,0,0,0,0,19.90022,19.90022,3.225839,3.225839,0,1.727273,4.435484,18.36735,18.36735,0,0,0,0,0,0,0,0,0,0,0,0,0,276.1364,276.1364,39.50227,202.0686,161.0023,76.53896,4.269668,0,6.82351,0,0,43.46758,0,0,0,0,0,0,0,0,0,0,0,0,0,0,0,0,0,0,0,0,0,0,0,0,0,0,0,0,76.50698,0,0,0,0,0,0,0,374.1562,374.7265,373.87,6.8176,12.5566,2.581,0,0,0,0,0,0,0,0,0,0,0,0,0,0,0,0,0,0,0,0,0,0,0,0,0,0,0,0,0,0,0,0,0,0,0,0,0,0,0,0,0,0,0,0,0,0,0,0,0,0,0,0,0,0,0,0,0,0,0,0,0,0,0,0,0,0,0,0,0,0,0,0,0,0,0,0,0,0,0,0,0,0,0,0,0,0,0,0,0,0,0,0,0,0,0,0,0,0,0,0,0,0,0,0,0,0,0,0,0,0,0,0,0,0,0,0,0,0,0,0,0,0,0,0,0,0,0,0,0,0,0,0,0,0,0,0,0,0,0,0,0,0,0,0,0,0,0,0,0,0,0,0,0,0,0,0,0,0,0,0,0,0,0,0,0,0,0,0,0,0,0,0,0,0,0,0,0,0,0,0
2029,1,18,7,0,0,0,0,0,0,0,0,0,0,0,0,0,2.189,3.1625,0,0,0,0,0,0,0,0,0,0,0,0,0,0,0,0,0,0,0,0,0,0,0,0,0,0,0,0,0,0,0,0,0,0,0,0,0,0,0,128.7091,128.7091,0,128.7091,128.7091,0,0,0,0,18.47826,18.47826,46.19566,69.30102,0,0,0,0,0,0,0,0,0,0,0,0,0,0,0,3.612968,3.612968,0,48.0012,52.5,48.0012,52.5,0,0,0,0,0,0,0,0,0,3.612968,3.612968,42.12937,0,0,19.54527,0,19.54527,0,0,0,0,0,19.90022,19.90022,3.225839,3.225839,0,1.727273,4.435484,18.36735,18.36735,0,0,0,0,0,0,0,0,0,0,0,0,0,276.1364,276.1364,175.8222,201.2031,165.7017,80.1748,13.92666,0,0,0,0,116.8774,0,0,0,0,0,0,0,0,0,0,0,0,0,0,0,0,0,0,0,0,0,0,0,0,0,0,0,0,77.51007,0,0,0,0,0,0,0,374.1562,374.7265,373.87,6.8176,12.5566,2.581,0,0,0,0,0,0,0,0,0,0,0,0,0,0,0,0,0,0,0,0,0,0,0,0,0,0,0,0,0,0,0,0,0,0,0,0,0,0,0,0,0,0,0,0,0,0,0,0,0,0,0,0,0,0,0,0,0,0,0,0,0,0,0,0,0,0,0,0,0,0,0,0,0,0,0,0,0,0,0,0,0,0,0,0,0,0,0,0,0,0,0,0,0,0,0,0,0,0,0,0,0,0,0,0,0,0,0,0,0,0,0,0,0,0,0,0,0,0,0,0,0,0,0,0,0,0,0,0,0,0,0,0,0,0,0,0,0,0,0,0,0,0,0,0,0,0,0,0,0,0,0,0,0,0,0,0,0,0,0,0,0,0,0,0,0,0,0,0,0,0,0,0,0,0,0,0,0,0,0,0
2029,1,18,8,0,0,0,2.565,0,0.224909,0.338875,0,0.064492,0.218702,0.212436,0.08309536,0,85.968,124.63,0,0,0.089797,0,0,0,0.02325674,0.068536,0,0,0,0.099661,0,0,0,0,0,0,0,0,0.256642,0,0,0.051832,0,0,0,2.160479,0,0,0,0,0,0,0,0,0,0,0,128.7091,128.7091,0,128.7091,128.7091,0,0,0,0,18.47826,18.47826,46.19566,69.30102,0,0,0,0,0,0,0,0,0,0,0,0,0,0,0,3.612968,3.612968,0,48.0012,52.5,48.0012,52.5,0,0,0,0,0,0,0,0,0,3.612968,3.612968,42.12937,0,0,19.54527,0,19.54527,0,0,0,0,0,19.90022,19.90022,3.225839,3.225839,0,1.727273,4.435484,18.36735,18.36735,0,0,0,0,0,0,0,0,0,0,0,0,0,276.1364,276.1364,194.64,180.1273,150.6762,78.96285,28.70756,0,0,0,0,115.8884,0,0,0,0,0,0,0,0,0,0,0,0,0,0,0,0,0,0,0,0,0,0,0,0,0,0,0,0,76.91013,0,0,0,0,0,0,0,374.1562,374.7265,373.87,6.8176,12.5566,2.581,0,0,0,0,0,0,0,0,0,0,0,0,0,0,0,0,0,0,0,0,0,0,0,0,0,0,0,0,0,0,0,0,0,0,0,0,0,0,0,0,0,0,0,0,0,0,0,3.272993,0,0,0,0,0,0,0,0,0,0,0.037515,0,0,0,0,0,0,0,0,0,0,0,0,0,0,0,0,0,0,0,0,0,0,0,0,0,0,0,0,0,0,0,0,0,0,0,0,0,0,0,0,0,0,0,0,0,0,0,0,0,0,0,0,0,0,0,0,0,0,0,0,0,0,0,0,0,0,0,0,0,0,0,0,0,0,0,0,0,0,0,0,0,0,0,0,0,0,0,0,0,0,0,0,0,0,0,0,0,0,0,0,0,0,0,0,0,0,0,0,0,0,0,0,0,0,0,0,0,0,0,0,0
2029,1,18,9,55.12593,1.912539,83.2422,80.6175,1.658498,67.06101,24.92832,2.248605,3.628674,12.30529,11.95274,4.675374,0,154.9215,220.4675,0,1.988781,5.052456,9.1056,0,21.84688,0.8145969,3.856187,64.52747,129.7388,0,3.490754,62.655,0.4803565,1.233146,0.8779235,0,0,0,0,14.43999,1.747536,0,58.51443,125.196,23.47424,0,91.73584,111.3679,4.3101,6.372914,0,0,0,0,0,0,0,0,128.7091,128.7091,0,128.7091,128.7091,0,0,0,0,18.47826,18.47826,46.19566,69.30102,0,0,0,0,0,0,0,0,0,0,0,0,0,0,0,3.612968,3.612968,0,48.0012,52.5,48.0012,52.5,0,0,0,0,0,0,0,0,0,3.612968,3.612968,42.12937,0,0,19.54527,0,19.54527,0,0,0,0,0,19.90022,19.90022,3.225839,3.225839,0,1.727273,4.435484,18.36735,18.36735,0,0,0,0,0,0,0,0,0,0,0,0,0,276.1364,276.1364,194.64,141.2069,115.104,81.66642,21.33294,0,10.21072,0,0,98.32813,185.7292,220.2867,0,0,0,0,0,0,0,0,0,0,0,0,0,0,0,0,0,0,0,0,0,0,0,0,0,0,78.05762,0,0,0,0,0,0,0,374.1562,374.7265,373.87,6.8176,12.5566,2.581,0,0,0,0,0,0,0,0,0,0,0,0,0,0,0,0,0,0,0,0,0,0,0,0,0,0,0,0,0,0,0,0,0,0,0,0,0,0,0,0,0,0,0,0,0,0,0,184.1555,0,0,0,0,0,0,0,0,0,0,2.11079,0,0,0,0,0,0,0,0,0,0,0,0,0,0,0,0,0,0,0,0,0,0,0,0,0,0,0,0,0,0,0,0,0,0,0,0,0,0,0,0,0,0,0,0,0,0,0,0,0,0,0,0,0,0,0,0,0,0,0,0,0,0,0,0,0,0,0,0,0,0,0,0,0,0,0,0,0,0,0,0,0,0,0,0,0,0,0,0,0,0,0,0,0,0,0,0,0,0,0,0,0,0,0,0,0,0,0,0,0,0,0,0,0,0,0,0,0,0,0,0,0
2029,1,18,10,111.7791,10.79084,227.8774,193.185,10.52025,155.9597,53.79917,12.68698,8.244724,27.95891,27.15787,10.62293,0,155.22,221.65,0,11.22101,11.4797,77.7672,0,32.92724,1.955033,8.761656,145.7885,293.1222,0,8.377809,115.635,2.710246,7.82214,5.568879,0,0,0,0,32.80915,9.859873,0,114.6289,290.3409,54.43892,0,173.7896,230.3938,11.85984,7.060376,0,0,0,0,0,0,0,0,128.7091,128.7091,0,128.7091,128.7091,0,0,0,0,18.47826,18.47826,46.19566,69.30102,0,0,0,0,0,0,0,0,0,0,0,0,0,0,0,3.612968,3.612968,0,0,0,0,0,0,0,0,0,0,0,0,0,0,3.612968,3.612968,42.12937,0,0,19.54527,0,19.54527,0,0,0,0,0,19.90022,19.90022,3.225839,3.225839,0,1.727273,4.435484,0,0,0,0,0,0,0,0,0,0,0,0,0,0,0,276.1364,276.1364,194.64,131.0938,106.4217,81.20029,9.609955,0,0,0,0,14.52585,367.7264,479.1483,0,0,0,0,0,0,0,0,0,0,0,0,0,0,0,0,0,0,0,0,0,0,0,0,0,0,78.62647,0,235.4476,0,0,0,0,0,374.1562,374.7265,373.87,6.8176,12.5566,2.581,0,0,0,0,0,0,0,0,0,0,0,0,0,0,0,0,0,0,0,0,0,0,0,0,0,0,0,0,0,0,0,0,0,0,0,0,0,0,0,0,0,0,0,0,0,0,0,418.4203,0,0,0,0,0,0,0,0,0,0,4.795933,0,0,0,0,0,0,0,0,0,0,0,0,0,0,0,0,0,0,0,0,0,0,0,0,0,0,0,0,0,0,0,0,0,0,0,0,0,0,0,0,0,0,0,0,0,0,0,0,0,0,0,0,0,0,0,0,0,0,0,0,0,0,0,0,0,0,0,0,0,0,0,0,0,0,0,0,0,0,0,0,0,0,0,0,0,0,0,0,0,0,0,0,0,0,0,0,0,0,0,0,0,0,0,0,0,0,0,0,0,0,0,0,0,0,0,0,0,0,0,0,0
2029,1,18,11,115.0559,11.16832,244.706,195.03,11.11586,163.1884,50.2897,13.13079,8.533139,28.93696,28.1079,10.99454,0,142.9815,204.8475,0,11.61355,11.88128,114.2736,0,42.55722,2.83944,9.068153,152.4743,306.5647,0,12.16772,119.19,2.805055,8.264996,5.884164,0,0,0,0,33.95687,10.20479,0,119.6768,270.9857,50.80983,0,168.8988,233.5012,20.14494,9.130534,0,0,0,0,0,0,0,0,128.7091,128.7091,0,128.7091,128.7091,0,0,0,0,18.47826,18.47826,46.19566,69.30102,0,0,0,0,0,0,0,0,0,0,0,0,0,0,0,3.612968,3.612968,0,0,0,0,0,0,0,0,0,0,0,0,0,0,3.612968,3.612968,42.12937,0,0,19.54527,0,19.54527,0,0,0,0,0,19.90022,19.90022,3.225839,3.225839,0,1.727273,4.435484,0,0,0,0,0,0,0,0,0,0,0,0,0,0,0,276.1364,276.1364,194.64,11.72483,8.471587,82.13255,0.97299,0,0,0,0,76.72546,520.8628,697.1742,0,0,0,0,0,0,0,0,0,0,0,0,0,0,0,0,0,0,0,0,0,0,0,0,0,0,78.89462,0,546.6798,0,0,0,0,0,374.1562,374.7265,373.87,6.8176,12.5566,2.581,0,0,0,0,0,0,0,0,0,0,0,0,0,0,0,0,0,0,0,0,0,0,0,0,0,0,0,0,0,0,0,0,0,0,0,0,0,0,0,0,0,0,0,0,0,0,0,433.0573,0,0,0,0,0,0,0,0,0,0,4.963703,0,0,0,0,0,0,0,0,0,0,0,0,0,0,0,0,0,0,0,0,0,0,0,0,0,0,0,0,0,0,0,0,0,0,0,0,0,0,0,0,0,0,0,0,0,0,0,0,0,0,0,0,0,0,0,0,0,0,0,0,0,0,0,0,0,0,0,0,0,0,0,0,0,0,0,0,0,0,0,0,0,0,0,0,0,0,0,0,0,0,0,0,0,0,0,0,0,0,0,0,0,0,0,0,0,0,0,0,0,0,0,0,0,0,0,0,0,0,0,0,0
2029,1,18,12,108.474,10.86545,240.6532,184.185,8.833127,159.2243,46.19616,12.7747,8.301729,28.15222,27.34565,10.69638,0,138.504,198.7975,0,11.2986,11.55908,118.3896,0,43.75415,3.328198,8.822235,143.6109,288.7438,0,14.26217,109.515,2.728985,6.567711,4.675803,0,0,0,0,33.036,9.928045,0,111.2151,265.5182,49.78466,0,166.259,219.3043,24.4761,12.60779,0,0,0,0,0,0,0,0,128.7091,128.7091,0,128.7091,128.7091,0,0,0,0,18.47826,18.47826,46.19566,69.30102,0,0,0,0,0,0,0,0,0,0,0,0,0,0,0,3.612968,3.612968,0,0,0,0,0,0,0,0,0,0,0,0,0,0,3.612968,3.612968,42.12937,19.54527,19.54527,19.54527,19.54527,19.54527,0,0,0,0,0,19.90022,19.90022,3.225839,3.225839,0,1.727273,4.435484,0,0,0,0,0,0,0,0,0,0,0,0,0,0,0,276.1364,276.1364,194.64,18.58783,15.97379,82.31901,0,0,0,0,0,139.0431,625.2344,845.6805,0,0,0,0,0,0,0,0,0,0,0,0,0,0,0,0,0,0,0,0,0,0,0,0,0,0,79.13932,0,580.8057,0,0,0,0,0,374.1562,374.7265,373.87,6.8176,12.5566,2.581,0,0,0,0,0,0,0,0,0,0,0,0,0,0,0,0,0,0,0,0,0,0,0,0,0,0,0,0,0,0,0,0,0,0,0,0,0,0,0,0,0,0,0,0,0,0,0,421.3133,0,0,0,0,0,0,0,0,0,0,4.829093,0,0,0,0,0,0,0,0,0,0,0,0,0,0,0,0,0,0,0,0,0,0,0,0,0,0,0,0,0,0,0,0,0,0,0,0,0,0,0,0,0,0,0,0,0,0,0,0,0,0,0,0,0,0,0,0,0,0,0,0,0,0,0,0,0,0,0,0,0,0,0,0,0,0,0,0,0,0,0,0,0,0,0,0,0,0,0,0,0,0,0,0,0,0,0,0,0,0,0,0,0,0,0,0,0,0,0,0,0,0,0,0,0,0,0,0,0,0,0,0,0
2029,1,18,13,104.1849,10.26544,232.2247,0,0,0,44.994,0,7.843295,26.59761,25.83558,10.10571,0,144.3745,52.27915,0,10.67467,10.92076,106.4448,0,64.7209,3.747146,8.335057,137.2307,275.9159,0,16.05747,105.615,2.578286,6.567711,4.675803,0,0,0,0,31.2117,9.379803,0,0,270.5209,50.72267,1.670433,157.8403,211.1626,24.11848,15.32522,0,0,0,0,0,0,0,0,128.7091,128.7091,0,128.7091,128.7091,0,0,0,0,18.47826,18.47826,46.19566,69.30102,0,0,0,0,0,0,0,0,0,0,0,0,0,0,0,3.612968,3.612968,0,0,0,0,0,0,0,0,0,0,0,0,0,0,3.612968,3.612968,42.12937,0,0,19.54527,0,19.54527,0,0,0,0,0,19.90022,19.90022,3.225839,3.225839,0,1.727273,4.435484,0,0,0,0,0,0,0,0,0,0,0,0,0,0,0,276.1364,276.1364,194.64,195.2638,197.6071,82.69191,0,0,0,0,0,167.3569,616.6508,833.5287,0,0,0,0,0,0,0,0,0,0,0,0,0,0,0,0,0,0,0,0,0,0,0,0,0,0,79.42941,0,0,0,0,0,0,0,374.1562,374.7265,373.87,6.8176,12.5566,2.581,0,0,0,0,0,0,0,0,0,0,0,0,0,0,0,0,0,0,0,0,0,0,0,0,0,0,0,0,0,0,0,0,0,0,0,0,0,0,0,0,0,0,0,0,0,0,0,398.0477,0,0,0,0,0,0,0,0,0,0,4.562423,0,0,0,0,0,0,0,0,0,0,0,0,0,0,0,0,0,0,0,0,0,0,0,0,0,0,0,0,0,0,0,0,0,0,0,0,0,0,0,0,0,0,0,0,0,0,0,0,0,0,0,0,0,0,0,0,0,0,0,0,0,0,0,0,0,0,0,0,0,0,0,0,0,0,0,0,0,0,0,0,0,0,0,0,0,0,0,0,0,0,0,0,0,0,0,0,0,0,0,0,0,0,0,0,0,0,0,0,0,0,0,0,0,0,0,0,0,0,0,0,0
2029,1,18,14,105.4878,10.2647,234.1942,0,0,0,0,12.06838,0,0,0,10.10497,0,151.439,216.26,0,0,0,63.168,0,49.09237,3.444564,8.334449,139.9814,281.4465,0,0,107.475,2.578098,5.755997,4.097913,0,0,0,0,0,9.379118,0,0,286.5473,53.72763,90.58624,154.314,43.35647,25.39002,0,0,0,0,0,0,0,0,0,128.7091,128.7091,0,128.7091,128.7091,0,0,0,0,18.47826,18.47826,46.19566,69.30102,0,0,0,0,0,0,0,0,0,0,0,0,0,0,0,3.612968,3.612968,0,0,0,0,0,0,0,0,0,0,0,0,0,0,3.612968,3.612968,42.12937,0,0,19.54527,0,19.54527,0,0,0,0,0,19.90022,19.90022,3.225839,3.225839,0,1.727273,4.435484,0,0,0,0,0,0,0,0,0,0,0,0,0,0,0,276.1364,276.1364,194.64,189.7688,192.423,94.96462,0,0,0,0,0,178.6255,647.3776,877.0491,0,0,0,0,0,0,0,0,0,0,0,0,0,0,0,0,0,0,0,0,0,0,0,0,0,0,79.62891,0,0,0,0,0,0,0,374.1562,374.7265,373.87,6.8176,12.5566,2.581,0,0,0,0,0,0,0,0,0,0,0,0,0,0,0,0,0,0,0,0,0,0,0,0,0,0,0,0,0,0,0,0,0,0,0,0,0,0,0,0,0,0,0,0,0,0,0,398.0186,0,0,0,0,0,0,0,0,0,0,4.56209,0,0,0,0,0,0,0,0,0,0,0,0,0,0,0,0,0,0,0,0,0,0,0,0,0,0,0,0,0,0,0,0,0,0,0,0,0,0,0,0,0,0,0,0,0,0,0,0,0,0,0,0,0,0,0,0,0,0,0,0,0,0,0,0,0,0,0,0,0,0,0,0,0,0,0,0,0,0,0,0,0,0,0,0,0,0,0,0,0,0,0,0,0,0,0,0,0,0,0,0,0,0,0,0,0,0,0,0,0,0,0,0,0,0,0,0,0,0,0,0,0
2029,1,18,15,111.7625,10.28123,241.8685,187.83,6.550394,156.4351,45.26704,12.08783,7.855358,26.63852,25.87531,10.12125,73.51122,148.9515,212.1625,0,10.69109,10.93756,112.0896,0,64.2655,3.025657,8.347877,145.5975,292.7382,0,12.96571,112.005,2.582252,4.870426,3.467442,0,0,0,0,31.25971,9.394229,0,118.2279,281.8054,52.83851,72.8792,162.0145,225.7466,16.48927,13.31502,0,0,0,0,0,0,0,0,128.7091,128.7091,0,128.7091,128.7091,0,0,0,0,18.47826,18.47826,46.19566,69.30102,0,0,0,0,0,0,0,0,0,0,0,0,0,0,0,3.612968,3.612968,0,0,0,0,0,0,0,0,0,0,0,0,0,0,3.612968,3.612968,42.12937,0,0,19.54527,0,19.54527,0,0,0,0,0,19.90022,19.90022,3.225839,3.225839,0,1.727273,4.435484,0,0,0,0,0,0,0,0,0,0,0,0,0,0,0,276.1364,276.1364,194.64,170.3791,171.3073,83.15804,0,0,0,0,0,166.312,432.7876,571.8411,0,0,0,0,0,0,0,0,0,0,0,0,0,0,0,0,0,0,0,0,0,0,0,0,0,0,80.40663,0,228.9785,0,0,0,0,0,374.1562,374.7265,373.87,6.8176,12.5566,2.581,0,0,0,0,0,0,0,0,0,0,0,0,0,0,0,0,0,0,0,0,0,0,0,0,0,0,0,0,0,0,0,0,0,0,0,0,0,0,0,0,0,0,0,0,0,0,0,398.6599,0,0,0,0,0,0,0,0,0,0,4.56944,0,0,0,0,0,0,0,0,0,0,0,0,0,0,0,0,0,0,0,0,0,0,0,0,0,0,0,0,0,0,0,0,0,0,0,0,0,0,0,0,0,0,0,0,0,0,0,0,0,0,0,0,0,0,0,0,0,0,0,0,0,0,0,0,0,0,0,0,0,0,0,0,0,0,0,0,0,0,0,0,0,0,0,0,0,0,0,0,0,0,0,0,0,0,0,0,0,0,0,0,0,0,0,0,0,0,0,0,0,0,0,0,0,0,0,0,0,0,0,0,0
2029,1,18,16,111.8796,8.025088,241.029,81.16353,0,157.7099,51.06081,0,0,20.79288,20.19715,7.900215,205.8314,98.704,142.8075,0,0,8.53739,112.1568,0,66.62473,1.955033,6.515993,147.737,297.0397,0,8.377809,111.315,2.015594,3.099426,2.206599,0,0,0,0,24.39998,7.332731,0,117.7129,259.9889,48.74792,70.19009,173.8126,230.6146,14.68106,0,0,0,0,0,0,0,0,0,128.7091,128.7091,0,128.7091,128.7091,0,0,0,0,18.47826,18.47826,46.19566,69.30102,0,0,0,0,0,0,0,0,0,0,0,0,0,0,0,3.612968,3.612968,0,0,0,0,0,0,0,0,0,0,0,0,0,0,3.612968,3.612968,42.12937,0,0,19.54527,0,19.54527,0,0,0,0,0,19.90022,19.90022,3.225839,3.225839,0,1.727273,4.435484,0,0,0,0,0,0,0,0,0,0,0,0,0,0,0,276.1364,276.1364,194.64,194.2381,197.7547,83.15804,0,0,0,0,0,166.784,435.6488,575.9388,0,0,0,0,0,0,0,0,0,0,0,0,0,0,0,0,0,0,0,0,0,0,0,0,0,0,80.74061,0,0,0,0,0,0,0,374.1562,374.7265,373.87,6.8176,12.5566,2.581,0,0,0,0,0,0,0,0,0,0,0,0,0,0,0,0,0,0,0,0,0,0,0,0,0,0,0,0,0,0,0,0,0,0,0,0,0,0,0,0,0,0,0,0,0,0,0,311.1768,0,0,0,0,0,0,0,0,0,0,3.566708,0,0,0,0,0,0,0,0,0,0,0,0,0,0,0,0,0,0,0,0,0,0,0,0,0,0,0,0,0,0,0,0,0,0,0,0,0,0,0,0,0,0,0,0,0,0,0,0,0,0,0,0,0,0,0,0,0,0,0,0,0,0,0,0,0,0,0,0,0,0,0,0,0,0,0,0,0,0,0,0,0,0,0,0,0,0,0,0,0,0,0,0,0,0,0,0,0,0,0,0,0,0,0,0,0,0,0,0,0,0,0,0,0,0,0,0,0,0,0,0,0
2029,1,18,17,82.22128,1.519679,199.7409,119.9025,0,102.3169,38.72316,1.786713,3.32851,11.2874,10.96401,4.288626,294.0449,3.383,4.84,0,1.58026,4.634517,88.1832,0,30.35417,1.024071,3.537203,99.71386,200.4845,0,4.388401,89.985,0.381685,0,0,0,0,0,0,13.24551,1.38857,0,72.02879,111.6343,20.93144,25.4553,145.8071,154.6476,7.449201,5.916483,0,0,0,0,0,0,0,0,128.7091,128.7091,0,128.7091,128.7091,0,0,0,0,18.47826,18.47826,46.19566,69.30102,0,0,0,0,0,0,0,0,0,0,0,0,0,0,0,3.612968,3.612968,0,0,0,0,0,0,0,0,0,0,0,0,0,0,3.612968,3.612968,42.12937,0,0,19.54527,0,19.54527,0,0,0,0,0,19.90022,19.90022,3.225839,3.225839,0,1.727273,4.435484,0,0,0,0,0,0,0,0,0,0,0,0,0,0,0,276.1364,276.1364,189.3,200.4136,202.7913,83.43772,0.6601062,0,0,0,0,223.5187,261.3644,327.9573,0,0,0,0,0,0,0,0,0,0,0,0,0,0,0,0,0,0,0,0,0,0,0,0,0,0,80.41692,0,0,0,0,0,0,0,374.1562,374.7265,373.87,6.8176,12.5566,2.581,0,0,0,0,0,0,0,0,0,0,0,0,0,0,0,0,0,0,0,0,0,0,0,0,0,0,0,0,0,0,0,0,0,0,0,0,0,0,0,0,0,0,0,0,0,0,0,168.9221,0,0,0,0,0,0,0,0,0,0,1.936185,0,0,0,0,0,0,0,0,0,0,0,0,0,0,0,0,0,0,0,0,0,0,0,0,0,0,0,0,0,0,0,0,0,0,0,0,0,0,0,0,0,0,0,0,0,0,0,0,0,0,0,0,0,0,0,0,0,0,0,0,0,0,0,0,0,0,0,0,0,0,0,0,0,0,0,0,0,0,0,0,0,0,0,0,0,0,0,0,0,0,0,0,0,0,0,0,0,0,0,0,0,0,0,0,0,0,0,0,0,0,0,0,0,0,0,0,0,0,0,0,0
2029,1,18,18,8.903826,0,27.56996,10.1475,0,3.624199,5.461428,0,0.448947,1.522437,1.478819,0.5784472,294.0449,0,0,0,0,0.625101,8.8536,0,2.596836,0.1396626,0.477096,11.27034,22.66013,0,0.59849,7.26,0,0,0,0,0,0,0,1.786546,0,0,9.248182,2.287026,0.428817,0,28.30009,29.82936,0.05840519,1.081603,0,0,0,0,0,0,0,0,128.7091,128.7091,0,128.7091,128.7091,0,0,0,0,18.47826,18.47826,46.19566,69.30102,0,0,0,0,0,0,0,0,0,0,0,0,0,0,0,3.612968,3.612968,0,48.0012,52.5,48.0012,52.5,0,0,0,0,0,0,0,0,0,3.612968,3.612968,42.12937,19.54527,0,19.54527,0,19.54527,0,0,0,0,0,19.90022,19.90022,3.225839,3.225839,0,1.727273,4.435484,0,0,0,0,0,0,0,0,0,0,0,0,0,0,0,276.1364,276.1364,181.6501,199.1646,201.9905,82.78514,7.438309,0,12.46886,0,0,210.4636,83.2236,74.4651,0,0,0,0,0,0,0,0,0,0,0,0,0,0,0,0,0,0,0,0,0,0,0,0,0,0,80.27962,0,0,0,0,0,0,0,374.1562,374.7265,373.87,6.8176,12.5566,2.581,0,0,0,0,0,0,0,0,0,0,0,0,0,0,0,0,0,0,0,0,0,0,0,0,0,0,0,0,0,0,0,0,0,0,0,0,0,0,0,0,0,0,0,0,0,0,0,22.78411,0,0,0,0,0,0,0,0,0,0,0.261151,0,0,0,0,0,0,0,0,0,0,0,0,0,0,0,0,0,0,0,0,0,0,0,0,0,0,0,0,0,0,0,0,0,0,0,0,0,0,0,0,0,0,0,0,0,0,0,0,0,0,0,0,0,0,0,0,0,0,0,0,0,0,0,0,0,0,0,0,0,0,0,0,0,0,0,0,0,0,0,0,0,0,0,0,0,0,0,0,0,0,0,0,0,0,0,0,0,0,0,0,0,0,0,0,0,0,0,0,0,0,0,0,0,0,0,0,0,0,0,0,0
2029,1,18,19,0,0,0,0,0,0,0,0,0,0,0,0,294.0449,0,0,0,0,0,0,0,0,0,0,0,0,0,0,0,0,0,0,0,0,0,0,0,0,0,0,0,0,0,0,0,0,0,0,0,0,0,0,0,0,0,128.7091,128.7091,0,128.7091,128.7091,0,0,0,0,18.47826,18.47826,46.19566,69.30102,0,0,0,0,0,0,0,0,0,0,0,0,0,0,0,3.612968,3.612968,0,48.0012,52.5,48.0012,52.5,0,0,0,0,0,0,0,0,0,3.612968,3.612968,42.12937,0,0,19.54527,0,19.54527,0,0,0,0,0,19.90022,19.90022,3.225839,3.225839,0,1.727273,4.435484,0,0,0,0,0,0,0,0,0,0,0,0,0,0,0,276.1364,276.1364,174.9206,201.368,203.3392,81.20029,1.578002,0,79.91852,0,0,191.7046,0,0,0,0,0,0,0,0,0,0,0,0,0,0,0,0,0,0,0,0,0,0,0,0,0,0,0,0,79.29234,0,0,0,0,0,0,0,374.1562,374.7265,373.87,6.8176,12.5566,2.581,0,0,0,0,0,0,0,0,0,0,0,0,0,0,0,0,0,0,0,0,0,0,0,0,0,0,0,0,0,0,0,0,0,0,0,0,0,0,0,0,0,0,0,0,0,0,0,0,0,0,0,0,0,0,0,0,0,0,0,0,0,0,0,0,0,0,0,0,0,0,0,0,0,0,0,0,0,0,0,0,0,0,0,0,0,0,0,0,0,0,0,0,0,0,0,0,0,0,0,0,0,0,0,0,0,0,0,0,0,0,0,0,0,0,0,0,0,0,0,0,0,0,0,0,0,0,0,0,0,0,0,0,0,0,0,0,0,0,0,0,0,0,0,0,0,0,0,0,0,0,0,0,0,0,0,0,0,0,0,0,0,0,0,0,0,0,0,0,0,0,0,0,0,0,0,0,0,0,0,0
2029,1,18,20,0,0,0,0,0,0,0,0,0,0,0,0,294.0449,0,0,0,0,0,0,0,0,0,0,0,0,0,0,0,0,0,0,0,0,0,0,0,0,0,0,0,0,0,0,0,0,0,0,0,0,0,0,0,0,0,128.7091,128.7091,0,128.7091,128.7091,0,0,0,0,18.47826,18.47826,46.19566,69.30102,0,0,0,0,0,0,0,0,0,0,0,0,0,0,0,3.612968,3.612968,0,48.0012,52.5,48.0012,52.5,0,0,0,0,0,0,0,0,0,3.612968,3.612968,42.12937,0,0,19.54527,0,19.54527,0,0,0,0,0,19.90022,19.90022,3.225839,3.225839,0,1.727273,4.435484,18.36735,18.36735,0,0,0,0,0,0,0,0,0,0,0,0,0,276.1364,276.1364,164.5504,134.6651,128.5279,82.31901,0.05494924,0,333.5666,0,0,151.3214,0,0,0,0,0,0,0,0,0,0,0,0,0,0,0,0,0,0,0,0,0,0,0,0,0,0,0,0,77.87042,0,0,0,0,0,0,0,374.1562,374.7265,373.87,6.8176,12.5566,2.581,0,0,0,0,0,0,0,0,0,0,0,0,0,0,0,0,0,0,0,0,0,0,0,0,0,0,0,0,0,0,0,0,0,0,0,0,0,0,0,0,0,0,0,0,0,0,0,0,0,0,0,0,0,0,0,0,0,0,0,0,0,0,0,0,0,0,0,0,0,0,0,0,0,0,0,0,0,0,0,0,0,0,0,0,0,0,0,0,0,0,0,0,0,0,0,0,0,0,0,0,0,0,0,0,0,0,0,0,0,0,0,0,0,0,0,0,0,0,0,0,0,0,0,0,0,0,0,0,0,0,0,0,0,0,0,0,0,0,0,0,0,0,0,0,0,0,0,0,0,0,0,0,0,0,0,0,0,0,0,0,0,0,0,0,0,0,0,0,0,0,0,0,0,0,0,0,0,0,0,0
2029,1,18,21,0,0,0,0,0,0,0,0,0,0,0,0,171.5262,0,0,0,0,0,0,0,0,0,0,0,0,0,0,0,0,0,0,0,0,0,0,0,0,0,0,0,0,0,0,0,0,0,0,0,0,0,0,0,0,0,128.7091,128.7091,0,128.7091,128.7091,0,0,0,0,18.47826,18.47826,46.19566,69.30102,0,0,0,0,0,0,0,0,0,0,0,0,0,0,0,3.612968,3.612968,0,48.0012,52.5,48.0012,52.5,0,0,0,0,0,0,0,0,0,3.612968,3.612968,42.12937,0,0,19.54527,0,19.54527,0,0,0,19.54527,19.54527,19.90022,19.90022,3.225839,3.225839,0,1.727273,4.435484,0,0,0,0,0,0,0,0,0,0,0,0,0,0,0,276.1364,276.1364,194.64,61.51518,54.70707,81.47997,0,0,263.9569,0,0,123.505,0,0,0,0,0,0,0,0,0,0,0,0,0,0,0,0,0,0,0,0,0,0,0,0,0,0,0,0,78.42082,0,0,0,0,0,0,0,374.1562,374.7265,373.87,6.8176,12.5566,2.581,0,0,0,0,0,0,0,0,0,0,0,0,0,0,0,0,0,0,0,0,0,0,0,0,0,0,0,0,0,0,0,0,0,0,0,0,0,0,0,0,0,0,0,0,0,0,0,0,0,0,0,0,0,0,0,0,0,0,0,0,0,0,0,0,0,0,0,0,0,0,0,0,0,0,0,0,0,0,0,0,0,0,0,0,0,0,0,0,0,0,0,0,0,0,0,0,0,0,0,0,0,0,0,0,0,0,0,0,0,0,0,0,0,0,0,0,0,0,0,0,0,0,0,0,0,0,0,0,0,0,0,0,0,0,0,0,0,0,0,0,0,0,0,0,0,0,0,0,0,0,0,0,0,0,0,0,0,0,0,0,0,0,0,0,0,0,0,0,0,0,0,0,0,0,0,0,0,0,0,0
2029,1,18,22,0,0,0,0,0,0,0,0,0,0,0,0,0,0,0,0,0,0,0,0,0,0,0,0,0,0,0,0,0,0,0,0,0,0,0,0,0,0,0,0,0,0,0,0,0,0,0,0,0,0,0,0,0,0,128.7091,128.7091,0,128.7091,128.7091,0,0,0,0,18.47826,18.47826,46.19566,69.30102,0,0,0,0,0,0,0,0,0,0,0,0,0,0,0,3.612968,3.612968,0,48.0012,52.5,48.0012,52.5,0,0,0,0,0,0,0,0,0,3.612968,3.612968,42.12937,19.54527,19.54527,19.54527,19.54527,19.54527,0,0,19.54527,19.54527,19.54527,19.90022,19.90022,3.225839,3.225839,0,1.727273,4.435484,0,0,0,0,0,0,0,0,0,0,0,0,0,0,0,276.1364,276.1364,166.675,53.71068,47.56311,79.98834,0.9907665,0,196.0655,0,0,68.01183,0,0,0,0,0,0,0,0,0,0,0,0,0,0,0,0,0,0,0,0,0,0,0,0,0,0,0,0,77.54093,0,0,0,0,0,0,0,374.1562,374.7265,373.87,6.8176,12.5566,2.581,0,0,0,0,0,0,0,0,0,0,0,0,0,0,0,0,0,0,0,0,0,0,0,0,0,0,0,0,0,0,0,0,0,0,0,0,0,0,0,0,0,0,0,0,0,0,0,0,0,0,0,0,0,0,0,0,0,0,0,0,0,0,0,0,0,0,0,0,0,0,0,0,0,0,0,0,0,0,0,0,0,0,0,0,0,0,0,0,0,0,0,0,0,0,0,0,0,0,0,0,0,0,0,0,0,0,0,0,0,0,0,0,0,0,0,0,0,0,0,0,0,0,0,0,0,0,0,0,0,0,0,0,0,0,0,0,0,0,0,0,0,0,0,0,0,0,0,0,0,0,0,0,0,0,0,0,0,0,0,0,0,0,0,0,0,0,0,0,0,0,0,0,0,0,0,0,0,0,0,0
2029,1,18,23,0,0,0,0,0,0,0,0,0,0,0,0,0,0,0,0,0,0,0,0,0,0,0,0,0,0,0,0,0,0,0,0,0,0,0,0,0,0,0,0,0,0,0,0,0,0,0,0,0,0,0,0,0,0,128.7091,128.7091,0,128.7091,128.7091,0,0,0,0,18.47826,18.47826,46.19566,69.30102,0,0,0,0,0,0,0,0,0,0,0,0,0,0,0,3.612968,3.612968,0,48.0012,52.5,48.0012,52.5,0,0,0,0,0,0,0,0,0,3.612968,3.612968,42.12937,19.54527,19.54527,19.54527,19.54527,19.54527,0,0,19.54527,0,0,19.90022,19.90022,3.225839,3.225839,0,1.727273,4.435484,0,0,0,0,0,0,0,0,0,0,0,0,0,0,0,276.1364,276.1364,105.9201,41.57293,36.89987,75.14056,11.90839,0,107.6053,0,0,61.09705,0,0,0,0,0,0,0,0,0,0,0,0,0,0,0,0,0,0,0,0,0,0,0,0,0,0,0,0,76.34493,0,0,0,0,0,0,0,374.1562,374.7265,373.87,6.8176,12.5566,2.581,0,0,0,0,0,0,0,0,0,0,0,0,0,0,0,0,0,0,0,0,0,0,0,0,0,0,0,0,0,0,0,0,0,0,0,0,0,0,0,0,0,0,0,0,0,0,0,0,0,0,0,0,0,0,0,0,0,0,0,0,0,0,0,0,0,0,0,0,0,0,0,0,0,0,0,0,0,0,0,0,0,0,0,0,0,0,0,0,0,0,0,0,0,0,0,0,0,0,0,0,0,0,0,0,0,0,0,0,0,0,0,0,0,0,0,0,0,0,0,0,0,0,0,0,0,0,0,0,0,0,0,0,0,0,0,0,0,0,0,0,0,0,0,0,0,0,0,0,0,0,0,0,0,0,0,0,0,0,0,0,0,0,0,0,0,0,0,0,0,0,0,0,0,0,0,0,0,0,0,0
2029,1,18,24,0,0,0,0,0,0,0,0,0,0,0,0,0,0,0,0,0,0,0,0,0,0,0,0,0,0,0,0,0,0,0,0,0,0,0,0,0,0,0,0,0,0,0,0,0,0,0,0,0,0,0,0,0,0,128.7091,128.7091,0,128.7091,128.7091,0,0,0,0,18.47826,18.47826,46.19566,69.30102,0,0,0,0,0,0,0,0,0,0,0,0,0,0,0,3.612968,3.612968,0,48.0012,52.5,48.0012,52.5,0,0,0,0,0,0,0,0,0,3.612968,3.612968,42.12937,0,0,19.54527,0,19.54527,0,0,0,0,0,19.90022,19.90022,3.225839,3.225839,0,1.727273,4.435484,0,0,0,0,0,0,0,0,0,0,0,0,0,0,0,276.1364,276.1364,90.30265,24.62495,21.26326,73.92862,35.88727,0,109.2253,0,0,44.01215,0,0,0,0,0,0,0,0,0,0,0,0,0,0,0,0,0,0,0,0,0,0,0,0,0,0,0,0,75.06567,0,0,0,0,0,0,0,374.1562,374.7265,373.87,6.8176,12.5566,2.581,0,0,0,0,0,0,0,0,0,0,0,0,0,0,0,0,0,0,0,0,0,0,0,0,0,0,0,0,0,0,0,0,0,0,0,0,0,0,0,0,0,0,0,0,0,0,0,0,0,0,0,0,0,0,0,0,0,0,0,0,0,0,0,0,0,0,0,0,0,0,0,0,0,0,0,0,0,0,0,0,0,0,0,0,0,0,0,0,0,0,0,0,0,0,0,0,0,0,0,0,0,0,0,0,0,0,0,0,0,0,0,0,0,0,0,0,0,0,0,0,0,0,0,0,0,0,0,0,0,0,0,0,0,0,0,0,0,0,0,0,0,0,0,0,0,0,0,0,0,0,0,0,0,0,0,0,0,0,0,0,0,0,0,0,0,0,0,0,0,0,0,0,0,0,0,0,0,0,0,0
2029,1,19,1,0,0,0,0,0,0,0,0,0,0,0,0,0,0,0,0,0,0,0,0,0,0,0,0,0,0,0,0,0,0,0,0,0,0,0,0,0,0,0,0,0,0,0,0,0,0,0,0,0,0,0,0,0,0,128.7091,128.7091,0,128.7091,128.7091,0,0,0,0,18.47826,18.47826,46.19566,69.30102,0,0,0,0,0,0,0,0,0,0,0,0,0,0,0,0,0,0,0,0,0,0,0,0,0,0,0,0,0,0,0,0,0,0,0,0,0,0,0,0,0,0,0,0,0,0,0,0,0,0,0,0,0,0,0,0,0,0,0,0,0,0,0,0,0,0,276.1364,276.1364,62.51482,24.84865,21.26326,72.99635,0.256617,0,79.96761,0,0,37.47934,0,0,0,0,0,0,0,0,0,0,0,0,0,0,0,0,0,0,0,0,0,0,0,0,0,0,0,0,74.07339,0,0,0,0,0,0,0,374.1562,374.7265,373.87,6.8176,12.5566,2.581,0,0,0,0,0,0,0,0,0,0,0,0,0,0,0,0,0,0,0,0,0,0,0,0,0,0,0,0,0,0,0,0,0,0,0,0,0,0,0,0,0,0,0,0,0,0,0,0,0,0,0,0,0,0,0,0,0,0,0,0,0,0,0,0,0,0,0,0,0,0,0,0,0,0,0,0,0,0,0,0,0,0,0,0,0,0,0,0,0,0,0,0,0,0,0,0,0,0,0,0,0,0,0,0,0,0,0,0,0,0,0,0,0,0,0,0,0,0,0,0,0,0,0,0,0,0,0,0,0,0,0,0,0,0,0,0,0,0,0,0,0,0,0,0,0,0,0,0,0,0,0,0,0,0,0,0,0,0,0,0,0,0,0,0,0,0,0,0,0,0,0,0,0,0,0,0,0,0,0,0
2029,1,19,2,0,0,0,0,0,0,0,0,0,0,0,0,0,0,0,0,0,0,0,0,0,0,0,0,0,0,0,0,0,0,0,0,0,0,0,0,0,0,0,0,0,0,0,0,0,0,0,0,0,0,0,0,0,0,128.7091,128.7091,0,128.7091,128.7091,0,0,0,0,18.47826,18.47826,46.19566,69.30102,0,0,0,0,0,0,0,0,0,0,0,0,0,0,0,3.612968,3.612968,0,48.0012,52.5,48.0012,52.5,0,0,0,0,0,0,0,0,0,3.612968,3.612968,42.12937,0,19.54527,19.54527,19.54527,19.54527,0,0,0,0,0,19.90022,19.90022,0,0,0,0,0,0,0,0,0,0,0,0,0,0,0,0,0,0,0,0,276.1364,276.1364,29.91559,24.13447,20.60998,59.38528,0.6779789,0,166.2187,0,0,41.76614,0,0,0,0,0,0,0,0,0,0,0,0,0,0,0,0,0,0,0,0,0,0,0,0,0,0,0,0,73.60718,0,0,0,0,0,0,0,374.1562,374.7265,373.87,6.8176,12.5566,2.581,0,0,0,0,0,0,0,0,0,0,0,0,0,0,0,0,0,0,0,0,0,0,0,0,0,0,0,0,0,0,0,0,0,0,0,0,0,0,0,0,0,0,0,0,0,0,0,0,0,0,0,0,0,0,0,0,0,0,0,0,0,0,0,0,0,0,0,0,0,0,0,0,0,0,0,0,0,0,0,0,0,0,0,0,0,0,0,0,0,0,0,0,0,0,0,0,0,0,0,0,0,0,0,0,0,0,0,0,0,0,0,0,0,0,0,0,0,0,0,0,0,0,0,0,0,0,0,0,0,0,0,0,0,0,0,0,0,0,0,0,0,0,0,0,0,0,0,0,0,0,0,0,0,0,0,0,0,0,0,0,0,0,0,0,0,0,0,0,0,0,0,0,0,0,0,0,0,0,0,0
2029,1,19,3,0,0,0,0,0,0,0,0,0,0,0,0,0,0,0,0,0,0,0,0,0,0,0,0,0,0,0,0,0,0,0,0,0,0,0,0,0,0,0,0,0,0,0,0,0,0,0,0,0,0,0,0,0,0,128.7091,128.7091,0,128.7091,128.7091,0,0,0,0,18.47826,18.47826,46.19566,69.30102,0,0,0,0,0,0,0,0,0,0,0,0,0,0,0,3.612968,3.612968,0,48.0012,52.5,48.0012,52.5,0,0,0,0,0,0,0,0,0,3.612968,3.612968,42.12937,19.54527,19.54527,19.54527,19.54527,19.54527,0,0,19.54527,19.54527,19.54527,19.90022,19.90022,3.225839,3.225839,0,1.727273,4.435484,18.36735,18.36735,0,0,0,0,0,0,0,0,0,0,0,0,0,276.1364,276.1364,18.07923,21.68746,18.56584,49.50327,0,0,245.6954,0,0,62.51759,0,0,0,0,0,0,0,0,0,0,0,0,0,0,0,0,0,0,0,0,0,0,0,0,0,0,0,0,73.45989,0,0,0,0,0,0,0,374.1562,374.7265,373.87,6.8176,12.5566,2.581,0,0,0,0,0,0,0,0,0,0,0,0,0,0,0,0,0,0,0,0,0,0,0,0,0,0,0,0,0,0,0,0,0,0,0,0,0,0,0,0,0,0,0,0,0,0,0,0,0,0,0,0,0,0,0,0,0,0,0,0,0,0,0,0,0,0,0,0,0,0,0,0,0,0,0,0,0,0,0,0,0,0,0,0,0,0,0,0,0,0,0,0,0,0,0,0,0,0,0,0,0,0,0,0,0,0,0,0,0,0,0,0,0,0,0,0,0,0,0,0,0,0,0,0,0,0,0,0,0,0,0,0,0,0,0,0,0,0,0,0,0,0,0,0,0,0,0,0,0,0,0,0,0,0,0,0,0,0,0,0,0,0,0,0,0,0,0,0,0,0,0,0,0,0,0,0,0,0,0,0
2029,1,19,4,0,0,0,0,0,0,0,0,0,0,0,0,0,0,0,0,0,0,0,0,0,0,0,0,0,0,0,0,0,0,0,0,0,0,0,0,0,0,0,0,0,0,0,0,0,0,0,0,0,0,0,0,0,0,128.7091,128.7091,0,128.7091,128.7091,0,0,0,0,18.47826,18.47826,46.19566,69.30102,0,0,0,0,0,0,0,0,0,0,0,0,0,0,0,3.612968,3.612968,0,48.0012,52.5,48.0012,52.5,0,0,0,0,0,0,0,0,0,3.612968,3.612968,42.12937,19.54527,19.54527,19.54527,19.54527,19.54527,0,0,0,0,0,19.90022,19.90022,3.225839,3.225839,0,1.727273,4.435484,18.36735,18.36735,0,0,0,0,0,0,0,0,0,0,0,0,0,276.1364,276.1364,8.214485,5.011754,3.772174,41.48579,0,0,184.922,0,0,73.01071,0,0,0,0,0,0,0,0,0,0,0,0,0,0,0,0,0,0,0,0,0,0,0,0,0,0,0,0,73.97781,0,0,0,0,0,0,0,374.1562,374.7265,373.87,6.8176,12.5566,2.581,0,0,0,0,0,0,0,0,0,0,0,0,0,0,0,0,0,0,0,0,0,0,0,0,0,0,0,0,0,0,0,0,0,0,0,0,0,0,0,0,0,0,0,0,0,0,0,0,0,0,0,0,0,0,0,0,0,0,0,0,0,0,0,0,0,0,0,0,0,0,0,0,0,0,0,0,0,0,0,0,0,0,0,0,0,0,0,0,0,0,0,0,0,0,0,0,0,0,0,0,0,0,0,0,0,0,0,0,0,0,0,0,0,0,0,0,0,0,0,0,0,0,0,0,0,0,0,0,0,0,0,0,0,0,0,0,0,0,0,0,0,0,0,0,0,0,0,0,0,0,0,0,0,0,0,0,0,0,0,0,0,0,0,0,0,0,0,0,0,0,0,0,0,0,0,0,0,0,0,0
2029,1,19,5,0,0,0,0,0,0,0,0,0,0,0,0,0,0,0,0,0,0,0,0,0,0,0,0,0,0,0,0,0,0,0,0,0,0,0,0,0,0,0,0,0,0,0,0,0,0,0,0,0,0,0,0,0,0,128.7091,128.7091,0,128.7091,128.7091,0,0,0,0,18.47826,18.47826,46.19566,69.30102,0,0,0,0,0,0,0,0,0,0,0,0,0,0,0,3.612968,3.612968,0,48.0012,52.5,48.0012,52.5,0,0,0,0,0,0,0,0,0,3.612968,3.612968,42.12937,0,0,19.54527,0,19.54527,0,0,0,0,0,19.90022,19.90022,3.225839,3.225839,0,1.727273,4.435484,18.36735,18.36735,0,0,0,0,0,0,0,0,0,0,0,0,0,276.1364,276.1364,10.43278,5.265808,3.98291,39.52804,0,0,211.087,0,0,65.95067,0,0,0,0,0,0,0,0,0,0,0,0,0,0,0,0,0,0,0,0,0,0,0,0,0,0,0,0,74.79684,0,0,0,0,0,0,0,374.1562,374.7265,373.87,6.8176,12.5566,2.581,0,0,0,0,0,0,0,0,0,0,0,0,0,0,0,0,0,0,0,0,0,0,0,0,0,0,0,0,0,0,0,0,0,0,0,0,0,0,0,0,0,0,0,0,0,0,0,0,0,0,0,0,0,0,0,0,0,0,0,0,0,0,0,0,0,0,0,0,0,0,0,0,0,0,0,0,0,0,0,0,0,0,0,0,0,0,0,0,0,0,0,0,0,0,0,0,0,0,0,0,0,0,0,0,0,0,0,0,0,0,0,0,0,0,0,0,0,0,0,0,0,0,0,0,0,0,0,0,0,0,0,0,0,0,0,0,0,0,0,0,0,0,0,0,0,0,0,0,0,0,0,0,0,0,0,0,0,0,0,0,0,0,0,0,0,0,0,0,0,0,0,0,0,0,0,0,0,0,0,0
2029,1,19,6,0,0,0,0,0,0,0,0,0,0,0,0,0,0,0,0,0,0,0,0,0,0,0,0,0,0,0,0,0,0,0,0,0,0,0,0,0,0,0,0,0,0,0,0,0,0,0,0,0,0,0,0,0,0,128.7091,128.7091,0,128.7091,128.7091,0,0,0,0,18.47826,18.47826,46.19566,69.30102,0,0,0,0,0,0,0,0,0,0,0,0,0,0,0,3.612968,3.612968,0,48.0012,52.5,48.0012,52.5,0,0,0,0,0,0,0,0,0,3.612968,3.612968,42.12937,0,0,19.54527,0,19.54527,0,0,0,0,0,19.90022,19.90022,3.225839,3.225839,0,1.727273,4.435484,18.36735,18.36735,0,0,0,0,0,0,0,0,0,0,0,0,0,276.1364,276.1364,10.07654,0,0,34.1209,0,0,332.0938,0,0,43.46758,0,0,0,0,0,0,0,0,0,0,0,0,0,0,0,0,0,0,0,0,0,0,0,0,0,0,0,0,76.50698,0,0,0,0,0,0,0,374.1562,374.7265,373.87,6.8176,12.5566,2.581,0,0,0,0,0,0,0,0,0,0,0,0,0,0,0,0,0,0,0,0,0,0,0,0,0,0,0,0,0,0,0,0,0,0,0,0,0,0,0,0,0,0,0,0,0,0,0,0,0,0,0,0,0,0,0,0,0,0,0,0,0,0,0,0,0,0,0,0,0,0,0,0,0,0,0,0,0,0,0,0,0,0,0,0,0,0,0,0,0,0,0,0,0,0,0,0,0,0,0,0,0,0,0,0,0,0,0,0,0,0,0,0,0,0,0,0,0,0,0,0,0,0,0,0,0,0,0,0,0,0,0,0,0,0,0,0,0,0,0,0,0,0,0,0,0,0,0,0,0,0,0,0,0,0,0,0,0,0,0,0,0,0,0,0,0,0,0,0,0,0,0,0,0,0,0,0,0,0,0,0
2029,1,19,7,0,0,0,0,0,0,0,0,0,0,0,0,0,2.189,3.135,0,0,0,0,0,0,0,0,0,0,0,0,0,0,0,0,0,0,0,0,0,0,0,0,0,0,0,0,0,0,0,0,0,0,0,0,0,0,0,128.7091,128.7091,0,128.7091,128.7091,0,0,0,0,18.47826,18.47826,46.19566,69.30102,0,0,0,0,0,0,0,0,0,0,0,0,0,0,0,3.612968,3.612968,0,48.0012,52.5,48.0012,52.5,0,0,0,0,0,0,0,0,0,3.612968,3.612968,42.12937,0,0,19.54527,0,19.54527,0,0,0,0,0,19.90022,19.90022,3.225839,3.225839,0,1.727273,4.435484,18.36735,18.36735,0,0,0,0,0,0,0,0,0,0,0,0,0,276.1364,276.1364,13.34348,0,0,25.26438,0,0,471.5095,0,0,116.8774,0,0,0,0,0,0,0,0,0,0,0,0,0,0,0,0,0,0,0,0,0,0,0,0,0,0,0,0,77.51007,0,0,0,0,0,0,0,374.1562,374.7265,373.87,6.8176,12.5566,2.581,0,0,0,0,0,0,0,0,0,0,0,0,0,0,0,0,0,0,0,0,0,0,0,0,0,0,0,0,0,0,0,0,0,0,0,0,0,0,0,0,0,0,0,0,0,0,0,0,0,0,0,0,0,0,0,0,0,0,0,0,0,0,0,0,0,0,0,0,0,0,0,0,0,0,0,0,0,0,0,0,0,0,0,0,0,0,0,0,0,0,0,0,0,0,0,0,0,0,0,0,0,0,0,0,0,0,0,0,0,0,0,0,0,0,0,0,0,0,0,0,0,0,0,0,0,0,0,0,0,0,0,0,0,0,0,0,0,0,0,0,0,0,0,0,0,0,0,0,0,0,0,0,0,0,0,0,0,0,0,0,0,0,0,0,0,0,0,0,0,0,0,0,0,0,0,0,0,0,0,0
2029,1,19,8,0,0,0,1.485,0,0,0,0,0.067586,0.229194,0.222628,0.08708197,0,88.754,128.6725,0,0,0.094105,0,0,0.914783,0.02055893,0.071824,0,0,0,0.0881,0,0,0,0,0,0,0,0,0.262926,0,0,0,0,0,0,0,0,0,0,0,0,0,0,0,0,0,0,128.7091,128.7091,0,128.7091,128.7091,0,0,0,0,18.47826,18.47826,46.19566,69.30102,0,0,0,0,0,0,0,0,0,0,0,0,0,0,0,3.612968,3.612968,0,48.0012,52.5,48.0012,52.5,0,0,0,0,0,0,0,0,0,3.612968,3.612968,42.12937,0,0,19.54527,0,19.54527,0,0,0,0,0,19.90022,19.90022,3.225839,3.225839,0,1.727273,4.435484,18.36735,18.36735,0,0,0,0,0,0,0,0,0,0,0,0,0,276.1364,276.1364,0.8493906,0,0,33.09541,0,0,471.804,0,0,115.8884,38.3152,19.9233,0,0,0,0,0,0,0,0,0,0,0,0,0,0,0,0,0,0,0,0,0,0,0,0,0,0,76.91013,0,0,0,0,0,0,0,374.1562,374.7265,373.87,6.8176,12.5566,2.581,0,0,0,0,0,0,0,0,0,0,0,0,0,0,0,0,0,0,0,0,0,0,0,0,0,0,0,0,0,0,0,0,0,0,0,0,0,0,0,0,0,0,0,0,0,0,0,3.353133,0,0,0,0,0,0,0,0,0,0,0.038434,0,0,0,0,0,0,0,0,0,0,0,0,0,0,0,0,0,0,0,0,0,0,0,0,0,0,0,0,0,0,0,0,0,0,0,0,0,0,0,0,0,0,0,0,0,0,0,0,0,0,0,0,0,0,0,0,0,0,0,0,0,0,0,0,0,0,0,0,0,0,0,0,0,0,0,0,0,0,0,0,0,0,0,0,0,0,0,0,0,0,0,0,0,0,0,0,0,0,0,0,0,0,0,0,0,0,0,0,0,0,0,0,0,0,0,0,0,0,0,0,0
2029,1,19,9,55.17957,0.8794089,87.42547,76.68,0,44.05324,21.57788,1.033936,2.839313,9.628472,9.352612,3.658319,0,157.7075,224.29,0,0.914466,3.953374,38.6736,0,35.57457,0.5697957,3.017334,63.9162,128.5098,0,2.441719,60.555,0.2208738,0,0,0,0,0,0,11.24275,0.8035387,0,60.11251,34.75178,6.515958,0,91.96554,113.1983,3.475655,25.00578,0,0,0,0,0,0,0,0,128.7091,128.7091,0,128.7091,128.7091,0,0,0,0,18.47826,18.47826,46.19566,69.30102,0,0,0,0,0,0,0,0,0,0,0,0,0,0,0,3.612968,3.612968,0,48.0012,52.5,48.0012,52.5,0,0,0,0,0,0,0,0,0,3.612968,3.612968,42.12937,0,0,19.54527,0,19.54527,0,0,0,0,0,19.90022,19.90022,3.225839,3.225839,0,1.727273,4.435484,18.36735,18.36735,0,0,0,0,0,0,0,0,0,0,0,0,0,276.1364,276.1364,0,0,0,63.59525,0,0,470.6258,0,0,98.32813,165.8252,191.4615,0,0,0,0,0,0,0,0,0,0,0,0,0,0,0,0,0,0,0,0,0,0,0,0,0,0,78.05762,0,0,0,0,0,0,0,374.1562,374.7265,373.87,6.8176,12.5566,2.581,0,0,0,0,0,0,0,0,0,0,0,0,0,0,0,0,0,0,0,0,0,0,0,0,0,0,0,0,0,0,0,0,0,0,0,0,0,0,0,0,0,0,0,0,0,0,0,143.3805,0,0,0,0,0,0,0,0,0,0,1.643428,0,0,0,0,0,0,0,0,0,0,0,0,0,0,0,0,0,0,0,0,0,0,0,0,0,0,0,0,0,0,0,0,0,0,0,0,0,0,0,0,0,0,0,0,0,0,0,0,0,0,0,0,0,0,0,0,0,0,0,0,0,0,0,0,0,0,0,0,0,0,0,0,0,0,0,0,0,0,0,0,0,0,0,0,0,0,0,0,0,0,0,0,0,0,0,0,0,0,0,0,0,0,0,0,0,0,0,0,0,0,0,0,0,0,0,0,0,0,0,0,0
2029,1,19,10,116.4457,10.19066,233.9445,190.395,0,87.05206,40.46239,11.98134,7.786156,26.40384,25.64736,10.03209,0,154.225,220.22,0,0,10.84121,138.5496,0,81.01375,1.899319,8.274336,140.2871,282.061,0,8.139063,114.24,2.559504,6.411572,4.564641,0,0,0,0,30.99544,9.311471,0,121.064,179.3596,33.62993,81.87401,50.40566,235.2437,9.277033,51.30819,0,0,0,0,0,0,0,0,128.7091,128.7091,0,128.7091,128.7091,0,0,0,0,18.47826,18.47826,46.19566,69.30102,0,0,0,0,0,0,0,0,0,0,0,0,0,0,0,3.612968,3.612968,0,0,0,0,0,0,0,0,0,0,0,0,0,0,3.612968,3.612968,42.12937,0,0,19.54527,0,19.54527,0,0,0,0,0,19.90022,19.90022,3.225839,3.225839,0,1.727273,4.435484,0,0,0,0,0,0,0,0,0,0,0,0,0,0,0,276.1364,276.1364,0,0,0,57.17149,0,0,280.5003,0,0,14.52585,305.6508,390.4119,0,0,0,0,0,0,0,0,0,0,0,0,0,0,0,0,0,0,0,0,0,0,0,0,0,0,78.62647,0,0,0,0,0,0,0,374.1562,374.7265,373.87,6.8176,12.5566,2.581,0,0,0,0,0,0,0,0,0,0,0,0,0,0,0,0,0,0,0,0,0,0,0,0,0,0,0,0,0,0,0,0,0,0,0,0,0,0,0,0,0,0,0,0,0,0,0,395.2897,0,0,0,0,0,0,0,0,0,0,4.530811,0,0,0,0,0,0,0,0,0,0,0,0,0,0,0,0,0,0,0,0,0,0,0,0,0,0,0,0,0,0,0,0,0,0,0,0,0,0,0,0,0,0,0,0,0,0,0,0,0,0,0,0,0,0,0,0,0,0,0,0,0,0,0,0,0,0,0,0,0,0,0,0,0,0,0,0,0,0,0,0,0,0,0,0,0,0,0,0,0,0,0,0,0,0,0,0,0,0,0,0,0,0,0,0,0,0,0,0,0,0,0,0,0,0,0,0,0,0,0,0,0
2029,1,19,11,117.2269,11.27284,248.7629,0,10.10615,105.5872,16.01631,13.25367,8.612992,0,0,11.09743,0,144.3745,206.8,0,0,0,136.4832,0,82.63441,2.785668,9.153013,148.0426,297.6542,0,11.93729,118.89,2.831305,7.514244,5.349675,0,0,0,0,0,10.30028,0,120.4711,289.5287,54.28664,204.873,132.4666,237.7565,13.62832,53.29634,0,0,0,0,0,0,0,0,128.7091,128.7091,0,128.7091,128.7091,0,0,0,0,18.47826,18.47826,46.19566,69.30102,0,0,0,0,0,0,0,0,0,0,0,0,0,0,0,3.612968,3.612968,0,0,0,0,0,0,0,0,0,0,0,0,0,0,3.612968,3.612968,42.12937,0,0,19.54527,0,19.54527,0,0,0,0,0,19.90022,19.90022,3.225839,3.225839,0,1.727273,4.435484,0,0,0,0,0,0,0,0,0,0,0,0,0,0,0,276.1364,276.1364,0.02183426,0,0,28.90022,0,0,66.02605,0,0,76.72546,363.9944,473.4963,0,0,0,0,0,0,0,0,0,0,0,0,0,0,0,0,0,0,0,0,0,0,0,0,0,0,78.89462,0,0,0,0,0,0,0,374.1562,374.7265,373.87,6.8176,12.5566,2.581,0,0,0,0,0,0,0,0,0,0,0,0,0,0,0,0,0,0,0,0,0,0,0,0,0,0,0,0,0,0,0,0,0,0,0,0,0,0,0,0,0,0,0,0,0,0,0,437.4274,0,0,0,0,0,0,0,0,0,0,5.013792,0,0,0,0,0,0,0,0,0,0,0,0,0,0,0,0,0,0,0,0,0,0,0,0,0,0,0,0,0,0,0,0,0,0,0,0,0,0,0,0,0,0,0,0,0,0,0,0,0,0,0,0,0,0,0,0,0,0,0,0,0,0,0,0,0,0,0,0,0,0,0,0,0,0,0,0,0,0,0,0,0,0,0,0,0,0,0,0,0,0,0,0,0,0,0,0,0,0,0,0,0,0,0,0,0,0,0,0,0,0,0,0,0,0,0,0,0,0,0,0,0
2029,1,19,12,109.5672,10.87177,243.631,185.4225,11.8932,79.89854,48.47446,0,8.306558,28.16859,27.36155,10.7026,0,138.902,199.2375,0,0,11.5658,135.5424,0,81.18403,3.292153,8.827366,143.076,287.6684,0,14.10771,111.78,2.730572,8.842971,6.295647,0,0,0,0,33.03836,9.93382,0,116.4151,296.0311,55.50583,166.5875,154.4466,126.8293,14.06541,52.01722,0,0,0,0,0,0,0,0,128.7091,128.7091,0,128.7091,128.7091,0,0,0,0,18.47826,18.47826,46.19566,69.30102,0,0,0,0,0,0,0,0,0,0,0,0,0,0,0,3.612968,3.612968,0,0,0,0,0,0,0,0,0,0,0,0,0,0,3.612968,3.612968,42.12937,0,0,19.54527,0,19.54527,0,0,0,0,0,19.90022,19.90022,3.225839,3.225839,0,1.727273,4.435484,0,0,0,0,0,0,0,0,0,0,0,0,0,0,0,276.1364,276.1364,1.030773,0,0,17.15368,0,0,104.8562,0,0,139.0431,374.5684,488.4741,0,0,0,0,0,0,0,0,0,0,0,0,0,0,0,0,0,0,0,0,0,0,0,0,0,0,79.13932,0,0,0,0,0,0,0,374.1562,374.7265,373.87,6.8176,12.5566,2.581,0,0,0,0,0,0,0,0,0,0,0,0,0,0,0,0,0,0,0,0,0,0,0,0,0,0,0,0,0,0,0,0,0,0,0,0,0,0,0,0,0,0,0,0,0,0,0,421.3434,0,0,0,0,0,0,0,0,0,0,4.829438,0,0,0,0,0,0,0,0,0,0,0,0,0,0,0,0,0,0,0,0,0,0,0,0,0,0,0,0,0,0,0,0,0,0,0,0,0,0,0,0,0,0,0,0,0,0,0,0,0,0,0,0,0,0,0,0,0,0,0,0,0,0,0,0,0,0,0,0,0,0,0,0,0,0,0,0,0,0,0,0,0,0,0,0,0,0,0,0,0,0,0,0,0,0,0,0,0,0,0,0,0,0,0,0,0,0,0,0,0,0,0,0,0,0,0,0,0,0,0,0,0
2029,1,19,13,104.8617,10.43999,233.1191,179.9325,11.47174,83.23756,45.95713,12.27448,7.976655,27.04985,26.27486,10.27754,0,143.28,206.6625,0,10.85618,11.10645,130.7208,0,79.34555,3.566499,8.476779,136.6577,274.7637,0,15.28335,108.465,2.622125,8.529602,6.072548,0,0,0,0,31.73456,9.539289,0,112.2166,261.8271,49.09257,170.0059,160.4332,215.221,16.17139,49.90634,0,0,0,0,0,0,0,0,128.7091,128.7091,0,128.7091,128.7091,0,0,0,0,18.47826,18.47826,46.19566,69.30102,0,0,0,0,0,0,0,0,0,0,0,0,0,0,0,3.612968,3.612968,0,0,0,0,0,0,0,0,0,0,0,0,0,0,3.612968,3.612968,42.12937,0,0,19.54527,0,19.54527,0,0,0,0,0,19.90022,19.90022,3.225839,3.225839,0,1.727273,4.435484,0,0,0,0,0,0,0,0,0,0,0,0,0,0,0,276.1364,276.1364,6.678478,0,0,16.874,0.08310596,0,120.7123,0,0,167.3569,425.3236,560.6784,0,0,0,0,0,0,0,0,0,0,0,0,0,0,0,0,0,0,0,0,0,0,0,0,0,0,79.42941,0,132.8463,0,0,0,0,0,374.1562,374.7265,373.87,6.8176,12.5566,2.581,0,0,0,0,0,0,0,0,0,0,0,0,0,0,0,0,0,0,0,0,0,0,0,0,0,0,0,0,0,0,0,0,0,0,0,0,0,0,0,0,0,0,0,0,0,0,0,404.7158,0,0,0,0,0,0,0,0,0,0,4.638852,0,0,0,0,0,0,0,0,0,0,0,0,0,0,0,0,0,0,0,0,0,0,0,0,0,0,0,0,0,0,0,0,0,0,0,0,0,0,0,0,0,0,0,0,0,0,0,0,0,0,0,0,0,0,0,0,0,0,0,0,0,0,0,0,0,0,0,0,0,0,0,0,0,0,0,0,0,0,0,0,0,0,0,0,0,0,0,0,0,0,0,0,0,0,0,0,0,0,0,0,0,0,0,0,0,0,0,0,0,0,0,0,0,0,0,0,0,0,0,0,0
2029,1,19,14,104.5067,10.58578,234.8818,183.8475,11.60974,0,32.31431,0,8.088046,27.42759,26.64178,10.42106,0,150.3445,214.6375,0,11.00778,0,117.8352,0,82.48393,3.439878,8.595154,140.2489,281.9842,0,0,110.505,2.658742,8.63221,6.145598,0,0,0,0,32.16949,9.672501,0,114.474,225.4085,42.26409,166.5875,122.0149,50.4808,16.37007,49.6345,0,0,0,0,0,0,0,0,128.7091,128.7091,0,128.7091,128.7091,0,0,0,0,18.47826,18.47826,46.19566,69.30102,0,0,0,0,0,0,0,0,0,0,0,0,0,0,0,3.612968,3.612968,0,0,0,0,0,0,0,0,0,0,0,0,0,0,3.612968,3.612968,42.12937,0,0,19.54527,0,19.54527,0,0,0,0,0,19.90022,19.90022,3.225839,3.225839,0,1.727273,4.435484,0,0,0,0,0,0,0,0,0,0,0,0,0,0,0,276.1364,276.1364,19.64097,0,0,15.94173,0.8788266,0,202.3981,0,0,178.6255,430.1752,567.4608,0,0,0,0,0,0,0,0,0,0,0,0,0,0,0,0,0,0,0,0,0,0,0,0,0,0,79.62891,0,0,0,0,0,0,0,374.1562,374.7265,373.87,6.8176,12.5566,2.581,0,0,0,0,0,0,0,0,0,0,0,0,0,0,0,0,0,0,0,0,0,0,0,0,0,0,0,0,0,0,0,0,0,0,0,0,0,0,0,0,0,0,0,0,0,0,0,410.2626,0,0,0,0,0,0,0,0,0,0,4.70243,0,0,0,0,0,0,0,0,0,0,0,0,0,0,0,0,0,0,0,0,0,0,0,0,0,0,0,0,0,0,0,0,0,0,0,0,0,0,0,0,0,0,0,0,0,0,0,0,0,0,0,0,0,0,0,0,0,0,0,0,0,0,0,0,0,0,0,0,0,0,0,0,0,0,0,0,0,0,0,0,0,0,0,0,0,0,0,0,0,0,0,0,0,0,0,0,0,0,0,0,0,0,0,0,0,0,0,0,0,0,0,0,0,0,0,0,0,0,0,0,0
2029,1,19,15,109.6365,11.14627,242.7275,191.07,12.22473,78.69431,36.99793,13.10487,8.516289,28.87981,28.0524,10.97283,121.5385,152.5335,217.0575,0,11.59061,11.85782,137.5416,0,86.63016,3.081118,9.050247,146.0178,293.5831,0,13.20337,118.425,2.799516,9.089474,6.471142,0,0,0,0,33.86803,10.18464,0,119.3899,227.6234,42.67939,211.4818,93.09302,228.0406,14.10515,50.076,0,0,0,0,0,0,0,0,128.7091,128.7091,0,128.7091,128.7091,0,0,0,0,18.47826,18.47826,46.19566,69.30102,0,0,0,0,0,0,0,0,0,0,0,0,0,0,0,3.612968,3.612968,0,0,0,0,0,0,0,0,0,0,0,0,0,0,3.612968,3.612968,42.12937,0,0,19.54527,0,19.54527,0,0,0,0,0,19.90022,19.90022,3.225839,3.225839,0,1.727273,4.435484,0,0,0,0,0,0,0,0,0,0,0,0,0,0,0,276.1364,276.1364,24.44987,2.375784,0,39.52804,0.3285155,0,164.5006,0,0,166.312,375.5636,489.8871,0,0,0,0,0,0,0,0,0,0,0,0,0,0,0,0,0,0,0,0,0,0,0,0,0,0,80.40663,0,0,0,0,0,0,0,374.1562,374.7265,373.87,6.8176,12.5566,2.581,0,0,0,0,0,0,0,0,0,0,0,0,0,0,0,0,0,0,0,0,0,0,0,0,0,0,0,0,0,0,0,0,0,0,0,0,0,0,0,0,0,0,0,0,0,0,0,431.9243,0,0,0,0,0,0,0,0,0,0,4.950716,0,0,0,0,0,0,0,0,0,0,0,0,0,0,0,0,0,0,0,0,0,0,0,0,0,0,0,0,0,0,0,0,0,0,0,0,0,0,0,0,0,0,0,0,0,0,0,0,0,0,0,0,0,0,0,0,0,0,0,0,0,0,0,0,0,0,0,0,0,0,0,0,0,0,0,0,0,0,0,0,0,0,0,0,0,0,0,0,0,0,0,0,0,0,0,0,0,0,0,0,0,0,0,0,0,0,0,0,0,0,0,0,0,0,0,0,0,0,0,0,0
2029,1,19,16,113.439,10.92705,247.6853,194.13,0,137.9234,34.78164,12.84712,8.348792,28.31181,27.50067,10.75702,129.2127,103.3805,149.5175,0,0,0,105.6888,0,79.84849,2.490218,8.872249,147.8516,297.2702,0,10.67122,120.315,2.744456,8.851793,6.301928,0,0,0,0,33.18955,9.984327,0,118.5804,244.9417,45.92657,169.9603,117.3583,233.0969,10.31015,48.57752,0,0,0,0,0,0,0,0,128.7091,128.7091,0,128.7091,128.7091,0,0,0,0,18.47826,18.47826,46.19566,69.30102,0,0,0,0,0,0,0,0,0,0,0,0,0,0,0,3.612968,3.612968,0,0,0,0,0,0,0,0,0,0,0,0,0,0,3.612968,3.612968,42.12937,0,0,19.54527,0,19.54527,0,0,0,0,0,19.90022,19.90022,3.225839,3.225839,0,1.727273,4.435484,0,0,0,0,0,0,0,0,0,0,0,0,0,0,0,276.1364,276.1364,45.25228,7.675788,5.479136,76.81864,0.1232492,0,229.9866,0,0,166.784,330.5308,425.7369,0,0,0,0,0,0,0,0,0,0,0,0,0,0,0,0,0,0,0,0,0,0,0,0,0,0,80.74061,0,0,0,0,0,0,0,374.1562,374.7265,373.87,6.8176,12.5566,2.581,0,0,0,0,0,0,0,0,0,0,0,0,0,0,0,0,0,0,0,0,0,0,0,0,0,0,0,0,0,0,0,0,0,0,0,0,0,0,0,0,0,0,0,0,0,0,0,423.2715,0,0,0,0,0,0,0,0,0,0,4.851538,0,0,0,0,0,0,0,0,0,0,0,0,0,0,0,0,0,0,0,0,0,0,0,0,0,0,0,0,0,0,0,0,0,0,0,0,0,0,0,0,0,0,0,0,0,0,0,0,0,0,0,0,0,0,0,0,0,0,0,0,0,0,0,0,0,0,0,0,0,0,0,0,0,0,0,0,0,0,0,0,0,0,0,0,0,0,0,0,0,0,0,0,0,0,0,0,0,0,0,0,0,0,0,0,0,0,0,0,0,0,0,0,0,0,0,0,0,0,0,0,0
2029,1,19,17,81.76875,3.982477,212.8765,128.0025,0,97.72812,31.07314,0,0,17.66847,0,6.713103,294.0449,3.98,0,0,4.141237,0,39.4968,0,56.70764,1.371731,5.536879,100.8218,202.7121,0,5.878212,103.77,1.000246,2.400073,1.708703,0,0,0,0,20.72006,3.638893,0,73.10147,192.8622,36.16167,30.56004,45.48233,130.6689,5.859783,40.72438,0,0,0,0,0,0,0,0,128.7091,128.7091,0,128.7091,128.7091,0,0,0,0,18.47826,18.47826,46.19566,69.30102,0,0,0,0,0,0,0,0,0,0,0,0,0,0,0,3.612968,3.612968,0,0,0,0,0,0,0,0,0,0,0,0,0,0,3.612968,3.612968,42.12937,0,0,19.54527,0,19.54527,0,0,0,0,0,19.90022,19.90022,3.225839,3.225839,0,1.727273,4.435484,0,0,0,0,0,0,0,0,0,0,0,0,0,0,0,276.1364,276.1364,43.95127,0.04546776,0,82.22578,2.916498,0,319.5268,0,0,223.5187,223.298,273.1329,0,0,0,0,0,0,0,0,0,0,0,0,0,0,0,0,0,0,0,0,0,0,0,0,0,0,80.41692,0,0,0,0,0,0,0,374.1562,374.7265,373.87,6.8176,12.5566,2.581,0,0,0,0,0,0,0,0,0,0,0,0,0,0,0,0,0,0,0,0,0,0,0,0,0,0,0,0,0,0,0,0,0,0,0,0,0,0,0,0,0,0,0,0,0,0,0,264.2461,0,0,0,0,0,0,0,0,0,0,3.028789,0,0,0,0,0,0,0,0,0,0,0,0,0,0,0,0,0,0,0,0,0,0,0,0,0,0,0,0,0,0,0,0,0,0,0,0,0,0,0,0,0,0,0,0,0,0,0,0,0,0,0,0,0,0,0,0,0,0,0,0,0,0,0,0,0,0,0,0,0,0,0,0,0,0,0,0,0,0,0,0,0,0,0,0,0,0,0,0,0,0,0,0,0,0,0,0,0,0,0,0,0,0,0,0,0,0,0,0,0,0,0,0,0,0,0,0,0,0,0,0,0
2029,1,19,18,9.574212,0,36.24217,10.17,0,4.582782,4.729331,0,0.544358,1.845988,1.7931,0.7013797,294.0449,0,0,0,0,0.757948,1.6296,0,5.262973,0.1688284,0.578489,12.14904,24.42685,0,0.723472,12.105,0,0,0,0,0,0,0,2.168891,0,0,5.746931,5.101901,0.956606,0,24.39651,32.67199,0,7.333126,0,0,0,0,0,0,0,0,128.7091,128.7091,0,128.7091,128.7091,0,0,0,0,18.47826,18.47826,46.19566,69.30102,0,0,0,0,0,0,0,0,0,0,0,0,0,0,0,3.612968,3.612968,0,48.0012,52.5,48.0012,52.5,0,0,0,0,0,0,0,0,0,3.612968,3.612968,42.12937,0,0,19.54527,0,19.54527,0,0,0,0,0,19.90022,19.90022,3.225839,3.225839,0,1.727273,4.435484,0,0,0,0,0,0,0,0,0,0,0,0,0,0,0,276.1364,276.1364,82.98959,3.260524,0,83.25127,5.528244,0,321.3431,0,0,210.4636,58.5924,38.8575,0,0,0,0,0,0,0,0,0,0,0,0,0,0,0,0,0,0,0,0,0,0,0,0,0,0,80.27962,0,0,0,0,0,0,0,374.1562,374.7265,373.87,6.8176,12.5566,2.581,0,0,0,0,0,0,0,0,0,0,0,0,0,0,0,0,0,0,0,0,0,0,0,0,0,0,0,0,0,0,0,0,0,0,0,0,0,0,0,0,0,0,0,0,0,0,0,27.66021,0,0,0,0,0,0,0,0,0,0,0.317041,0,0,0,0,0,0,0,0,0,0,0,0,0,0,0,0,0,0,0,0,0,0,0,0,0,0,0,0,0,0,0,0,0,0,0,0,0,0,0,0,0,0,0,0,0,0,0,0,0,0,0,0,0,0,0,0,0,0,0,0,0,0,0,0,0,0,0,0,0,0,0,0,0,0,0,0,0,0,0,0,0,0,0,0,0,0,0,0,0,0,0,0,0,0,0,0,0,0,0,0,0,0,0,0,0,0,0,0,0,0,0,0,0,0,0,0,0,0,0,0,0
2029,1,19,19,0,0,0,0,0,0,0,0,0,0,0,0,294.0449,0,0,0,0,0,0,0,0,0,0,0,0,0,0,0,0,0,0,0,0,0,0,0,0,0,0,0,0,0,0,0,0,0,0,0,0,0,0,0,0,0,128.7091,128.7091,0,128.7091,128.7091,0,0,0,0,18.47826,18.47826,46.19566,69.30102,0,0,0,0,0,0,0,0,0,0,0,0,0,0,0,3.612968,3.612968,0,48.0012,52.5,48.0012,52.5,0,0,0,0,0,0,0,0,0,3.612968,3.612968,42.12937,0,0,19.54527,0,19.54527,0,0,0,0,0,19.90022,19.90022,3.225839,3.225839,0,1.727273,4.435484,0,0,0,0,0,0,0,0,0,0,0,0,0,0,0,276.1364,276.1364,117.1433,6.122285,4.193646,83.3445,2.520392,0,374.3604,0,0,191.7046,0,0,0,0,0,0,0,0,0,0,0,0,0,0,0,0,0,0,0,0,0,0,0,0,0,0,0,0,79.29234,0,0,0,0,0,0,0,374.1562,374.7265,373.87,6.8176,12.5566,2.581,0,0,0,0,0,0,0,0,0,0,0,0,0,0,0,0,0,0,0,0,0,0,0,0,0,0,0,0,0,0,0,0,0,0,0,0,0,0,0,0,0,0,0,0,0,0,0,0,0,0,0,0,0,0,0,0,0,0,0,0,0,0,0,0,0,0,0,0,0,0,0,0,0,0,0,0,0,0,0,0,0,0,0,0,0,0,0,0,0,0,0,0,0,0,0,0,0,0,0,0,0,0,0,0,0,0,0,0,0,0,0,0,0,0,0,0,0,0,0,0,0,0,0,0,0,0,0,0,0,0,0,0,0,0,0,0,0,0,0,0,0,0,0,0,0,0,0,0,0,0,0,0,0,0,0,0,0,0,0,0,0,0,0,0,0,0,0,0,0,0,0,0,0,0,0,0,0,0,0,0
2029,1,19,20,0,0,0,0,0,0,0,0,0,0,0,0,294.0449,0,0,0,0,0,0,0,0,0,0,0,0,0,0,0,0,0,0,0,0,0,0,0,0,0,0,0,0,0,0,0,0,0,0,0,0,0,0,0,0,0,128.7091,128.7091,0,128.7091,128.7091,0,0,0,0,18.47826,18.47826,46.19566,69.30102,0,0,0,0,0,0,0,0,0,0,0,0,0,0,0,3.612968,3.612968,0,48.0012,52.5,48.0012,52.5,0,0,0,0,0,0,0,0,0,3.612968,3.612968,42.12937,0,0,19.54527,0,19.54527,0,0,0,0,0,19.90022,19.90022,3.225839,3.225839,0,1.727273,4.435484,0,0,0,0,0,0,0,0,0,0,0,0,0,0,0,276.1364,276.1364,96.67965,0,0,83.43772,0.8523804,0,290.3183,0,0,151.3214,0,0,0,0,0,0,0,0,0,0,0,0,0,0,0,0,0,0,0,0,0,0,0,0,0,0,0,0,77.87042,0,0,0,0,0,0,0,374.1562,374.7265,373.87,6.8176,12.5566,2.581,0,0,0,0,0,0,0,0,0,0,0,0,0,0,0,0,0,0,0,0,0,0,0,0,0,0,0,0,0,0,0,0,0,0,0,0,0,0,0,0,0,0,0,0,0,0,0,0,0,0,0,0,0,0,0,0,0,0,0,0,0,0,0,0,0,0,0,0,0,0,0,0,0,0,0,0,0,0,0,0,0,0,0,0,0,0,0,0,0,0,0,0,0,0,0,0,0,0,0,0,0,0,0,0,0,0,0,0,0,0,0,0,0,0,0,0,0,0,0,0,0,0,0,0,0,0,0,0,0,0,0,0,0,0,0,0,0,0,0,0,0,0,0,0,0,0,0,0,0,0,0,0,0,0,0,0,0,0,0,0,0,0,0,0,0,0,0,0,0,0,0,0,0,0,0,0,0,0,0,0
2029,1,19,21,0,0,0,0,0,0,0,0,0,0,0,0,180.3475,0,0,0,0,0,0,0,0,0,0,0,0,0,0,0,0,0,0,0,0,0,0,0,0,0,0,0,0,0,0,0,0,0,0,0,0,0,0,0,0,0,128.7091,128.7091,0,128.7091,128.7091,0,0,0,0,18.47826,18.47826,46.19566,69.30102,0,0,0,0,0,0,0,0,0,0,0,0,0,0,0,3.612968,3.612968,0,48.0012,52.5,48.0012,52.5,0,0,0,0,0,0,0,0,0,3.612968,3.612968,42.12937,0,0,19.54527,0,19.54527,0,0,0,0,0,19.90022,19.90022,3.225839,3.225839,0,1.727273,4.435484,0,0,0,0,0,0,0,0,0,0,0,0,0,0,0,276.1364,276.1364,113.303,0,0,83.43772,3.557948,0,480.542,0,0,123.505,0,0,0,0,0,0,0,0,0,0,0,0,0,0,0,0,0,0,0,0,0,0,0,0,0,0,0,0,78.42082,0,0,0,0,0,0,0,374.1562,374.7265,373.87,6.8176,12.5566,2.581,0,0,0,0,0,0,0,0,0,0,0,0,0,0,0,0,0,0,0,0,0,0,0,0,0,0,0,0,0,0,0,0,0,0,0,0,0,0,0,0,0,0,0,0,0,0,0,0,0,0,0,0,0,0,0,0,0,0,0,0,0,0,0,0,0,0,0,0,0,0,0,0,0,0,0,0,0,0,0,0,0,0,0,0,0,0,0,0,0,0,0,0,0,0,0,0,0,0,0,0,0,0,0,0,0,0,0,0,0,0,0,0,0,0,0,0,0,0,0,0,0,0,0,0,0,0,0,0,0,0,0,0,0,0,0,0,0,0,0,0,0,0,0,0,0,0,0,0,0,0,0,0,0,0,0,0,0,0,0,0,0,0,0,0,0,0,0,0,0,0,0,0,0,0,0,0,0,0,0,0
2029,1,19,22,0,0,0,0,0,0,0,0,0,0,0,0,0,0,0,0,0,0,0,0,0,0,0,0,0,0,0,0,0,0,0,0,0,0,0,0,0,0,0,0,0,0,0,0,0,0,0,0,0,0,0,0,0,0,128.7091,128.7091,0,128.7091,128.7091,0,0,0,0,18.47826,18.47826,46.19566,69.30102,0,0,0,0,0,0,0,0,0,0,0,0,0,0,0,3.612968,3.612968,0,48.0012,52.5,48.0012,52.5,0,0,0,0,0,0,0,0,0,3.612968,3.612968,42.12937,0,0,19.54527,0,19.54527,0,0,0,0,0,19.90022,19.90022,3.225839,3.225839,0,1.727273,4.435484,0,0,0,0,0,0,0,0,0,0,0,0,0,0,0,276.1364,276.1364,95.43203,0,0,83.43772,1.386963,0,480.9347,0,0,68.01183,0,0,0,0,0,0,0,0,0,0,0,0,0,0,0,0,0,0,0,0,0,0,0,0,0,0,0,0,77.54093,0,0,0,0,0,0,0,374.1562,374.7265,373.87,6.8176,12.5566,2.581,0,0,0,0,0,0,0,0,0,0,0,0,0,0,0,0,0,0,0,0,0,0,0,0,0,0,0,0,0,0,0,0,0,0,0,0,0,0,0,0,0,0,0,0,0,0,0,0,0,0,0,0,0,0,0,0,0,0,0,0,0,0,0,0,0,0,0,0,0,0,0,0,0,0,0,0,0,0,0,0,0,0,0,0,0,0,0,0,0,0,0,0,0,0,0,0,0,0,0,0,0,0,0,0,0,0,0,0,0,0,0,0,0,0,0,0,0,0,0,0,0,0,0,0,0,0,0,0,0,0,0,0,0,0,0,0,0,0,0,0,0,0,0,0,0,0,0,0,0,0,0,0,0,0,0,0,0,0,0,0,0,0,0,0,0,0,0,0,0,0,0,0,0,0,0,0,0,0,0,0
2029,1,19,23,0,0,0,0,0,0,0,0,0,0,0,0,0,0,0,0,0,0,0,0,0,0,0,0,0,0,0,0,0,0,0,0,0,0,0,0,0,0,0,0,0,0,0,0,0,0,0,0,0,0,0,0,0,0,128.7091,128.7091,0,128.7091,128.7091,0,0,0,0,18.47826,18.47826,46.19566,69.30102,0,0,0,0,0,0,0,0,0,0,0,0,0,0,0,3.612968,3.612968,0,48.0012,52.5,48.0012,52.5,0,0,0,0,0,0,0,0,0,3.612968,3.612968,42.12937,0,0,19.54527,0,19.54527,0,0,0,0,0,19.90022,19.90022,3.225839,3.225839,0,1.727273,4.435484,0,0,0,0,0,0,0,0,0,0,0,0,0,0,0,276.1364,276.1364,117.9841,0,0,83.43772,1.522107,0,481.0329,0,0,61.09705,0,0,0,0,0,0,0,0,0,0,0,0,0,0,0,0,0,0,0,0,0,0,0,0,0,0,0,0,76.34493,0,0,0,0,0,0,0,374.1562,374.7265,373.87,6.8176,12.5566,2.581,0,0,0,0,0,0,0,0,0,0,0,0,0,0,0,0,0,0,0,0,0,0,0,0,0,0,0,0,0,0,0,0,0,0,0,0,0,0,0,0,0,0,0,0,0,0,0,0,0,0,0,0,0,0,0,0,0,0,0,0,0,0,0,0,0,0,0,0,0,0,0,0,0,0,0,0,0,0,0,0,0,0,0,0,0,0,0,0,0,0,0,0,0,0,0,0,0,0,0,0,0,0,0,0,0,0,0,0,0,0,0,0,0,0,0,0,0,0,0,0,0,0,0,0,0,0,0,0,0,0,0,0,0,0,0,0,0,0,0,0,0,0,0,0,0,0,0,0,0,0,0,0,0,0,0,0,0,0,0,0,0,0,0,0,0,0,0,0,0,0,0,0,0,0,0,0,0,0,0,0
2029,1,19,24,0,0,0,0,0,0,0,0,0,0,0,0,0,0,0,0,0,0,0,0,0,0,0,0,0,0,0,0,0,0,0,0,0,0,0,0,0,0,0,0,0,0,0,0,0,0,0,0,0,0,0,0,0,0,168.4236,128.7091,0,128.7091,128.7091,0,0,0,0,18.47826,18.47826,46.19566,69.30102,0,0,0,0,0,0,0,0,0,0,0,0,0,0,0,3.612968,3.612968,0,48.0012,52.5,48.0012,52.5,0,0,0,0,0,0,0,0,0,3.612968,3.612968,42.12937,0,0,19.54527,0,19.54527,0,0,0,0,0,19.90022,19.90022,3.225839,3.225839,0,1.727273,4.435484,0,0,0,0,0,0,0,0,0,0,0,0,0,0,0,276.1364,276.1364,136.5351,0,0,83.43772,9.30011,0,481.082,0,0,44.01215,0,0,0,0,0,0,0,0,0,0,0,0,0,0,0,0,0,0,0,0,0,0,0,0,0,0,0,0,75.06567,0,0,0,0,0,0,0,374.1562,374.7265,373.87,6.8176,12.5566,2.581,0,0,0,0,0,0,0,0,0,0,0,0,0,0,0,0,0,0,0,0,0,0,0,0,0,0,0,0,0,0,0,0,0,0,0,0,0,0,0,0,0,0,0,0,0,0,0,0,0,0,0,0,0,0,0,0,0,0,0,0,0,0,0,0,0,0,0,0,0,0,0,0,0,0,0,0,0,0,0,0,0,0,0,0,0,0,0,0,0,0,0,0,0,0,0,0,0,0,0,0,0,0,0,0,0,0,0,0,0,0,0,0,0,0,0,0,0,0,0,0,0,0,0,0,0,0,0,0,0,0,0,0,0,0,0,0,0,0,0,0,0,0,0,0,0,0,0,0,0,0,0,0,0,0,0,0,0,0,0,0,0,0,0,0,0,0,0,0,0,0,0,0,0,0,0,0,0,0,0,0
2029,1,20,1,0,0,0,0,0,0,0,0,0,0,0,0,0,0,0,0,0,0,0,0,0,0,0,0,0,0,0,0,0,0,0,0,0,0,0,0,0,0,0,0,0,0,0,0,0,0,0,0,0,0,0,0,0,0,128.7091,128.7091,0,128.7091,128.7091,0,0,0,0,18.47826,18.47826,46.19566,69.30102,0,0,0,0,0,0,0,0,0,0,0,0,0,0,0,0,0,0,0,0,0,0,0,0,0,0,0,0,0,0,0,0,0,0,0,0,0,0,0,0,0,0,0,0,0,0,0,0,0,0,0,0,0,0,0,0,0,0,0,0,0,0,0,0,0,0,276.1364,276.1364,108.1834,11.72497,8.682323,83.43772,38.87136,0,481.082,0,0,65.77078,0,0,0,0,0,0,0,0,0,0,0,0,0,0,0,0,0,0,0,0,0,0,0,0,0,0,0,0,75.37344,0,0,0,0,0,0,0,374.1562,374.7265,373.87,6.8176,12.5566,2.581,0,0,0,0,0,0,0,0,0,0,0,0,0,0,0,0,0,0,0,0,0,0,0,0,0,0,0,0,0,0,0,0,0,0,0,0,0,0,0,0,0,0,0,0,0,0,0,0,0,0,0,0,0,0,0,0,0,0,0,0,0,0,0,0,0,0,0,0,0,0,0,0,0,0,0,0,0,0,0,0,0,0,0,0,0,0,0,0,0,0,0,0,0,0,0,0,0,0,0,0,0,0,0,0,0,0,0,0,0,0,0,0,0,0,0,0,0,0,0,0,0,0,0,0,0,0,0,0,0,0,0,0,0,0,0,0,0,0,0,0,0,0,0,0,0,0,0,0,0,0,0,0,0,0,0,0,0,0,0,0,0,0,0,0,0,0,0,0,0,0,0,0,0,0,0,0,0,0,0,0
2029,1,20,2,0,0,0,0,0,0,0,0,0,0,0,0,0,0,0,0,0,0,0,0,0,0,0,0,0,0,0,0,0,0,0,0,0,0,0,0,0,0,0,0,0,0,0,0,0,0,0,0,0,0,0,0,0,0,128.7091,128.7091,0,128.7091,128.7091,0,0,0,0,18.47826,18.47826,46.19566,69.30102,0,0,0,0,0,0,0,0,0,0,0,0,0,0,0,3.612968,3.612968,0,48.0012,52.5,48.0012,52.5,0,0,0,0,0,0,0,0,0,3.612968,3.612968,42.12937,0,19.54527,19.54527,19.54527,19.54527,0,0,0,0,0,19.90022,19.90022,0,0,0,0,0,0,0,0,0,0,0,0,0,0,0,0,0,0,0,0,276.1364,276.1364,95.75443,18.69508,14.20361,83.43772,38.02633,0,477.253,0,0,69.70206,0,0,0,0,0,0,0,0,0,0,0,0,0,0,0,0,0,0,0,0,0,0,0,0,0,0,0,0,74.96955,0,0,0,0,0,0,0,374.1562,374.7265,373.87,6.8176,12.5566,2.581,0,0,0,0,0,0,0,0,0,0,0,0,0,0,0,0,0,0,0,0,0,0,0,0,0,0,0,0,0,0,0,0,0,0,0,0,0,0,0,0,0,0,0,0,0,0,0,0,0,0,0,0,0,0,0,0,0,0,0,0,0,0,0,0,0,0,0,0,0,0,0,0,0,0,0,0,0,0,0,0,0,0,0,0,0,0,0,0,0,0,0,0,0,0,0,0,0,0,0,0,0,0,0,0,0,0,0,0,0,0,0,0,0,0,0,0,0,0,0,0,0,0,0,0,0,0,0,0,0,0,0,0,0,0,0,0,0,0,0,0,0,0,0,0,0,0,0,0,0,0,0,0,0,0,0,0,0,0,0,0,0,0,0,0,0,0,0,0,0,0,0,0,0,0,0,0,0,0,0,0
2029,1,20,3,0,0,0,0,0,0,0,0,0,0,0,0,0,0,0,0,0,0,0,0,0,0,0,0,0,0,0,0,0,0,0,0,0,0,0,0,0,0,0,0,0,0,0,0,0,0,0,0,0,0,0,0,0,0,128.7091,128.7091,0,128.7091,128.7091,0,0,0,0,18.47826,18.47826,46.19566,69.30102,0,0,0,0,0,0,0,0,0,0,0,0,0,0,0,3.612968,3.612968,0,48.0012,52.5,48.0012,52.5,0,0,0,0,0,0,0,0,0,3.612968,3.612968,42.12937,19.54527,19.54527,19.54527,19.54527,19.54527,0,0,19.54527,19.54527,19.54527,19.90022,19.90022,3.225839,3.225839,0,1.727273,4.435484,18.36735,18.36735,0,0,0,0,0,0,0,0,0,0,0,0,0,276.1364,276.1364,77.03703,30.82765,24.31893,83.43772,16.5837,0,480.9838,0,0,68.78493,0,0,0,0,0,0,0,0,0,0,0,0,0,0,0,0,0,0,0,0,0,0,0,0,0,0,0,0,74.87743,0,0,0,0,0,0,0,374.1562,374.7265,373.87,6.8176,12.5566,2.581,0,0,0,0,0,0,0,0,0,0,0,0,0,0,0,0,0,0,0,0,0,0,0,0,0,0,0,0,0,0,0,0,0,0,0,0,0,0,0,0,0,0,0,0,0,0,0,0,0,0,0,0,0,0,0,0,0,0,0,0,0,0,0,0,0,0,0,0,0,0,0,0,0,0,0,0,0,0,0,0,0,0,0,0,0,0,0,0,0,0,0,0,0,0,0,0,0,0,0,0,0,0,0,0,0,0,0,0,0,0,0,0,0,0,0,0,0,0,0,0,0,0,0,0,0,0,0,0,0,0,0,0,0,0,0,0,0,0,0,0,0,0,0,0,0,0,0,0,0,0,0,0,0,0,0,0,0,0,0,0,0,0,0,0,0,0,0,0,0,0,0,0,0,0,0,0,0,0,0,0
2029,1,20,4,0,0,0,0,0,0,0,0,0,0,0,0,0,0,0,0,0,0,0,0,0,0,0,0,0,0,0,0,0,0,0,0,0,0,0,0,0,0,0,0,0,0,0,0,0,0,0,0,0,0,0,0,0,0,128.7091,128.7091,0,128.7091,128.7091,0,0,0,0,18.47826,18.47826,46.19566,69.30102,0,0,0,0,0,0,0,0,0,0,0,0,0,0,0,3.612968,3.612968,0,48.0012,52.5,48.0012,52.5,0,0,0,0,0,0,0,0,0,3.612968,3.612968,42.12937,19.54527,19.54527,19.54527,19.54527,19.54527,0,0,0,0,0,19.90022,19.90022,3.225839,3.225839,0,1.727273,4.435484,18.36735,18.36735,0,0,0,0,0,0,0,0,0,0,0,0,0,276.1364,276.1364,91.20203,44.36039,35.17184,83.43772,41.93459,0,480.8365,0,0,72.53651,0,0,0,0,0,0,0,0,0,0,0,0,0,0,0,0,0,0,0,0,0,0,0,0,0,0,0,0,75.33595,0,0,0,0,0,0,0,374.1562,374.7265,373.87,6.8176,12.5566,2.581,0,0,0,0,0,0,0,0,0,0,0,0,0,0,0,0,0,0,0,0,0,0,0,0,0,0,0,0,0,0,0,0,0,0,0,0,0,0,0,0,0,0,0,0,0,0,0,0,0,0,0,0,0,0,0,0,0,0,0,0,0,0,0,0,0,0,0,0,0,0,0,0,0,0,0,0,0,0,0,0,0,0,0,0,0,0,0,0,0,0,0,0,0,0,0,0,0,0,0,0,0,0,0,0,0,0,0,0,0,0,0,0,0,0,0,0,0,0,0,0,0,0,0,0,0,0,0,0,0,0,0,0,0,0,0,0,0,0,0,0,0,0,0,0,0,0,0,0,0,0,0,0,0,0,0,0,0,0,0,0,0,0,0,0,0,0,0,0,0,0,0,0,0,0,0,0,0,0,0,0
2029,1,20,5,0,0,0,0,0,0,0,0,0,0,0,0,0,0,0,0,0,0,0,0,0,0,0,0,0,0,0,0,0,0,0,0,0,0,0,0,0,0,0,0,0,0,0,0,0,0,0,0,0,0,0,0,0,0,128.7091,128.7091,0,128.7091,128.7091,0,0,0,0,18.47826,18.47826,46.19566,69.30102,0,0,0,0,0,0,0,0,0,0,0,0,0,0,0,3.612968,3.612968,0,48.0012,52.5,48.0012,52.5,0,0,0,0,0,0,0,0,0,3.612968,3.612968,42.12937,0,0,19.54527,0,19.54527,0,0,0,0,0,19.90022,19.90022,3.225839,3.225839,0,1.727273,4.435484,18.36735,18.36735,0,0,0,0,0,0,0,0,0,0,0,0,0,276.1364,276.1364,67.71018,44.23499,34.81359,83.43772,48.37794,0,480.6402,0,0,76.8542,0,0,0,0,0,0,0,0,0,0,0,0,0,0,0,0,0,0,0,0,0,0,0,0,0,0,0,0,76.11051,0,0,0,0,0,0,0,374.1562,374.7265,373.87,6.8176,12.5566,2.581,0,0,0,0,0,0,0,0,0,0,0,0,0,0,0,0,0,0,0,0,0,0,0,0,0,0,0,0,0,0,0,0,0,0,0,0,0,0,0,0,0,0,0,0,0,0,0,0,0,0,0,0,0,0,0,0,0,0,0,0,0,0,0,0,0,0,0,0,0,0,0,0,0,0,0,0,0,0,0,0,0,0,0,0,0,0,0,0,0,0,0,0,0,0,0,0,0,0,0,0,0,0,0,0,0,0,0,0,0,0,0,0,0,0,0,0,0,0,0,0,0,0,0,0,0,0,0,0,0,0,0,0,0,0,0,0,0,0,0,0,0,0,0,0,0,0,0,0,0,0,0,0,0,0,0,0,0,0,0,0,0,0,0,0,0,0,0,0,0,0,0,0,0,0,0,0,0,0,0,0
2029,1,20,6,0,0,0,0,0,0,0,0,0,0,0,0,0,0,0,0,0,0,0,0,0,0,0,0,0,0,0,0,0,0,0,0,0,0,0,0,0,0,0,0,0,0,0,0,0,0,0,0,0,0,0,0,0,0,128.7091,128.7091,0,128.7091,128.7091,0,0,0,0,18.47826,18.47826,46.19566,69.30102,0,0,0,0,0,0,0,0,0,0,0,0,0,0,0,3.612968,3.612968,0,48.0012,52.5,48.0012,52.5,0,0,0,0,0,0,0,0,0,3.612968,3.612968,42.12937,0,0,19.54527,0,19.54527,0,0,0,0,0,19.90022,19.90022,3.225839,3.225839,0,1.727273,4.435484,18.36735,18.36735,0,0,0,0,0,0,0,0,0,0,0,0,0,276.1364,276.1364,38.46027,27.86781,21.85332,83.43772,44.57531,0,480.2966,0,0,93.70811,0,0,0,0,0,0,0,0,0,0,0,0,0,0,0,0,0,0,0,0,0,0,0,0,0,0,0,0,77.41731,0,0,0,0,0,0,0,374.1562,374.7265,373.87,6.8176,12.5566,2.581,0,0,0,0,0,0,0,0,0,0,0,0,0,0,0,0,0,0,0,0,0,0,0,0,0,0,0,0,0,0,0,0,0,0,0,0,0,0,0,0,0,0,0,0,0,0,0,0,0,0,0,0,0,0,0,0,0,0,0,0,0,0,0,0,0,0,0,0,0,0,0,0,0,0,0,0,0,0,0,0,0,0,0,0,0,0,0,0,0,0,0,0,0,0,0,0,0,0,0,0,0,0,0,0,0,0,0,0,0,0,0,0,0,0,0,0,0,0,0,0,0,0,0,0,0,0,0,0,0,0,0,0,0,0,0,0,0,0,0,0,0,0,0,0,0,0,0,0,0,0,0,0,0,0,0,0,0,0,0,0,0,0,0,0,0,0,0,0,0,0,0,0,0,0,0,0,0,0,0,0
2029,1,20,7,0,0,0,0,0,0,0,0,0,0,0,0,0,0,0,0,0,0,0,0,0,0,0,0,0,0,0,0,0,0,0,0,0,0,0,0,0,0,0,0,0,0,0,0,0,0,0,0,0,0,0,0,0,0,128.7091,128.7091,0,128.7091,128.7091,0,0,0,0,18.47826,18.47826,46.19566,69.30102,0,0,0,0,0,0,0,0,0,0,0,0,0,0,0,3.612968,3.612968,0,48.0012,52.5,48.0012,52.5,0,0,0,0,0,0,0,0,0,3.612968,3.612968,42.12937,0,0,19.54527,0,19.54527,0,0,0,0,0,19.90022,19.90022,3.225839,3.225839,0,1.727273,4.435484,18.36735,18.36735,0,0,0,0,0,0,0,0,0,0,0,0,0,276.1364,276.1364,40.04638,102.1141,78.79419,83.43772,28.62537,0,478.6766,0,0,125.6922,0,0,0,0,0,0,0,0,0,0,0,0,0,0,0,0,0,0,0,0,0,0,0,0,0,0,0,0,78.32342,0,0,0,0,0,0,0,374.1562,374.7265,373.87,6.8176,12.5566,2.581,0,0,0,0,0,0,0,0,0,0,0,0,0,0,0,0,0,0,0,0,0,0,0,0,0,0,0,0,0,0,0,0,0,0,0,0,0,0,0,0,0,0,0,0,0,0,0,0,0,0,0,0,0,0,0,0,0,0,0,0,0,0,0,0,0,0,0,0,0,0,0,0,0,0,0,0,0,0,0,0,0,0,0,0,0,0,0,0,0,0,0,0,0,0,0,0,0,0,0,0,0,0,0,0,0,0,0,0,0,0,0,0,0,0,0,0,0,0,0,0,0,0,0,0,0,0,0,0,0,0,0,0,0,0,0,0,0,0,0,0,0,0,0,0,0,0,0,0,0,0,0,0,0,0,0,0,0,0,0,0,0,0,0,0,0,0,0,0,0,0,0,0,0,0,0,0,0,0,0,0
2029,1,20,8,0,0,0,0,0,0,0,0,0,0,0,0,0,32.039,0,0,0,0,0,0,1.159319,0,0,0,0,0,0,0,0,0,0,0,0,0,0,0,0,0,0,0,0,0,0,0,0,0,0,0,0,0,0,0,0,0,128.7091,128.7091,0,128.7091,128.7091,0,0,0,0,18.47826,18.47826,46.19566,69.30102,0,0,0,0,0,0,0,0,0,0,0,0,0,0,0,3.612968,3.612968,0,48.0012,52.5,48.0012,52.5,0,0,0,0,0,0,0,0,0,3.612968,3.612968,42.12937,0,0,19.54527,0,19.54527,0,0,0,0,0,19.90022,19.90022,3.225839,3.225839,0,1.727273,4.435484,18.36735,18.36735,0,0,0,0,0,0,0,0,0,0,0,0,0,276.1364,276.1364,7.295017,39.7552,30.15632,83.43772,35.06872,0,479.4129,0,0,125.1467,0,0,0,0,0,0,0,0,0,0,0,0,0,0,0,0,0,0,0,0,0,0,0,0,0,0,0,0,77.26993,0,0,0,0,0,0,0,374.1562,374.7265,373.87,6.8176,12.5566,2.581,0,0,0,0,0,0,0,0,0,0,0,0,0,0,0,0,0,0,0,0,0,0,0,0,0,0,0,0,0,0,0,0,0,0,0,0,0,0,0,0,0,0,0,0,0,0,0,0,0,0,0,0,0,0,0,0,0,0,0,0,0,0,0,0,0,0,0,0,0,0,0,0,0,0,0,0,0,0,0,0,0,0,0,0,0,0,0,0,0,0,0,0,0,0,0,0,0,0,0,0,0,0,0,0,0,0,0,0,0,0,0,0,0,0,0,0,0,0,0,0,0,0,0,0,0,0,0,0,0,0,0,0,0,0,0,0,0,0,0,0,0,0,0,0,0,0,0,0,0,0,0,0,0,0,0,0,0,0,0,0,0,0,0,0,0,0,0,0,0,0,0,0,0,0,0,0,0,0,0,0
2029,1,20,9,54.61295,0,30.74452,75.96,0,39.41545,19.75163,0,0,0,0,0.5855258,0,109.9475,155.6775,0,0,0,80.9928,0,37.47938,0.04403226,0.482934,63.80159,128.2794,0,0,65.88,0,0,0,0,0,0,0,0,0,0,0,11.34031,2.126308,0,77.91722,0,3.714068,26.22406,0,0,0,0,0,0,0,0,128.7091,128.7091,0,128.7091,128.7091,0,0,0,0,18.47826,18.47826,46.19566,69.30102,0,0,0,0,0,0,0,0,0,0,0,0,0,0,0,3.612968,3.612968,0,48.0012,52.5,48.0012,52.5,0,0,0,0,0,0,0,0,0,3.612968,3.612968,42.12937,0,0,19.54527,0,19.54527,0,0,0,0,0,19.90022,19.90022,3.225839,3.225839,0,1.727273,4.435484,18.36735,18.36735,0,0,0,0,0,0,0,0,0,0,0,0,0,276.1364,276.1364,1.349854,1.474299,0,83.43772,44.25842,0,471.0186,0,0,130.1873,185.2316,184.6791,0,0,0,0,0,0,0,0,0,0,0,0,0,0,0,0,0,0,0,0,0,0,0,0,0,0,78.21642,0,0,0,0,0,0,0,374.1562,374.7265,373.87,6.8176,12.5566,2.581,0,0,0,0,0,0,0,0,0,0,0,0,0,0,0,0,0,0,0,0,0,0,0,0,0,0,0,0,0,0,0,0,0,0,0,0,0,0,0,0,0,0,0,0,0,0,0,22.339,0,0,0,0,0,0,0,0,0,0,0.25605,0,0,0,0,0,0,0,0,0,0,0,0,0,0,0,0,0,0,0,0,0,0,0,0,0,0,0,0,0,0,0,0,0,0,0,0,0,0,0,0,0,0,0,0,0,0,0,0,0,0,0,0,0,0,0,0,0,0,0,0,0,0,0,0,0,0,0,0,0,0,0,0,0,0,0,0,0,0,0,0,0,0,0,0,0,0,0,0,0,0,0,0,0,0,0,0,0,0,0,0,0,0,0,0,0,0,0,0,0,0,0,0,0,0,0,0,0,0,0,0,0
2029,1,20,10,116.9089,1.483087,179.8478,189.9675,0,0,52.11195,0,1.13315,0,0,1.460009,0,69.9485,0,0,0,0,137.8944,0,84.12144,0.2201613,1.204197,144.9098,291.3555,0,0,116.37,0.3724945,0.5481269,0.3902323,0,0,0,0,4.365369,1.355135,0,0,170.5628,31.98052,114.3415,174.016,232.6027,11.1446,41.87002,0,0,0,0,0,0,0,0,128.7091,128.7091,0,128.7091,128.7091,0,0,0,0,18.47826,18.47826,46.19566,69.30102,0,0,0,0,0,0,0,0,0,0,0,0,0,0,0,3.612968,3.612968,0,0,0,0,0,0,0,0,0,0,0,0,0,0,3.612968,3.612968,42.12937,0,0,19.54527,0,19.54527,0,0,0,0,0,19.90022,19.90022,3.225839,3.225839,0,1.727273,4.435484,0,0,0,0,0,0,0,0,0,0,0,0,0,0,0,276.1364,276.1364,1.144137,0.4792707,0,83.43772,36.44189,0,477.1057,0,0,132.3872,364.2432,439.443,0,0,0,0,0,0,0,0,0,0,0,0,0,0,0,0,0,0,0,0,0,0,0,0,0,0,78.49403,0,0,0,0,0,0,0,374.1562,374.7265,373.87,6.8176,12.5566,2.581,0,0,0,0,0,0,0,0,0,0,0,0,0,0,0,0,0,0,0,0,0,0,0,0,0,0,0,0,0,0,0,0,0,0,0,0,0,0,0,0,0,0,0,0,0,0,0,55.67223,0,0,0,0,0,0,0,0,0,0,0.638115,0,0,0,0,0,0,0,0,0,0,0,0,0,0,0,0,0,0,0,0,0,0,0,0,0,0,0,0,0,0,0,0,0,0,0,0,0,0,0,0,0,0,0,0,0,0,0,0,0,0,0,0,0,0,0,0,0,0,0,0,0,0,0,0,0,0,0,0,0,0,0,0,0,0,0,0,0,0,0,0,0,0,0,0,0,0,0,0,0,0,0,0,0,0,0,0,0,0,0,0,0,0,0,0,0,0,0,0,0,0,0,0,0,0,0,0,0,0,0,0,0
2029,1,20,11,116.8689,2.548946,246.002,191.97,0,106.0928,0,0,0,0,0,2.509283,0,45.6705,0,0,0,0,141.4056,0,87.71423,0.7265323,2.069624,152.4743,306.5647,0,0,118.95,0.6401976,0.7060699,0.502678,0,0,0,0,7.731226,2.329038,0,120.1129,166.2569,31.17316,217.1791,170.992,236.1651,19.27076,57.22524,0,0,0,0,0,0,0,0,128.7091,128.7091,0,128.7091,128.7091,0,0,0,0,18.47826,18.47826,46.19566,69.30102,0,0,0,0,0,0,0,0,0,0,0,0,0,0,0,3.612968,3.612968,0,0,0,0,0,0,0,0,0,0,0,0,0,0,3.612968,3.612968,42.12937,0,0,19.54527,0,19.54527,0,0,0,0,0,19.90022,19.90022,3.225839,3.225839,0,1.727273,4.435484,0,0,0,0,0,0,0,0,0,0,0,0,0,0,0,276.1364,276.1364,0.2712348,0,0,83.43772,61.15901,0,471.1658,0,0,124.5779,513.6476,652.0995,0,0,0,0,0,0,0,0,0,0,0,0,0,0,0,0,0,0,0,0,0,0,0,0,0,0,78.74952,0,0,0,0,0,0,0,374.1562,374.7265,373.87,6.8176,12.5566,2.581,0,0,0,0,0,0,0,0,0,0,0,0,0,0,0,0,0,0,0,0,0,0,0,0,0,0,0,0,0,0,0,0,0,0,0,0,0,0,0,0,0,0,0,0,0,0,0,98.59753,0,0,0,0,0,0,0,0,0,0,1.130125,0,0,0,0,0,0,0,0,0,0,0,0,0,0,0,0,0,0,0,0,0,0,0,0,0,0,0,0,0,0,0,0,0,0,0,0,0,0,0,0,0,0,0,0,0,0,0,0,0,0,0,0,0,0,0,0,0,0,0,0,0,0,0,0,0,0,0,0,0,0,0,0,0,0,0,0,0,0,0,0,0,0,0,0,0,0,0,0,0,0,0,0,0,0,0,0,0,0,0,0,0,0,0,0,0,0,0,0,0,0,0,0,0,0,0,0,0,0,0,0,0
2029,1,20,12,111.1003,4.993821,241.6771,187.29,0,107.8994,49.05554,0,0,0,0,4.916115,0,95.719,0,0,0,0,132.7872,0,84.63724,1.915403,4.054747,145.5211,292.5845,0,8.207989,109.89,1.254256,0.8989323,0.6399841,0,0,0,0,0,4.562984,0,115.3415,274.9276,51.54893,209.8866,25.79264,224.6598,21.17806,54.6678,0,0,0,0,0,0,0,0,128.7091,128.7091,0,128.7091,128.7091,0,0,0,0,18.47826,18.47826,46.19566,69.30102,0,0,0,0,0,0,0,0,0,0,0,0,0,0,0,3.612968,3.612968,0,0,0,0,0,0,0,0,0,0,0,0,0,0,3.612968,3.612968,42.12937,0,0,19.54527,0,19.54527,0,0,0,0,0,19.90022,19.90022,3.225839,3.225839,0,1.727273,4.435484,0,0,0,0,0,0,0,0,0,0,0,0,0,0,0,276.1364,276.1364,0,0,0,83.06482,62.32092,0,478.1366,0,0,121.6162,559.6756,717.5214,0,0,0,0,0,0,0,0,0,0,0,0,0,0,0,0,0,0,0,0,0,0,0,0,0,0,78.89507,0,0,0,0,0,0,0,374.1562,374.7265,373.87,6.8176,12.5566,2.581,0,0,0,0,0,0,0,0,0,0,0,0,0,0,0,0,0,0,0,0,0,0,0,0,0,0,0,0,0,0,0,0,0,0,0,0,0,0,0,0,0,0,0,0,0,0,0,192.0241,0,0,0,0,0,0,0,0,0,0,2.20098,0,0,0,0,0,0,0,0,0,0,0,0,0,0,0,0,0,0,0,0,0,0,0,0,0,0,0,0,0,0,0,0,0,0,0,0,0,0,0,0,0,0,0,0,0,0,0,0,0,0,0,0,0,0,0,0,0,0,0,0,0,0,0,0,0,0,0,0,0,0,0,0,0,0,0,0,0,0,0,0,0,0,0,0,0,0,0,0,0,0,0,0,0,0,0,0,0,0,0,0,0,0,0,0,0,0,0,0,0,0,0,0,0,0,0,0,0,0,0,0,0
2029,1,20,13,105.6107,5.751824,230.7075,0,0,154.5233,46.4842,0,0,0,14.47591,5.662323,0,65.471,92.4,0,0,0,129.3264,0,80.92464,2.73,4.67021,138.7971,279.0653,0,0,105.675,1.444638,0.9749632,0.6941134,0,0,0,0,17.5081,5.25559,0,42.87532,253.881,47.60268,198.2642,156.7961,214.8435,23.2443,51.6956,0,0,0,0,0,0,0,0,128.7091,128.7091,0,128.7091,128.7091,0,0,0,0,18.47826,18.47826,46.19566,69.30102,0,0,0,0,0,0,0,0,0,0,0,0,0,0,0,3.612968,3.612968,0,0,0,0,0,0,0,0,0,0,0,0,0,0,3.612968,3.612968,42.12937,0,0,19.54527,0,19.54527,0,0,0,0,0,19.90022,19.90022,3.225839,3.225839,0,1.727273,4.435484,0,0,0,0,0,0,0,0,0,0,0,0,0,0,0,276.1364,276.1364,0.05584343,0,0,81.9461,69.92619,0,478.0384,0,0,131.3435,609.4356,788.3127,0,0,0,0,0,0,0,0,0,0,0,0,0,0,0,0,0,0,0,0,0,0,0,0,0,0,78.92491,0,0,0,0,0,0,0,374.1562,374.7265,373.87,6.8176,12.5566,2.581,0,0,0,0,0,0,0,0,0,0,0,0,0,0,0,0,0,0,0,0,0,0,0,0,0,0,0,0,0,0,0,0,0,0,0,0,0,0,0,0,0,0,0,0,0,0,0,223.2835,0,0,0,0,0,0,0,0,0,0,2.559276,0,0,0,0,0,0,0,0,0,0,0,0,0,0,0,0,0,0,0,0,0,0,0,0,0,0,0,0,0,0,0,0,0,0,0,0,0,0,0,0,0,0,0,0,0,0,0,0,0,0,0,0,0,0,0,0,0,0,0,0,0,0,0,0,0,0,0,0,0,0,0,0,0,0,0,0,0,0,0,0,0,0,0,0,0,0,0,0,0,0,0,0,0,0,0,0,0,0,0,0,0,0,0,0,0,0,0,0,0,0,0,0,0,0,0,0,0,0,0,0,0
2029,1,20,14,104.7661,5.590117,235.9282,184.365,0,0,48.0364,6.572399,0,0,14.06894,5.503133,0,44.377,61.765,0,0,0,131.6448,0,83.72443,1.893387,4.538912,140.8219,283.1364,0,8.113644,107.16,1.404023,0.8406014,0.598456,0,0,0,0,17.00944,5.107835,0,114.1348,134.1101,25.14565,197.8084,153.6152,218.3103,20.82044,0,0,0,0,0,0,0,0,0,128.7091,128.7091,0,128.7091,128.7091,0,0,0,0,18.47826,18.47826,46.19566,69.30102,0,0,0,0,0,0,0,0,0,0,0,0,0,0,0,3.612968,3.612968,0,0,0,0,0,0,0,0,0,0,0,0,0,0,3.612968,3.612968,42.12937,0,0,19.54527,0,19.54527,0,0,0,0,0,19.90022,19.90022,3.225839,3.225839,0,1.727273,4.435484,0,0,0,0,0,0,0,0,0,0,0,0,0,0,0,276.1364,276.1364,0.5092989,0,0,91.21742,59.78584,0,471.3622,0,0,121.9319,551.092,705.2283,0,0,0,0,0,0,0,0,0,0,0,0,0,0,0,0,0,0,0,0,0,0,0,0,0,0,79.09042,0,0,0,0,0,0,0,374.1562,374.7265,373.87,6.8176,12.5566,2.581,0,0,0,0,0,0,0,0,0,0,0,0,0,0,0,0,0,0,0,0,0,0,0,0,0,0,0,0,0,0,0,0,0,0,0,0,0,0,0,0,0,0,0,0,0,0,0,216.924,0,0,0,0,0,0,0,0,0,0,2.486383,0,0,0,0,0,0,0,0,0,0,0,0,0,0,0,0,0,0,0,0,0,0,0,0,0,0,0,0,0,0,0,0,0,0,0,0,0,0,0,0,0,0,0,0,0,0,0,0,0,0,0,0,0,0,0,0,0,0,0,0,0,0,0,0,0,0,0,0,0,0,0,0,0,0,0,0,0,0,0,0,0,0,0,0,0,0,0,0,0,0,0,0,0,0,0,0,0,0,0,0,0,0,0,0,0,0,0,0,0,0,0,0,0,0,0,0,0,0,0,0,0
2029,1,20,15,109.4814,6.401217,244.0237,189.6075,0,0,9.046204,0,0,16.58545,16.11028,6.301612,0,15.2235,20.8175,0,0,0,133.9464,0,87.59741,2.487823,5.197487,146.3616,294.2744,0,0,113.55,1.607741,1.037847,0.7388825,0,0,0,0,19.45089,5.848958,0,108.9434,142.2388,26.66978,217.407,157.2601,226.7253,17.88002,43.21936,0,0,0,0,0,0,0,0,128.7091,128.7091,0,128.7091,128.7091,0,0,0,0,18.47826,18.47826,46.19566,69.30102,0,0,0,0,0,0,0,0,0,0,0,0,0,0,0,3.612968,3.612968,0,0,0,0,0,0,0,0,0,0,0,0,0,0,3.612968,3.612968,42.12937,0,0,19.54527,0,19.54527,0,0,0,0,0,19.90022,19.90022,3.225839,3.225839,0,1.727273,4.435484,0,0,0,0,0,0,0,0,0,0,0,0,0,0,0,276.1364,276.1364,0.1918801,7.732228,5.479136,76.25928,71.93314,0,317.9559,0,0,121.4251,480.184,604.3401,0,0,0,0,0,0,0,0,0,0,0,0,0,0,0,0,0,0,0,0,0,0,0,0,0,0,79.34805,0,0,0,0,0,0,0,374.1562,374.7265,373.87,6.8176,12.5566,2.581,0,0,0,0,0,0,0,0,0,0,0,0,0,0,0,0,0,0,0,0,0,0,0,0,0,0,0,0,0,0,0,0,0,0,0,0,0,0,0,0,0,0,0,0,0,0,0,248.0603,0,0,0,0,0,0,0,0,0,0,2.843267,0,0,0,0,0,0,0,0,0,0,0,0,0,0,0,0,0,0,0,0,0,0,0,0,0,0,0,0,0,0,0,0,0,0,0,0,0,0,0,0,0,0,0,0,0,0,0,0,0,0,0,0,0,0,0,0,0,0,0,0,0,0,0,0,0,0,0,0,0,0,0,0,0,0,0,0,0,0,0,0,0,0,0,0,0,0,0,0,0,0,0,0,0,0,0,0,0,0,0,0,0,0,0,0,0,0,0,0,0,0,0,0,0,0,0,0,0,0,0,0,0
2029,1,20,16,114.4094,3.74907,247.7838,0,0,0,0,0,0,0,0,3.690733,0,8.0595,0,0,0,0,134.904,0,87.4202,1.497097,3.044068,0,23.42241,0,0,114.135,0.9416228,0.8923162,0.6352738,0,0,0,0,0,3.425622,0,0,172.5392,32.3511,217.8628,0,229.1015,10.70751,35.26,0,0,0,0,0,0,0,0,128.7091,128.7091,0,128.7091,128.7091,0,0,0,0,18.47826,18.47826,46.19566,69.30102,0,0,0,0,0,0,0,0,0,0,0,0,0,0,0,3.612968,3.612968,0,0,0,0,0,0,0,0,0,0,0,0,0,0,3.612968,3.612968,42.12937,0,0,19.54527,0,19.54527,0,0,0,0,0,19.90022,19.90022,3.225839,3.225839,0,1.727273,4.435484,0,0,0,0,0,0,0,0,0,0,0,0,0,0,0,276.1364,276.1364,0.4072714,0,0,65.44501,82.81289,0,319.0359,0,0,122.1784,353.7936,424.4652,0,0,0,0,0,0,0,0,0,0,0,0,0,0,0,0,0,0,0,0,0,0,0,0,0,0,79.6273,0,0,0,0,0,0,0,374.1562,374.7265,373.87,6.8176,12.5566,2.581,0,0,0,0,0,0,0,0,0,0,0,0,0,0,0,0,0,0,0,0,0,0,0,0,0,0,0,0,0,0,0,0,0,0,0,0,0,0,0,0,0,0,0,0,0,0,0,147.0766,0,0,0,0,0,0,0,0,0,0,1.685792,0,0,0,0,0,0,0,0,0,0,0,0,0,0,0,0,0,0,0,0,0,0,0,0,0,0,0,0,0,0,0,0,0,0,0,0,0,0,0,0,0,0,0,0,0,0,0,0,0,0,0,0,0,0,0,0,0,0,0,0,0,0,0,0,0,0,0,0,0,0,0,0,0,0,0,0,0,0,0,0,0,0,0,0,0,0,0,0,0,0,0,0,0,0,0,0,0,0,0,0,0,0,0,0,0,0,0,0,0,0,0,0,0,0,0,0,0,0,0,0,0
2029,1,20,17,83.17312,0,213.7903,128.0025,0,111.8414,40.18036,0,0,0,4.05663,1.58677,294.0449,0,0,0,0,0,118.3896,0,58.09368,0.3962904,1.308747,99.63745,200.3309,0,1.698205,83.415,0,0,0,0,0,0,0,0,0,0,72.16371,67.41682,12.64065,168.1828,114.5382,156.8947,4.389571,24.61786,0,0,0,0,0,0,0,0,128.7091,128.7091,0,128.7091,128.7091,0,0,0,0,18.47826,18.47826,46.19566,69.30102,0,0,0,0,0,0,0,0,0,0,0,0,0,0,0,3.612968,3.612968,0,0,0,0,0,0,0,0,0,0,0,0,0,0,3.612968,3.612968,42.12937,0,0,19.54527,0,19.54527,0,0,0,0,0,19.90022,19.90022,3.225839,3.225839,0,1.727273,4.435484,0,0,0,0,0,0,0,0,0,0,0,0,0,0,0,276.1364,276.1364,0.8153814,60.84802,47.31023,81.01383,84.18606,0,262.386,0,0,113.1998,201.528,207.8523,0,0,0,0,0,0,0,0,0,0,0,0,0,0,0,0,0,0,0,0,0,0,0,0,0,0,79.44099,0,0,0,0,0,0,0,374.1562,374.7265,373.87,6.8176,12.5566,2.581,0,0,0,0,0,0,0,0,0,0,0,0,0,0,0,0,0,0,0,0,0,0,0,0,0,0,0,0,0,0,0,0,0,0,0,0,0,0,0,0,0,0,0,0,0,0,0,62.88111,0,0,0,0,0,0,0,0,0,0,0.720743,0,0,0,0,0,0,0,0,0,0,0,0,0,0,0,0,0,0,0,0,0,0,0,0,0,0,0,0,0,0,0,0,0,0,0,0,0,0,0,0,0,0,0,0,0,0,0,0,0,0,0,0,0,0,0,0,0,0,0,0,0,0,0,0,0,0,0,0,0,0,0,0,0,0,0,0,0,0,0,0,0,0,0,0,0,0,0,0,0,0,0,0,0,0,0,0,0,0,0,0,0,0,0,0,0,0,0,0,0,0,0,0,0,0,0,0,0,0,0,0,0
2029,1,20,18,7.29135,0,40.20114,14.9175,0,0,6.261035,0,0.23455,0,0,0.3022062,294.0449,0,0,0,0,0,18.4296,0,5.118429,0.04403226,0.249256,11.767,23.65871,0,0,11.325,0,0,0,0,0,0,0,0.937415,0,0,8.018359,6.102279,1.144177,53.34903,21.02429,28.41379,0,6.225688,0,0,0,0,0,0,0,0,128.7091,128.7091,0,128.7091,128.7091,0,0,0,0,18.47826,18.47826,46.19566,69.30102,0,0,0,0,0,0,0,0,0,0,0,0,0,0,0,3.612968,3.612968,0,48.0012,52.5,48.0012,52.5,0,0,0,0,0,0,0,0,0,3.612968,3.612968,42.12937,0,0,19.54527,0,19.54527,0,0,0,0,0,19.90022,19.90022,3.225839,3.225839,0,1.727273,4.435484,0,0,0,0,0,0,0,0,0,0,0,0,0,0,0,276.1364,276.1364,6.814413,65.45849,51.01918,78.12381,70.24307,0,172.7968,0,0,122.4768,56.2288,29.2491,0,0,0,0,0,0,0,0,0,0,0,0,0,0,0,0,0,0,0,0,0,0,0,0,0,0,79.92426,0,0,0,0,0,0,0,374.1562,374.7265,373.87,6.8176,12.5566,2.581,0,0,0,0,0,0,0,0,0,0,0,0,0,0,0,0,0,0,0,0,0,0,0,0,0,0,0,0,0,0,0,0,0,0,0,0,0,0,0,0,0,0,0,0,0,0,0,11.95501,0,0,0,0,0,0,0,0,0,0,0.137028,0,0,0,0,0,0,0,0,0,0,0,0,0,0,0,0,0,0,0,0,0,0,0,0,0,0,0,0,0,0,0,0,0,0,0,0,0,0,0,0,0,0,0,0,0,0,0,0,0,0,0,0,0,0,0,0,0,0,0,0,0,0,0,0,0,0,0,0,0,0,0,0,0,0,0,0,0,0,0,0,0,0,0,0,0,0,0,0,0,0,0,0,0,0,0,0,0,0,0,0,0,0,0,0,0,0,0,0,0,0,0,0,0,0,0,0,0,0,0,0,0
2029,1,20,19,0,0,0,0,0,0,0,0,0,0,0,0,294.0449,0,0,0,0,0,0,0,0,0,0,0,0,0,0,0,0,0,0,0,0,0,0,0,0,0,0,0,0,0,0,0,0,0,0,0,0,0,0,0,0,0,128.7091,128.7091,0,128.7091,128.7091,0,0,0,0,18.47826,18.47826,46.19566,69.30102,0,0,0,0,0,0,0,0,0,0,0,0,0,0,0,3.612968,3.612968,0,48.0012,52.5,48.0012,52.5,0,0,0,0,0,0,0,0,0,3.612968,3.612968,42.12937,0,0,19.54527,0,19.54527,0,0,0,0,0,19.90022,19.90022,3.225839,3.225839,0,1.727273,4.435484,0,0,0,0,0,0,0,0,0,0,0,0,0,0,0,276.1364,276.1364,3.609128,41.00296,31.63147,74.30153,49.32859,0,238.332,0,0,101.5507,0,0,0,0,0,0,0,0,0,0,0,0,0,0,0,0,0,0,0,0,0,0,0,0,0,0,0,0,78.67068,0,0,0,0,0,0,0,374.1562,374.7265,373.87,6.8176,12.5566,2.581,0,0,0,0,0,0,0,0,0,0,0,0,0,0,0,0,0,0,0,0,0,0,0,0,0,0,0,0,0,0,0,0,0,0,0,0,0,0,0,0,0,0,0,0,0,0,0,0,0,0,0,0,0,0,0,0,0,0,0,0,0,0,0,0,0,0,0,0,0,0,0,0,0,0,0,0,0,0,0,0,0,0,0,0,0,0,0,0,0,0,0,0,0,0,0,0,0,0,0,0,0,0,0,0,0,0,0,0,0,0,0,0,0,0,0,0,0,0,0,0,0,0,0,0,0,0,0,0,0,0,0,0,0,0,0,0,0,0,0,0,0,0,0,0,0,0,0,0,0,0,0,0,0,0,0,0,0,0,0,0,0,0,0,0,0,0,0,0,0,0,0,0,0,0,0,0,0,0,0,0
2029,1,20,20,0,0,0,0,0,0,0,0,0,0,0,0,294.0449,0,0,0,0,0,0,0,0,0,0,0,0,0,0,0,0,0,0,0,0,0,0,0,0,0,0,0,0,0,0,0,0,0,0,0,0,0,0,0,0,0,128.7091,128.7091,0,128.7091,128.7091,0,0,0,0,18.47826,18.47826,46.19566,69.30102,0,0,0,0,0,0,0,0,0,0,0,0,0,0,0,3.612968,3.612968,0,48.0012,52.5,48.0012,52.5,0,0,0,0,0,0,0,0,0,3.612968,3.612968,42.12937,0,0,19.54527,0,19.54527,0,0,0,0,0,19.90022,19.90022,3.225839,3.225839,0,1.727273,4.435484,0,0,0,0,0,0,0,0,0,0,0,0,0,0,0,276.1364,276.1364,8.794612,22.45449,17.19606,71.78441,45.84285,0,112.6616,0,0,120.3993,0,0,0,0,0,0,0,0,0,0,0,0,0,0,0,0,0,0,0,0,0,0,0,0,0,0,0,0,77.61641,0,0,0,0,0,0,0,374.1562,374.7265,373.87,6.8176,12.5566,2.581,0,0,0,0,0,0,0,0,0,0,0,0,0,0,0,0,0,0,0,0,0,0,0,0,0,0,0,0,0,0,0,0,0,0,0,0,0,0,0,0,0,0,0,0,0,0,0,0,0,0,0,0,0,0,0,0,0,0,0,0,0,0,0,0,0,0,0,0,0,0,0,0,0,0,0,0,0,0,0,0,0,0,0,0,0,0,0,0,0,0,0,0,0,0,0,0,0,0,0,0,0,0,0,0,0,0,0,0,0,0,0,0,0,0,0,0,0,0,0,0,0,0,0,0,0,0,0,0,0,0,0,0,0,0,0,0,0,0,0,0,0,0,0,0,0,0,0,0,0,0,0,0,0,0,0,0,0,0,0,0,0,0,0,0,0,0,0,0,0,0,0,0,0,0,0,0,0,0,0,0
2029,1,20,21,0,0,0,0,0,0,0,0,0,0,0,0,188.1887,0,0,0,0,0,0,0,0,0,0,0,0,0,0,0,0,0,0,0,0,0,0,0,0,0,0,0,0,0,0,0,0,0,0,0,0,0,0,0,0,0,128.7091,128.7091,0,128.7091,128.7091,0,0,0,0,18.47826,18.47826,46.19566,69.30102,0,0,0,0,0,0,0,0,0,0,0,0,0,0,0,3.612968,3.612968,0,48.0012,52.5,48.0012,52.5,0,0,0,0,0,0,0,0,0,3.612968,3.612968,42.12937,0,0,19.54527,0,19.54527,0,0,0,0,0,19.90022,19.90022,3.225839,3.225839,0,1.727273,4.435484,0,0,0,0,0,0,0,0,0,0,0,0,0,0,0,276.1364,276.1364,2.9917,20.8517,15.97379,67.49599,47.63853,0,229.3485,0,0,122.6406,0,0,0,0,0,0,0,0,0,0,0,0,0,0,0,0,0,0,0,0,0,0,0,0,0,0,0,0,78.07289,0,0,0,0,0,0,0,374.1562,374.7265,373.87,6.8176,12.5566,2.581,0,0,0,0,0,0,0,0,0,0,0,0,0,0,0,0,0,0,0,0,0,0,0,0,0,0,0,0,0,0,0,0,0,0,0,0,0,0,0,0,0,0,0,0,0,0,0,0,0,0,0,0,0,0,0,0,0,0,0,0,0,0,0,0,0,0,0,0,0,0,0,0,0,0,0,0,0,0,0,0,0,0,0,0,0,0,0,0,0,0,0,0,0,0,0,0,0,0,0,0,0,0,0,0,0,0,0,0,0,0,0,0,0,0,0,0,0,0,0,0,0,0,0,0,0,0,0,0,0,0,0,0,0,0,0,0,0,0,0,0,0,0,0,0,0,0,0,0,0,0,0,0,0,0,0,0,0,0,0,0,0,0,0,0,0,0,0,0,0,0,0,0,0,0,0,0,0,0,0,0
2029,1,20,22,0,0,0,0,0,0,0,0,0,0,0,0,0,0,0,0,0,0,0,0,0,0,0,0,0,0,0,0,0,0,0,0,0,0,0,0,0,0,0,0,0,0,0,0,0,0,0,0,0,0,0,0,0,0,128.7091,128.7091,0,128.7091,128.7091,0,0,0,0,18.47826,18.47826,46.19566,69.30102,0,0,0,0,0,0,0,0,0,0,0,0,0,0,0,3.612968,3.612968,0,48.0012,52.5,48.0012,52.5,0,0,0,0,0,0,0,0,0,3.612968,3.612968,42.12937,0,0,19.54527,0,19.54527,0,0,0,0,0,19.90022,19.90022,3.225839,3.225839,0,1.727273,4.435484,0,0,0,0,0,0,0,0,0,0,0,0,0,0,0,276.1364,276.1364,15.98328,44.46866,35.02432,64.6992,40.66704,0,272.744,0,0,89.73485,0,0,0,0,0,0,0,0,0,0,0,0,0,0,0,0,0,0,0,0,0,0,0,0,0,0,0,0,77.67374,0,0,0,0,0,0,0,374.1562,374.7265,373.87,6.8176,12.5566,2.581,0,0,0,0,0,0,0,0,0,0,0,0,0,0,0,0,0,0,0,0,0,0,0,0,0,0,0,0,0,0,0,0,0,0,0,0,0,0,0,0,0,0,0,0,0,0,0,0,0,0,0,0,0,0,0,0,0,0,0,0,0,0,0,0,0,0,0,0,0,0,0,0,0,0,0,0,0,0,0,0,0,0,0,0,0,0,0,0,0,0,0,0,0,0,0,0,0,0,0,0,0,0,0,0,0,0,0,0,0,0,0,0,0,0,0,0,0,0,0,0,0,0,0,0,0,0,0,0,0,0,0,0,0,0,0,0,0,0,0,0,0,0,0,0,0,0,0,0,0,0,0,0,0,0,0,0,0,0,0,0,0,0,0,0,0,0,0,0,0,0,0,0,0,0,0,0,0,0,0,0
2029,1,20,23,0,0,0,0,0,0,0,0,0,0,0,0,0,0,0,0,0,0,0,0,0,0,0,0,0,0,0,0,0,0,0,0,0,0,0,0,0,0,0,0,0,0,0,0,0,0,0,0,0,0,0,0,0,0,128.7091,128.7091,0,128.7091,128.7091,0,0,0,0,18.47826,18.47826,46.19566,69.30102,0,0,0,0,0,0,0,0,0,0,0,0,0,0,0,3.612968,3.612968,0,48.0012,52.5,48.0012,52.5,0,0,0,0,0,0,0,0,0,3.612968,3.612968,42.12937,0,0,19.54527,0,19.54527,0,0,0,0,0,19.90022,19.90022,3.225839,3.225839,0,1.727273,4.435484,0,0,0,0,0,0,0,0,0,0,0,0,0,0,0,276.1364,276.1364,11.61077,232.5457,199.3773,66.75018,19.64693,0,456.1443,0,0,90.81425,0,0,0,0,0,0,0,0,0,0,0,0,0,0,0,0,0,0,0,0,0,0,0,0,0,0,0,0,76.61047,0,0,0,0,0,0,0,374.1562,374.7265,373.87,6.8176,12.5566,2.581,0,0,0,0,0,0,0,0,0,0,0,0,0,0,0,0,0,0,0,0,0,0,0,0,0,0,0,0,0,0,0,0,0,0,0,0,0,0,0,0,0,0,0,0,0,0,0,0,0,0,0,0,0,0,0,0,0,0,0,0,0,0,0,0,0,0,0,0,0,0,0,0,0,0,0,0,0,0,0,0,0,0,0,0,0,0,0,0,0,0,0,0,0,0,0,0,0,0,0,0,0,0,0,0,0,0,0,0,0,0,0,0,0,0,0,0,0,0,0,0,0,0,0,0,0,0,0,0,0,0,0,0,0,0,0,0,0,0,0,0,0,0,0,0,0,0,0,0,0,0,0,0,0,0,0,0,0,0,0,0,0,0,0,0,0,0,0,0,0,0,0,0,0,0,0,0,0,0,0,0
2029,1,20,24,0,0,0,0,0,0,0,0,0,0,0,0,0,0,0,0,0,0,0,0,0,0,0,0,0,0,0,0,0,0,0,0,0,0,0,0,0,0,0,0,0,0,0,0,0,0,0,0,0,0,0,0,0,0,128.7091,128.7091,0,128.7091,128.7091,0,0,0,0,18.47826,18.47826,46.19566,69.30102,0,0,0,0,0,0,0,0,0,0,0,0,0,0,0,3.612968,3.612968,0,48.0012,52.5,48.0012,52.5,0,0,0,0,0,0,0,0,0,3.612968,3.612968,42.12937,0,0,19.54527,0,19.54527,0,0,0,0,0,19.90022,19.90022,3.225839,3.225839,0,1.727273,4.435484,0,0,0,0,0,0,0,0,0,0,0,0,0,0,0,276.1364,276.1364,13.75576,231.9169,199.1455,69.45375,29.25915,0,407.1034,0,0,91.72894,0,0,0,0,0,0,0,0,0,0,0,0,0,0,0,0,0,0,0,0,0,0,0,0,0,0,0,0,75.00925,0,0,0,0,0,0,0,374.1562,374.7265,373.87,6.8176,12.5566,2.581,0,0,0,0,0,0,0,0,0,0,0,0,0,0,0,0,0,0,0,0,0,0,0,0,0,0,0,0,0,0,0,0,0,0,0,0,0,0,0,0,0,0,0,0,0,0,0,0,0,0,0,0,0,0,0,0,0,0,0,0,0,0,0,0,0,0,0,0,0,0,0,0,0,0,0,0,0,0,0,0,0,0,0,0,0,0,0,0,0,0,0,0,0,0,0,0,0,0,0,0,0,0,0,0,0,0,0,0,0,0,0,0,0,0,0,0,0,0,0,0,0,0,0,0,0,0,0,0,0,0,0,0,0,0,0,0,0,0,0,0,0,0,0,0,0,0,0,0,0,0,0,0,0,0,0,0,0,0,0,0,0,0,0,0,0,0,0,0,0,0,0,0,0,0,0,0,0,0,0,0
2029,1,21,1,0,0,0,0,0,0,0,0,0,0,0,0,0,0,0,0,0,0,0,0,0,0,0,0,0,0,0,0,0,0,0,0,0,0,0,0,0,0,0,0,0,0,0,0,0,0,0,0,0,0,0,0,0,0,128.7091,257.3635,0,128.7091,253.808,0,0,0,0,18.47826,18.47826,46.19566,69.30102,0,0,0,0,0,0,0,0,0,0,0,0,0,0,0,3.612968,3.612968,0,0,0,0,0,0,0,0,0,0,0,0,0,0,3.612968,3.612968,42.12937,0,0,0,0,0,0,0,0,0,0,0,0,3.225839,3.225839,0,1.727273,4.435484,0,0,0,0,0,0,0,0,0,0,0,0,0,0,0,276.1364,276.1364,18.06868,232.7437,199.4195,72.437,21.44284,0,460.1696,0,0,65.77078,0,0,0,0,0,0,0,0,0,0,0,0,0,0,0,0,0,0,0,0,0,0,0,0,0,0,0,0,75.51979,0,0,0,0,0,0,0,374.1562,374.7265,373.87,6.8176,12.5566,2.581,0,0,0,0,0,0,0,0,0,0,0,0,0,0,0,0,0,0,0,0,0,0,0,0,0,0,0,0,0,0,0,0,0,0,0,0,0,0,0,0,0,0,0,0,0,0,0,0,0,0,0,0,0,0,0,0,0,0,0,0,0,0,0,0,0,0,0,0,0,0,0,0,0,0,0,0,0,0,0,0,0,0,0,0,0,0,0,0,0,0,0,0,0,0,0,0,0,0,0,0,0,0,0,0,0,0,0,0,0,0,0,0,0,0,0,0,0,0,0,0,0,0,0,0,0,0,0,0,0,0,0,0,0,0,0,0,0,0,0,0,0,0,0,0,0,0,0,0,0,0,0,0,0,0,0,0,0,0,0,0,0,0,0,0,0,0,0,0,0,0,0,0,0,0,0,0,0,0,0,0
2029,1,21,2,0,0,0,0,0,0,0,0,0,0,0,0,0,0,0,0,0,0,0,0,0,0,0,0,0,0,0,0,0,0,0,0,0,0,0,0,0,0,0,0,0,0,0,0,0,0,0,0,0,0,0,0,0,0,128.7091,257.3635,0,128.7091,253.808,0,0,0,0,18.47826,18.47826,46.19566,69.30102,0,0,0,0,0,0,0,0,0,0,0,0,0,0,0,3.612968,3.612968,0,0,0,0,0,0,0,0,0,0,0,0,0,0,3.612968,3.612968,42.12937,0,0,0,0,0,0,0,0,0,0,0,0,3.225839,3.225839,1.727273,1.727273,4.435484,0,0,0,0,0,0,0,0,0,0,0,0,0,0,0,276.1364,276.1364,6.666044,215.7768,171.6023,74.02184,19.46511,0,461.7405,0,0,69.70206,0,0,0,0,0,0,0,0,0,0,0,0,0,0,0,0,0,0,0,0,0,0,0,0,0,0,0,0,75.09625,0,0,0,0,0,0,0,374.1562,374.7265,373.87,6.8176,12.5566,2.581,0,0,0,0,0,0,0,0,0,0,0,0,0,0,0,0,0,0,0,0,0,0,0,0,0,0,0,0,0,0,0,0,0,0,0,0,0,0,0,0,0,0,0,0,0,0,0,0,0,0,0,0,0,0,0,0,0,0,0,0,0,0,0,0,0,0,0,0,0,0,0,0,0,0,0,0,0,0,0,0,0,0,0,0,0,0,0,0,0,0,0,0,0,0,0,0,0,0,0,0,0,0,0,0,0,0,0,0,0,0,0,0,0,0,0,0,0,0,0,0,0,0,0,0,0,0,0,0,0,0,0,0,0,0,0,0,0,0,0,0,0,0,0,0,0,0,0,0,0,0,0,0,0,0,0,0,0,0,0,0,0,0,0,0,0,0,0,0,0,0,0,0,0,0,0,0,0,0,0,0
2029,1,21,3,0,0,0,0,0,0,0,0,0,0,0,0,0,0,0,0,0,0,0,0,0,0,0,0,0,0,0,0,0,0,0,0,0,0,0,0,0,0,0,0,0,0,0,0,0,0,0,0,0,0,0,0,0,0,128.7091,257.3635,0,128.7091,253.808,0,0,0,0,18.47826,18.47826,46.19566,69.30102,0,0,0,0,0,0,0,0,0,0,0,0,0,0,0,3.612968,3.612968,0,0,0,0,0,0,0,0,0,0,0,0,0,0,3.612968,3.612968,42.12937,0,0,0,0,0,0,0,0,0,0,0,0,3.225839,3.225839,1.727273,1.727273,4.435484,0,0,0,0,0,0,0,0,0,0,0,0,0,0,0,276.1364,276.1364,4.605888,170.9084,125.135,68.89439,18.52828,0,465.815,0,0,68.78493,0,0,0,0,0,0,0,0,0,0,0,0,0,0,0,0,0,0,0,0,0,0,0,0,0,0,0,0,75.0103,0,0,0,0,0,0,0,374.1562,374.7265,373.87,6.8176,12.5566,2.581,0,0,0,0,0,0,0,0,0,0,0,0,0,0,0,0,0,0,0,0,0,0,0,0,0,0,0,0,0,0,0,0,0,0,0,0,0,0,0,0,0,0,0,0,0,0,0,0,0,0,0,0,0,0,0,0,0,0,0,0,0,0,0,0,0,0,0,0,0,0,0,0,0,0,0,0,0,0,0,0,0,0,0,0,0,0,0,0,0,0,0,0,0,0,0,0,0,0,0,0,0,0,0,0,0,0,0,0,0,0,0,0,0,0,0,0,0,0,0,0,0,0,0,0,0,0,0,0,0,0,0,0,0,0,0,0,0,0,0,0,0,0,0,0,0,0,0,0,0,0,0,0,0,0,0,0,0,0,0,0,0,0,0,0,0,0,0,0,0,0,0,0,0,0,0,0,0,0,0,0
2029,1,21,4,0,0,0,0,0,0,0,0,0,0,0,0,0,0,0,0,0,0,0,0,0,0,0,0,0,0,0,0,0,0,0,0,0,0,0,0,0,0,0,0,0,0,0,0,0,0,0,0,0,0,0,0,0,0,128.7091,257.3635,0,128.7091,253.808,0,0,0,0,18.47826,18.47826,46.19566,69.30102,0,0,0,0,0,0,0,0,0,0,0,0,0,0,0,3.612968,3.612968,0,0,0,0,0,0,0,0,0,0,0,0,0,0,3.612968,3.612968,42.12937,0,0,0,0,0,0,0,0,0,0,0,0,3.225839,3.225839,1.727273,1.727273,4.435484,0,0,0,0,0,0,0,0,0,0,0,0,0,0,0,276.1364,276.1364,15.67531,82.88435,0,66.4705,11.34597,0,467.7295,0,0,72.53651,0,0,0,0,0,0,0,0,0,0,0,0,0,0,0,0,0,0,0,0,0,0,0,0,0,0,0,0,75.46996,0,0,0,0,0,0,0,374.1562,374.7265,373.87,6.8176,12.5566,2.581,0,0,0,0,0,0,0,0,0,0,0,0,0,0,0,0,0,0,0,0,0,0,0,0,0,0,0,0,0,0,0,0,0,0,0,0,0,0,0,0,0,0,0,0,0,0,0,0,0,0,0,0,0,0,0,0,0,0,0,0,0,0,0,0,0,0,0,0,0,0,0,0,0,0,0,0,0,0,0,0,0,0,0,0,0,0,0,0,0,0,0,0,0,0,0,0,0,0,0,0,0,0,0,0,0,0,0,0,0,0,0,0,0,0,0,0,0,0,0,0,0,0,0,0,0,0,0,0,0,0,0,0,0,0,0,0,0,0,0,0,0,0,0,0,0,0,0,0,0,0,0,0,0,0,0,0,0,0,0,0,0,0,0,0,0,0,0,0,0,0,0,0,0,0,0,0,0,0,0,0
2029,1,21,5,0,0,0,0,0,0,0,0,0,0,0,0,0,0,0,0,0,0,0,0,0,0,0,0,0,0,0,0,0,0,0,0,0,0,0,0,0,0,0,0,0,0,0,0,0,0,0,0,0,0,0,0,0,0,128.7091,257.3635,0,128.7091,253.808,0,0,0,0,18.47826,18.47826,46.19566,69.30102,0,0,0,0,0,0,0,0,0,0,0,0,0,0,0,3.612968,3.612968,0,0,0,0,0,0,0,0,0,0,0,0,0,0,3.612968,3.612968,42.12937,0,0,0,0,0,0,0,0,0,0,0,0,3.225839,3.225839,1.727273,1.727273,4.435484,0,0,0,0,0,0,0,0,0,0,0,0,0,0,0,276.1364,276.1364,26.38787,110.4327,0,56.40203,9.992781,0,467.8768,0,0,76.8542,0,0,0,0,0,0,0,0,0,0,0,0,0,0,0,0,0,0,0,0,0,0,0,0,0,0,0,0,76.22387,0,0,0,0,0,0,0,374.1562,374.7265,373.87,6.8176,12.5566,2.581,0,0,0,0,0,0,0,0,0,0,0,0,0,0,0,0,0,0,0,0,0,0,0,0,0,0,0,0,0,0,0,0,0,0,0,0,0,0,0,0,0,0,0,0,0,0,0,0,0,0,0,0,0,0,0,0,0,0,0,0,0,0,0,0,0,0,0,0,0,0,0,0,0,0,0,0,0,0,0,0,0,0,0,0,0,0,0,0,0,0,0,0,0,0,0,0,0,0,0,0,0,0,0,0,0,0,0,0,0,0,0,0,0,0,0,0,0,0,0,0,0,0,0,0,0,0,0,0,0,0,0,0,0,0,0,0,0,0,0,0,0,0,0,0,0,0,0,0,0,0,0,0,0,0,0,0,0,0,0,0,0,0,0,0,0,0,0,0,0,0,0,0,0,0,0,0,0,0,0,0
2029,1,21,6,0,0,0,0,0,0,0,0,0,0,0,0,0,0,0,0,0,0,0,0,0,0,0,0,0,0,0,0,0,0,0,0,0,0,0,0,0,0,0,0,0,0,0,0,0,0,0,0,0,0,0,0,0,0,128.7091,257.3635,0,128.7091,253.808,0,0,0,0,18.47826,18.47826,46.19566,69.30102,0,0,0,0,0,0,0,0,0,0,0,0,0,0,0,3.612968,3.612968,0,0,0,0,0,0,0,0,0,0,0,0,0,0,3.612968,3.612968,42.12937,0,0,0,0,0,0,0,0,0,0,0,0,3.225839,3.225839,1.727273,1.727273,4.435484,0,0,0,0,0,0,0,0,0,0,0,0,0,0,0,276.1364,276.1364,21.18558,105.4826,0,39.71449,10.9296,0,460.5624,0,0,93.70811,0,0,0,0,0,0,0,0,0,0,0,0,0,0,0,0,0,0,0,0,0,0,0,0,0,0,0,0,77.53458,0,0,0,0,0,0,0,374.1562,374.7265,373.87,6.8176,12.5566,2.581,0,0,0,0,0,0,0,0,0,0,0,0,0,0,0,0,0,0,0,0,0,0,0,0,0,0,0,0,0,0,0,0,0,0,0,0,0,0,0,0,0,0,0,0,0,0,0,0,0,0,0,0,0,0,0,0,0,0,0,0,0,0,0,0,0,0,0,0,0,0,0,0,0,0,0,0,0,0,0,0,0,0,0,0,0,0,0,0,0,0,0,0,0,0,0,0,0,0,0,0,0,0,0,0,0,0,0,0,0,0,0,0,0,0,0,0,0,0,0,0,0,0,0,0,0,0,0,0,0,0,0,0,0,0,0,0,0,0,0,0,0,0,0,0,0,0,0,0,0,0,0,0,0,0,0,0,0,0,0,0,0,0,0,0,0,0,0,0,0,0,0,0,0,0,0,0,0,0,0,0
2029,1,21,7,0,0,0,0,0,0,0,0,0,0,0,0,0,0,0,0,0,0,0,0,0,0,0,0,0,0,0,0,0,0,0,0,0,0,0,0,0,0,0,0,0,6.558996,0,0,0,0,0,0,0,0,0,0,0,0,128.7091,257.3635,0,128.7091,253.808,0,0,0,0,18.47826,18.47826,46.19566,69.30102,0,0,0,0,0,0,0,0,0,0,0,0,0,0,0,3.612968,3.612968,0,0,0,0,0,0,0,0,0,0,0,0,0,0,3.612968,3.612968,42.12937,0,0,0,0,0,0,0,0,0,0,0,0,3.225839,3.225839,1.727273,1.727273,4.435484,0,0,0,0,0,0,0,0,0,0,0,0,0,0,0,276.1364,276.1364,42.5262,6.236825,0,26.19665,6.453671,0,445.5899,0,0,125.6922,0,0,0,0,0,0,0,0,0,0,0,0,0,0,0,0,0,0,0,0,0,0,0,0,0,0,0,0,78.43815,0,0,0,0,0,0,0,374.1562,374.7265,373.87,6.8176,12.5566,2.581,0,0,0,0,0,0,0,0,0,0,0,0,0,0,0,0,0,0,0,0,0,0,0,0,0,0,0,0,0,0,0,0,0,0,0,0,0,0,0,0,0,0,0,0,0,0,0,0,0,0,0,0,0,0,0,0,0,0,0,0,0,0,0,0,0,0,0,0,0,0,0,0,0,0,0,0,0,0,0,0,0,0,0,0,0,0,0,0,0,0,0,0,0,0,0,0,0,0,0,0,0,0,0,0,0,0,0,0,0,0,0,0,0,0,0,0,0,0,0,0,0,0,0,0,0,0,0,0,0,0,0,0,0,0,0,0,0,0,0,0,0,0,0,0,0,0,0,0,0,0,0,0,0,0,0,0,0,0,0,0,0,0,0,0,0,0,0,0,0,0,0,0,0,0,0,0,0,0,0,0
2029,1,21,8,0,0,0,2.8575,0,0,0,0,0,0,0,0.08019185,0,4.2785,0,0,0,0,0,0,1.517708,0.02193787,0.066141,0,0,0,0.094009,0,0,0,0,0,0,0,0,0,0,0,0,0,0,0,0,0,0,0,0,0,0,0,0,0,0,0,128.7091,257.3635,0,128.7091,253.808,0,0,0,0,18.47826,18.47826,46.19566,69.30102,0,0,0,0,0,0,0,0,0,0,0,0,0,0,0,3.612968,3.612968,0,0,0,0,0,0,0,0,0,0,0,0,0,0,3.612968,3.612968,42.12937,0,0,0,0,0,0,0,0,0,0,0,0,3.225839,3.225839,1.727273,1.727273,4.435484,0,0,0,0,0,0,0,0,0,0,0,0,0,0,0,276.1364,276.1364,143.2233,80.66542,0,27.59505,8.951866,0,470.2822,0,0,125.1467,33.8368,17.6625,0,0,0,0,0,0,0,0,0,0,0,0,0,0,0,0,0,0,0,0,0,0,0,0,0,0,77.36337,0,0,0,0,0,0,0,374.1562,374.7265,373.87,6.8176,12.5566,2.581,0,0,0,0,0,0,0,0,0,0,0,0,0,0,0,0,0,0,0,0,0,0,0,0,0,0,0,0,0,0,0,0,0,0,0,0,0,0,0,0,0,0,0,0,0,0,0,3.11128,0,0,0,0,0,0,0,0,0,0,0.035661,0,0,0,0,0,0,0,0,0,0,0,0,0,0,0,0,0,0,0,0,0,0,0,0,0,0,0,0,0,0,0,0,0,0,0,0,0,0,0,0,0,0,0,0,0,0,0,0,0,0,0,0,0,0,0,0,0,0,0,0,0,0,0,0,0,0,0,0,0,0,0,0,0,0,0,0,0,0,0,0,0,0,0,0,0,0,0,0,0,0,0,0,0,0,0,0,0,0,0,0,0,0,0,0,0,0,0,0,0,0,0,0,0,0,0,0,0,0,0,0,0
2029,1,21,9,53.68647,0,68.95603,44.41969,0,29.1383,0,0,0,0,0,2.723516,0,14.925,20.3775,0,0,0,53.4408,0,45.53323,0.7239496,2.24632,67.35461,135.4231,0,0,14.775,0,0,0,0,0,0,0,0,0,0,56.72728,35.96536,6.743506,0,94.0057,103.1621,1.170998,24.40263,0,0,0,0,0,0,0,0,128.7091,257.3635,0,128.7091,253.808,0,0,0,0,18.47826,18.47826,46.19566,69.30102,0,0,0,0,0,0,0,0,0,0,0,0,0,0,0,3.612968,3.612968,0,0,0,0,0,0,0,0,0,0,0,0,0,0,3.612968,3.612968,42.12937,0,0,0,0,0,0,0,0,0,0,0,0,3.225839,3.225839,1.727273,1.727273,4.435484,0,0,0,0,0,0,0,0,0,0,0,0,0,0,0,276.1364,276.1364,175.1857,98.58938,0,24.23889,12.1787,0,406.5143,0,0,130.1873,124.1512,97.2144,0,0,0,0,0,0,0,0,0,0,0,0,0,0,0,0,0,0,0,0,0,0,0,0,0,0,78.36433,0,0,0,0,0,0,0,374.1562,374.7265,373.87,6.8176,12.5566,2.581,0,0,0,0,0,0,0,0,0,0,0,0,0,0,0,0,0,0,0,0,0,0,0,0,0,0,0,0,0,0,0,0,0,0,0,0,0,0,0,0,0,0,0,0,0,0,0,106.2193,0,0,0,0,0,0,0,0,0,0,1.217485,0,0,0,0,0,0,0,0,0,0,0,0,0,0,0,0,0,0,0,0,0,0,0,0,0,0,0,0,0,0,0,0,0,0,0,0,0,0,0,0,0,0,0,0,0,0,0,0,0,0,0,0,0,0,0,0,0,0,0,0,0,0,0,0,0,0,0,0,0,0,0,0,0,0,0,0,0,0,0,0,0,0,0,0,0,0,0,0,0,0,0,0,0,0,0,0,0,0,0,0,0,0,0,0,0,0,0,0,0,0,0,0,0,0,0,0,0,0,0,0,0
2029,1,21,10,113.0011,4.196418,221.9049,0,6.236043,0,0,0,0,0,0,4.13112,0,21.3925,0,0,0,0,147.84,0,86.78658,1.118831,3.407293,148.5393,298.6528,0,0,0,1.053979,4.636697,3.30104,0,0,0,0,0,3.834376,0,0,176.4208,34.07874,118.4162,0,0,7.727349,0,0,0,0,0,0,0,0,0,128.7091,257.3635,0,128.7091,253.808,0,0,0,0,18.47826,18.47826,46.19566,69.30102,0,0,0,0,0,0,0,0,0,0,0,0,0,0,0,3.612968,3.612968,0,0,0,0,0,0,0,0,0,0,0,0,0,0,3.612968,3.612968,42.12937,0,0,0,0,0,0,0,0,0,0,0,0,3.225839,3.225839,1.727273,1.727273,4.435484,0,0,0,0,0,0,0,0,0,0,0,0,0,0,0,276.1364,276.1364,112.4101,79.42291,0,7.551347,9.784598,0,104.2181,0,0,132.3872,282.1392,322.0227,0,0,0,0,0,0,0,0,0,0,0,0,0,0,0,0,0,0,0,0,0,0,0,0,0,0,78.66387,0,0,0,0,0,0,0,374.1562,374.7265,373.87,6.8176,12.5566,2.581,0,0,0,0,0,0,0,0,0,0,0,0,0,0,0,0,0,0,0,0,0,0,0,0,0,0,0,0,0,0,0,0,0,0,0,0,0,0,0,0,0,0,0,0,0,0,0,161.0962,0,0,0,0,0,0,0,0,0,0,1.846485,0,0,0,0,0,0,0,0,0,0,0,0,0,0,0,0,0,0,0,0,0,0,0,0,0,0,0,0,0,0,0,0,0,0,0,0,0,0,0,0,0,0,0,0,0,0,0,0,0,0,0,0,0,0,0,0,0,0,0,0,0,0,0,0,0,0,0,0,0,0,0,0,0,0,0,0,0,0,0,0,0,0,0,0,0,0,0,0,0,0,0,0,0,0,0,0,0,0,0,0,0,0,0,0,0,0,0,0,0,0,0,0,0,0,0,0,0,0,0,0,0
2029,1,21,11,113.4877,6.184113,138.9468,0,0,0,0,0,0,0,0,6.087885,0,57.6105,0,0,0,0,124.3704,0,87.97263,2.149911,5.021208,0,261.7495,0,0,0,1.553212,4.285043,3.050685,0,0,0,0,0,5.650584,0,122.4834,318.0818,59.64034,218.7743,0,0,18.59525,0,0,0,0,0,0,0,0,0,128.7091,257.3635,0,128.7091,253.808,0,0,0,0,18.47826,18.47826,46.19566,69.30102,0,0,0,0,0,0,0,0,0,0,0,0,0,0,0,3.612968,3.612968,0,0,0,0,0,0,0,0,0,0,0,0,0,0,3.612968,3.612968,42.12937,0,0,0,0,0,0,0,0,0,0,0,0,3.225839,3.225839,1.727273,1.727273,4.435484,0,0,0,0,0,0,0,0,0,0,0,0,0,0,0,276.1364,276.1364,81.86528,99.63448,0,5.407137,3.851384,0,111.0416,0,0,124.5779,497.6,628.6437,0,0,0,0,0,0,0,0,0,0,0,0,0,0,0,0,0,0,0,0,0,0,0,0,0,0,78.94349,0,0,0,0,0,0,0,374.1562,374.7265,373.87,6.8176,12.5566,2.581,0,0,0,0,0,0,0,0,0,0,0,0,0,0,0,0,0,0,0,0,0,0,0,0,0,0,0,0,0,0,0,0,0,0,0,0,0,0,0,0,0,0,0,0,0,0,0,238.0388,0,0,0,0,0,0,0,0,0,0,2.7284,0,0,0,0,0,0,0,0,0,0,0,0,0,0,0,0,0,0,0,0,0,0,0,0,0,0,0,0,0,0,0,0,0,0,0,0,0,0,0,0,0,0,0,0,0,0,0,0,0,0,0,0,0,0,0,0,0,0,0,0,0,0,0,0,0,0,0,0,0,0,0,0,0,0,0,0,0,0,0,0,0,0,0,0,0,0,0,0,0,0,0,0,0,0,0,0,0,0,0,0,0,0,0,0,0,0,0,0,0,0,0,0,0,0,0,0,0,0,0,0,0
2029,1,21,12,109.1645,6.403979,199.3937,0,0,0,0,0,0,0,0,6.304331,0,53.0335,0,0,0,0,133.14,0,0,1.33821,5.199729,0,0,0,0,0,1.608434,3.515801,2.503032,0,0,0,0,0,5.851482,0,0,247.0149,0,217.1791,0,0,22.68801,0,0,0,0,0,0,0,0,0,128.7091,257.3635,0,128.7091,253.808,0,0,0,0,18.47826,18.47826,46.19566,69.30102,0,0,0,0,0,0,0,0,0,0,0,0,0,0,0,3.612968,3.612968,0,0,0,0,0,0,0,0,0,0,0,0,0,0,3.612968,3.612968,42.12937,0,0,0,0,0,0,0,0,0,0,0,0,3.225839,3.225839,1.727273,1.727273,4.435484,0,0,0,0,0,0,0,0,0,0,0,0,0,0,0,276.1364,276.1364,107.242,79.64787,0,11.46686,5.308665,0,152.2281,0,0,121.6162,596.2492,769.0959,0,0,0,0,0,0,0,0,0,0,0,0,0,0,0,0,0,0,0,0,0,0,0,0,0,0,79.08259,0,0,0,0,0,0,0,374.1562,374.7265,373.87,6.8176,12.5566,2.581,0,0,0,0,0,0,0,0,0,0,0,0,0,0,0,0,0,0,0,0,0,0,0,0,0,0,0,0,0,0,0,0,0,0,0,0,0,0,0,0,0,0,0,0,0,0,0,244.8022,0,0,0,0,0,0,0,0,0,0,2.805922,0,0,0,0,0,0,0,0,0,0,0,0,0,0,0,0,0,0,0,0,0,0,0,0,0,0,0,0,0,0,0,0,0,0,0,0,0,0,0,0,0,0,0,0,0,0,0,0,0,0,0,0,0,0,0,0,0,0,0,0,0,0,0,0,0,0,0,0,0,0,0,0,0,0,0,0,0,0,0,0,0,0,0,0,0,0,0,0,0,0,0,0,0,0,0,0,0,0,0,0,0,0,0,0,0,0,0,0,0,0,0,0,0,0,0,0,0,0,0,0,0
2029,1,21,13,105.4546,5.721809,5.846193,182.0025,0,0,0,0,0,0,0,5.632776,0,0,0,0,0,0,125.4456,0,80.35439,1.272396,4.64584,138.6443,0,0,0,0,1.437099,3.567084,2.539543,0,0,0,0,0,5.228166,0,0,0,0,191.8833,155.2206,0,24.31716,0,0,0,0,0,0,0,0,0,128.7091,257.3635,0,128.7091,253.808,0,0,0,0,18.47826,18.47826,46.19566,69.30102,0,0,0,0,0,0,0,0,0,0,0,0,0,0,0,3.612968,3.612968,0,0,0,0,0,0,0,0,0,0,0,0,0,0,3.612968,3.612968,42.12937,0,0,0,0,0,0,0,0,0,0,19.90022,19.90022,3.225839,3.225839,1.727273,1.727273,4.435484,0,0,0,0,0,0,0,0,0,0,0,0,0,0,0,276.1364,276.1364,123.9802,31.32139,0,18.45885,2.342058,0,212.167,0,0,131.3435,635.5596,824.9094,0,0,0,0,0,0,0,0,0,0,0,0,0,0,0,0,0,0,0,0,0,0,0,0,0,0,79.12199,0,0,0,0,0,0,0,374.1562,374.7265,373.87,6.8176,12.5566,2.581,0,0,0,0,0,0,0,0,0,0,0,0,0,0,0,0,0,0,0,0,0,0,0,0,0,0,0,0,0,0,0,0,0,0,0,0,0,0,0,0,0,0,0,0,0,0,0,219.4604,0,0,0,0,0,0,0,0,0,0,2.515455,0,0,0,0,0,0,0,0,0,0,0,0,0,0,0,0,0,0,0,0,0,0,0,0,0,0,0,0,0,0,0,0,0,0,0,0,0,0,0,0,0,0,0,0,0,0,0,0,0,0,0,0,0,0,0,0,0,0,0,0,0,0,0,0,0,0,0,0,0,0,0,0,0,0,0,0,0,0,0,0,0,0,0,0,0,0,0,0,0,0,0,0,0,0,0,0,0,0,0,0,0,0,0,0,0,0,0,0,0,0,0,0,0,0,0,0,0,0,0,0,0
2029,1,21,14,104.8656,3.740752,239.6647,0,0,0,0,0,0,0,0,3.682544,0,70.844,0,0,0,0,123.8328,0,79.55742,0.8775147,3.037314,0,283.6741,0,0,83.145,0.9395335,2.827147,2.012753,0,0,0,0,0,3.418022,0,0,168.575,52.70143,176.8426,0,211.2104,23.48272,0,0,0,0,0,0,0,0,0,128.7091,257.3635,0,128.7091,253.808,0,0,0,0,18.47826,18.47826,46.19566,69.30102,0,0,0,0,0,0,0,0,0,0,0,0,0,0,0,3.612968,3.612968,0,0,0,0,0,0,0,0,0,0,0,0,0,0,3.612968,3.612968,42.12937,19.54527,19.54527,19.54527,19.54527,19.54527,0,0,19.54527,19.54527,19.54527,19.90022,19.90022,3.225839,3.225839,1.727273,1.727273,4.435484,0,0,0,0,0,0,0,0,0,0,0,0,0,0,0,276.1364,276.1364,160.3064,145.8471,107.9179,23.95921,0.6765946,0,137.6484,0,0,121.9319,615.4068,796.3668,0,0,0,0,0,0,0,0,0,0,0,0,0,0,0,0,0,0,0,0,0,0,0,0,0,0,79.29198,0,0,0,0,0,0,0,374.1562,374.7265,373.87,6.8176,12.5566,2.581,0,0,0,0,0,0,0,0,0,0,0,0,0,0,0,0,0,0,0,0,0,0,0,0,0,0,0,0,0,0,0,0,0,0,0,0,0,0,0,0,0,0,0,0,0,0,0,143.7727,0,0,0,0,0,0,0,0,0,0,1.647923,0,0,0,0,0,0,0,0,0,0,0,0,0,0,0,0,0,0,0,0,0,0,0,0,0,0,0,0,0,0,0,0,0,0,0,0,0,0,0,0,0,0,0,0,0,0,0,0,0,0,0,0,0,0,0,0,0,0,0,0,0,0,0,0,0,0,0,0,0,0,0,0,0,0,0,0,0,0,0,0,0,0,0,0,0,0,0,0,0,0,0,0,0,0,0,0,0,0,0,0,0,0,0,0,0,0,0,0,0,0,0,0,0,0,0,0,0,0,0,0,0
2029,1,21,15,110.9443,2.467971,245.2208,187.7625,0,98.68169,0,0,0,0,0,2.429568,0,13.0345,17.875,0,0,0,117.9024,0,86.82321,0.5703846,2.003876,149.0741,299.7282,0,0,110.265,0.6198597,2.116514,1.506827,0,0,0,0,7.478872,2.255049,0,108.7686,326.99,61.31063,127.3449,0,0,20.18467,57.67947,0,0,0,0,0,0,0,0,128.7091,257.3635,0,128.7091,253.808,0,0,0,0,18.47826,18.47826,46.19566,69.30102,0,0,0,0,0,0,0,0,0,0,0,0,0,0,0,3.612968,3.612968,0,0,0,0,0,0,0,0,0,0,0,0,0,0,3.612968,3.612968,42.12937,19.54527,19.54527,19.54527,19.54527,19.54527,0,0,19.54527,19.54527,19.54527,19.90022,19.90022,3.225839,3.225839,1.727273,1.727273,4.435484,0,0,0,0,0,0,0,0,0,0,0,0,0,0,0,276.1364,276.1364,138.4098,148.3129,110.7839,30.20539,2.394104,0,112.5634,0,0,121.4251,535.9152,683.1855,0,0,0,0,0,0,0,0,0,0,0,0,0,0,0,0,0,0,0,0,0,0,0,0,0,0,79.53432,0,0,0,0,0,0,0,374.1562,374.7265,373.87,6.8176,12.5566,2.581,0,0,0,0,0,0,0,0,0,0,0,0,0,0,0,0,0,0,0,0,0,0,0,0,0,0,0,0,0,0,0,0,0,0,0,0,0,0,0,0,0,0,0,0,0,0,0,95.37923,0,0,0,0,0,0,0,0,0,0,1.093237,0,0,0,0,0,0,0,0,0,0,0,0,0,0,0,0,0,0,0,0,0,0,0,0,0,0,0,0,0,0,0,0,0,0,0,0,0,0,0,0,0,0,0,0,0,0,0,0,0,0,0,0,0,0,0,0,0,0,0,0,0,0,0,0,0,0,0,0,0,0,0,0,0,0,0,0,0,0,0,0,0,0,0,0,0,0,0,0,0,0,0,0,0,0,0,0,0,0,0,0,0,0,0,0,0,0,0,0,0,0,0,0,0,0,0,0,0,0,0,0,0
2029,1,21,16,114.8014,1.724978,238.6917,192.465,0,158.7705,52.59701,2.028087,0,4.469391,0,1.698137,223.4741,5.373,7.4525,0,0,1.835096,146.7984,0,85.33521,0.329068,1.400601,153.0092,307.6401,0,0,109.02,0.4332484,0.951662,0.6775243,0,0,0,0,5.201579,1.576157,0,72.9124,337.6781,63.31465,114.6286,177.4497,220.3328,12.57508,57.97379,0,0,0,0,0,0,0,0,128.7091,257.3635,0,128.7091,253.808,0,0,0,0,18.47826,18.47826,46.19566,69.30102,0,0,0,0,0,0,0,0,0,0,0,0,0,0,0,3.612968,3.612968,0,0,0,0,0,0,0,0,0,0,0,0,0,0,3.612968,3.612968,42.12937,19.54527,19.54527,19.54527,19.54527,19.54527,0,0,19.54527,19.54527,19.54527,19.90022,19.90022,3.225839,3.225839,1.727273,1.727273,4.435484,0,0,0,0,0,0,0,0,0,0,0,0,0,0,0,276.1364,276.1364,107.1936,172.0062,139.9709,37.94319,0,0,100.8309,0,0,122.1784,398.9508,488.3328,0,0,0,0,0,0,0,0,0,0,0,0,0,0,0,0,0,0,0,0,0,0,0,0,0,0,79.79441,0,0,0,0,0,0,0,374.1562,374.7265,373.87,6.8176,12.5566,2.581,0,0,0,0,0,0,0,0,0,0,0,0,0,0,0,0,0,0,0,0,0,0,0,0,0,0,0,0,0,0,0,0,0,0,0,0,0,0,0,0,0,0,0,0,0,0,0,66.33655,0,0,0,0,0,0,0,0,0,0,0.760349,0,0,0,0,0,0,0,0,0,0,0,0,0,0,0,0,0,0,0,0,0,0,0,0,0,0,0,0,0,0,0,0,0,0,0,0,0,0,0,0,0,0,0,0,0,0,0,0,0,0,0,0,0,0,0,0,0,0,0,0,0,0,0,0,0,0,0,0,0,0,0,0,0,0,0,0,0,0,0,0,0,0,0,0,0,0,0,0,0,0,0,0,0,0,0,0,0,0,0,0,0,0,0,0,0,0,0,0,0,0,0,0,0,0,0,0,0,0,0,0,0
2029,1,21,17,81.75217,0,191.6032,125.55,0,98.10025,39.48927,0,0,1.381472,0,0.5248879,294.0449,0,0,0,0,0.567222,101.8248,0,43.56902,0.08775147,0.432921,108.6919,218.5358,0,0,68.25,0,0,0,0,0,0,0,0,0,0,69.4901,224.954,42.17888,78.34856,154.3701,150.1523,5.502163,48.77996,0,0,0,0,0,0,0,0,128.7091,257.3635,0,128.7091,253.808,0,0,0,0,18.47826,18.47826,46.19566,69.30102,0,0,0,0,0,0,0,0,0,0,0,0,0,0,0,3.612968,3.612968,0,48.0012,52.5,48.0012,52.5,0,0,0,0,0,0,0,0,0,3.612968,3.612968,42.12937,19.54527,19.54527,19.54527,19.54527,19.54527,0,0,19.54527,19.54527,19.54527,19.90022,19.90022,3.225839,3.225839,1.727273,1.727273,4.435484,18.36735,18.36735,0,0,0,0,0,0,0,0,0,0,0,0,0,276.1364,276.1364,137.992,217.9222,187.0071,59.47851,2.81047,0,123.1177,0,0,113.1998,228.5228,245.7207,0,0,0,0,0,0,0,0,0,0,0,0,0,0,0,0,0,0,0,0,0,0,0,0,0,0,79.60703,0,0,0,0,0,0,0,374.1562,374.7265,373.87,6.8176,12.5566,2.581,0,0,0,0,0,0,0,0,0,0,0,0,0,0,0,0,0,0,0,0,0,0,0,0,0,0,0,0,0,0,0,0,0,0,0,0,0,0,0,0,0,0,0,0,0,0,0,20.61959,0,0,0,0,0,0,0,0,0,0,0.236342,0,0,0,0,0,0,0,0,0,0,0,0,0,0,0,0,0,0,0,0,0,0,0,0,0,0,0,0,0,0,0,0,0,0,0,0,0,0,0,0,0,0,0,0,0,0,0,0,0,0,0,0,0,0,0,0,0,0,0,0,0,0,0,0,0,0,0,0,0,0,0,0,0,0,0,0,0,0,0,0,0,0,0,0,0,0,0,0,0,0,0,0,0,0,0,0,0,0,0,0,0,0,0,0,0,0,0,0,0,0,0,0,0,0,0,0,0,0,0,0,0
2029,1,21,18,7.927017,0,39.42075,15.9975,0,4.530476,6.709195,0,0.037679,0,0.124113,0.04854736,294.0449,0,0,0,0,0,10.836,0,0,0.01340937,0.040041,16.08411,32.3387,0,0,7.74,0,0,0,0,0,0,0,0,0,0,9.907748,7.142731,1.339262,13.49108,32.5939,28.83722,0,10.07817,0,0,0,0,0,0,0,0,128.7091,257.3635,0,128.7091,253.808,0,0,0,0,18.47826,18.47826,46.19566,69.30102,0,0,0,0,0,0,0,0,0,0,0,0,0,0,0,3.612968,3.612968,0,48.0012,52.5,48.0012,52.5,0,0,0,0,0,0,0,0,0,3.612968,3.612968,42.12937,19.54527,19.54527,19.54527,19.54527,19.54527,0,0,19.54527,19.54527,19.54527,19.90022,19.90022,3.225839,3.225839,1.727273,1.727273,4.435484,18.36735,18.36735,0,0,0,0,0,0,0,0,0,0,0,0,0,276.1364,276.1364,110.0532,227.5832,208.5022,61.43627,9.576415,0,206.5216,0,0,122.4768,57.7216,30.0969,0,0,0,0,0,0,0,0,0,0,0,0,0,0,0,0,0,0,0,0,0,0,0,0,0,0,80.11015,0,0,0,0,0,0,0,374.1562,374.7265,373.87,6.8176,12.5566,2.581,0,0,0,0,0,0,0,0,0,0,0,0,0,0,0,0,0,0,0,0,0,0,0,0,0,0,0,0,0,0,0,0,0,0,0,0,0,0,0,0,0,0,0,0,0,0,0,1.899201,0,0,0,0,0,0,0,0,0,0,0.021769,0,0,0,0,0,0,0,0,0,0,0,0,0,0,0,0,0,0,0,0,0,0,0,0,0,0,0,0,0,0,0,0,0,0,0,0,0,0,0,0,0,0,0,0,0,0,0,0,0,0,0,0,0,0,0,0,0,0,0,0,0,0,0,0,0,0,0,0,0,0,0,0,0,0,0,0,0,0,0,0,0,0,0,0,0,0,0,0,0,0,0,0,0,0,0,0,0,0,0,0,0,0,0,0,0,0,0,0,0,0,0,0,0,0,0,0,0,0,0,0,0
2029,1,21,19,0,0,0,0,0,0,0,0,0,0,0,0,294.0449,0,0,0,0,0,0,0,0,0,0,0,0,0,0,0,0,0,0,0,0,0,0,0,0,0,0,0,0,0,0,0,0,0,0,0,0,0,0,0,0,0,128.7091,257.3635,0,128.7091,253.808,0,0,0,0,18.47826,18.47826,46.19566,69.30102,0,0,0,0,0,0,0,0,0,0,0,0,0,0,0,3.612968,3.612968,0,48.0012,52.5,48.0012,52.5,0,0,0,0,0,0,0,0,0,3.612968,3.612968,42.12937,19.54527,19.54527,19.54527,19.54527,19.54527,0,0,19.54527,19.54527,19.54527,19.90022,19.90022,3.225839,3.225839,1.727273,1.727273,4.435484,18.36735,18.36735,0,0,0,0,0,0,0,0,0,0,0,0,0,276.1364,276.1364,157.9466,186.6601,168.3359,65.35178,12.80325,0,197.4891,0,0,101.5507,0,0,0,0,0,0,0,0,0,0,0,0,0,0,0,0,0,0,0,0,0,0,0,0,0,0,0,0,78.85021,0,0,0,0,0,0,0,374.1562,374.7265,373.87,6.8176,12.5566,2.581,0,0,0,0,0,0,0,0,0,0,0,0,0,0,0,0,0,0,0,0,0,0,0,0,0,0,0,0,0,0,0,0,0,0,0,0,0,0,0,0,0,0,0,0,0,0,0,0,0,0,0,0,0,0,0,0,0,0,0,0,0,0,0,0,0,0,0,0,0,0,0,0,0,0,0,0,0,0,0,0,0,0,0,0,0,0,0,0,0,0,0,0,0,0,0,0,0,0,0,0,0,0,0,0,0,0,0,0,0,0,0,0,0,0,0,0,0,0,0,0,0,0,0,0,0,0,0,0,0,0,0,0,0,0,0,0,0,0,0,0,0,0,0,0,0,0,0,0,0,0,0,0,0,0,0,0,0,0,0,0,0,0,0,0,0,0,0,0,0,0,0,0,0,0,0,0,0,0,0,0
2029,1,21,20,0,0,0,0,0,0,0,0,0,0,0,0,294.0449,0,0,0,0,0,0,0,0,0,0,0,0,0,0,0,0,0,0,0,0,0,0,0,0,0,0,0,0,0,0,0,0,0,0,0,0,0,0,0,0,0,128.7091,257.3635,0,128.7091,253.808,0,0,0,0,18.47826,18.47826,46.19566,69.30102,0,0,0,0,0,0,0,0,0,0,0,0,0,0,0,3.612968,3.612968,0,48.0012,52.5,48.0012,52.5,0,0,0,0,0,0,0,0,0,3.612968,3.612968,42.12937,19.54527,19.54527,19.54527,19.54527,19.54527,0,0,19.54527,19.54527,19.54527,19.90022,19.90022,3.225839,3.225839,1.727273,1.727273,4.435484,18.36735,18.36735,0,0,0,0,0,0,0,0,0,0,0,0,0,276.1364,276.1364,108.1995,225.2472,208.7551,69.54697,24.77377,0,132.2975,0,0,120.3993,0,0,0,0,0,0,0,0,0,0,0,0,0,0,0,0,0,0,0,0,0,0,0,0,0,0,0,0,77.76597,0,0,0,0,0,0,0,374.1562,374.7265,373.87,6.8176,12.5566,2.581,0,0,0,0,0,0,0,0,0,0,0,0,0,0,0,0,0,0,0,0,0,0,0,0,0,0,0,0,0,0,0,0,0,0,0,0,0,0,0,0,0,0,0,0,0,0,0,0,0,0,0,0,0,0,0,0,0,0,0,0,0,0,0,0,0,0,0,0,0,0,0,0,0,0,0,0,0,0,0,0,0,0,0,0,0,0,0,0,0,0,0,0,0,0,0,0,0,0,0,0,0,0,0,0,0,0,0,0,0,0,0,0,0,0,0,0,0,0,0,0,0,0,0,0,0,0,0,0,0,0,0,0,0,0,0,0,0,0,0,0,0,0,0,0,0,0,0,0,0,0,0,0,0,0,0,0,0,0,0,0,0,0,0,0,0,0,0,0,0,0,0,0,0,0,0,0,0,0,0,0
2029,1,21,21,0,0,0,0,0,0,0,0,0,0,0,0,190.149,0,0,0,0,0,0,0,0,0,0,0,0,0,0,0,0,0,0,0,0,0,0,0,0,0,0,0,0,0,0,0,0,0,0,0,0,0,0,0,0,0,128.7091,257.3635,0,128.7091,253.808,0,0,0,0,18.47826,18.47826,46.19566,69.30102,0,0,0,0,0,0,0,0,0,0,0,0,0,0,0,3.612968,3.612968,0,48.0012,52.5,48.0012,52.5,0,0,0,0,0,0,0,0,0,3.612968,3.612968,42.12937,19.54527,19.54527,19.54527,19.54527,19.54527,0,0,19.54527,19.54527,19.54527,19.90022,19.90022,3.225839,3.225839,1.727273,1.727273,4.435484,18.36735,18.36735,0,0,0,0,0,0,0,0,0,0,0,0,0,276.1364,276.1364,169.3766,222.7016,208.0596,76.63219,36.11974,0,134.2612,0,0,122.6406,0,0,0,0,0,0,0,0,0,0,0,0,0,0,0,0,0,0,0,0,0,0,0,0,0,0,0,0,78.21409,0,0,0,0,0,0,0,374.1562,374.7265,373.87,6.8176,12.5566,2.581,0,0,0,0,0,0,0,0,0,0,0,0,0,0,0,0,0,0,0,0,0,0,0,0,0,0,0,0,0,0,0,0,0,0,0,0,0,0,0,0,0,0,0,0,0,0,0,0,0,0,0,0,0,0,0,0,0,0,0,0,0,0,0,0,0,0,0,0,0,0,0,0,0,0,0,0,0,0,0,0,0,0,0,0,0,0,0,0,0,0,0,0,0,0,0,0,0,0,0,0,0,0,0,0,0,0,0,0,0,0,0,0,0,0,0,0,0,0,0,0,0,0,0,0,0,0,0,0,0,0,0,0,0,0,0,0,0,0,0,0,0,0,0,0,0,0,0,0,0,0,0,0,0,0,0,0,0,0,0,0,0,0,0,0,0,0,0,0,0,0,0,0,0,0,0,0,0,0,0,0
2029,1,21,22,0,0,0,0,0,0,0,0,0,0,0,0,0,0,0,0,0,0,0,0,0,0,0,0,0,0,0,0,0,0,0,0,0,0,0,0,0,0,0,0,0,0,0,0,0,0,0,0,0,0,0,0,0,0,128.7091,257.3635,0,128.7091,253.808,0,0,0,0,18.47826,18.47826,46.19566,69.30102,0,0,0,0,0,0,0,0,0,0,0,0,0,0,0,3.612968,3.612968,0,48.0012,52.5,48.0012,52.5,0,0,0,0,0,0,0,0,0,3.612968,3.612968,42.12937,19.54527,19.54527,19.54527,19.54527,19.54527,0,0,19.54527,19.54527,19.54527,19.90022,19.90022,3.225839,3.225839,1.727273,1.727273,4.435484,0,0,0,0,0,0,0,0,0,0,0,0,0,0,0,276.1364,276.1364,176.7269,223.4068,209.1133,81.20029,55.89712,0,199.5018,0,0,89.73485,0,0,0,0,0,0,0,0,0,0,0,0,0,0,0,0,0,0,0,0,0,0,0,0,0,0,0,0,77.82491,0,0,0,0,0,0,0,374.1562,374.7265,373.87,6.8176,12.5566,2.581,0,0,0,0,0,0,0,0,0,0,0,0,0,0,0,0,0,0,0,0,0,0,0,0,0,0,0,0,0,0,0,0,0,0,0,0,0,0,0,0,0,0,0,0,0,0,0,0,0,0,0,0,0,0,0,0,0,0,0,0,0,0,0,0,0,0,0,0,0,0,0,0,0,0,0,0,0,0,0,0,0,0,0,0,0,0,0,0,0,0,0,0,0,0,0,0,0,0,0,0,0,0,0,0,0,0,0,0,0,0,0,0,0,0,0,0,0,0,0,0,0,0,0,0,0,0,0,0,0,0,0,0,0,0,0,0,0,0,0,0,0,0,0,0,0,0,0,0,0,0,0,0,0,0,0,0,0,0,0,0,0,0,0,0,0,0,0,0,0,0,0,0,0,0,0,0,0,0,0,0
2029,1,21,23,0,0,0,0,0,0,0,0,0,0,0,0,0,0,0,0,0,0,0,0,0,0,0,0,0,0,0,0,0,0,0,0,0,0,0,0,0,0,0,0,0,0,0,0,0,0,0,0,0,0,0,0,0,0,128.7091,257.3635,0,128.7091,253.808,0,0,0,0,18.47826,18.47826,46.19566,69.30102,0,0,0,0,0,0,0,0,0,0,0,0,0,0,0,3.612968,3.612968,0,0,0,0,0,0,0,0,0,0,0,0,0,0,3.612968,3.612968,42.12937,0,0,0,0,0,0,0,0,0,0,0,0,3.225839,3.225839,1.727273,0,4.435484,0,0,0,0,0,0,0,0,0,0,0,0,0,0,0,276.1364,276.1364,175.8253,222.3822,209.1976,82.78514,33.93382,0,181.093,0,0,90.81425,0,0,0,0,0,0,0,0,0,0,0,0,0,0,0,0,0,0,0,0,0,0,0,0,0,0,0,0,76.75628,0,0,0,0,0,0,0,374.1562,374.7265,373.87,6.8176,12.5566,2.581,0,0,0,0,0,0,0,0,0,0,0,0,0,0,0,0,0,0,0,0,0,0,0,0,0,0,0,0,0,0,0,0,0,0,0,0,0,0,0,0,0,0,0,0,0,0,0,0,0,0,0,0,0,0,0,0,0,0,0,0,0,0,0,0,0,0,0,0,0,0,0,0,0,0,0,0,0,0,0,0,0,0,0,0,0,0,0,0,0,0,0,0,0,0,0,0,0,0,0,0,0,0,0,0,0,0,0,0,0,0,0,0,0,0,0,0,0,0,0,0,0,0,0,0,0,0,0,0,0,0,0,0,0,0,0,0,0,0,0,0,0,0,0,0,0,0,0,0,0,0,0,0,0,0,0,0,0,0,0,0,0,0,0,0,0,0,0,0,0,0,0,0,0,0,0,0,0,0,0,0
2029,1,21,24,0,0,0,0,0,0,0,0,0,0,0,0,0,0,0,0,0,0,0,0,0,0,0,0,0,0,0,0,0,0,0,0,0,0,0,0,0,0,0,0,0,0,0,0,0,0,0,0,0,0,0,0,0,0,128.7091,257.3635,0,128.7091,253.808,0,0,0,0,18.47826,18.47826,46.19566,69.30102,0,0,0,0,0,0,0,0,0,0,0,0,0,0,0,3.612968,3.612968,0,0,0,0,0,0,0,0,0,0,0,0,0,0,3.612968,3.612968,42.12937,0,0,0,0,0,0,0,0,0,0,0,0,3.225839,3.225839,1.727273,0,4.435484,0,0,0,0,0,0,0,0,0,0,0,0,0,0,0,276.1364,276.1364,166.6499,221.471,209.2608,83.06482,41.22022,0,97.78728,0,0,91.72894,0,0,0,0,0,0,0,0,0,0,0,0,0,0,0,0,0,0,0,0,0,0,0,0,0,0,0,0,75.16869,0,0,0,0,0,0,0,374.1562,374.7265,373.87,6.8176,12.5566,2.581,0,0,0,0,0,0,0,0,0,0,0,0,0,0,0,0,0,0,0,0,0,0,0,0,0,0,0,0,0,0,0,0,0,0,0,0,0,0,0,0,0,0,0,0,0,0,0,0,0,0,0,0,0,0,0,0,0,0,0,0,0,0,0,0,0,0,0,0,0,0,0,0,0,0,0,0,0,0,0,0,0,0,0,0,0,0,0,0,0,0,0,0,0,0,0,0,0,0,0,0,0,0,0,0,0,0,0,0,0,0,0,0,0,0,0,0,0,0,0,0,0,0,0,0,0,0,0,0,0,0,0,0,0,0,0,0,0,0,0,0,0,0,0,0,0,0,0,0,0,0,0,0,0,0,0,0,0,0,0,0,0,0,0,0,0,0,0,0,0,0,0,0,0,0,0,0,0,0,0,0
2029,1,22,1,0,0,0,0,0,0,0,0,0,0,0,0,0,0,0,0,0,0,0,0,0,0,0,0,0,0,0,0,0,0,0,0,0,0,0,0,0,0,0,0,0,0,0,0,0,0,0,0,0,0,0,0,0,0,128.7091,257.3635,0,128.7091,253.808,0,0,0,0,18.47826,18.47826,46.19566,69.30102,0,0,0,0,0,0,0,0,0,0,0,0,0,0,0,3.612968,3.612968,0,0,0,0,0,0,0,0,0,0,0,0,0,0,3.612968,3.612968,42.12937,0,0,0,0,0,0,0,0,0,0,0,0,3.225839,3.225839,1.727273,0,4.435484,0,0,0,0,0,0,0,0,0,0,0,0,0,0,0,276.1364,276.1364,170.0225,208.2018,198.8505,82.41223,32.44607,0,50.85724,0,0,37.47934,0,0,0,0,0,0,0,0,0,0,0,0,0,0,0,0,0,0,0,0,0,0,0,0,0,0,0,0,75.24418,0,0,0,0,0,0,0,374.1562,374.7265,373.87,6.8176,12.5566,2.581,0,0,0,0,0,0,0,0,0,0,0,0,0,0,0,0,0,0,0,0,0,0,0,0,0,0,0,0,0,0,0,0,0,0,0,0,0,0,0,0,0,0,0,0,0,0,0,0,0,0,0,0,0,0,0,0,0,0,0,0,0,0,0,0,0,0,0,0,0,0,0,0,0,0,0,0,0,0,0,0,0,0,0,0,0,0,0,0,0,0,0,0,0,0,0,0,0,0,0,0,0,0,0,0,0,0,0,0,0,0,0,0,0,0,0,0,0,0,0,0,0,0,0,0,0,0,0,0,0,0,0,0,0,0,0,0,0,0,0,0,0,0,0,0,0,0,0,0,0,0,0,0,0,0,0,0,0,0,0,0,0,0,0,0,0,0,0,0,0,0,0,0,0,0,0,0,0,0,0,0
2029,1,22,2,0,0,0,0,0,0,0,0,0,0,0,0,0,0,0,0,0,0,0,0,0,0,0,0,0,0,0,0,0,0,0,0,0,0,0,0,0,0,0,0,0,0,0,0,0,0,0,0,0,0,0,0,0,0,128.7091,257.3635,0,128.7091,253.808,0,0,0,0,18.47826,18.47826,46.19566,69.30102,0,0,0,0,0,0,0,0,0,0,0,0,0,0,0,3.612968,3.612968,0,0,0,0,0,0,0,0,0,0,0,0,0,0,3.612968,3.612968,42.12937,0,0,0,0,0,0,0,0,0,0,0,0,3.225839,3.225839,1.727273,0,4.435484,0,0,0,0,0,0,0,0,0,0,0,0,0,0,0,276.1364,276.1364,149.465,53.85296,45.35039,82.22578,27.14328,0,56.40441,0,0,41.76614,0,0,0,0,0,0,0,0,0,0,0,0,0,0,0,0,0,0,0,0,0,0,0,0,0,0,0,0,74.62084,0,0,0,0,0,0,0,374.1562,374.7265,373.87,6.8176,12.5566,2.581,0,0,0,0,0,0,0,0,0,0,0,0,0,0,0,0,0,0,0,0,0,0,0,0,0,0,0,0,0,0,0,0,0,0,0,0,0,0,0,0,0,0,0,0,0,0,0,0,0,0,0,0,0,0,0,0,0,0,0,0,0,0,0,0,0,0,0,0,0,0,0,0,0,0,0,0,0,0,0,0,0,0,0,0,0,0,0,0,0,0,0,0,0,0,0,0,0,0,0,0,0,0,0,0,0,0,0,0,0,0,0,0,0,0,0,0,0,0,0,0,0,0,0,0,0,0,0,0,0,0,0,0,0,0,0,0,0,0,0,0,0,0,0,0,0,0,0,0,0,0,0,0,0,0,0,0,0,0,0,0,0,0,0,0,0,0,0,0,0,0,0,0,0,0,0,0,0,0,0,0
2029,1,22,3,0,0,0,0,0,0,0,0,0,0,0,0,0,0,0,0,0,0,0,0,0,0,0,0,0,0,0,0,0,0,0,0,0,0,0,0,0,0,0,0,0,0,0,0,0,0,0,0,0,0,0,0,0,0,128.7091,257.3635,0,128.7091,253.808,0,0,0,0,18.47826,18.47826,46.19566,69.30102,0,0,0,0,0,0,0,0,0,0,0,0,0,0,0,3.612968,3.612968,0,0,0,0,0,0,0,0,0,0,0,0,0,0,3.612968,3.612968,42.12937,0,0,0,0,0,0,0,0,0,0,0,0,3.225839,3.225839,1.727273,0,4.435484,0,0,0,0,0,0,0,0,0,0,0,0,0,0,0,276.1364,276.1364,180.9666,53.66333,45.72971,80.82738,29.28216,0,88.75472,0,0,62.51759,0,0,0,0,0,0,0,0,0,0,0,0,0,0,0,0,0,0,0,0,0,0,0,0,0,0,0,0,74.5229,0,0,0,0,0,0,0,374.1562,374.7265,373.87,6.8176,12.5566,2.581,0,0,0,0,0,0,0,0,0,0,0,0,0,0,0,0,0,0,0,0,0,0,0,0,0,0,0,0,0,0,0,0,0,0,0,0,0,0,0,0,0,0,0,0,0,0,0,0,0,0,0,0,0,0,0,0,0,0,0,0,0,0,0,0,0,0,0,0,0,0,0,0,0,0,0,0,0,0,0,0,0,0,0,0,0,0,0,0,0,0,0,0,0,0,0,0,0,0,0,0,0,0,0,0,0,0,0,0,0,0,0,0,0,0,0,0,0,0,0,0,0,0,0,0,0,0,0,0,0,0,0,0,0,0,0,0,0,0,0,0,0,0,0,0,0,0,0,0,0,0,0,0,0,0,0,0,0,0,0,0,0,0,0,0,0,0,0,0,0,0,0,0,0,0,0,0,0,0,0,0
2029,1,22,4,0,0,0,0,0,0,0,0,0,0,0,0,0,0,0,0,0,0,0,0,0,0,0,0,0,0,0,0,0,0,0,0,0,0,0,0,0,0,0,0,0,0,0,0,0,0,0,0,0,0,0,0,0,0,128.7091,257.3635,0,128.7091,253.808,0,0,0,0,18.47826,18.47826,46.19566,69.30102,0,0,0,0,0,0,0,0,0,0,0,0,0,0,0,3.612968,3.612968,0,0,0,0,0,0,0,0,0,0,0,0,0,0,3.612968,3.612968,42.12937,0,0,0,0,0,0,0,0,0,0,0,0,3.225839,3.225839,1.727273,0,4.435484,0,0,0,0,0,0,0,0,0,0,0,0,0,0,0,276.1364,276.1364,128.2757,175.4335,167.0926,80.08157,12.88693,0,71.08232,0,0,73.01071,0,0,0,0,0,0,0,0,0,0,0,0,0,0,0,0,0,0,0,0,0,0,0,0,0,0,0,0,75.04981,0,0,0,0,0,0,0,374.1562,374.7265,373.87,6.8176,12.5566,2.581,0,0,0,0,0,0,0,0,0,0,0,0,0,0,0,0,0,0,0,0,0,0,0,0,0,0,0,0,0,0,0,0,0,0,0,0,0,0,0,0,0,0,0,0,0,0,0,0,0,0,0,0,0,0,0,0,0,0,0,0,0,0,0,0,0,0,0,0,0,0,0,0,0,0,0,0,0,0,0,0,0,0,0,0,0,0,0,0,0,0,0,0,0,0,0,0,0,0,0,0,0,0,0,0,0,0,0,0,0,0,0,0,0,0,0,0,0,0,0,0,0,0,0,0,0,0,0,0,0,0,0,0,0,0,0,0,0,0,0,0,0,0,0,0,0,0,0,0,0,0,0,0,0,0,0,0,0,0,0,0,0,0,0,0,0,0,0,0,0,0,0,0,0,0,0,0,0,0,0,0
2029,1,22,5,0,0,0,0,0,0,0,0,0,0,0,0,0,0,0,0,0,0,0,0,0,0,0,0,0,0,0,0,0,0,0,0,0,0,0,0,0,0,0,0,0,0,0,0,0,0,0,0,0,0,0,0,0,0,128.7091,257.3635,0,128.7091,253.808,0,0,0,0,18.47826,18.47826,46.19566,69.30102,0,0,0,0,0,0,0,0,0,0,0,0,0,0,0,3.612968,3.612968,0,0,0,0,0,0,0,0,0,0,0,0,0,0,3.612968,3.612968,42.12937,0,0,0,0,0,0,0,0,0,0,0,0,3.225839,3.225839,1.727273,0,4.435484,0,0,0,0,0,0,0,0,0,0,0,0,0,0,0,276.1364,276.1364,119.7647,209.7761,202.707,81.29351,32.1427,0,45.6537,0,0,65.95067,0,0,0,0,0,0,0,0,0,0,0,0,0,0,0,0,0,0,0,0,0,0,0,0,0,0,0,0,75.70369,0,0,0,0,0,0,0,374.1562,374.7265,373.87,6.8176,12.5566,2.581,0,0,0,0,0,0,0,0,0,0,0,0,0,0,0,0,0,0,0,0,0,0,0,0,0,0,0,0,0,0,0,0,0,0,0,0,0,0,0,0,0,0,0,0,0,0,0,0,0,0,0,0,0,0,0,0,0,0,0,0,0,0,0,0,0,0,0,0,0,0,0,0,0,0,0,0,0,0,0,0,0,0,0,0,0,0,0,0,0,0,0,0,0,0,0,0,0,0,0,0,0,0,0,0,0,0,0,0,0,0,0,0,0,0,0,0,0,0,0,0,0,0,0,0,0,0,0,0,0,0,0,0,0,0,0,0,0,0,0,0,0,0,0,0,0,0,0,0,0,0,0,0,0,0,0,0,0,0,0,0,0,0,0,0,0,0,0,0,0,0,0,0,0,0,0,0,0,0,0,0
2029,1,22,6,0,0,0,0,0,0,0,0,0,0,0,0,0,0,0,0,0,0,0,0,0,0,0,0,0,0,0,0,0,0,0,0,0,0,0,0,0,0,0,0,0,0,0,0,0,0,0,0,0,0,0,0,0,0,128.7091,257.3635,0,128.7091,253.808,0,0,0,0,18.47826,18.47826,46.19566,69.30102,0,0,0,0,0,0,0,0,0,0,0,0,0,0,0,3.612968,3.612968,0,0,0,0,0,0,0,0,0,0,0,0,0,0,3.612968,3.612968,42.12937,0,0,0,0,0,0,0,0,0,0,0,0,3.225839,3.225839,1.727273,0,4.435484,0,0,0,0,0,0,0,0,0,0,0,0,0,0,0,276.1364,276.1364,98.6496,202.6494,198.3658,82.31901,56.65817,0,27.73585,0,0,43.46758,0,0,0,0,0,0,0,0,0,0,0,0,0,0,0,0,0,0,0,0,0,0,0,0,0,0,0,0,77.44508,0,0,0,0,0,0,0,374.1562,374.7265,373.87,6.8176,12.5566,2.581,0,0,0,0,0,0,0,0,0,0,0,0,0,0,0,0,0,0,0,0,0,0,0,0,0,0,0,0,0,0,0,0,0,0,0,0,0,0,0,0,0,0,0,0,0,0,0,0,0,0,0,0,0,0,0,0,0,0,0,0,0,0,0,0,0,0,0,0,0,0,0,0,0,0,0,0,0,0,0,0,0,0,0,0,0,0,0,0,0,0,0,0,0,0,0,0,0,0,0,0,0,0,0,0,0,0,0,0,0,0,0,0,0,0,0,0,0,0,0,0,0,0,0,0,0,0,0,0,0,0,0,0,0,0,0,0,0,0,0,0,0,0,0,0,0,0,0,0,0,0,0,0,0,0,0,0,0,0,0,0,0,0,0,0,0,0,0,0,0,0,0,0,0,0,0,0,0,0,0,0
2029,1,22,7,0,0,0,0,0,0,0,0,0,0,0,0,0,1.045268,0,0,0,0,0,0,0,0,0,0,0,0,0,0,0,0,0,0,0,0,0,0,0,0,0,0,0,20.14549,0,0,0,0,0,0,0,0,0,0,0,0,128.7091,257.3635,0,128.7091,253.808,0,0,0,0,18.47826,18.47826,46.19566,69.30102,0,0,0,0,0,0,0,0,0,0,0,0,0,0,0,3.612968,3.612968,0,0,0,0,0,0,0,0,0,0,0,0,0,0,3.612968,3.612968,42.12937,0,0,0,0,0,0,0,0,0,0,0,0,3.225839,3.225839,1.727273,0,4.435484,0,0,0,0,0,0,0,0,0,0,0,0,0,0,0,276.1364,276.1364,63.67106,212.8569,206.3527,83.15804,35.89019,0,24.74136,0,0,116.8774,0,0,0,0,0,0,0,0,0,0,0,0,0,0,0,0,0,0,0,0,0,0,0,0,0,0,0,0,78.42786,0,0,0,0,0,0,0,374.1562,374.7265,373.87,6.8176,12.5566,2.581,0,0,0,0,0,0,0,0,0,0,0,0,0,0,0,0,0,0,0,0,0,0,0,0,0,0,0,0,0,0,0,0,0,0,0,0,0,0,0,0,0,0,0,0,0,0,0,0,0,0,0,0,0,0,0,0,0,0,0,0,0,0,0,0,0,0,0,0,0,0,0,0,0,0,0,0,0,0,0,0,0,0,0,0,0,0,0,0,0,0,0,0,0,0,0,0,0,0,0,0,0,0,0,0,0,0,0,0,0,0,0,0,0,0,0,0,0,0,0,0,0,0,0,0,0,0,0,0,0,0,0,0,0,0,0,0,0,0,0,0,0,0,0,0,0,0,0,0,0,0,0,0,0,0,0,0,0,0,0,0,0,0,0,0,0,0,0,0,0,0,0,0,0,0,0,0,0,0,0,0
2029,1,22,8,0,0,0,0,0,0,0,0,0,0.198542,0,0.07543575,0,84.774,122.54,0,0,0,0,0,1.166249,0.02325674,0.062218,0,0,0,0.099661,0,0,0,0,0,0,0,0,0,0,0,0,0,0,0,0,0,0,0,0,0,0,0,0,0,0,0,128.7091,257.3635,0,128.7091,253.808,0,0,0,0,18.47826,18.47826,46.19566,69.30102,0,0,0,0,0,0,0,0,0,0,0,0,0,0,0,3.612968,3.612968,0,0,0,0,0,0,0,0,0,0,0,0,0,0,3.612968,3.612968,42.12937,0,0,0,0,0,0,0,0,0,0,0,0,3.225839,3.225839,1.727273,0,4.435484,0,0,0,0,0,0,0,0,0,0,0,0,0,0,0,276.1364,276.1364,26.78494,213.4257,206.9006,83.43772,29.9862,0,0,0,0,115.8884,30.8512,16.1082,0,0,0,0,0,0,0,0,0,0,0,0,0,0,0,0,0,0,0,0,0,0,0,0,0,0,77.65768,0,0,0,0,0,0,0,374.1562,374.7265,373.87,6.8176,12.5566,2.581,0,0,0,0,0,0,0,0,0,0,0,0,0,0,0,0,0,0,0,0,0,0,0,0,0,0,0,0,0,0,0,0,0,0,0,0,0,0,0,0,0,0,0,0,0,0,0,2.971293,0,0,0,0,0,0,0,0,0,0,0.034057,0,0,0,0,0,0,0,0,0,0,0,0,0,0,0,0,0,0,0,0,0,0,0,0,0,0,0,0,0,0,0,0,0,0,0,0,0,0,0,0,0,0,0,0,0,0,0,0,0,0,0,0,0,0,0,0,0,0,0,0,0,0,0,0,0,0,0,0,0,0,0,0,0,0,0,0,0,0,0,0,0,0,0,0,0,0,0,0,0,0,0,0,0,0,0,0,0,0,0,0,0,0,0,0,0,0,0,0,0,0,0,0,0,0,0,0,0,0,0,0,0
2029,1,22,9,53.17056,1.674555,101.1227,78.0075,0,70.30907,25.13335,1.968804,0,0,0,4.441093,0,158.9015,225.8575,0,0,0,53.2224,0,39.96038,0.5585691,3.662955,35.72125,71.82109,0,2.39361,10.245,0.4205841,0,0,0,0,0,0,0,1.530084,0,59.87309,60.24451,11.29585,0,97.72977,104.203,0.5352308,24.34768,0,0,0,0,0,0,0,0,128.7091,257.3635,0,128.7091,253.808,0,0,0,0,18.47826,18.47826,46.19566,69.30102,0,0,0,0,0,0,0,0,0,0,0,0,0,0,0,3.612968,3.612968,0,0,0,0,0,0,0,0,0,0,0,0,0,0,3.612968,3.612968,42.12937,0,0,0,0,0,0,0,0,0,0,0,0,3.225839,3.225839,1.727273,0,4.435484,0,0,0,0,0,0,0,0,0,0,0,0,0,0,0,276.1364,276.1364,8.411727,212.4801,206.3948,83.25127,28.45824,0,7.21623,0,0,98.32813,95.9124,89.4429,0,0,0,0,0,0,0,0,0,0,0,0,0,0,0,0,0,0,0,0,0,0,0,0,0,0,79.24097,0,0,0,0,0,0,0,374.1562,374.7265,373.87,6.8176,12.5566,2.581,0,0,0,0,0,0,0,0,0,0,0,0,0,0,0,0,0,0,0,0,0,0,0,0,0,0,0,0,0,0,0,0,0,0,0,0,0,0,0,0,0,0,0,0,0,0,0,174.9275,0,0,0,0,0,0,0,0,0,0,2.005019,0,0,0,0,0,0,0,0,0,0,0,0,0,0,0,0,0,0,0,0,0,0,0,0,0,0,0,0,0,0,0,0,0,0,0,0,0,0,0,0,0,0,0,0,0,0,0,0,0,0,0,0,0,0,0,0,0,0,0,0,0,0,0,0,0,0,0,0,0,0,0,0,0,0,0,0,0,0,0,0,0,0,0,0,0,0,0,0,0,0,0,0,0,0,0,0,0,0,0,0,0,0,0,0,0,0,0,0,0,0,0,0,0,0,0,0,0,0,0,0,0
2029,1,22,10,117.4833,11.1447,239.8367,193.1175,0,0,0,13.10302,0,28.87574,28.04844,10.97128,0,159.001,226.435,0,0,11.85615,94.1472,0,85.9807,1.931776,9.04897,138.1094,277.6826,0,8.278148,99,2.799121,0.8715082,0.6204598,0,0,0,0,33.88504,10.1832,0,120.6773,95.08731,17.82887,90.88705,180.5088,218.7528,0,0,0,0,0,0,0,0,0,0,128.7091,257.3635,0,128.7091,253.808,0,0,0,0,18.47826,18.47826,46.19566,69.30102,0,0,0,0,0,0,0,0,0,0,0,0,0,0,0,3.612968,3.612968,0,0,0,0,0,0,0,0,0,0,0,0,0,0,3.612968,3.612968,42.12937,0,0,0,0,0,0,0,0,0,0,0,0,3.225839,3.225839,1.727273,0,4.435484,0,0,0,0,0,0,0,0,0,0,0,0,0,0,0,276.1364,276.1364,3.507856,210.9847,205.3622,82.69191,36.73714,0,0,0,0,14.52585,79.616,66.2697,0,0,0,0,0,0,0,0,0,0,0,0,0,0,0,0,0,0,0,0,0,0,0,0,0,0,79.98528,0,0,0,0,0,0,0,374.1562,374.7265,373.87,6.8176,12.5566,2.581,0,0,0,0,0,0,0,0,0,0,0,0,0,0,0,0,0,0,0,0,0,0,0,0,0,0,0,0,0,0,0,0,0,0,0,0,0,0,0,0,0,0,0,0,0,0,0,432.1412,0,0,0,0,0,0,0,0,0,0,4.953203,0,0,0,0,0,0,0,0,0,0,0,0,0,0,0,0,0,0,0,0,0,0,0,0,0,0,0,0,0,0,0,0,0,0,0,0,0,0,0,0,0,0,0,0,0,0,0,0,0,0,0,0,0,0,0,0,0,0,0,0,0,0,0,0,0,0,0,0,0,0,0,0,0,0,0,0,0,0,0,0,0,0,0,0,0,0,0,0,0,0,0,0,0,0,0,0,0,0,0,0,0,0,0,0,0,0,0,0,0,0,0,0,0,0,0,0,0,0,0,0,0
2029,1,22,11,116.6388,11.767,243.2421,0,0,172.5114,53.03807,0,0,0,29.61463,11.5839,0,142.683,0,0,0,0,117.7512,0,87.936,2.83944,9.554252,114.9957,221.6093,0,0,124.365,2.95542,6.773973,4.822649,0,0,0,0,0,10.75182,0,122.3457,215.6504,40.43446,168.8664,177.9029,0,7.111707,0,0,0,0,0,0,0,0,0,128.7091,257.3635,0,128.7091,253.808,0,0,0,0,18.47826,18.47826,46.19566,69.30102,0,0,0,0,0,0,0,0,0,0,0,0,0,0,0,3.612968,3.612968,0,0,0,0,0,0,0,0,0,0,0,0,0,0,3.612968,3.612968,42.12937,0,0,0,0,0,0,0,0,0,0,0,0,3.225839,3.225839,1.727273,0,4.435484,0,0,0,0,0,0,0,0,0,0,0,0,0,0,0,276.1364,276.1364,8.997155,210.4571,205.0672,81.66642,53.22243,0,0,0,0,76.72546,207.9968,248.9706,0,0,0,0,0,0,0,0,0,0,0,0,0,0,0,0,0,0,0,0,0,0,0,0,0,0,80.44633,0,0,0,0,0,0,0,374.1562,374.7265,373.87,6.8176,12.5566,2.581,0,0,0,0,0,0,0,0,0,0,0,0,0,0,0,0,0,0,0,0,0,0,0,0,0,0,0,0,0,0,0,0,0,0,0,0,0,0,0,0,0,0,0,0,0,0,0,456.2714,0,0,0,0,0,0,0,0,0,0,5.229783,0,0,0,0,0,0,0,0,0,0,0,0,0,0,0,0,0,0,0,0,0,0,0,0,0,0,0,0,0,0,0,0,0,0,0,0,0,0,0,0,0,0,0,0,0,0,0,0,0,0,0,0,0,0,0,0,0,0,0,0,0,0,0,0,0,0,0,0,0,0,0,0,0,0,0,0,0,0,0,0,0,0,0,0,0,0,0,0,0,0,0,0,0,0,0,0,0,0,0,0,0,0,0,0,0,0,0,0,0,0,0,0,0,0,0,0,0,0,0,0,0
2029,1,22,12,110.6215,11.18565,186.7409,0,0,0,0,0,0,0,0,11.01159,0,141.29,0,0,0,0,140.8176,0,83.78581,3.421307,9.082218,110.4493,0,0,0,0,2.809406,8.346663,5.942306,0,0,0,0,0,10.22062,0,0,0,0,198.9479,0,216.2141,14.3833,0,0,0,0,0,0,0,0,0,128.7091,257.3635,0,128.7091,253.808,0,0,0,0,18.47826,18.47826,46.19566,69.30102,0,0,0,0,0,0,0,0,0,0,0,0,0,0,0,3.612968,3.612968,0,0,0,0,0,0,0,0,0,0,0,0,0,0,3.612968,3.612968,42.12937,0,0,0,0,0,0,0,0,0,0,0,0,3.225839,3.225839,1.727273,0,4.435484,0,0,0,0,0,0,0,0,0,0,0,0,0,0,0,276.1364,276.1364,20.91979,209.4605,187.26,78.68317,58.66882,0,0,0,0,139.0431,383.2764,498.3651,0,0,0,0,0,0,0,0,0,0,0,0,0,0,0,0,0,0,0,0,0,0,0,0,0,0,80.6394,0,0,0,0,0,0,0,374.1562,374.7265,373.87,6.8176,12.5566,2.581,0,0,0,0,0,0,0,0,0,0,0,0,0,0,0,0,0,0,0,0,0,0,0,0,0,0,0,0,0,0,0,0,0,0,0,0,0,0,0,0,0,0,0,0,0,0,0,433.729,0,0,0,0,0,0,0,0,0,0,4.971402,0,0,0,0,0,0,0,0,0,0,0,0,0,0,0,0,0,0,0,0,0,0,0,0,0,0,0,0,0,0,0,0,0,0,0,0,0,0,0,0,0,0,0,0,0,0,0,0,0,0,0,0,0,0,0,0,0,0,0,0,0,0,0,0,0,0,0,0,0,0,0,0,0,0,0,0,0,0,0,0,0,0,0,0,0,0,0,0,0,0,0,0,0,0,0,0,0,0,0,0,0,0,0,0,0,0,0,0,0,0,0,0,0,0,0,0,0,0,0,0,0
2029,1,22,13,105.6672,10.70508,199.4766,0,9.987608,166.8243,47.00827,0,0,27.73671,26.94204,10.53851,0,150.9415,0,0,0,11.38847,136.0464,0,78.9634,3.584226,8.692024,138.3387,278.1435,0,0,66.33,2.688707,7.426105,5.286926,0,0,0,0,32.54841,9.781513,0,0,286.2228,53.66678,176.8426,0,0,14.66144,53.52592,0,0,0,0,0,0,0,0,128.7091,257.3635,0,128.7091,253.808,0,0,0,0,18.47826,18.47826,46.19566,69.30102,0,0,0,0,0,0,0,0,0,0,0,0,0,0,0,3.612968,3.612968,0,0,0,0,0,0,0,0,0,0,0,0,0,0,3.612968,3.612968,42.12937,0,0,0,0,0,0,0,19.54527,19.54527,19.54527,19.90022,19.90022,3.225839,3.225839,1.727273,0,4.435484,0,0,0,0,0,0,0,0,0,0,0,0,0,0,0,276.1364,276.1364,14.67018,208.4408,186.5224,79.98834,58.90837,0,0,0,0,167.3569,389.994,507.8322,0,0,0,0,0,0,0,0,0,0,0,0,0,0,0,0,0,0,0,0,0,0,0,0,0,0,81.00599,0,0,0,0,0,0,0,374.1562,374.7265,373.87,6.8176,12.5566,2.581,0,0,0,0,0,0,0,0,0,0,0,0,0,0,0,0,0,0,0,0,0,0,0,0,0,0,0,0,0,0,0,0,0,0,0,0,0,0,0,0,0,0,0,0,0,0,0,415.095,0,0,0,0,0,0,0,0,0,0,4.757819,0,0,0,0,0,0,0,0,0,0,0,0,0,0,0,0,0,0,0,0,0,0,0,0,0,0,0,0,0,0,0,0,0,0,0,0,0,0,0,0,0,0,0,0,0,0,0,0,0,0,0,0,0,0,0,0,0,0,0,0,0,0,0,0,0,0,0,0,0,0,0,0,0,0,0,0,0,0,0,0,0,0,0,0,0,0,0,0,0,0,0,0,0,0,0,0,0,0,0,0,0,0,0,0,0,0,0,0,0,0,0,0,0,0,0,0,0,0,0,0,0
2029,1,22,14,105.4137,10.01233,163.7779,182.16,0,167.1738,48.17442,0,0,25.94179,25.19854,9.856532,0,158.1055,225.3625,0,0,10.65149,124.0176,0,82.09683,3.584226,8.129538,142.0445,285.5945,0,0,64.005,2.514713,7.359537,5.239534,0,0,0,0,30.44211,9.148523,0,115.96,310.0403,58.13255,186.414,162.5847,212.2484,18.11843,54.07454,0,0,0,0,0,0,0,0,128.7091,257.3635,0,128.7091,253.808,0,0,0,0,18.47826,18.47826,46.19566,69.30102,0,0,0,0,0,0,0,0,0,0,0,0,0,0,0,3.612968,3.612968,0,0,0,0,0,0,0,0,0,0,0,0,0,0,3.612968,3.612968,42.12937,19.54527,19.54527,19.54527,19.54527,19.54527,0,0,19.54527,19.54527,19.54527,19.90022,19.90022,3.225839,3.225839,1.727273,0,4.435484,0,0,0,0,0,0,0,0,0,0,0,0,0,0,0,276.1364,276.1364,25.72737,207.122,185.7006,82.97159,65.07332,0,0,0,0,178.6255,473.2176,626.3829,0,0,0,0,0,0,0,0,0,0,0,0,0,0,0,0,0,0,0,0,0,0,0,0,0,0,81.24148,0,0,0,0,0,0,0,374.1562,374.7265,373.87,6.8176,12.5566,2.581,0,0,0,0,0,0,0,0,0,0,0,0,0,0,0,0,0,0,0,0,0,0,0,0,0,0,0,0,0,0,0,0,0,0,0,0,0,0,0,0,0,0,0,0,0,0,0,388.233,0,0,0,0,0,0,0,0,0,0,4.449926,0,0,0,0,0,0,0,0,0,0,0,0,0,0,0,0,0,0,0,0,0,0,0,0,0,0,0,0,0,0,0,0,0,0,0,0,0,0,0,0,0,0,0,0,0,0,0,0,0,0,0,0,0,0,0,0,0,0,0,0,0,0,0,0,0,0,0,0,0,0,0,0,0,0,0,0,0,0,0,0,0,0,0,0,0,0,0,0,0,0,0,0,0,0,0,0,0,0,0,0,0,0,0,0,0,0,0,0,0,0,0,0,0,0,0,0,0,0,0,0,0
2029,1,22,15,110.5513,11.20318,0,0,0,0,0,0,0,0,0,11.02886,0,162.0855,0,0,0,0,141.6576,0,83.25318,3.304942,9.096456,148.8831,28.19192,0,0,0,2.81381,9.745431,6.938142,0,0,0,0,0,10.23664,0,121.712,305.1826,57.22174,198.4921,166.111,0,6.11832,0,0,0,0,0,0,0,0,0,128.7091,257.3635,0,128.7091,253.808,0,0,0,0,18.47826,18.47826,46.19566,69.30102,0,0,0,0,0,0,0,0,0,0,0,0,0,0,0,3.612968,3.612968,0,0,0,0,0,0,0,0,0,0,0,0,0,0,3.612968,3.612968,42.12937,19.54527,19.54527,19.54527,19.54527,19.54527,0,0,19.54527,19.54527,19.54527,19.90022,19.90022,3.225839,3.225839,1.727273,0,4.435484,0,0,0,0,0,0,0,0,0,0,0,0,0,0,0,276.1364,276.1364,23.89457,205.7103,184.7312,83.43772,58.02007,0,0,0,0,166.312,183.9876,214.9173,0,0,0,0,0,0,0,0,0,0,0,0,0,0,0,0,0,0,0,0,0,0,0,0,0,0,81.89675,0,0,0,0,0,0,0,374.1562,374.7265,373.87,6.8176,12.5566,2.581,0,0,0,0,0,0,0,0,0,0,0,0,0,0,0,0,0,0,0,0,0,0,0,0,0,0,0,0,0,0,0,0,0,0,0,0,0,0,0,0,0,0,0,0,0,0,0,434.409,0,0,0,0,0,0,0,0,0,0,4.979195,0,0,0,0,0,0,0,0,0,0,0,0,0,0,0,0,0,0,0,0,0,0,0,0,0,0,0,0,0,0,0,0,0,0,0,0,0,0,0,0,0,0,0,0,0,0,0,0,0,0,0,0,0,0,0,0,0,0,0,0,0,0,0,0,0,0,0,0,0,0,0,0,0,0,0,0,0,0,0,0,0,0,0,0,0,0,0,0,0,0,0,0,0,0,0,0,0,0,0,0,0,0,0,0,0,0,0,0,0,0,0,0,0,0,0,0,0,0,0,0,0
2029,1,22,16,113.6984,11.56602,164.2441,189.6975,12.95422,174.436,0,0,8.836995,29.96737,0,11.38605,197.5492,109.1515,0,0,0,0,113.1648,0,65.51193,2.653264,9.39106,152.5889,306.7951,0,0,67.305,2.90494,9.631879,6.857301,0,0,0,0,35.16604,10.56817,0,121.6416,325.7092,61.07048,163.1692,175.3793,0,9.47571,0,0,0,0,0,0,0,0,0,128.7091,257.3635,0,128.7091,253.808,0,0,0,0,18.47826,18.47826,46.19566,69.30102,0,0,0,0,0,0,0,0,0,0,0,0,0,0,0,3.612968,3.612968,0,0,0,0,0,0,0,0,0,0,0,0,0,0,3.612968,3.612968,42.12937,19.54527,19.54527,19.54527,19.54527,19.54527,0,0,19.54527,19.54527,19.54527,19.90022,19.90022,3.225839,3.225839,1.727273,0,4.435484,0,0,0,0,0,0,0,0,0,0,0,0,0,0,0,276.1364,276.1364,26.52472,204.5626,183.8882,83.43772,54.71914,0,6.23443,0,0,166.784,311.3732,396.0639,0,0,0,0,0,0,0,0,0,0,0,0,0,0,0,0,0,0,0,0,0,0,0,0,0,0,82.07752,0,0,0,0,0,0,0,374.1562,374.7265,373.87,6.8176,12.5566,2.581,0,0,0,0,0,0,0,0,0,0,0,0,0,0,0,0,0,0,0,0,0,0,0,0,0,0,0,0,0,0,0,0,0,0,0,0,0,0,0,0,0,0,0,0,0,0,0,448.478,0,0,0,0,0,0,0,0,0,0,5.140455,0,0,0,0,0,0,0,0,0,0,0,0,0,0,0,0,0,0,0,0,0,0,0,0,0,0,0,0,0,0,0,0,0,0,0,0,0,0,0,0,0,0,0,0,0,0,0,0,0,0,0,0,0,0,0,0,0,0,0,0,0,0,0,0,0,0,0,0,0,0,0,0,0,0,0,0,0,0,0,0,0,0,0,0,0,0,0,0,0,0,0,0,0,0,0,0,0,0,0,0,0,0,0,0,0,0,0,0,0,0,0,0,0,0,0,0,0,0,0,0,0
2029,1,22,17,84.59015,5.180911,118.9417,131.2875,0,119.451,30.84011,0,0,20.7736,20.17842,7.892888,294.0449,4.8755,6.71,0,0,0,63.9744,0,22.3013,1.58264,6.509951,109.265,219.688,0,6.782011,7.275,1.301246,4.3425,3.091591,0,0,0,0,24.37735,4.733932,0,78.82114,215.3136,40.37129,48.13035,145.4246,159.096,2.482268,50.53508,0,0,0,0,0,0,0,0,128.7091,257.3635,0,128.7091,253.808,0,0,0,0,18.47826,18.47826,46.19566,69.30102,0,0,0,0,0,0,0,0,0,0,0,0,0,0,0,3.612968,3.612968,0,48.0012,52.5,48.0012,52.5,0,0,0,0,0,0,0,0,0,3.612968,3.612968,42.12937,19.54527,19.54527,19.54527,19.54527,19.54527,0,0,19.54527,19.54527,19.54527,19.90022,19.90022,3.225839,3.225839,1.727273,0,4.435484,0,0,0,0,0,0,0,0,0,0,0,0,0,0,0,276.1364,276.1364,35.17529,203.1278,182.8345,83.15804,54.80875,0,0,0,0,223.5187,142.8112,156.2778,0,0,0,0,0,0,0,0,0,0,0,0,0,0,0,0,0,0,0,0,0,0,0,0,0,0,81.74524,0,0,0,0,0,0,0,374.1562,374.7265,373.87,6.8176,12.5566,2.581,0,0,0,0,0,0,0,0,0,0,0,0,0,0,0,0,0,0,0,0,0,0,0,0,0,0,0,0,0,0,0,0,0,0,0,0,0,0,0,0,0,0,0,0,0,0,0,310.8882,0,0,0,0,0,0,0,0,0,0,3.5634,0,0,0,0,0,0,0,0,0,0,0,0,0,0,0,0,0,0,0,0,0,0,0,0,0,0,0,0,0,0,0,0,0,0,0,0,0,0,0,0,0,0,0,0,0,0,0,0,0,0,0,0,0,0,0,0,0,0,0,0,0,0,0,0,0,0,0,0,0,0,0,0,0,0,0,0,0,0,0,0,0,0,0,0,0,0,0,0,0,0,0,0,0,0,0,0,0,0,0,0,0,0,0,0,0,0,0,0,0,0,0,0,0,0,0,0,0,0,0,0,0
2029,1,22,18,13.15025,0,29.62696,16.9425,0,6.216359,4.559008,0,0.870235,2.951076,2.866527,1.121256,294.0449,0,0,0,0,1.211688,10.3992,0,5.179811,0.1396626,0.924797,16.96282,34.10542,0,0.59849,4.56,0,0,0,0,0,0,0,3.463022,0,0,12.13196,6.657651,1.24831,0,34.27404,35.71437,0,11.11309,0,0,0,0,0,0,0,0,128.7091,257.3635,0,128.7091,253.808,0,0,0,0,18.47826,18.47826,46.19566,69.30102,0,0,0,0,0,0,0,0,0,0,0,0,0,0,0,3.612968,3.612968,0,48.0012,52.5,48.0012,52.5,0,0,0,0,0,0,0,0,0,3.612968,3.612968,42.12937,19.54527,19.54527,19.54527,19.54527,19.54527,0,0,19.54527,19.54527,19.54527,19.90022,19.90022,3.225839,3.225839,1.727273,0,4.435484,0,0,0,0,0,0,0,0,0,0,0,0,0,0,0,276.1364,276.1364,34.98653,201.0481,181.2751,81.85287,50.49853,0,11.83069,0,0,210.4636,52.87,28.1187,0,0,0,0,0,0,0,0,0,0,0,0,0,0,0,0,0,0,0,0,0,0,0,0,0,0,81.76669,0,0,0,0,0,0,0,374.1562,374.7265,373.87,6.8176,12.5566,2.581,0,0,0,0,0,0,0,0,0,0,0,0,0,0,0,0,0,0,0,0,0,0,0,0,0,0,0,0,0,0,0,0,0,0,0,0,0,0,0,0,0,0,0,0,0,0,0,44.16447,0,0,0,0,0,0,0,0,0,0,0.506213,0,0,0,0,0,0,0,0,0,0,0,0,0,0,0,0,0,0,0,0,0,0,0,0,0,0,0,0,0,0,0,0,0,0,0,0,0,0,0,0,0,0,0,0,0,0,0,0,0,0,0,0,0,0,0,0,0,0,0,0,0,0,0,0,0,0,0,0,0,0,0,0,0,0,0,0,0,0,0,0,0,0,0,0,0,0,0,0,0,0,0,0,0,0,0,0,0,0,0,0,0,0,0,0,0,0,0,0,0,0,0,0,0,0,0,0,0,0,0,0,0
2029,1,22,19,0,0,0,0,0,0,0,0,0,0,0,0,294.0449,0,0,0,0,0,0,0,0,0,0,0,0,0,0,0,0,0,0,0,0,0,0,0,0,0,0,0,0,0,0,0,0,0,0,0,0,0,0,0,0,0,128.7091,257.3635,0,128.7091,253.808,0,0,0,0,18.47826,18.47826,46.19566,69.30102,0,0,0,0,0,0,0,0,0,0,0,0,0,0,0,3.612968,3.612968,0,48.0012,52.5,48.0012,52.5,0,0,0,0,0,0,0,0,0,3.612968,3.612968,42.12937,19.54527,19.54527,19.54527,19.54527,19.54527,0,0,19.54527,19.54527,19.54527,19.90022,19.90022,3.225839,3.225839,1.727273,0,4.435484,0,0,0,0,0,0,0,0,0,0,0,0,0,0,0,276.1364,276.1364,26.65106,199.5663,180.1161,81.5732,33.01439,0,39.02655,0,0,191.7046,0,0,0,0,0,0,0,0,0,0,0,0,0,0,0,0,0,0,0,0,0,0,0,0,0,0,0,0,80.72861,0,0,0,0,0,0,0,374.1562,374.7265,373.87,6.8176,12.5566,2.581,0,0,0,0,0,0,0,0,0,0,0,0,0,0,0,0,0,0,0,0,0,0,0,0,0,0,0,0,0,0,0,0,0,0,0,0,0,0,0,0,0,0,0,0,0,0,0,0,0,0,0,0,0,0,0,0,0,0,0,0,0,0,0,0,0,0,0,0,0,0,0,0,0,0,0,0,0,0,0,0,0,0,0,0,0,0,0,0,0,0,0,0,0,0,0,0,0,0,0,0,0,0,0,0,0,0,0,0,0,0,0,0,0,0,0,0,0,0,0,0,0,0,0,0,0,0,0,0,0,0,0,0,0,0,0,0,0,0,0,0,0,0,0,0,0,0,0,0,0,0,0,0,0,0,0,0,0,0,0,0,0,0,0,0,0,0,0,0,0,0,0,0,0,0,0,0,0,0,0,0
2029,1,22,20,0,0,0,0,0,0,0,0,0,0,0,0,294.0449,0,0,0,0,0,0,0,0,0,0,0,0,0,0,0,0,0,0,0,0,0,0,0,0,0,0,0,0,0,0,0,0,0,0,0,0,0,0,0,0,0,128.7091,257.3635,0,128.7091,253.808,0,0,0,0,18.47826,18.47826,46.19566,69.30102,0,0,0,0,0,0,0,0,0,0,0,0,0,0,0,3.612968,3.612968,0,48.0012,52.5,48.0012,52.5,0,0,0,0,0,0,0,0,0,3.612968,3.612968,42.12937,19.54527,19.54527,19.54527,19.54527,19.54527,0,0,19.54527,19.54527,19.54527,19.90022,19.90022,3.225839,3.225839,1.727273,0,4.435484,0,0,0,0,0,0,0,0,0,0,0,0,0,0,0,276.1364,276.1364,11.82801,197.8148,178.5566,83.3445,10.75071,0,11.2907,0,0,151.3214,0,0,0,0,0,0,0,0,0,0,0,0,0,0,0,0,0,0,0,0,0,0,0,0,0,0,0,0,79.06688,0,0,0,0,0,0,0,374.1562,374.7265,373.87,6.8176,12.5566,2.581,0,0,0,0,0,0,0,0,0,0,0,0,0,0,0,0,0,0,0,0,0,0,0,0,0,0,0,0,0,0,0,0,0,0,0,0,0,0,0,0,0,0,0,0,0,0,0,0,0,0,0,0,0,0,0,0,0,0,0,0,0,0,0,0,0,0,0,0,0,0,0,0,0,0,0,0,0,0,0,0,0,0,0,0,0,0,0,0,0,0,0,0,0,0,0,0,0,0,0,0,0,0,0,0,0,0,0,0,0,0,0,0,0,0,0,0,0,0,0,0,0,0,0,0,0,0,0,0,0,0,0,0,0,0,0,0,0,0,0,0,0,0,0,0,0,0,0,0,0,0,0,0,0,0,0,0,0,0,0,0,0,0,0,0,0,0,0,0,0,0,0,0,0,0,0,0,0,0,0,0
2029,1,22,21,0,0,0,0,0,0,0,0,0,0,0,0,184.2681,0,0,0,0,0,0,0,0,0,0,0,0,0,0,0,0,0,0,0,0,0,0,0,0,0,0,0,0,0,0,0,0,0,0,0,0,0,0,0,0,0,128.7091,257.3635,0,128.7091,253.808,0,0,0,0,18.47826,18.47826,46.19566,69.30102,0,0,0,0,0,0,0,0,0,0,0,0,0,0,0,3.612968,3.612968,0,48.0012,52.5,48.0012,52.5,0,0,0,0,0,0,0,0,0,3.612968,3.612968,42.12937,19.54527,19.54527,19.54527,19.54527,19.54527,0,0,19.54527,19.54527,19.54527,19.90022,19.90022,3.225839,3.225839,1.727273,0,4.435484,0,0,0,0,0,0,0,0,0,0,0,0,0,0,0,276.1364,276.1364,16.33581,196.5851,177.6505,83.3445,1.368224,0,0,0,0,123.505,0,0,0,0,0,0,0,0,0,0,0,0,0,0,0,0,0,0,0,0,0,0,0,0,0,0,0,0,79.55038,0,0,0,0,0,0,0,374.1562,374.7265,373.87,6.8176,12.5566,2.581,0,0,0,0,0,0,0,0,0,0,0,0,0,0,0,0,0,0,0,0,0,0,0,0,0,0,0,0,0,0,0,0,0,0,0,0,0,0,0,0,0,0,0,0,0,0,0,0,0,0,0,0,0,0,0,0,0,0,0,0,0,0,0,0,0,0,0,0,0,0,0,0,0,0,0,0,0,0,0,0,0,0,0,0,0,0,0,0,0,0,0,0,0,0,0,0,0,0,0,0,0,0,0,0,0,0,0,0,0,0,0,0,0,0,0,0,0,0,0,0,0,0,0,0,0,0,0,0,0,0,0,0,0,0,0,0,0,0,0,0,0,0,0,0,0,0,0,0,0,0,0,0,0,0,0,0,0,0,0,0,0,0,0,0,0,0,0,0,0,0,0,0,0,0,0,0,0,0,0,0
2029,1,22,22,0,0,0,0,0,0,0,0,0,0,0,0,0,0,0,0,0,0,0,0,0,0,0,0,0,0,0,0,0,0,0,0,0,0,0,0,0,0,0,0,0,0,0,0,0,0,0,0,0,0,0,0,0,0,128.7091,257.3635,0,128.7091,253.808,0,0,0,0,18.47826,18.47826,46.19566,69.30102,0,0,0,0,0,0,0,0,0,0,0,0,0,0,0,3.612968,3.612968,0,48.0012,52.5,48.0012,52.5,0,0,0,0,0,0,0,0,0,3.612968,3.612968,42.12937,19.54527,19.54527,19.54527,19.54527,19.54527,0,0,19.54527,19.54527,19.54527,19.90022,19.90022,3.225839,3.225839,1.727273,0,4.435484,0,0,0,0,0,0,0,0,0,0,0,0,0,0,0,276.1364,276.1364,55.62235,196.7137,177.3976,83.3445,5.145233,0,0,0,0,68.01183,0,0,0,0,0,0,0,0,0,0,0,0,0,0,0,0,0,0,0,0,0,0,0,0,0,0,0,0,78.75024,0,0,0,0,0,0,0,374.1562,374.7265,373.87,6.8176,12.5566,2.581,0,0,0,0,0,0,0,0,0,0,0,0,0,0,0,0,0,0,0,0,0,0,0,0,0,0,0,0,0,0,0,0,0,0,0,0,0,0,0,0,0,0,0,0,0,0,0,0,0,0,0,0,0,0,0,0,0,0,0,0,0,0,0,0,0,0,0,0,0,0,0,0,0,0,0,0,0,0,0,0,0,0,0,0,0,0,0,0,0,0,0,0,0,0,0,0,0,0,0,0,0,0,0,0,0,0,0,0,0,0,0,0,0,0,0,0,0,0,0,0,0,0,0,0,0,0,0,0,0,0,0,0,0,0,0,0,0,0,0,0,0,0,0,0,0,0,0,0,0,0,0,0,0,0,0,0,0,0,0,0,0,0,0,0,0,0,0,0,0,0,0,0,0,0,0,0,0,0,0,0
2029,1,22,23,0,0,0,0,0,0,0,0,0,0,0,0,0,0,0,0,0,0,0,0,0,0,0,0,0,0,0,0,0,0,0,0,0,0,0,0,0,0,0,0,0,0,0,0,0,0,0,0,0,0,0,0,0,0,128.7091,257.3635,0,128.7091,253.808,0,0,0,0,18.47826,18.47826,46.19566,69.30102,0,0,0,0,0,0,0,0,0,0,0,0,0,0,0,3.612968,3.612968,0,48.0012,52.5,48.0012,52.5,0,0,0,0,0,0,0,0,0,3.612968,3.612968,42.12937,19.54527,19.54527,19.54527,19.54527,19.54527,0,0,19.54527,19.54527,19.54527,19.90022,19.90022,3.225839,3.225839,1.727273,0,4.435484,0,0,0,0,0,0,0,0,0,0,0,0,0,0,0,276.1364,276.1364,108.6344,149.9622,132.4686,83.3445,14.09875,0,0,0,0,61.09705,0,0,0,0,0,0,0,0,0,0,0,0,0,0,0,0,0,0,0,0,0,0,0,0,0,0,0,0,77.51146,0,0,0,0,0,0,0,374.1562,374.7265,373.87,6.8176,12.5566,2.581,0,0,0,0,0,0,0,0,0,0,0,0,0,0,0,0,0,0,0,0,0,0,0,0,0,0,0,0,0,0,0,0,0,0,0,0,0,0,0,0,0,0,0,0,0,0,0,0,0,0,0,0,0,0,0,0,0,0,0,0,0,0,0,0,0,0,0,0,0,0,0,0,0,0,0,0,0,0,0,0,0,0,0,0,0,0,0,0,0,0,0,0,0,0,0,0,0,0,0,0,0,0,0,0,0,0,0,0,0,0,0,0,0,0,0,0,0,0,0,0,0,0,0,0,0,0,0,0,0,0,0,0,0,0,0,0,0,0,0,0,0,0,0,0,0,0,0,0,0,0,0,0,0,0,0,0,0,0,0,0,0,0,0,0,0,0,0,0,0,0,0,0,0,0,0,0,0,0,0,0
2029,1,22,24,0,0,0,0,0,0,0,0,0,0,0,0,0,0,0,0,0,0,0,0,0,0,0,0,0,0,0,0,0,0,0,0,0,0,0,0,0,0,0,0,0,0,0,0,0,0,0,0,0,0,0,0,0,0,128.7091,257.3635,0,128.7091,253.808,0,0,0,0,18.47826,18.47826,46.19566,69.30102,0,0,0,0,0,0,0,0,0,0,0,0,0,0,0,3.612968,3.612968,0,0,0,0,0,0,0,0,0,0,0,0,0,0,3.612968,3.612968,42.12937,0,0,0,0,0,0,0,0,0,0,0,0,3.225839,3.225839,1.727273,0,4.435484,0,0,0,0,0,0,0,0,0,0,0,0,0,0,0,276.1364,276.1364,166.6593,79.54079,62.96792,82.97159,33.8091,0,0,0,0,44.01215,0,0,0,0,0,0,0,0,0,0,0,0,0,0,0,0,0,0,0,0,0,0,0,0,0,0,0,0,76.34123,0,0,0,0,0,0,0,374.1562,374.7265,373.87,6.8176,12.5566,2.581,0,0,0,0,0,0,0,0,0,0,0,0,0,0,0,0,0,0,0,0,0,0,0,0,0,0,0,0,0,0,0,0,0,0,0,0,0,0,0,0,0,0,0,0,0,0,0,0,0,0,0,0,0,0,0,0,0,0,0,0,0,0,0,0,0,0,0,0,0,0,0,0,0,0,0,0,0,0,0,0,0,0,0,0,0,0,0,0,0,0,0,0,0,0,0,0,0,0,0,0,0,0,0,0,0,0,0,0,0,0,0,0,0,0,0,0,0,0,0,0,0,0,0,0,0,0,0,0,0,0,0,0,0,0,0,0,0,0,0,0,0,0,0,0,0,0,0,0,0,0,0,0,0,0,0,0,0,0,0,0,0,0,0,0,0,0,0,0,0,0,0,0,0,0,0,0,0,0,0,0
2029,1,23,1,0,0,0,0,0,0,0,0,0,0,0,0,0,0,0,0,0,0,0,0,0,0,0,0,0,0,0,0,0,0,0,0,0,0,0,0,0,0,0,0,0,0,0,0,0,0,0,0,0,0,0,0,0,0,128.7091,257.3635,0,128.7091,253.808,0,0,0,0,18.47826,18.47826,46.19566,69.30102,0,0,0,0,0,0,0,0,0,0,0,0,0,0,0,3.612968,3.612968,0,0,0,0,0,0,0,0,0,0,0,0,0,0,3.612968,3.612968,42.12937,0,0,0,0,0,0,0,0,0,0,0,0,3.225839,3.225839,1.727273,0,4.435484,0,0,0,0,0,0,0,0,0,0,0,0,0,0,0,276.1364,276.1364,194.64,39.81809,31.39966,83.06482,24.06438,0,0,0,0,37.47934,0,0,0,0,0,0,0,0,0,0,0,0,0,0,0,0,0,0,0,0,0,0,0,0,0,0,0,0,75.39053,0,0,0,0,0,0,0,374.1562,374.7265,373.87,6.8176,12.5566,2.581,0,0,0,0,0,0,0,0,0,0,0,0,0,0,0,0,0,0,0,0,0,0,0,0,0,0,0,0,0,0,0,0,0,0,0,0,0,0,0,0,0,0,0,0,0,0,0,0,0,0,0,0,0,0,0,0,0,0,0,0,0,0,0,0,0,0,0,0,0,0,0,0,0,0,0,0,0,0,0,0,0,0,0,0,0,0,0,0,0,0,0,0,0,0,0,0,0,0,0,0,0,0,0,0,0,0,0,0,0,0,0,0,0,0,0,0,0,0,0,0,0,0,0,0,0,0,0,0,0,0,0,0,0,0,0,0,0,0,0,0,0,0,0,0,0,0,0,0,0,0,0,0,0,0,0,0,0,0,0,0,0,0,0,0,0,0,0,0,0,0,0,0,0,0,0,0,0,0,0,0
2029,1,23,2,0,0,0,0,0,0,0,0,0,0,0,0,0,0,0,0,0,0,0,0,0,0,0,0,0,0,0,0,0,0,0,0,0,0,0,0,0,0,0,0,0,0,0,0,0,0,0,0,0,0,0,0,0,0,128.7091,257.3635,0,128.7091,253.808,0,0,0,0,18.47826,18.47826,46.19566,69.30102,0,0,0,0,0,0,0,0,0,0,0,0,0,0,0,3.612968,3.612968,0,0,0,0,0,0,0,0,0,0,0,0,0,0,3.612968,3.612968,42.12937,0,0,0,0,0,0,0,0,0,0,0,0,3.225839,3.225839,1.727273,0,4.435484,0,0,0,0,0,0,0,0,0,0,0,0,0,0,0,276.1364,276.1364,183.7684,10.72338,7.986895,80.26802,52.49606,0,0,0,0,41.76614,0,0,0,0,0,0,0,0,0,0,0,0,0,0,0,0,0,0,0,0,0,0,0,0,0,0,0,0,74.74755,0,0,0,0,0,0,0,374.1562,374.7265,373.87,6.8176,12.5566,2.581,0,0,0,0,0,0,0,0,0,0,0,0,0,0,0,0,0,0,0,0,0,0,0,0,0,0,0,0,0,0,0,0,0,0,0,0,0,0,0,0,0,0,0,0,0,0,0,0,0,0,0,0,0,0,0,0,0,0,0,0,0,0,0,0,0,0,0,0,0,0,0,0,0,0,0,0,0,0,0,0,0,0,0,0,0,0,0,0,0,0,0,0,0,0,0,0,0,0,0,0,0,0,0,0,0,0,0,0,0,0,0,0,0,0,0,0,0,0,0,0,0,0,0,0,0,0,0,0,0,0,0,0,0,0,0,0,0,0,0,0,0,0,0,0,0,0,0,0,0,0,0,0,0,0,0,0,0,0,0,0,0,0,0,0,0,0,0,0,0,0,0,0,0,0,0,0,0,0,0,0
2029,1,23,3,0,0,0,0,0,0,0,0,0,0,0,0,0,0,0,0,0,0,0,0,0,0,0,0,0,0,0,0,0,0,0,0,0,0,0,0,0,0,0,0,0,0,0,0,0,0,0,0,0,0,0,0,0,0,128.7091,257.3635,0,128.7091,253.808,0,0,0,0,18.47826,18.47826,46.19566,69.30102,0,0,0,0,0,0,0,0,0,0,0,0,0,0,0,3.612968,3.612968,0,0,0,0,0,0,0,0,0,0,0,0,0,0,3.612968,3.612968,42.12937,0,0,0,0,0,0,0,0,0,0,0,0,3.225839,3.225839,1.727273,0,4.435484,0,0,0,0,0,0,0,0,0,0,0,0,0,0,0,276.1364,276.1364,162.3451,16.31565,12.39128,78.40349,53.52216,0,6.62715,0,0,62.51759,0,0,0,0,0,0,0,0,0,0,0,0,0,0,0,0,0,0,0,0,0,0,0,0,0,0,0,0,74.65577,0,0,0,0,0,0,0,374.1562,374.7265,373.87,6.8176,12.5566,2.581,0,0,0,0,0,0,0,0,0,0,0,0,0,0,0,0,0,0,0,0,0,0,0,0,0,0,0,0,0,0,0,0,0,0,0,0,0,0,0,0,0,0,0,0,0,0,0,0,0,0,0,0,0,0,0,0,0,0,0,0,0,0,0,0,0,0,0,0,0,0,0,0,0,0,0,0,0,0,0,0,0,0,0,0,0,0,0,0,0,0,0,0,0,0,0,0,0,0,0,0,0,0,0,0,0,0,0,0,0,0,0,0,0,0,0,0,0,0,0,0,0,0,0,0,0,0,0,0,0,0,0,0,0,0,0,0,0,0,0,0,0,0,0,0,0,0,0,0,0,0,0,0,0,0,0,0,0,0,0,0,0,0,0,0,0,0,0,0,0,0,0,0,0,0,0,0,0,0,0,0
2029,1,23,4,0,0,0,0,0,0,0,0,0,0,0,0,0,0,0,0,0,0,0,0,0,0,0,0,0,0,0,0,0,0,0,0,0,0,0,0,0,0,0,0,0,0,0,0,0,0,0,0,0,0,0,0,0,0,128.7091,257.3635,0,128.7091,253.808,0,0,0,0,18.47826,18.47826,46.19566,69.30102,0,0,0,0,0,0,0,0,0,0,0,0,0,0,0,3.612968,3.612968,0,0,0,0,0,0,0,0,0,0,0,0,0,0,3.612968,3.612968,42.12937,0,0,0,0,0,0,0,0,0,0,0,0,3.225839,3.225839,1.727273,0,4.435484,0,0,0,0,0,0,0,0,0,0,0,0,0,0,0,276.1364,276.1364,119.0305,8.236234,6.069197,64.88565,59.58801,0,0,0,0,73.01071,0,0,0,0,0,0,0,0,0,0,0,0,0,0,0,0,0,0,0,0,0,0,0,0,0,0,0,0,75.18381,0,0,0,0,0,0,0,374.1562,374.7265,373.87,6.8176,12.5566,2.581,0,0,0,0,0,0,0,0,0,0,0,0,0,0,0,0,0,0,0,0,0,0,0,0,0,0,0,0,0,0,0,0,0,0,0,0,0,0,0,0,0,0,0,0,0,0,0,0,0,0,0,0,0,0,0,0,0,0,0,0,0,0,0,0,0,0,0,0,0,0,0,0,0,0,0,0,0,0,0,0,0,0,0,0,0,0,0,0,0,0,0,0,0,0,0,0,0,0,0,0,0,0,0,0,0,0,0,0,0,0,0,0,0,0,0,0,0,0,0,0,0,0,0,0,0,0,0,0,0,0,0,0,0,0,0,0,0,0,0,0,0,0,0,0,0,0,0,0,0,0,0,0,0,0,0,0,0,0,0,0,0,0,0,0,0,0,0,0,0,0,0,0,0,0,0,0,0,0,0,0
2029,1,23,5,0,0,0,0,0,0,0,0,0,0,0,0,0,0,0,0,0,0,0,0,0,0,0,0,0,0,0,0,0,0,0,0,0,0,0,0,0,0,0,0,0,0,0,0,0,0,0,0,0,0,0,0,0,0,128.7091,257.3635,0,128.7091,253.808,0,0,0,0,18.47826,18.47826,46.19566,69.30102,0,0,0,0,0,0,0,0,0,0,0,0,0,0,0,3.612968,3.612968,0,0,0,0,0,0,0,0,0,0,0,0,0,0,3.612968,3.612968,42.12937,0,0,0,0,0,0,0,0,0,0,0,0,3.225839,3.225839,1.727273,0,4.435484,0,0,0,0,0,0,0,0,0,0,0,0,0,0,0,276.1364,276.1364,194.64,23.82798,18.039,66.19082,58.88162,0,0,0,0,65.95067,0,0,0,0,0,0,0,0,0,0,0,0,0,0,0,0,0,0,0,0,0,0,0,0,0,0,0,0,75.81705,0,0,0,0,0,0,0,374.1562,374.7265,373.87,6.8176,12.5566,2.581,0,0,0,0,0,0,0,0,0,0,0,0,0,0,0,0,0,0,0,0,0,0,0,0,0,0,0,0,0,0,0,0,0,0,0,0,0,0,0,0,0,0,0,0,0,0,0,0,0,0,0,0,0,0,0,0,0,0,0,0,0,0,0,0,0,0,0,0,0,0,0,0,0,0,0,0,0,0,0,0,0,0,0,0,0,0,0,0,0,0,0,0,0,0,0,0,0,0,0,0,0,0,0,0,0,0,0,0,0,0,0,0,0,0,0,0,0,0,0,0,0,0,0,0,0,0,0,0,0,0,0,0,0,0,0,0,0,0,0,0,0,0,0,0,0,0,0,0,0,0,0,0,0,0,0,0,0,0,0,0,0,0,0,0,0,0,0,0,0,0,0,0,0,0,0,0,0,0,0,0
2029,1,23,6,0,0,0,0,0,0,0,0,0,0,0,0,0,0,0,0,0,0,0,0,0,0,0,0,0,0,0,0,0,0,0,0,0,0,0,0,0,0,0,0,0,0,0,0,0,0,0,0,0,0,0,0,0,0,128.7091,257.3635,0,128.7091,253.808,0,0,0,0,18.47826,18.47826,46.19566,69.30102,0,0,0,0,0,0,0,0,0,0,0,0,0,0,0,3.612968,3.612968,0,0,0,0,0,0,0,0,0,0,0,0,0,0,3.612968,3.612968,42.12937,0,0,0,0,0,0,0,0,0,0,0,0,3.225839,3.225839,1.727273,0,4.435484,0,0,0,0,0,0,0,0,0,0,0,0,0,0,0,276.1364,276.1364,194.64,15.28725,11.19008,67.68244,44.05342,0,0,0,0,43.46758,0,0,0,0,0,0,0,0,0,0,0,0,0,0,0,0,0,0,0,0,0,0,0,0,0,0,0,0,77.56233,0,0,0,0,0,0,0,374.1562,374.7265,373.87,6.8176,12.5566,2.581,0,0,0,0,0,0,0,0,0,0,0,0,0,0,0,0,0,0,0,0,0,0,0,0,0,0,0,0,0,0,0,0,0,0,0,0,0,0,0,0,0,0,0,0,0,0,0,0,0,0,0,0,0,0,0,0,0,0,0,0,0,0,0,0,0,0,0,0,0,0,0,0,0,0,0,0,0,0,0,0,0,0,0,0,0,0,0,0,0,0,0,0,0,0,0,0,0,0,0,0,0,0,0,0,0,0,0,0,0,0,0,0,0,0,0,0,0,0,0,0,0,0,0,0,0,0,0,0,0,0,0,0,0,0,0,0,0,0,0,0,0,0,0,0,0,0,0,0,0,0,0,0,0,0,0,0,0,0,0,0,0,0,0,0,0,0,0,0,0,0,0,0,0,0,0,0,0,0,0,0
2029,1,23,7,0,0,0,0,0,0,0,0,0,0,0,0,0,2.587,3.74,0,0,0,0,0,0,0,0,0,0,0,0,0,0,0,0,0,0,0,0,0,0,0,0,0,0,22.64415,0,0,0,0,0,0,0,0,0,0,0,0,128.7091,257.3635,0,128.7091,253.808,0,0,0,0,18.47826,18.47826,46.19566,69.30102,0,0,0,0,0,0,0,0,0,0,0,0,0,0,0,3.612968,3.612968,0,0,0,0,0,0,0,0,0,0,0,0,0,0,3.612968,3.612968,42.12937,0,0,0,0,0,0,0,0,0,0,0,0,3.225839,3.225839,1.727273,0,4.435484,0,0,0,0,0,0,0,0,0,0,0,0,0,0,0,276.1364,276.1364,194.64,2.079033,0,68.70793,66.70284,0,0,0,0,116.8774,0,0,0,0,0,0,0,0,0,0,0,0,0,0,0,0,0,0,0,0,0,0,0,0,0,0,0,0,78.54259,0,0,0,0,0,0,0,374.1562,374.7265,373.87,6.8176,12.5566,2.581,0,0,0,0,0,0,0,0,0,0,0,0,0,0,0,0,0,0,0,0,0,0,0,0,0,0,0,0,0,0,0,0,0,0,0,0,0,0,0,0,0,0,0,0,0,0,0,0,0,0,0,0,0,0,0,0,0,0,0,0,0,0,0,0,0,0,0,0,0,0,0,0,0,0,0,0,0,0,0,0,0,0,0,0,0,0,0,0,0,0,0,0,0,0,0,0,0,0,0,0,0,0,0,0,0,0,0,0,0,0,0,0,0,0,0,0,0,0,0,0,0,0,0,0,0,0,0,0,0,0,0,0,0,0,0,0,0,0,0,0,0,0,0,0,0,0,0,0,0,0,0,0,0,0,0,0,0,0,0,0,0,0,0,0,0,0,0,0,0,0,0,0,0,0,0,0,0,0,0,0
2029,1,23,8,0,0,0,0,0,0.74052,0,0,0,0,0,0,0,97.4105,141.13,0,0,0,0,0,0,0.02325674,0,0,0,0,0.099661,0,0,0,0,0,0,0,0,0,0,0,0,4.06947,0.763026,0,0,0,0,0,0,0,0,0,0,0,0,0,128.7091,257.3635,0,128.7091,253.808,0,0,0,0,18.47826,18.47826,46.19566,69.30102,0,0,0,0,0,0,0,0,0,0,0,0,0,0,0,3.612968,3.612968,0,0,0,0,0,0,0,0,0,0,0,0,0,0,3.612968,3.612968,42.12937,0,0,0,0,0,0,0,0,0,0,0,0,3.225839,3.225839,1.727273,0,4.435484,0,0,0,0,0,0,0,0,0,0,0,0,0,0,0,276.1364,276.1364,194.64,7.102642,4.446529,70.10633,77.44398,0,0,0,0,115.8884,32.344,16.8147,0,0,0,0,0,0,0,0,0,0,0,0,0,0,0,0,0,0,0,0,0,0,0,0,0,0,77.75113,0,0,0,0,0,0,0,374.1562,374.7265,373.87,6.8176,12.5566,2.581,0,0,0,0,0,0,0,0,0,0,0,0,0,0,0,0,0,0,0,0,0,0,0,0,0,0,0,0,0,0,0,0,0,0,0,0,0,0,0,0,0,0,0,0,0,0,0,0,0,0,0,0,0,0,0,0,0,0,0,0,0,0,0,0,0,0,0,0,0,0,0,0,0,0,0,0,0,0,0,0,0,0,0,0,0,0,0,0,0,0,0,0,0,0,0,0,0,0,0,0,0,0,0,0,0,0,0,0,0,0,0,0,0,0,0,0,0,0,0,0,0,0,0,0,0,0,0,0,0,0,0,0,0,0,0,0,0,0,0,0,0,0,0,0,0,0,0,0,0,0,0,0,0,0,0,0,0,0,0,0,0,0,0,0,0,0,0,0,0,0,0,0,0,0,0,0,0,0,0,0
2029,1,23,9,1.042151,1.249951,9.614462,10.5525,3.544094,65.24074,5.750667,1.469589,3.122425,10.58854,10.28517,4.023096,0,164.2745,233.915,0,1.299779,4.34757,50.6184,0,30.26704,0.3490955,3.318196,66.55231,133.81,0,1.495963,30.84,0.3139397,2.635147,1.876061,0,0,0,0,12.42542,1.142112,0,11.47258,199.0332,37.31873,0,15.07211,105.3901,2.005443,27.47142,0,0,0,0,0,0,0,0,128.7091,257.3635,0,128.7091,253.808,0,0,0,0,18.47826,18.47826,46.19566,69.30102,0,0,0,0,0,0,0,0,0,0,0,0,0,0,0,3.612968,3.612968,0,0,0,0,0,0,0,0,0,0,0,0,0,0,3.612968,3.612968,42.12937,0,0,0,0,0,0,0,0,0,0,0,0,3.225839,3.225839,1.727273,0,4.435484,0,0,0,0,0,0,0,0,0,0,0,0,0,0,0,276.1364,276.1364,194.64,15.00407,9.841372,55.563,75.18036,0,0,0,0,98.32813,131.7396,139.4631,0,0,0,0,0,0,0,0,0,0,0,0,0,0,0,0,0,0,0,0,0,0,0,0,0,0,79.38889,0,0,0,0,0,0,0,374.1562,374.7265,373.87,6.8176,12.5566,2.581,0,0,0,0,0,0,0,0,0,0,0,0,0,0,0,0,0,0,0,0,0,0,0,0,0,0,0,0,0,0,0,0,0,0,0,0,0,0,0,0,0,0,0,0,0,0,0,158.4633,0,0,0,0,0,0,0,0,0,0,1.816306,0,0,0,0,0,0,0,0,0,0,0,0,0,0,0,0,0,0,0,0,0,0,0,0,0,0,0,0,0,0,0,0,0,0,0,0,0,0,0,0,0,0,0,0,0,0,0,0,0,0,0,0,0,0,0,0,0,0,0,0,0,0,0,0,0,0,0,0,0,0,0,0,0,0,0,0,0,0,0,0,0,0,0,0,0,0,0,0,0,0,0,0,0,0,0,0,0,0,0,0,0,0,0,0,0,0,0,0,0,0,0,0,0,0,0,0,0,0,0,0,0
2029,1,23,10,34.53258,9.897967,167.1525,47.97,14.39096,161.652,33.51947,11.63721,7.562525,25.64548,24.91073,9.743952,0,161.588,230.175,0,10.29255,10.52983,120.6912,0,71.74117,1.210247,8.036683,148.1954,297.9615,0,5.186213,117.12,2.48599,10.70014,7.617835,0,0,0,0,30.0944,9.044029,0,51.09977,339.666,63.68738,0,136.1129,219.3024,7.171053,56.97866,0,0,0,0,0,0,0,0,128.7091,257.3635,0,128.7091,253.808,0,0,0,0,18.47826,18.47826,46.19566,69.30102,0,0,0,0,0,0,0,0,0,0,0,0,0,0,0,3.612968,3.612968,0,0,0,0,0,0,0,0,0,0,0,0,0,0,3.612968,3.612968,42.12937,0,0,0,0,0,0,0,0,0,0,0,0,3.225839,3.225839,1.727273,0,4.435484,0,0,0,0,0,0,0,0,0,0,0,0,0,0,0,276.1364,276.1364,194.64,0,0,27.22214,74.74491,0,0,0,0,14.52585,256.264,316.6533,0,0,0,0,0,0,0,0,0,0,0,0,0,0,0,0,0,0,0,0,0,0,0,0,0,0,80.15512,0,0,0,0,0,0,0,374.1562,374.7265,373.87,6.8176,12.5566,2.581,0,0,0,0,0,0,0,0,0,0,0,0,0,0,0,0,0,0,0,0,0,0,0,0,0,0,0,0,0,0,0,0,0,0,0,0,0,0,0,0,0,0,0,0,0,0,0,383.7986,0,0,0,0,0,0,0,0,0,0,4.3991,0,0,0,0,0,0,0,0,0,0,0,0,0,0,0,0,0,0,0,0,0,0,0,0,0,0,0,0,0,0,0,0,0,0,0,0,0,0,0,0,0,0,0,0,0,0,0,0,0,0,0,0,0,0,0,0,0,0,0,0,0,0,0,0,0,0,0,0,0,0,0,0,0,0,0,0,0,0,0,0,0,0,0,0,0,0,0,0,0,0,0,0,0,0,0,0,0,0,0,0,0,0,0,0,0,0,0,0,0,0,0,0,0,0,0,0,0,0,0,0,0
2029,1,23,11,88.26977,10.10143,134.5467,116.8425,0,175.6588,48.50947,0,0,0,25.4228,9.944251,0,152.9315,218.68,0,0,0,116.1888,0,77.20314,1.58264,8.201887,154.3082,310.2517,0,0,67.38,2.537093,10.77399,7.670416,0,0,0,0,0,9.229941,0,0,335.1938,62.84883,0,154.2895,0,13.1515,0,0,0,0,0,0,0,0,0,128.7091,257.3635,0,128.7091,253.808,0,0,0,0,18.47826,18.47826,46.19566,69.30102,0,0,0,0,0,0,0,0,0,0,0,0,0,0,0,3.612968,3.612968,0,0,0,0,0,0,0,0,0,0,0,0,0,0,3.612968,3.612968,42.12937,0,0,0,0,0,0,0,0,0,0,0,0,3.225839,3.225839,1.727273,0,4.435484,0,0,0,0,0,0,0,0,0,0,0,0,0,0,0,276.1364,276.1364,194.64,0,0,19.20466,78.73877,0,0,0,0,76.72546,353.918,455.5512,0,0,0,0,0,0,0,0,0,0,0,0,0,0,0,0,0,0,0,0,0,0,0,0,0,0,80.6403,0,0,0,0,0,0,0,374.1562,374.7265,373.87,6.8176,12.5566,2.581,0,0,0,0,0,0,0,0,0,0,0,0,0,0,0,0,0,0,0,0,0,0,0,0,0,0,0,0,0,0,0,0,0,0,0,0,0,0,0,0,0,0,0,0,0,0,0,391.6881,0,0,0,0,0,0,0,0,0,0,4.489529,0,0,0,0,0,0,0,0,0,0,0,0,0,0,0,0,0,0,0,0,0,0,0,0,0,0,0,0,0,0,0,0,0,0,0,0,0,0,0,0,0,0,0,0,0,0,0,0,0,0,0,0,0,0,0,0,0,0,0,0,0,0,0,0,0,0,0,0,0,0,0,0,0,0,0,0,0,0,0,0,0,0,0,0,0,0,0,0,0,0,0,0,0,0,0,0,0,0,0,0,0,0,0,0,0,0,0,0,0,0,0,0,0,0,0,0,0,0,0,0,0
2029,1,23,12,87.7402,9.366096,202.3378,188.8875,13.49774,173.9114,47.14729,11.01188,7.156149,24.26741,23.57214,9.220356,0,146.862,210.4575,0,9.739472,9.964005,129.696,0,79.5891,2.83944,7.604829,146.5144,294.5817,0,12.16772,56.865,2.352404,10.036,7.145007,0,0,0,0,28.47726,8.558044,0,51.68504,317.0237,59.44195,25.61938,167.5578,215.9035,10.44949,56.79966,0,0,0,0,0,0,0,0,128.7091,257.3635,0,128.7091,253.808,0,0,0,0,18.47826,18.47826,46.19566,69.30102,0,0,0,0,0,0,0,0,0,0,0,0,0,0,0,3.612968,3.612968,0,0,0,0,0,0,0,0,0,0,0,0,0,0,3.612968,3.612968,42.12937,0,0,0,0,0,0,0,0,0,0,0,0,3.225839,3.225839,1.727273,0,4.435484,0,0,0,0,0,0,0,0,0,0,0,0,0,0,0,276.1364,276.1364,194.64,0,0,26.84923,86.1366,0,16.34697,0,0,139.0431,288.8568,362.9997,0,0,0,0,0,0,0,0,0,0,0,0,0,0,0,0,0,0,0,0,0,0,0,0,0,0,80.82691,0,0,0,0,0,0,0,374.1562,374.7265,373.87,6.8176,12.5566,2.581,0,0,0,0,0,0,0,0,0,0,0,0,0,0,0,0,0,0,0,0,0,0,0,0,0,0,0,0,0,0,0,0,0,0,0,0,0,0,0,0,0,0,0,0,0,0,0,363.175,0,0,0,0,0,0,0,0,0,0,4.162712,0,0,0,0,0,0,0,0,0,0,0,0,0,0,0,0,0,0,0,0,0,0,0,0,0,0,0,0,0,0,0,0,0,0,0,0,0,0,0,0,0,0,0,0,0,0,0,0,0,0,0,0,0,0,0,0,0,0,0,0,0,0,0,0,0,0,0,0,0,0,0,0,0,0,0,0,0,0,0,0,0,0,0,0,0,0,0,0,0,0,0,0,0,0,0,0,0,0,0,0,0,0,0,0,0,0,0,0,0,0,0,0,0,0,0,0,0,0,0,0,0
2029,1,23,13,64.71751,8.311594,227.3547,149.5125,13.00146,167.134,47.59034,9.772087,6.350459,21.53521,20.91822,8.182262,0,148.852,213.9775,0,8.642933,8.842186,117.9528,0,74.68056,2.397236,6.748623,139.5994,280.6783,0,10.27277,67.815,2.087554,9.666996,6.882302,0,0,0,0,25.27109,7.594519,0,48.3131,305.6402,57.30754,36.73586,160.595,208.2712,11.95943,54.91148,0,0,0,0,0,0,0,0,128.7091,257.3635,0,128.7091,253.808,0,0,0,0,18.47826,18.47826,46.19566,69.30102,0,0,0,0,0,0,0,0,0,0,0,0,0,0,0,3.612968,3.612968,0,0,0,0,0,0,0,0,0,0,0,0,0,0,3.612968,3.612968,42.12937,0,0,0,0,0,0,0,19.54527,19.54527,19.54527,19.90022,19.90022,3.225839,3.225839,1.727273,0,4.435484,0,0,0,0,0,0,0,0,0,0,0,0,0,0,0,276.1364,276.1364,187.8307,0,0,35.8922,92.27892,0,16.10152,0,0,167.3569,325.1816,414.7155,0,0,0,0,0,0,0,0,0,0,0,0,0,0,0,0,0,0,0,0,0,0,0,0,0,0,81.20306,0,0,0,0,0,0,0,374.1562,374.7265,373.87,6.8176,12.5566,2.581,0,0,0,0,0,0,0,0,0,0,0,0,0,0,0,0,0,0,0,0,0,0,0,0,0,0,0,0,0,0,0,0,0,0,0,0,0,0,0,0,0,0,0,0,0,0,0,322.2862,0,0,0,0,0,0,0,0,0,0,3.694044,0,0,0,0,0,0,0,0,0,0,0,0,0,0,0,0,0,0,0,0,0,0,0,0,0,0,0,0,0,0,0,0,0,0,0,0,0,0,0,0,0,0,0,0,0,0,0,0,0,0,0,0,0,0,0,0,0,0,0,0,0,0,0,0,0,0,0,0,0,0,0,0,0,0,0,0,0,0,0,0,0,0,0,0,0,0,0,0,0,0,0,0,0,0,0,0,0,0,0,0,0,0,0,0,0,0,0,0,0,0,0,0,0,0,0,0,0,0,0,0,0
2029,1,23,14,87.88064,8.827499,194.2846,0,0,0,0,10.37865,0,0,22.21663,8.690141,0,157.608,0,0,0,0,114.0216,0,64.94168,2.536899,7.167514,0,284.0582,0,0,41.325,2.21713,9.814709,6.987464,0,0,0,0,0,8.065915,0,76.46581,311.6623,58.43667,0,23.74523,124.3021,8.065357,0,0,0,0,0,0,0,0,0,128.7091,257.3635,0,128.7091,253.808,0,0,0,0,18.47826,18.47826,46.19566,69.30102,0,0,0,0,0,0,0,0,0,0,0,0,0,0,0,3.612968,3.612968,0,0,0,0,0,0,0,0,0,0,0,0,0,0,3.612968,3.612968,42.12937,19.54527,19.54527,19.54527,19.54527,19.54527,0,0,19.54527,19.54527,19.54527,19.90022,19.90022,3.225839,3.225839,1.727273,0,4.435484,0,0,0,0,0,0,0,0,0,0,0,0,0,0,0,276.1364,276.1364,160.6385,0,0,49.03472,88.94592,0,0,0,0,178.6255,231.384,281.187,0,0,0,0,0,0,0,0,0,0,0,0,0,0,0,0,0,0,0,0,0,0,0,0,0,0,81.44305,0,0,0,0,0,0,0,374.1562,374.7265,373.87,6.8176,12.5566,2.581,0,0,0,0,0,0,0,0,0,0,0,0,0,0,0,0,0,0,0,0,0,0,0,0,0,0,0,0,0,0,0,0,0,0,0,0,0,0,0,0,0,0,0,0,0,0,0,342.2907,0,0,0,0,0,0,0,0,0,0,3.923336,0,0,0,0,0,0,0,0,0,0,0,0,0,0,0,0,0,0,0,0,0,0,0,0,0,0,0,0,0,0,0,0,0,0,0,0,0,0,0,0,0,0,0,0,0,0,0,0,0,0,0,0,0,0,0,0,0,0,0,0,0,0,0,0,0,0,0,0,0,0,0,0,0,0,0,0,0,0,0,0,0,0,0,0,0,0,0,0,0,0,0,0,0,0,0,0,0,0,0,0,0,0,0,0,0,0,0,0,0,0,0,0,0,0,0,0,0,0,0,0,0
2029,1,23,15,106.9302,6.068895,175.7983,170.7975,14.19249,171.8119,48.7555,7.135307,4.636929,15.72441,15.2739,5.974461,0,161.389,229.4875,0,6.31083,6.456319,106.2432,0,66.18515,1.349909,4.927657,147.5842,296.7325,0,5.784703,50.46,1.524274,10.55257,7.512773,0,0,0,0,18.45225,5.545307,0,110.4018,325.3571,61.00445,10.16845,173.2724,51.19873,5.085198,56.86894,0,0,0,0,0,0,0,0,128.7091,257.3635,0,128.7091,253.808,0,0,0,0,18.47826,18.47826,46.19566,69.30102,0,0,0,0,0,0,0,0,0,0,0,0,0,0,0,3.612968,3.612968,0,0,0,0,0,0,0,0,0,0,0,0,0,0,3.612968,3.612968,42.12937,19.54527,19.54527,19.54527,19.54527,19.54527,0,0,19.54527,19.54527,19.54527,19.90022,19.90022,3.225839,3.225839,1.727273,0,4.435484,0,0,0,0,0,0,0,0,0,0,0,0,0,0,0,276.1364,276.1364,114.4171,0,0,44.37582,80.58547,0,0,0,0,166.312,159.4808,179.0271,0,0,0,0,0,0,0,0,0,0,0,0,0,0,0,0,0,0,0,0,0,0,0,0,0,0,82.08302,0,0,0,0,0,0,0,374.1562,374.7265,373.87,6.8176,12.5566,2.581,0,0,0,0,0,0,0,0,0,0,0,0,0,0,0,0,0,0,0,0,0,0,0,0,0,0,0,0,0,0,0,0,0,0,0,0,0,0,0,0,0,0,0,0,0,0,0,235.3244,0,0,0,0,0,0,0,0,0,0,2.697289,0,0,0,0,0,0,0,0,0,0,0,0,0,0,0,0,0,0,0,0,0,0,0,0,0,0,0,0,0,0,0,0,0,0,0,0,0,0,0,0,0,0,0,0,0,0,0,0,0,0,0,0,0,0,0,0,0,0,0,0,0,0,0,0,0,0,0,0,0,0,0,0,0,0,0,0,0,0,0,0,0,0,0,0,0,0,0,0,0,0,0,0,0,0,0,0,0,0,0,0,0,0,0,0,0,0,0,0,0,0,0,0,0,0,0,0,0,0,0,0,0
2029,1,23,16,113.201,4.062387,157.2728,178.9425,0,170.0615,50.03167,0,0,10.52558,0,3.999175,0,112.634,162.47,0,0,0,64.4616,0,53.34552,1.18699,3.298467,151.4046,304.4139,0,0,0.975,1.020316,10.92157,7.775478,0,0,0,0,0,3.711909,0,18.52938,338.4491,63.4592,11.30334,180.8573,53.4258,2.243856,57.65575,0,0,0,0,0,0,0,0,128.7091,257.3635,0,128.7091,253.808,0,0,0,0,18.47826,18.47826,46.19566,69.30102,0,0,0,0,0,0,0,0,0,0,0,0,0,0,0,3.612968,3.612968,0,0,0,0,0,0,0,0,0,0,0,0,0,0,3.612968,3.612968,42.12937,19.54527,19.54527,19.54527,19.54527,19.54527,0,0,19.54527,19.54527,19.54527,19.90022,19.90022,3.225839,3.225839,1.727273,0,4.435484,0,0,0,0,0,0,0,0,0,0,0,0,0,0,0,276.1364,276.1364,71.4644,0,0,54.81718,68.6547,0,9.71982,0,0,166.784,137.462,147.6585,0,0,0,0,0,0,0,0,0,0,0,0,0,0,0,0,0,0,0,0,0,0,0,0,0,0,82.24464,0,0,0,0,0,0,0,374.1562,374.7265,373.87,6.8176,12.5566,2.581,0,0,0,0,0,0,0,0,0,0,0,0,0,0,0,0,0,0,0,0,0,0,0,0,0,0,0,0,0,0,0,0,0,0,0,0,0,0,0,0,0,0,0,0,0,0,0,157.5211,0,0,0,0,0,0,0,0,0,0,1.805507,0,0,0,0,0,0,0,0,0,0,0,0,0,0,0,0,0,0,0,0,0,0,0,0,0,0,0,0,0,0,0,0,0,0,0,0,0,0,0,0,0,0,0,0,0,0,0,0,0,0,0,0,0,0,0,0,0,0,0,0,0,0,0,0,0,0,0,0,0,0,0,0,0,0,0,0,0,0,0,0,0,0,0,0,0,0,0,0,0,0,0,0,0,0,0,0,0,0,0,0,0,0,0,0,0,0,0,0,0,0,0,0,0,0,0,0,0,0,0,0,0
2029,1,23,17,87.31889,1.258459,125.9904,129.33,7.811754,119.9419,40.38239,1.479592,3.128926,10.61058,10.30659,4.031471,104.876,5.373,7.3975,0,1.308627,4.356621,50.6352,0,43.64228,1.047327,3.325105,109.8381,220.8403,0,4.488062,1.425,0.3160766,5.808288,4.135141,0,0,0,0,12.45128,1.149886,0,78.24821,231.4002,43.38754,0,158.7221,47.70232,0.813379,53.46194,0,0,0,0,0,0,0,0,128.7091,257.3635,0,128.7091,253.808,0,0,0,0,18.47826,18.47826,46.19566,69.30102,0,0,0,0,0,0,0,0,0,0,0,0,0,0,0,3.612968,3.612968,0,48.0012,52.5,48.0012,52.5,0,0,0,0,0,0,0,0,0,3.612968,3.612968,42.12937,19.54527,19.54527,19.54527,19.54527,19.54527,0,0,19.54527,19.54527,19.54527,19.90022,19.90022,3.225839,3.225839,1.727273,0,4.435484,0,0,0,0,0,0,0,0,0,0,0,0,0,0,0,276.1364,276.1364,48.73029,0,0,46.79971,68.33546,0,14.33428,0,0,223.5187,103.0032,98.6274,0,0,0,0,0,0,0,0,0,0,0,0,0,0,0,0,0,0,0,0,0,0,0,0,0,0,81.91129,0,0,0,0,0,0,0,374.1562,374.7265,373.87,6.8176,12.5566,2.581,0,0,0,0,0,0,0,0,0,0,0,0,0,0,0,0,0,0,0,0,0,0,0,0,0,0,0,0,0,0,0,0,0,0,0,0,0,0,0,0,0,0,0,0,0,0,0,158.7932,0,0,0,0,0,0,0,0,0,0,1.820087,0,0,0,0,0,0,0,0,0,0,0,0,0,0,0,0,0,0,0,0,0,0,0,0,0,0,0,0,0,0,0,0,0,0,0,0,0,0,0,0,0,0,0,0,0,0,0,0,0,0,0,0,0,0,0,0,0,0,0,0,0,0,0,0,0,0,0,0,0,0,0,0,0,0,0,0,0,0,0,0,0,0,0,0,0,0,0,0,0,0,0,0,0,0,0,0,0,0,0,0,0,0,0,0,0,0,0,0,0,0,0,0,0,0,0,0,0,0,0,0,0
2029,1,23,18,14.28642,0,24.15887,18.765,0,7.271549,7.114549,0,0.469008,1.590466,1.544898,0.6042945,0,0,0,0,0,0.653033,8.5344,0,6.74603,0.1163652,0.498414,17.57409,35.33444,0,0.498654,2.91,0,0,0,0,0,0,0,1.866376,0,0,16.06351,8.795105,1.649082,0,37.47387,32.54773,0,12.26948,0,0,0,0,0,0,0,0,128.7091,257.3635,0,128.7091,253.808,0,0,0,0,18.47826,18.47826,46.19566,69.30102,0,0,0,0,0,0,0,0,0,0,0,0,0,0,0,3.612968,3.612968,0,48.0012,52.5,48.0012,52.5,0,0,0,0,0,0,0,0,0,3.612968,3.612968,42.12937,19.54527,19.54527,19.54527,19.54527,19.54527,0,0,19.54527,19.54527,19.54527,19.90022,19.90022,3.225839,3.225839,1.727273,0,4.435484,0,0,0,0,0,0,0,0,0,0,0,0,0,0,0,276.1364,276.1364,40.97356,14.26002,0.8218704,42.97742,41.5693,0,8.24712,0,0,210.4636,50.2576,26.1405,0,0,0,0,0,0,0,0,0,0,0,0,0,0,0,0,0,0,0,0,0,0,0,0,0,0,81.95257,0,0,0,0,0,0,0,374.1562,374.7265,373.87,6.8176,12.5566,2.581,0,0,0,0,0,0,0,0,0,0,0,0,0,0,0,0,0,0,0,0,0,0,0,0,0,0,0,0,0,0,0,0,0,0,0,0,0,0,0,0,0,0,0,0,0,0,0,23.80219,0,0,0,0,0,0,0,0,0,0,0.272821,0,0,0,0,0,0,0,0,0,0,0,0,0,0,0,0,0,0,0,0,0,0,0,0,0,0,0,0,0,0,0,0,0,0,0,0,0,0,0,0,0,0,0,0,0,0,0,0,0,0,0,0,0,0,0,0,0,0,0,0,0,0,0,0,0,0,0,0,0,0,0,0,0,0,0,0,0,0,0,0,0,0,0,0,0,0,0,0,0,0,0,0,0,0,0,0,0,0,0,0,0,0,0,0,0,0,0,0,0,0,0,0,0,0,0,0,0,0,0,0,0
2029,1,23,19,0,0,0,0,0,0,0,0,0,0,0,0,0,0,0,0,0,0,0,0,0,0,0,0,0,0,0,0,0,0,0,0,0,0,0,0,0,0,0,0,0,0,0,0,0,0,0,0,0,0,0,0,0,0,128.7091,257.3635,0,128.7091,253.808,0,0,0,0,18.47826,18.47826,46.19566,69.30102,0,0,0,0,0,0,0,0,0,0,0,0,0,0,0,3.612968,3.612968,0,48.0012,52.5,48.0012,52.5,0,0,0,0,0,0,0,0,0,3.612968,3.612968,42.12937,19.54527,19.54527,19.54527,19.54527,19.54527,0,0,19.54527,19.54527,19.54527,19.90022,19.90022,3.225839,3.225839,1.727273,0,4.435484,0,0,0,0,0,0,0,0,0,0,0,0,0,0,0,276.1364,276.1364,40.99574,9.673788,0.3793248,49.13037,47.21618,0,0,0,0,191.7046,0,0,0,0,0,0,0,0,0,0,0,0,0,0,0,0,0,0,0,0,0,0,0,0,0,0,0,0,80.90814,0,0,0,0,0,0,0,374.1562,374.7265,373.87,6.8176,12.5566,2.581,0,0,0,0,0,0,0,0,0,0,0,0,0,0,0,0,0,0,0,0,0,0,0,0,0,0,0,0,0,0,0,0,0,0,0,0,0,0,0,0,0,0,0,0,0,0,0,0,0,0,0,0,0,0,0,0,0,0,0,0,0,0,0,0,0,0,0,0,0,0,0,0,0,0,0,0,0,0,0,0,0,0,0,0,0,0,0,0,0,0,0,0,0,0,0,0,0,0,0,0,0,0,0,0,0,0,0,0,0,0,0,0,0,0,0,0,0,0,0,0,0,0,0,0,0,0,0,0,0,0,0,0,0,0,0,0,0,0,0,0,0,0,0,0,0,0,0,0,0,0,0,0,0,0,0,0,0,0,0,0,0,0,0,0,0,0,0,0,0,0,0,0,0,0,0,0,0,0,0,0
2029,1,23,20,0,0,0,0,0,0,0,0,0,0,0,0,0,0,0,0,0,0,0,0,0,0,0,0,0,0,0,0,0,0,0,0,0,0,0,0,0,0,0,0,0,0,0,0,0,0,0,0,0,0,0,0,0,0,128.7091,257.3635,0,128.7091,253.808,0,0,0,0,18.47826,18.47826,46.19566,69.30102,0,0,0,0,0,0,0,0,0,0,0,0,0,0,0,3.612968,3.612968,0,48.0012,52.5,48.0012,52.5,0,0,0,0,0,0,0,0,0,3.612968,3.612968,42.12937,19.54527,19.54527,19.54527,19.54527,19.54527,0,0,19.54527,19.54527,19.54527,19.90022,19.90022,3.225839,3.225839,1.727273,0,4.435484,0,0,0,0,0,0,0,0,0,0,0,0,0,0,0,276.1364,276.1364,75.46906,0,0,34.95994,45.52795,0,0,0,0,151.3214,0,0,0,0,0,0,0,0,0,0,0,0,0,0,0,0,0,0,0,0,0,0,0,0,0,0,0,0,79.21644,0,0,0,0,0,0,0,374.1562,374.7265,373.87,6.8176,12.5566,2.581,0,0,0,0,0,0,0,0,0,0,0,0,0,0,0,0,0,0,0,0,0,0,0,0,0,0,0,0,0,0,0,0,0,0,0,0,0,0,0,0,0,0,0,0,0,0,0,0,0,0,0,0,0,0,0,0,0,0,0,0,0,0,0,0,0,0,0,0,0,0,0,0,0,0,0,0,0,0,0,0,0,0,0,0,0,0,0,0,0,0,0,0,0,0,0,0,0,0,0,0,0,0,0,0,0,0,0,0,0,0,0,0,0,0,0,0,0,0,0,0,0,0,0,0,0,0,0,0,0,0,0,0,0,0,0,0,0,0,0,0,0,0,0,0,0,0,0,0,0,0,0,0,0,0,0,0,0,0,0,0,0,0,0,0,0,0,0,0,0,0,0,0,0,0,0,0,0,0,0,0
2029,1,23,21,0,0,0,0,0,0,0,0,0,0,0,0,0,0,0,0,0,0,0,0,0,0,0,0,0,0,0,0,0,0,0,0,0,0,0,0,0,0,0,0,0,0,0,0,0,0,0,0,0,0,0,0,0,0,128.7091,257.3635,0,128.7091,253.808,0,0,0,0,18.47826,18.47826,46.19566,69.30102,0,0,0,0,0,0,0,0,0,0,0,0,0,0,0,3.612968,3.612968,0,48.0012,52.5,48.0012,52.5,0,0,0,0,0,0,0,0,0,3.612968,3.612968,42.12937,19.54527,19.54527,19.54527,19.54527,19.54527,0,0,19.54527,19.54527,19.54527,19.90022,19.90022,3.225839,3.225839,1.727273,0,4.435484,0,0,0,0,0,0,0,0,0,0,0,0,0,0,0,276.1364,276.1364,123.4099,67.25243,1.074754,38.40932,15.42381,0,55.52079,0,0,123.505,0,0,0,0,0,0,0,0,0,0,0,0,0,0,0,0,0,0,0,0,0,0,0,0,0,0,0,0,79.69157,0,0,0,0,0,0,0,374.1562,374.7265,373.87,6.8176,12.5566,2.581,0,0,0,0,0,0,0,0,0,0,0,0,0,0,0,0,0,0,0,0,0,0,0,0,0,0,0,0,0,0,0,0,0,0,0,0,0,0,0,0,0,0,0,0,0,0,0,0,0,0,0,0,0,0,0,0,0,0,0,0,0,0,0,0,0,0,0,0,0,0,0,0,0,0,0,0,0,0,0,0,0,0,0,0,0,0,0,0,0,0,0,0,0,0,0,0,0,0,0,0,0,0,0,0,0,0,0,0,0,0,0,0,0,0,0,0,0,0,0,0,0,0,0,0,0,0,0,0,0,0,0,0,0,0,0,0,0,0,0,0,0,0,0,0,0,0,0,0,0,0,0,0,0,0,0,0,0,0,0,0,0,0,0,0,0,0,0,0,0,0,0,0,0,0,0,0,0,0,0,0
2029,1,23,22,0,0,0,0,0,0,0,0,0,0,0,0,0,0,0,0,0,0,0,0,0,0,0,0,0,0,0,0,0,0,0,0,0,0,0,0,0,0,0,0,0,0,0,0,0,0,0,0,0,0,0,0,0,0,128.7091,257.3635,0,128.7091,253.808,0,0,0,0,18.47826,18.47826,46.19566,69.30102,0,0,0,0,0,0,0,0,0,0,0,0,0,0,0,3.612968,3.612968,0,0,0,0,0,0,0,0,0,0,0,0,0,0,3.612968,3.612968,42.12937,0,0,0,0,0,0,0,0,0,0,0,0,3.225839,3.225839,1.727273,0,4.435484,0,0,0,0,0,0,0,0,0,0,0,0,0,0,0,276.1364,276.1364,164.6945,185.9224,1.517299,24.05244,20.90755,0,22.5814,0,0,68.01183,0,0,0,0,0,0,0,0,0,0,0,0,0,0,0,0,0,0,0,0,0,0,0,0,0,0,0,0,78.9014,0,0,0,0,0,0,0,374.1562,374.7265,373.87,6.8176,12.5566,2.581,0,0,0,0,0,0,0,0,0,0,0,0,0,0,0,0,0,0,0,0,0,0,0,0,0,0,0,0,0,0,0,0,0,0,0,0,0,0,0,0,0,0,0,0,0,0,0,0,0,0,0,0,0,0,0,0,0,0,0,0,0,0,0,0,0,0,0,0,0,0,0,0,0,0,0,0,0,0,0,0,0,0,0,0,0,0,0,0,0,0,0,0,0,0,0,0,0,0,0,0,0,0,0,0,0,0,0,0,0,0,0,0,0,0,0,0,0,0,0,0,0,0,0,0,0,0,0,0,0,0,0,0,0,0,0,0,0,0,0,0,0,0,0,0,0,0,0,0,0,0,0,0,0,0,0,0,0,0,0,0,0,0,0,0,0,0,0,0,0,0,0,0,0,0,0,0,0,0,0,0
2029,1,23,23,0,0,0,0,0,0,0,0,0,0,0,0,0,0,0,0,0,0,0,0,0,0,0,0,0,0,0,0,0,0,0,0,0,0,0,0,0,0,0,0,0,0,0,0,0,0,0,0,0,0,0,0,0,0,128.7091,257.3635,0,128.7091,253.808,0,0,0,0,18.47826,18.47826,46.19566,69.30102,0,0,0,0,0,0,0,0,0,0,0,0,0,0,0,3.612968,3.612968,0,0,0,0,0,0,0,0,0,0,0,0,0,0,3.612968,3.612968,42.12937,0,0,0,0,0,0,0,0,0,0,0,0,3.225839,3.225839,1.727273,0,4.435484,0,0,0,0,0,0,0,0,0,0,0,0,0,0,0,276.1364,276.1364,163.1698,167.1618,0.3371776,32.81573,18.84832,0,15.7088,0,0,61.09705,0,0,0,0,0,0,0,0,0,0,0,0,0,0,0,0,0,0,0,0,0,0,0,0,0,0,0,0,77.65727,0,0,0,0,0,0,0,374.1562,374.7265,373.87,6.8176,12.5566,2.581,0,0,0,0,0,0,0,0,0,0,0,0,0,0,0,0,0,0,0,0,0,0,0,0,0,0,0,0,0,0,0,0,0,0,0,0,0,0,0,0,0,0,0,0,0,0,0,0,0,0,0,0,0,0,0,0,0,0,0,0,0,0,0,0,0,0,0,0,0,0,0,0,0,0,0,0,0,0,0,0,0,0,0,0,0,0,0,0,0,0,0,0,0,0,0,0,0,0,0,0,0,0,0,0,0,0,0,0,0,0,0,0,0,0,0,0,0,0,0,0,0,0,0,0,0,0,0,0,0,0,0,0,0,0,0,0,0,0,0,0,0,0,0,0,0,0,0,0,0,0,0,0,0,0,0,0,0,0,0,0,0,0,0,0,0,0,0,0,0,0,0,0,0,0,0,0,0,0,0,0
2029,1,23,24,0,0,0,0,0,0,0,0,0,0,0,0,0,0,0,0,0,0,0,0,0,0,0,0,0,0,0,0,0,0,0,0,0,0,0,0,0,0,0,0,0,0,0,0,0,0,0,0,0,0,0,0,0,0,128.7091,257.3635,0,128.7091,253.808,0,0,0,0,18.47826,18.47826,46.19566,69.30102,0,0,0,0,0,0,0,0,0,0,0,0,0,0,0,3.612968,3.612968,0,0,0,0,0,0,0,0,0,0,0,0,0,0,3.612968,3.612968,42.12937,0,0,0,0,0,0,0,0,0,0,0,0,3.225839,3.225839,1.727273,0,4.435484,0,0,0,0,0,0,0,0,0,0,0,0,0,0,0,276.1364,276.1364,185.4965,110.9659,0,48.94392,5.252353,0,29.79763,0,0,44.01215,0,0,0,0,0,0,0,0,0,0,0,0,0,0,0,0,0,0,0,0,0,0,0,0,0,0,0,0,76.50068,0,0,0,0,0,0,0,374.1562,374.7265,373.87,6.8176,12.5566,2.581,0,0,0,0,0,0,0,0,0,0,0,0,0,0,0,0,0,0,0,0,0,0,0,0,0,0,0,0,0,0,0,0,0,0,0,0,0,0,0,0,0,0,0,0,0,0,0,0,0,0,0,0,0,0,0,0,0,0,0,0,0,0,0,0,0,0,0,0,0,0,0,0,0,0,0,0,0,0,0,0,0,0,0,0,0,0,0,0,0,0,0,0,0,0,0,0,0,0,0,0,0,0,0,0,0,0,0,0,0,0,0,0,0,0,0,0,0,0,0,0,0,0,0,0,0,0,0,0,0,0,0,0,0,0,0,0,0,0,0,0,0,0,0,0,0,0,0,0,0,0,0,0,0,0,0,0,0,0,0,0,0,0,0,0,0,0,0,0,0,0,0,0,0,0,0,0,0,0,0,0
2029,1,24,1,0,0,0,0,0,0,0,0,0,0,0,0,0,0,0,0,0,0,0,0,0,0,0,0,0,0,0,0,0,0,0,0,0,0,0,0,0,0,0,0,0,0,0,0,0,0,0,0,0,0,0,0,0,0,128.7091,257.3635,0,128.7091,253.808,0,0,0,0,18.47826,18.47826,46.19566,69.30102,0,0,0,0,0,0,0,0,0,0,0,0,0,0,0,3.612968,3.612968,0,0,0,0,0,0,0,0,0,0,0,0,0,0,3.612968,3.612968,42.12937,0,0,0,0,0,0,0,0,0,0,0,0,3.225839,3.225839,1.727273,0,4.435484,0,0,0,0,0,0,0,0,0,0,0,0,0,0,0,276.1364,276.1364,192.957,97.1155,0.210736,63.02112,0.05318697,0,11.04525,0,0,37.47934,0,0,0,0,0,0,0,0,0,0,0,0,0,0,0,0,0,0,0,0,0,0,0,0,0,0,0,0,75.97593,0,0,0,0,0,0,0,374.1562,374.7265,373.87,6.8176,12.5566,2.581,0,0,0,0,0,0,0,0,0,0,0,0,0,0,0,0,0,0,0,0,0,0,0,0,0,0,0,0,0,0,0,0,0,0,0,0,0,0,0,0,0,0,0,0,0,0,0,0,0,0,0,0,0,0,0,0,0,0,0,0,0,0,0,0,0,0,0,0,0,0,0,0,0,0,0,0,0,0,0,0,0,0,0,0,0,0,0,0,0,0,0,0,0,0,0,0,0,0,0,0,0,0,0,0,0,0,0,0,0,0,0,0,0,0,0,0,0,0,0,0,0,0,0,0,0,0,0,0,0,0,0,0,0,0,0,0,0,0,0,0,0,0,0,0,0,0,0,0,0,0,0,0,0,0,0,0,0,0,0,0,0,0,0,0,0,0,0,0,0,0,0,0,0,0,0,0,0,0,0,0
2029,1,24,2,0,0,0,0,0,0,0,0,0,0,0,0,0,0,0,0,0,0,0,0,0,0,0,0,0,0,0,0,0,0,0,0,0,0,0,0,0,0,0,0,0,0,0,0,0,0,0,0,0,0,0,0,0,0,128.7091,257.3635,0,128.7091,253.808,0,0,0,0,18.47826,18.47826,46.19566,69.30102,0,0,0,0,0,0,0,0,0,0,0,0,0,0,0,3.612968,3.612968,0,0,0,0,0,0,0,0,0,0,0,0,0,0,3.612968,3.612968,42.12937,0,0,0,0,0,0,0,0,0,0,0,0,3.225839,3.225839,1.727273,0,4.435484,0,0,0,0,0,0,0,0,0,0,0,0,0,0,0,276.1364,276.1364,194.64,119.2415,1.032606,48.10488,0.9434597,0,8.88529,0,0,41.76614,0,0,0,0,0,0,0,0,0,0,0,0,0,0,0,0,0,0,0,0,0,0,0,0,0,0,0,0,75.25438,0,0,0,0,0,0,0,374.1562,374.7265,373.87,6.8176,12.5566,2.581,0,0,0,0,0,0,0,0,0,0,0,0,0,0,0,0,0,0,0,0,0,0,0,0,0,0,0,0,0,0,0,0,0,0,0,0,0,0,0,0,0,0,0,0,0,0,0,0,0,0,0,0,0,0,0,0,0,0,0,0,0,0,0,0,0,0,0,0,0,0,0,0,0,0,0,0,0,0,0,0,0,0,0,0,0,0,0,0,0,0,0,0,0,0,0,0,0,0,0,0,0,0,0,0,0,0,0,0,0,0,0,0,0,0,0,0,0,0,0,0,0,0,0,0,0,0,0,0,0,0,0,0,0,0,0,0,0,0,0,0,0,0,0,0,0,0,0,0,0,0,0,0,0,0,0,0,0,0,0,0,0,0,0,0,0,0,0,0,0,0,0,0,0,0,0,0,0,0,0,0
2029,1,24,3,0,0,0,0,0,0,0,0,0,0,0,0,0,0,0,0,0,0,0,0,0,0,0,0,0,0,0,0,0,0,0,0,0,0,0,0,0,0,0,0,0,0,0,0,0,0,0,0,0,0,0,0,0,0,128.7091,257.3635,0,128.7091,253.808,0,0,0,0,18.47826,18.47826,46.19566,69.30102,0,0,0,0,0,0,0,0,0,0,0,0,0,0,0,3.612968,3.612968,0,0,0,0,0,0,0,0,0,0,0,0,0,0,3.612968,3.612968,42.12937,0,0,0,0,0,0,0,0,0,0,0,0,3.225839,3.225839,1.727273,0,4.435484,0,0,0,0,0,0,0,0,0,0,0,0,0,0,0,276.1364,276.1364,194.64,67.99667,1.201195,26.66278,3.597385,0,0,0,0,62.51759,0,0,0,0,0,0,0,0,0,0,0,0,0,0,0,0,0,0,0,0,0,0,0,0,0,0,0,0,75.18727,0,0,0,0,0,0,0,374.1562,374.7265,373.87,6.8176,12.5566,2.581,0,0,0,0,0,0,0,0,0,0,0,0,0,0,0,0,0,0,0,0,0,0,0,0,0,0,0,0,0,0,0,0,0,0,0,0,0,0,0,0,0,0,0,0,0,0,0,0,0,0,0,0,0,0,0,0,0,0,0,0,0,0,0,0,0,0,0,0,0,0,0,0,0,0,0,0,0,0,0,0,0,0,0,0,0,0,0,0,0,0,0,0,0,0,0,0,0,0,0,0,0,0,0,0,0,0,0,0,0,0,0,0,0,0,0,0,0,0,0,0,0,0,0,0,0,0,0,0,0,0,0,0,0,0,0,0,0,0,0,0,0,0,0,0,0,0,0,0,0,0,0,0,0,0,0,0,0,0,0,0,0,0,0,0,0,0,0,0,0,0,0,0,0,0,0,0,0,0,0,0
2029,1,24,4,0,0,0,0,0,0,0,0,0,0,0,0,0,0,0,0,0,0,0,0,0,0,0,0,0,0,0,0,0,0,0,0,0,0,0,0,0,0,0,0,0,0,0,0,0,0,0,0,0,0,0,0,0,0,128.7091,257.3635,0,128.7091,253.808,0,0,0,0,18.47826,18.47826,46.19566,69.30102,0,0,0,0,0,0,0,0,0,0,0,0,0,0,0,3.612968,3.612968,0,0,0,0,0,0,0,0,0,0,0,0,0,0,3.612968,3.612968,42.12937,0,0,0,0,0,0,0,0,0,0,0,0,3.225839,3.225839,1.727273,0,4.435484,0,0,0,0,0,0,0,0,0,0,0,0,0,0,0,276.1364,276.1364,194.64,13.02113,0.3793248,4.941005,1.93678,0,0,0,0,73.01071,0,0,0,0,0,0,0,0,0,0,0,0,0,0,0,0,0,0,0,0,0,0,0,0,0,0,0,0,75.7198,0,0,0,0,0,0,0,374.1562,374.7265,373.87,6.8176,12.5566,2.581,0,0,0,0,0,0,0,0,0,0,0,0,0,0,0,0,0,0,0,0,0,0,0,0,0,0,0,0,0,0,0,0,0,0,0,0,0,0,0,0,0,0,0,0,0,0,0,0,0,0,0,0,0,0,0,0,0,0,0,0,0,0,0,0,0,0,0,0,0,0,0,0,0,0,0,0,0,0,0,0,0,0,0,0,0,0,0,0,0,0,0,0,0,0,0,0,0,0,0,0,0,0,0,0,0,0,0,0,0,0,0,0,0,0,0,0,0,0,0,0,0,0,0,0,0,0,0,0,0,0,0,0,0,0,0,0,0,0,0,0,0,0,0,0,0,0,0,0,0,0,0,0,0,0,0,0,0,0,0,0,0,0,0,0,0,0,0,0,0,0,0,0,0,0,0,0,0,0,0,0
2029,1,24,5,0,0,0,0,0,0,0,0,0,0,0,0,0,0,0,0,0,0,0,0,0,0,0,0,0,0,0,0,0,0,0,0,0,0,0,0,0,0,0,0,0,0,0,0,0,0,0,0,0,0,0,0,0,0,128.7091,257.3635,0,128.7091,253.808,0,0,0,0,18.47826,18.47826,46.19566,69.30102,0,0,0,0,0,0,0,0,0,0,0,0,0,0,0,3.612968,3.612968,0,0,0,0,0,0,0,0,0,0,0,0,0,0,3.612968,3.612968,42.12937,0,0,0,0,0,0,0,0,0,0,0,0,3.225839,3.225839,1.727273,0,4.435484,0,0,0,0,0,0,0,0,0,0,0,0,0,0,0,276.1364,276.1364,194.64,27.79423,1.264416,2.703569,0.3932069,0,0,0,0,65.95067,0,0,0,0,0,0,0,0,0,0,0,0,0,0,0,0,0,0,0,0,0,0,0,0,0,0,0,0,76.27048,0,0,0,0,0,0,0,374.1562,374.7265,373.87,6.8176,12.5566,2.581,0,0,0,0,0,0,0,0,0,0,0,0,0,0,0,0,0,0,0,0,0,0,0,0,0,0,0,0,0,0,0,0,0,0,0,0,0,0,0,0,0,0,0,0,0,0,0,0,0,0,0,0,0,0,0,0,0,0,0,0,0,0,0,0,0,0,0,0,0,0,0,0,0,0,0,0,0,0,0,0,0,0,0,0,0,0,0,0,0,0,0,0,0,0,0,0,0,0,0,0,0,0,0,0,0,0,0,0,0,0,0,0,0,0,0,0,0,0,0,0,0,0,0,0,0,0,0,0,0,0,0,0,0,0,0,0,0,0,0,0,0,0,0,0,0,0,0,0,0,0,0,0,0,0,0,0,0,0,0,0,0,0,0,0,0,0,0,0,0,0,0,0,0,0,0,0,0,0,0,0
2029,1,24,6,0,0,0,0,0,0,0,0,0,0,0,0,0,0,0,0,0,0,0,0,0,0,0,0,0,0,0,0,0,0,0,0,0,0,0,0,0,0,0,0,0,0,0,0,0,0,0,0,0,0,0,0,0,0,128.7091,257.3635,0,128.7091,253.808,0,0,0,0,18.47826,18.47826,46.19566,69.30102,0,0,0,0,0,0,0,0,0,0,0,0,0,0,0,3.612968,3.612968,0,0,0,0,0,0,0,0,0,0,0,0,0,0,3.612968,3.612968,42.12937,0,0,0,0,0,0,0,0,0,0,0,0,3.225839,3.225839,1.727273,0,4.435484,0,0,0,0,0,0,0,0,0,0,0,0,0,0,0,276.1364,276.1364,194.64,53.99936,3.413923,0,0.6317274,0,0,0,0,43.46758,0,0,0,0,0,0,0,0,0,0,0,0,0,0,0,0,0,0,0,0,0,0,0,0,0,0,0,0,78.03138,0,0,0,0,0,0,0,374.1562,374.7265,373.87,6.8176,12.5566,2.581,0,0,0,0,0,0,0,0,0,0,0,0,0,0,0,0,0,0,0,0,0,0,0,0,0,0,0,0,0,0,0,0,0,0,0,0,0,0,0,0,0,0,0,0,0,0,0,0,0,0,0,0,0,0,0,0,0,0,0,0,0,0,0,0,0,0,0,0,0,0,0,0,0,0,0,0,0,0,0,0,0,0,0,0,0,0,0,0,0,0,0,0,0,0,0,0,0,0,0,0,0,0,0,0,0,0,0,0,0,0,0,0,0,0,0,0,0,0,0,0,0,0,0,0,0,0,0,0,0,0,0,0,0,0,0,0,0,0,0,0,0,0,0,0,0,0,0,0,0,0,0,0,0,0,0,0,0,0,0,0,0,0,0,0,0,0,0,0,0,0,0,0,0,0,0,0,0,0,0,0
2029,1,24,7,0,0,0,0,0,0,0,0,0,0,0,0,0,2.189,3.1075,0,0,0,0,0,0,0,0,0,0,0,0,0,0,0,0,0,0,0,0,0,0,0,0,0,0,0,0,0,0,0,0,0,0,0,0,0,0,0,128.7091,257.3635,0,128.7091,253.808,0,0,0,0,18.47826,18.47826,46.19566,69.30102,0,0,0,0,0,0,0,0,0,0,0,0,0,0,0,3.612968,3.612968,0,0,0,0,0,0,0,0,0,0,0,0,0,0,3.612968,3.612968,42.12937,0,0,0,0,0,0,0,0,0,0,0,0,3.225839,3.225839,1.727273,0,4.435484,0,0,0,0,0,0,0,0,0,0,0,0,0,0,0,276.1364,276.1364,184.7076,49.77214,4.025058,0,2.585351,0,0,0,0,116.8774,0,0,0,0,0,0,0,0,0,0,0,0,0,0,0,0,0,0,0,0,0,0,0,0,0,0,0,0,79.00148,0,0,0,0,0,0,0,374.1562,374.7265,373.87,6.8176,12.5566,2.581,0,0,0,0,0,0,0,0,0,0,0,0,0,0,0,0,0,0,0,0,0,0,0,0,0,0,0,0,0,0,0,0,0,0,0,0,0,0,0,0,0,0,0,0,0,0,0,0,0,0,0,0,0,0,0,0,0,0,0,0,0,0,0,0,0,0,0,0,0,0,0,0,0,0,0,0,0,0,0,0,0,0,0,0,0,0,0,0,0,0,0,0,0,0,0,0,0,0,0,0,0,0,0,0,0,0,0,0,0,0,0,0,0,0,0,0,0,0,0,0,0,0,0,0,0,0,0,0,0,0,0,0,0,0,0,0,0,0,0,0,0,0,0,0,0,0,0,0,0,0,0,0,0,0,0,0,0,0,0,0,0,0,0,0,0,0,0,0,0,0,0,0,0,0,0,0,0,0,0,0
2029,1,24,8,0,0,0,0,0,0.433894,0.623223,0,0.05628,0.190854,0.185386,0.07251457,0,88.6545,128.2325,0,0,0.078363,0,0,0.907853,0.02110355,0.059809,0,0,0,0.090434,0,0,0,0,0,0,0,0,0.220744,0,0,0,5.530438,1.036957,0,0,0,0,0,0,0,0,0,0,0,0,0,128.7091,257.3635,0,128.7091,253.808,0,0,0,0,18.47826,18.47826,46.19566,69.30102,0,0,0,0,0,0,0,0,0,0,0,0,0,0,0,3.612968,3.612968,0,0,0,0,0,0,0,0,0,0,0,0,0,0,3.612968,3.612968,42.12937,0,0,0,0,0,0,0,0,0,0,0,0,3.225839,3.225839,1.727273,0,4.435484,0,0,0,0,0,0,0,0,0,0,0,0,0,0,0,276.1364,276.1364,178.2463,34.26775,3.413923,3.262928,5.717745,0,0,0,0,115.8884,0,0,0,0,0,0,0,0,0,0,0,0,0,0,0,0,0,0,0,0,0,0,0,0,0,0,0,0,78.12491,0,0,0,0,0,0,0,374.1562,374.7265,373.87,6.8176,12.5566,2.581,0,0,0,0,0,0,0,0,0,0,0,0,0,0,0,0,0,0,0,0,0,0,0,0,0,0,0,0,0,0,0,0,0,0,0,0,0,0,0,0,0,0,0,0,0,0,0,2.815185,0,0,0,0,0,0,0,0,0,0,0.032268,0,0,0,0,0,0,0,0,0,0,0,0,0,0,0,0,0,0,0,0,0,0,0,0,0,0,0,0,0,0,0,0,0,0,0,0,0,0,0,0,0,0,0,0,0,0,0,0,0,0,0,0,0,0,0,0,0,0,0,0,0,0,0,0,0,0,0,0,0,0,0,0,0,0,0,0,0,0,0,0,0,0,0,0,0,0,0,0,0,0,0,0,0,0,0,0,0,0,0,0,0,0,0,0,0,0,0,0,0,0,0,0,0,0,0,0,0,0,0,0,0
2029,1,24,9,0.906933,0.909492,64.6143,5.3775,0,70.5191,24.26423,1.069306,2.862298,9.706416,9.428324,3.687935,0,155.1205,220.66,0,0.945749,3.985377,91.5768,0,35.10629,0.7175206,3.04176,68.46254,137.6507,0,3.074757,70.62,0.2284296,0,0,0,0,0,0,11.35756,0.8310264,0,6.980934,207.8924,38.97983,0,105.2724,104.2881,3.316713,28.18831,0,0,0,0,0,0,0,0,128.7091,257.3635,0,128.7091,253.808,0,0,0,0,18.47826,18.47826,46.19566,69.30102,0,0,0,0,0,0,0,0,0,0,0,0,0,0,0,3.612968,3.612968,0,0,0,0,0,0,0,0,0,0,0,0,0,0,3.612968,3.612968,42.12937,0,0,0,0,0,0,0,0,0,0,0,0,3.225839,3.225839,1.727273,0,4.435484,0,0,0,0,0,0,0,0,0,0,0,0,0,0,0,276.1364,276.1364,176.9951,14.83919,1.749109,6.991988,3.594771,0,0,0,0,98.32813,162.964,184.8204,0,0,0,0,0,0,0,0,0,0,0,0,0,0,0,0,0,0,0,0,0,0,0,0,0,0,79.98056,0,0,0,0,0,0,0,374.1562,374.7265,373.87,6.8176,12.5566,2.581,0,0,0,0,0,0,0,0,0,0,0,0,0,0,0,0,0,0,0,0,0,0,0,0,0,0,0,0,0,0,0,0,0,0,0,0,0,0,0,0,0,0,0,0,0,0,0,144.8447,0,0,0,0,0,0,0,0,0,0,1.66021,0,0,0,0,0,0,0,0,0,0,0,0,0,0,0,0,0,0,0,0,0,0,0,0,0,0,0,0,0,0,0,0,0,0,0,0,0,0,0,0,0,0,0,0,0,0,0,0,0,0,0,0,0,0,0,0,0,0,0,0,0,0,0,0,0,0,0,0,0,0,0,0,0,0,0,0,0,0,0,0,0,0,0,0,0,0,0,0,0,0,0,0,0,0,0,0,0,0,0,0,0,0,0,0,0,0,0,0,0,0,0,0,0,0,0,0,0,0,0,0,0
2029,1,24,10,5.426674,9.087812,216.529,12.7575,2.563115,155.9482,51.49086,10.6847,0,23.54638,22.87177,8.946403,0,155.419,221.21,0,0,0,146.3784,0,85.67677,1.688284,7.378876,150.2203,302.0327,0,7.234723,121.245,2.28251,1.905758,1.356781,0,0,0,0,27.57674,8.30377,0,5.453537,344.9723,64.6823,118.072,176.9931,22.048,10.4691,57.23197,0,0,0,0,0,0,0,0,128.7091,257.3635,0,128.7091,253.808,0,0,0,0,18.47826,18.47826,46.19566,69.30102,0,0,0,0,0,0,0,0,0,0,0,0,0,0,0,3.612968,3.612968,0,0,0,0,0,0,0,0,0,0,0,0,0,0,3.612968,3.612968,42.12937,0,0,0,0,0,0,0,0,0,0,0,0,3.225839,3.225839,1.727273,0,4.435484,0,0,0,0,0,0,0,0,0,0,0,0,0,0,0,276.1364,276.1364,133.9713,36.01944,5.141958,7.831027,19.31391,0,0,0,0,14.52585,335.3824,430.1172,0,0,0,0,0,0,0,0,0,0,0,0,0,0,0,0,0,0,0,0,0,0,0,0,0,0,80.83452,0,0,0,0,0,0,0,374.1562,374.7265,373.87,6.8176,12.5566,2.581,0,0,0,0,0,0,0,0,0,0,0,0,0,0,0,0,0,0,0,0,0,0,0,0,0,0,0,0,0,0,0,0,0,0,0,0,0,0,0,0,0,0,0,0,0,0,0,351.6905,0,0,0,0,0,0,0,0,0,0,4.031076,0,0,0,0,0,0,0,0,0,0,0,0,0,0,0,0,0,0,0,0,0,0,0,0,0,0,0,0,0,0,0,0,0,0,0,0,0,0,0,0,0,0,0,0,0,0,0,0,0,0,0,0,0,0,0,0,0,0,0,0,0,0,0,0,0,0,0,0,0,0,0,0,0,0,0,0,0,0,0,0,0,0,0,0,0,0,0,0,0,0,0,0,0,0,0,0,0,0,0,0,0,0,0,0,0,0,0,0,0,0,0,0,0,0,0,0,0,0,0,0,0
2029,1,24,11,10.42834,9.62275,251.5578,20.205,4.890513,162.8857,52.42999,11.31364,0,24.9324,24.21807,9.473017,0,145.7675,208.34,0,0,0,148.9656,0,89.0874,2.532426,7.81322,154.5756,310.7895,0,0,124.26,2.416866,3.636252,2.588786,0,0,0,0,29.27214,8.792556,0,10.96332,334.7123,62.75856,217.8628,176.6086,25.08179,18.55552,58.77839,0,0,0,0,0,0,0,0,128.7091,257.3635,0,128.7091,253.808,0,0,0,0,18.47826,18.47826,46.19566,69.30102,0,0,0,0,0,0,0,0,0,0,0,0,0,0,0,3.612968,3.612968,0,0,0,0,0,0,0,0,0,0,0,0,0,0,3.612968,3.612968,42.12937,0,0,0,0,0,0,0,0,0,0,0,0,3.225839,3.225839,1.727273,0,4.435484,0,0,0,0,0,0,0,0,0,0,0,0,0,0,0,276.1364,276.1364,114.7859,86.64884,14.35112,7.364894,25.22242,0,0,0,0,76.72546,483.7916,641.3607,0,0,0,0,0,0,0,0,0,0,0,0,0,0,0,0,0,0,0,0,0,0,0,0,0,0,81.41615,0,0,0,0,0,0,0,374.1562,374.7265,373.87,6.8176,12.5566,2.581,0,0,0,0,0,0,0,0,0,0,0,0,0,0,0,0,0,0,0,0,0,0,0,0,0,0,0,0,0,0,0,0,0,0,0,0,0,0,0,0,0,0,0,0,0,0,0,373.3122,0,0,0,0,0,0,0,0,0,0,4.278904,0,0,0,0,0,0,0,0,0,0,0,0,0,0,0,0,0,0,0,0,0,0,0,0,0,0,0,0,0,0,0,0,0,0,0,0,0,0,0,0,0,0,0,0,0,0,0,0,0,0,0,0,0,0,0,0,0,0,0,0,0,0,0,0,0,0,0,0,0,0,0,0,0,0,0,0,0,0,0,0,0,0,0,0,0,0,0,0,0,0,0,0,0,0,0,0,0,0,0,0,0,0,0,0,0,0,0,0,0,0,0,0,0,0,0,0,0,0,0,0,0
2029,1,24,12,32.53917,9.539835,0,0,0,0,49.97667,0,0,0,0,9.391392,0,132.4345,0,0,0,0,141.8088,0,87.16477,3.144428,7.745897,145.7885,293.1222,0,0,0,2.396041,4.366308,3.10854,0,0,0,0,0,8.716795,0,16.49771,276.0742,59.46441,219.0022,168.8231,30.65902,23.04563,0,0,0,0,0,0,0,0,0,128.7091,257.3635,0,128.7091,253.808,0,0,0,0,18.47826,18.47826,46.19566,69.30102,0,0,0,0,0,0,0,0,0,0,0,0,0,0,0,3.612968,3.612968,0,0,0,0,0,0,0,0,0,0,0,0,0,0,3.612968,3.612968,42.12937,0,0,0,0,0,0,0,0,0,0,0,0,3.225839,3.225839,1.727273,0,4.435484,0,0,0,0,0,0,0,0,0,0,0,0,0,0,0,276.1364,276.1364,107.8771,117.0384,68.69994,3.635834,25.59725,0,0,0,0,139.0431,592.0196,795.3777,0,0,0,0,0,0,0,0,0,0,0,0,0,0,0,0,0,0,0,0,0,0,0,0,0,0,81.57695,0,0,0,0,0,0,0,374.1562,374.7265,373.87,6.8176,12.5566,2.581,0,0,0,0,0,0,0,0,0,0,0,0,0,0,0,0,0,0,0,0,0,0,0,0,0,0,0,0,0,0,0,0,0,0,0,0,0,0,0,0,0,0,0,0,0,0,0,370.593,0,0,0,0,0,0,0,0,0,0,4.247736,0,0,0,0,0,0,0,0,0,0,0,0,0,0,0,0,0,0,0,0,0,0,0,0,0,0,0,0,0,0,0,0,0,0,0,0,0,0,0,0,0,0,0,0,0,0,0,0,0,0,0,0,0,0,0,0,0,0,0,0,0,0,0,0,0,0,0,0,0,0,0,0,0,0,0,0,0,0,0,0,0,0,0,0,0,0,0,0,0,0,0,0,0,0,0,0,0,0,0,0,0,0,0,0,0,0,0,0,0,0,0,0,0,0,0,0,0,0,0,0,0
2029,1,24,13,28.98049,9.338398,240.9932,34.4025,0,159.5808,47.69836,0,0,24.19564,23.50243,9.193089,0,126.166,181.06,0,0,0,137.172,0,84.57091,3.439878,7.582339,139.5612,280.6015,0,0,113.31,2.345448,6.342693,4.515604,0,0,0,0,28.37219,8.532737,0,25.69573,306.6711,57.50082,218.3185,79.79316,58.11221,24.79399,54.53289,0,0,0,0,0,0,0,0,128.7091,257.3635,0,128.7091,253.808,0,0,0,0,18.47826,18.47826,46.19566,69.30102,0,0,0,0,0,0,0,0,0,0,0,0,0,0,0,3.612968,3.612968,0,0,0,0,0,0,0,0,0,0,0,0,0,0,3.612968,3.612968,42.12937,0,0,0,0,0,0,0,19.54527,19.54527,19.54527,19.90022,19.90022,3.225839,3.225839,1.727273,0,4.435484,0,0,0,0,0,0,0,0,0,0,0,0,0,0,0,276.1364,276.1364,149.233,125.4347,77.76158,4.754552,54.06482,0,0,0,0,167.3569,634.1912,855.2889,0,0,0,0,0,0,0,0,0,0,0,0,0,0,0,0,0,0,0,0,0,0,0,0,0,0,81.99136,0,0,0,0,0,0,0,374.1562,374.7265,373.87,6.8176,12.5566,2.581,0,0,0,0,0,0,0,0,0,0,0,0,0,0,0,0,0,0,0,0,0,0,0,0,0,0,0,0,0,0,0,0,0,0,0,0,0,0,0,0,0,0,0,0,0,0,0,361.8349,0,0,0,0,0,0,0,0,0,0,4.147352,0,0,0,0,0,0,0,0,0,0,0,0,0,0,0,0,0,0,0,0,0,0,0,0,0,0,0,0,0,0,0,0,0,0,0,0,0,0,0,0,0,0,0,0,0,0,0,0,0,0,0,0,0,0,0,0,0,0,0,0,0,0,0,0,0,0,0,0,0,0,0,0,0,0,0,0,0,0,0,0,0,0,0,0,0,0,0,0,0,0,0,0,0,0,0,0,0,0,0,0,0,0,0,0,0,0,0,0,0,0,0,0,0,0,0,0,0,0,0,0,0
2029,1,24,14,19.41818,9.705565,0,0,0,0,0,0,0,0,0,9.554543,0,0,0,0,0,0,139.0872,0,0,3.355464,7.880462,102.8282,0,0,0,0,2.437666,7.787331,5.544096,0,0,0,0,0,8.868227,0,50.39194,312.2244,0,219.0022,0,34.47084,23.88007,0,0,0,0,0,0,0,0,0,128.7091,257.3635,0,128.7091,253.808,0,0,0,0,18.47826,18.47826,46.19566,69.30102,0,0,0,0,0,0,0,0,0,0,0,0,0,0,0,3.612968,3.612968,0,0,0,0,0,0,0,0,0,0,0,0,0,0,3.612968,3.612968,42.12937,19.54527,19.54527,19.54527,19.54527,19.54527,0,0,19.54527,19.54527,19.54527,19.90022,19.90022,3.225839,3.225839,1.727273,0,4.435484,0,0,0,0,0,0,0,0,0,0,0,0,0,0,0,276.1364,276.1364,125.4728,64.2774,39.38656,5.246073,55.68788,0,0,0,0,178.6255,612.1724,823.9203,0,0,0,0,0,0,0,0,0,0,0,0,0,0,0,0,0,0,0,0,0,0,0,0,0,0,82.24933,0,0,0,0,0,0,0,374.1562,374.7265,373.87,6.8176,12.5566,2.581,0,0,0,0,0,0,0,0,0,0,0,0,0,0,0,0,0,0,0,0,0,0,0,0,0,0,0,0,0,0,0,0,0,0,0,0,0,0,0,0,0,0,0,0,0,0,0,376.0274,0,0,0,0,0,0,0,0,0,0,4.310027,0,0,0,0,0,0,0,0,0,0,0,0,0,0,0,0,0,0,0,0,0,0,0,0,0,0,0,0,0,0,0,0,0,0,0,0,0,0,0,0,0,0,0,0,0,0,0,0,0,0,0,0,0,0,0,0,0,0,0,0,0,0,0,0,0,0,0,0,0,0,0,0,0,0,0,0,0,0,0,0,0,0,0,0,0,0,0,0,0,0,0,0,0,0,0,0,0,0,0,0,0,0,0,0,0,0,0,0,0,0,0,0,0,0,0,0,0,0,0,0,0
2029,1,24,15,49.09109,10.27045,243.8022,38.5875,10.82012,164.9576,51.67489,0,0,0,0,10.11064,0,153.628,1.917973,0,0,0,143.0352,0,89.35075,2.996704,8.33912,146.7819,295.1194,0,0,119.865,2.579543,8.045103,5.727614,0,0,0,0,0,9.384376,0,0,319.4518,59.89722,217.8628,172.0484,32.89565,20.42309,56.53189,0,0,0,0,0,0,0,0,128.7091,257.3635,0,128.7091,253.808,0,0,0,0,18.47826,18.47826,46.19566,69.30102,0,0,0,0,0,0,0,0,0,0,0,0,0,0,0,3.612968,3.612968,0,0,0,0,0,0,0,0,0,0,0,0,0,0,3.612968,3.612968,42.12937,19.54527,19.54527,19.54527,19.54527,19.54527,0,0,19.54527,19.54527,19.54527,19.90022,19.90022,3.225839,3.225839,1.727273,0,4.435484,0,0,0,0,0,0,0,0,0,0,0,0,0,0,0,276.1364,276.1364,131.786,42.88841,27.29031,6.059723,61.45179,0,0,0,0,166.312,528.8244,705.3696,0,0,0,0,0,0,0,0,0,0,0,0,0,0,0,0,0,0,0,0,0,0,0,0,0,0,82.82807,0,0,0,0,0,0,0,374.1562,374.7265,373.87,6.8176,12.5566,2.581,0,0,0,0,0,0,0,0,0,0,0,0,0,0,0,0,0,0,0,0,0,0,0,0,0,0,0,0,0,0,0,0,0,0,0,0,0,0,0,0,0,0,0,0,0,0,0,397.7933,0,0,0,0,0,0,0,0,0,0,4.559507,0,0,0,0,0,0,0,0,0,0,0,0,0,0,0,0,0,0,0,0,0,0,0,0,0,0,0,0,0,0,0,0,0,0,0,0,0,0,0,0,0,0,0,0,0,0,0,0,0,0,0,0,0,0,0,0,0,0,0,0,0,0,0,0,0,0,0,0,0,0,0,0,0,0,0,0,0,0,0,0,0,0,0,0,0,0,0,0,0,0,0,0,0,0,0,0,0,0,0,0,0,0,0,0,0,0,0,0,0,0,0,0,0,0,0,0,0,0,0,0,0
2029,1,24,16,9.044359,10.03771,232.1094,21.12607,11.21403,166.3625,50.54174,11.80152,0,26.00756,25.26243,9.881523,0,107.5595,154.9075,0,0,0,144.3456,0,89.74973,2.363597,8.150151,150.8697,303.3385,0,10.12861,122.055,2.521089,8.337985,5.936129,0,0,0,0,30.46602,9.17172,0,11.13719,334.7484,62.76533,216.9512,179.4092,18.2333,12.89296,57.27852,0,0,0,0,0,0,0,0,128.7091,257.3635,0,128.7091,253.808,0,0,0,0,18.47826,18.47826,46.19566,69.30102,0,0,0,0,0,0,0,0,0,0,0,0,0,0,0,3.612968,3.612968,0,0,0,0,0,0,0,0,0,0,0,0,0,0,3.612968,3.612968,42.12937,19.54527,19.54527,19.54527,19.54527,19.54527,0,0,19.54527,19.54527,19.54527,19.90022,19.90022,3.225839,3.225839,1.727273,0,4.435484,0,0,0,0,0,0,0,0,0,0,0,0,0,0,0,276.1364,276.1364,123.2339,31.54555,20.77857,5.780044,66.06372,0,0,0,0,166.784,393.726,513.3429,0,0,0,0,0,0,0,0,0,0,0,0,0,0,0,0,0,0,0,0,0,0,0,0,0,0,82.91309,0,0,0,0,0,0,0,374.1562,374.7265,373.87,6.8176,12.5566,2.581,0,0,0,0,0,0,0,0,0,0,0,0,0,0,0,0,0,0,0,0,0,0,0,0,0,0,0,0,0,0,0,0,0,0,0,0,0,0,0,0,0,0,0,0,0,0,0,388.5379,0,0,0,0,0,0,0,0,0,0,4.453422,0,0,0,0,0,0,0,0,0,0,0,0,0,0,0,0,0,0,0,0,0,0,0,0,0,0,0,0,0,0,0,0,0,0,0,0,0,0,0,0,0,0,0,0,0,0,0,0,0,0,0,0,0,0,0,0,0,0,0,0,0,0,0,0,0,0,0,0,0,0,0,0,0,0,0,0,0,0,0,0,0,0,0,0,0,0,0,0,0,0,0,0,0,0,0,0,0,0,0,0,0,0,0,0,0,0,0,0,0,0,0,0,0,0,0,0,0,0,0,0,0
2029,1,24,17,17.53692,2.656242,201.3414,60.4575,0,120.8516,41.16749,0,4.196899,0,0,5.407504,294.0449,5.6715,0,0,0,5.843635,131.292,0,65.6842,1.139591,4.460038,111.328,223.836,0,0,106.17,0.6671461,0.906352,0.6452664,0,0,0,0,16.68774,2.427077,0,3.039117,234.7451,44.01471,227.5709,22.32055,162.2311,1.925972,53.14045,0,0,0,0,0,0,0,0,128.7091,257.3635,0,128.7091,253.808,0,0,0,0,18.47826,18.47826,46.19566,69.30102,0,0,0,0,0,0,0,0,0,0,0,0,0,0,0,3.612968,3.612968,0,48.0012,52.5,48.0012,52.5,0,0,0,0,0,0,0,0,0,3.612968,3.612968,42.12937,19.54527,19.54527,19.54527,19.54527,19.54527,0,0,19.54527,19.54527,19.54527,19.90022,19.90022,3.225839,3.225839,1.727273,0,4.435484,0,0,0,0,0,0,0,0,0,0,0,0,0,0,0,276.1364,276.1364,155.1141,16.26907,10.72646,18.17917,40.45352,0,0,0,0,223.5187,129.5004,137.2023,0,0,0,0,0,0,0,0,0,0,0,0,0,0,0,0,0,0,0,0,0,0,0,0,0,0,82.57544,0,0,0,0,0,0,0,374.1562,374.7265,373.87,6.8176,12.5566,2.581,0,0,0,0,0,0,0,0,0,0,0,0,0,0,0,0,0,0,0,0,0,0,0,0,0,0,0,0,0,0,0,0,0,0,0,0,0,0,0,0,0,0,0,0,0,0,0,212.8213,0,0,0,0,0,0,0,0,0,0,2.439358,0,0,0,0,0,0,0,0,0,0,0,0,0,0,0,0,0,0,0,0,0,0,0,0,0,0,0,0,0,0,0,0,0,0,0,0,0,0,0,0,0,0,0,0,0,0,0,0,0,0,0,0,0,0,0,0,0,0,0,0,0,0,0,0,0,0,0,0,0,0,0,0,0,0,0,0,0,0,0,0,0,0,0,0,0,0,0,0,0,0,0,0,0,0,0,0,0,0,0,0,0,0,0,0,0,0,0,0,0,0,0,0,0,0,0,0,0,0,0,0,0
2029,1,24,18,4.903258,0,44.59937,10.71,0,7.322172,7.882151,0,0.255819,0.867515,0.842661,0.3296108,294.0449,0,0,0,0,0.356195,26.8296,0,8.086524,0.1055177,0.271859,19.02586,38.25337,0,0.45217,17.385,0,0,0,0,0,0,0,1.021792,0,0,0,8.275781,1.551709,166.4964,38.66316,39.92956,0,13.07166,0,0,0,0,0,0,0,0,128.7091,257.3635,0,128.7091,253.808,0,0,0,0,18.47826,18.47826,46.19566,69.30102,0,0,0,0,0,0,0,0,0,0,0,0,0,0,0,3.612968,3.612968,0,48.0012,52.5,48.0012,52.5,0,0,0,0,0,0,0,0,0,3.612968,3.612968,42.12937,19.54527,19.54527,19.54527,19.54527,19.54527,0,0,19.54527,19.54527,19.54527,19.90022,19.90022,3.225839,3.225839,1.727273,0,4.435484,0,0,0,0,0,0,0,0,0,0,0,0,0,0,0,276.1364,276.1364,194.64,14.26178,9.48312,27.31537,51.24252,0,28.66856,0,0,210.4636,47.272,24.5862,0,0,0,0,0,0,0,0,0,0,0,0,0,0,0,0,0,0,0,0,0,0,0,0,0,0,82.69611,0,0,0,0,0,0,0,374.1562,374.7265,373.87,6.8176,12.5566,2.581,0,0,0,0,0,0,0,0,0,0,0,0,0,0,0,0,0,0,0,0,0,0,0,0,0,0,0,0,0,0,0,0,0,0,0,0,0,0,0,0,0,0,0,0,0,0,0,13.03108,0,0,0,0,0,0,0,0,0,0,0.149362,0,0,0,0,0,0,0,0,0,0,0,0,0,0,0,0,0,0,0,0,0,0,0,0,0,0,0,0,0,0,0,0,0,0,0,0,0,0,0,0,0,0,0,0,0,0,0,0,0,0,0,0,0,0,0,0,0,0,0,0,0,0,0,0,0,0,0,0,0,0,0,0,0,0,0,0,0,0,0,0,0,0,0,0,0,0,0,0,0,0,0,0,0,0,0,0,0,0,0,0,0,0,0,0,0,0,0,0,0,0,0,0,0,0,0,0,0,0,0,0,0
2029,1,24,19,0,0,0,0,0,0,0,0,0,0,0,0,294.0449,0,0,0,0,0,0,0,0,0,0,0,0,0,0,0,0,0,0,0,0,0,0,0,0,0,0,0,0,53.59971,0,0,0,0,0,0,0,0,0,0,0,0,128.7091,257.3635,0,128.7091,253.808,0,0,0,0,18.47826,18.47826,46.19566,69.30102,0,0,0,0,0,0,0,0,0,0,0,0,0,0,0,3.612968,3.612968,0,48.0012,52.5,48.0012,52.5,0,0,0,0,0,0,0,0,0,3.612968,3.612968,42.12937,19.54527,19.54527,19.54527,19.54527,19.54527,0,0,19.54527,19.54527,19.54527,19.90022,19.90022,3.225839,3.225839,1.727273,0,4.435484,0,0,0,0,0,0,0,0,0,0,0,0,0,0,0,276.1364,276.1364,194.64,19.16825,13.02349,14.91624,62.15242,0,38.53565,0,0,191.7046,0,0,0,0,0,0,0,0,0,0,0,0,0,0,0,0,0,0,0,0,0,0,0,0,0,0,0,0,81.62627,0,0,0,0,0,0,0,374.1562,374.7265,373.87,6.8176,12.5566,2.581,0,0,0,0,0,0,0,0,0,0,0,0,0,0,0,0,0,0,0,0,0,0,0,0,0,0,0,0,0,0,0,0,0,0,0,0,0,0,0,0,0,0,0,0,0,0,0,0,0,0,0,0,0,0,0,0,0,0,0,0,0,0,0,0,0,0,0,0,0,0,0,0,0,0,0,0,0,0,0,0,0,0,0,0,0,0,0,0,0,0,0,0,0,0,0,0,0,0,0,0,0,0,0,0,0,0,0,0,0,0,0,0,0,0,0,0,0,0,0,0,0,0,0,0,0,0,0,0,0,0,0,0,0,0,0,0,0,0,0,0,0,0,0,0,0,0,0,0,0,0,0,0,0,0,0,0,0,0,0,0,0,0,0,0,0,0,0,0,0,0,0,0,0,0,0,0,0,0,0,0
2029,1,24,20,0,0,0,0,0,0,0,0,0,0,0,0,269.5411,0,0,0,0,0,0,0,0,0,0,0,0,0,0,0,0,0,0,0,0,0,0,0,0,0,0,0,0,0,0,0,0,0,0,0,0,0,0,0,0,0,128.7091,257.3635,0,128.7091,253.808,0,0,0,0,18.47826,18.47826,46.19566,69.30102,0,0,0,0,0,0,0,0,0,0,0,0,0,0,0,3.612968,3.612968,0,0,0,0,0,0,0,0,0,0,0,0,0,0,3.612968,3.612968,42.12937,0,0,0,0,0,0,0,0,0,0,0,0,3.225839,3.225839,1.727273,0,4.435484,0,0,0,0,0,0,0,0,0,0,0,0,0,0,0,276.1364,276.1364,194.64,7.394081,4.868001,11.83977,33.04392,0,107.3107,0,0,151.3214,0,0,0,0,0,0,0,0,0,0,0,0,0,0,0,0,0,0,0,0,0,0,0,0,0,0,0,0,79.81467,0,0,0,0,0,0,0,374.1562,374.7265,373.87,6.8176,12.5566,2.581,0,0,0,0,0,0,0,0,0,0,0,0,0,0,0,0,0,0,0,0,0,0,0,0,0,0,0,0,0,0,0,0,0,0,0,0,0,0,0,0,0,0,0,0,0,0,0,0,0,0,0,0,0,0,0,0,0,0,0,0,0,0,0,0,0,0,0,0,0,0,0,0,0,0,0,0,0,0,0,0,0,0,0,0,0,0,0,0,0,0,0,0,0,0,0,0,0,0,0,0,0,0,0,0,0,0,0,0,0,0,0,0,0,0,0,0,0,0,0,0,0,0,0,0,0,0,0,0,0,0,0,0,0,0,0,0,0,0,0,0,0,0,0,0,0,0,0,0,0,0,0,0,0,0,0,0,0,0,0,0,0,0,0,0,0,0,0,0,0,0,0,0,0,0,0,0,0,0,0,0
2029,1,24,21,0,0,0,0,0,0,0,0,0,0,0,0,0,0,0,0,0,0,0,0,0,0,0,0,0,0,0,0,0,0,0,0,0,0,0,0,0,0,0,0,0,0,0,0,0,0,0,0,0,0,0,0,0,0,128.7091,257.3635,0,128.7091,253.808,0,0,0,0,18.47826,18.47826,46.19566,69.30102,0,0,0,0,0,0,0,0,0,0,0,0,0,0,0,3.612968,3.612968,0,0,0,0,0,0,0,0,0,0,0,0,0,0,3.612968,3.612968,42.12937,0,0,0,0,0,0,0,0,0,0,0,0,3.225839,3.225839,1.727273,0,4.435484,0,0,0,0,0,0,0,0,0,0,0,0,0,0,0,276.1364,276.1364,194.64,9.164269,6.406374,12.21267,25.80556,0,199.3054,0,0,123.505,0,0,0,0,0,0,0,0,0,0,0,0,0,0,0,0,0,0,0,0,0,0,0,0,0,0,0,0,80.25635,0,0,0,0,0,0,0,374.1562,374.7265,373.87,6.8176,12.5566,2.581,0,0,0,0,0,0,0,0,0,0,0,0,0,0,0,0,0,0,0,0,0,0,0,0,0,0,0,0,0,0,0,0,0,0,0,0,0,0,0,0,0,0,0,0,0,0,0,0,0,0,0,0,0,0,0,0,0,0,0,0,0,0,0,0,0,0,0,0,0,0,0,0,0,0,0,0,0,0,0,0,0,0,0,0,0,0,0,0,0,0,0,0,0,0,0,0,0,0,0,0,0,0,0,0,0,0,0,0,0,0,0,0,0,0,0,0,0,0,0,0,0,0,0,0,0,0,0,0,0,0,0,0,0,0,0,0,0,0,0,0,0,0,0,0,0,0,0,0,0,0,0,0,0,0,0,0,0,0,0,0,0,0,0,0,0,0,0,0,0,0,0,0,0,0,0,0,0,0,0,0
2029,1,24,22,0,0,0,0,0,0,0,0,0,0,0,0,0,0,0,0,0,0,0,0,0,0,0,0,0,0,0,0,0,0,0,0,0,0,0,0,0,0,0,0,0,0,0,0,0,0,0,0,0,0,0,0,0,0,128.7091,257.3635,0,128.7091,253.808,0,0,0,0,18.47826,18.47826,46.19566,69.30102,0,0,0,0,0,0,0,0,0,0,0,0,0,0,0,3.612968,3.612968,0,0,0,0,0,0,0,0,0,0,0,0,0,0,3.612968,3.612968,42.12937,0,0,0,0,0,0,0,0,0,0,0,0,3.225839,3.225839,1.727273,0,4.435484,0,0,0,0,0,0,0,0,0,0,0,0,0,0,0,276.1364,276.1364,194.64,0,0,18.17917,18.06604,0,185.5602,0,0,68.01183,0,0,0,0,0,0,0,0,0,0,0,0,0,0,0,0,0,0,0,0,0,0,0,0,0,0,0,0,79.50605,0,0,0,0,0,0,0,374.1562,374.7265,373.87,6.8176,12.5566,2.581,0,0,0,0,0,0,0,0,0,0,0,0,0,0,0,0,0,0,0,0,0,0,0,0,0,0,0,0,0,0,0,0,0,0,0,0,0,0,0,0,0,0,0,0,0,0,0,0,0,0,0,0,0,0,0,0,0,0,0,0,0,0,0,0,0,0,0,0,0,0,0,0,0,0,0,0,0,0,0,0,0,0,0,0,0,0,0,0,0,0,0,0,0,0,0,0,0,0,0,0,0,0,0,0,0,0,0,0,0,0,0,0,0,0,0,0,0,0,0,0,0,0,0,0,0,0,0,0,0,0,0,0,0,0,0,0,0,0,0,0,0,0,0,0,0,0,0,0,0,0,0,0,0,0,0,0,0,0,0,0,0,0,0,0,0,0,0,0,0,0,0,0,0,0,0,0,0,0,0,0
2029,1,24,23,0,0,0,0,0,0,0,0,0,0,0,0,0,0,0,0,0,0,0,0,0,0,0,0,0,0,0,0,0,0,0,0,0,0,0,0,0,0,0,0,0,0,0,0,0,0,0,0,0,0,0,0,0,0,128.7091,257.3635,0,128.7091,253.808,0,0,0,0,18.47826,18.47826,46.19566,69.30102,0,0,0,0,0,0,0,0,0,0,0,0,0,0,0,3.612968,3.612968,0,0,0,0,0,0,0,0,0,0,0,0,0,0,3.612968,3.612968,42.12937,0,0,0,0,0,0,0,0,0,0,0,0,3.225839,3.225839,1.727273,0,4.435484,0,0,0,0,0,0,0,0,0,0,0,0,0,0,0,276.1364,276.1364,194.64,0.5751532,0,15.10269,24.03418,0,163.3224,0,0,61.09705,0,0,0,0,0,0,0,0,0,0,0,0,0,0,0,0,0,0,0,0,0,0,0,0,0,0,0,0,78.24054,0,0,0,0,0,0,0,374.1562,374.7265,373.87,6.8176,12.5566,2.581,0,0,0,0,0,0,0,0,0,0,0,0,0,0,0,0,0,0,0,0,0,0,0,0,0,0,0,0,0,0,0,0,0,0,0,0,0,0,0,0,0,0,0,0,0,0,0,0,0,0,0,0,0,0,0,0,0,0,0,0,0,0,0,0,0,0,0,0,0,0,0,0,0,0,0,0,0,0,0,0,0,0,0,0,0,0,0,0,0,0,0,0,0,0,0,0,0,0,0,0,0,0,0,0,0,0,0,0,0,0,0,0,0,0,0,0,0,0,0,0,0,0,0,0,0,0,0,0,0,0,0,0,0,0,0,0,0,0,0,0,0,0,0,0,0,0,0,0,0,0,0,0,0,0,0,0,0,0,0,0,0,0,0,0,0,0,0,0,0,0,0,0,0,0,0,0,0,0,0,0
2029,1,24,24,0,0,0,0,0,0,0,0,0,0,0,0,0,0,0,0,0,0,0,0,0,0,0,0,0,0,0,0,0,0,0,0,0,0,0,0,0,0,0,0,0,0,0,0,0,0,0,0,0,0,0,0,0,0,150.912,257.3635,0,128.7091,253.808,0,0,0,0,18.47826,18.47826,46.19566,69.30102,0,0,0,0,0,0,0,0,0,0,0,0,0,0,0,3.612968,3.612968,0,0,0,0,0,0,0,0,0,0,0,0,0,0,3.612968,3.612968,42.12937,0,0,0,0,0,0,0,0,0,0,0,0,3.225839,3.225839,1.727273,0,4.435484,0,0,0,0,0,0,0,0,0,0,0,0,0,0,0,276.1364,276.1364,194.64,2.542248,0,11.00073,14.92704,0,444.7063,0,0,44.01215,0,0,0,0,0,0,0,0,0,0,0,0,0,0,0,0,0,0,0,0,0,0,0,0,0,0,0,0,77.13846,0,0,0,0,0,0,0,374.1562,374.7265,373.87,6.8176,12.5566,2.581,0,0,0,0,0,0,0,0,0,0,0,0,0,0,0,0,0,0,0,0,0,0,0,0,0,0,0,0,0,0,0,0,0,0,0,0,0,0,0,0,0,0,0,0,0,0,0,0,0,0,0,0,0,0,0,0,0,0,0,0,0,0,0,0,0,0,0,0,0,0,0,0,0,0,0,0,0,0,0,0,0,0,0,0,0,0,0,0,0,0,0,0,0,0,0,0,0,0,0,0,0,0,0,0,0,0,0,0,0,0,0,0,0,0,0,0,0,0,0,0,0,0,0,0,0,0,0,0,0,0,0,0,0,0,0,0,0,0,0,0,0,0,0,0,0,0,0,0,0,0,0,0,0,0,0,0,0,0,0,0,0,0,0,0,0,0,0,0,0,0,0,0,0,0,0,0,0,0,0,0
2029,1,25,1,0,0,0,0,0,0,0,0,0,0,0,0,0,0,0,0,0,0,0,0,0,0,0,0,0,0,0,0,0,0,0,0,0,0,0,0,0,0,0,0,0,0,0,0,0,0,0,0,0,0,0,0,0,0,128.7091,257.3635,0,128.7091,253.808,0,0,0,0,18.47826,18.47826,46.19566,69.30102,0,0,0,0,0,0,0,0,0,0,0,0,0,0,0,3.612968,3.612968,0,0,0,0,0,0,0,0,0,0,0,0,0,0,3.612968,3.612968,42.12937,0,0,0,0,0,0,0,0,0,0,0,0,3.225839,3.225839,1.727273,0,4.435484,0,0,0,0,0,0,0,0,0,0,0,0,0,0,0,276.1364,276.1364,194.64,12.69534,8.893059,6.339402,0,0,452.4135,0,0,37.47934,0,0,0,0,0,0,0,0,0,0,0,0,0,0,0,0,0,0,0,0,0,0,0,0,0,0,0,0,76.41498,0,0,0,0,0,0,0,374.1562,374.7265,373.87,6.8176,12.5566,2.581,0,0,0,0,0,0,0,0,0,0,0,0,0,0,0,0,0,0,0,0,0,0,0,0,0,0,0,0,0,0,0,0,0,0,0,0,0,0,0,0,0,0,0,0,0,0,0,0,0,0,0,0,0,0,0,0,0,0,0,0,0,0,0,0,0,0,0,0,0,0,0,0,0,0,0,0,0,0,0,0,0,0,0,0,0,0,0,0,0,0,0,0,0,0,0,0,0,0,0,0,0,0,0,0,0,0,0,0,0,0,0,0,0,0,0,0,0,0,0,0,0,0,0,0,0,0,0,0,0,0,0,0,0,0,0,0,0,0,0,0,0,0,0,0,0,0,0,0,0,0,0,0,0,0,0,0,0,0,0,0,0,0,0,0,0,0,0,0,0,0,0,0,0,0,0,0,0,0,0,0
2029,1,25,2,0,0,0,0,0,0,0,0,0,0,0,0,0,0,0,0,0,0,0,0,0,0,0,0,0,0,0,0,0,0,0,0,0,0,0,0,0,0,0,0,0,0,0,0,0,0,0,0,0,0,0,0,0,0,128.7091,257.3635,0,128.7091,253.808,0,0,0,0,18.47826,18.47826,46.19566,69.30102,0,0,0,0,0,0,0,0,0,0,0,0,0,0,0,3.612968,3.612968,0,0,0,0,0,0,0,0,0,0,0,0,0,0,3.612968,3.612968,42.12937,0,0,0,0,0,0,0,0,0,0,0,0,3.225839,3.225839,1.727273,0,4.435484,0,0,0,0,0,0,0,0,0,0,0,0,0,0,0,276.1364,276.1364,194.64,6.424084,4.362235,1.584851,0,0,452.4625,0,0,41.76614,0,0,0,0,0,0,0,0,0,0,0,0,0,0,0,0,0,0,0,0,0,0,0,0,0,0,0,0,75.6345,0,0,0,0,0,0,0,374.1562,374.7265,373.87,6.8176,12.5566,2.581,0,0,0,0,0,0,0,0,0,0,0,0,0,0,0,0,0,0,0,0,0,0,0,0,0,0,0,0,0,0,0,0,0,0,0,0,0,0,0,0,0,0,0,0,0,0,0,0,0,0,0,0,0,0,0,0,0,0,0,0,0,0,0,0,0,0,0,0,0,0,0,0,0,0,0,0,0,0,0,0,0,0,0,0,0,0,0,0,0,0,0,0,0,0,0,0,0,0,0,0,0,0,0,0,0,0,0,0,0,0,0,0,0,0,0,0,0,0,0,0,0,0,0,0,0,0,0,0,0,0,0,0,0,0,0,0,0,0,0,0,0,0,0,0,0,0,0,0,0,0,0,0,0,0,0,0,0,0,0,0,0,0,0,0,0,0,0,0,0,0,0,0,0,0,0,0,0,0,0,0
2029,1,25,3,0,0,0,0,0,0,0,0,0,0,0,0,0,0,0,0,0,0,0,0,0,0,0,0,0,0,0,0,0,0,0,0,0,0,0,0,0,0,0,0,0,0,0,0,0,0,0,0,0,0,0,0,0,0,128.7091,257.3635,0,128.7091,253.808,0,0,0,0,18.47826,18.47826,46.19566,69.30102,0,0,0,0,0,0,0,0,0,0,0,0,0,0,0,3.612968,3.612968,0,0,0,0,0,0,0,0,0,0,0,0,0,0,3.612968,3.612968,42.12937,0,0,0,0,0,0,0,0,0,0,0,0,3.225839,3.225839,1.727273,0,4.435484,0,0,0,0,0,0,0,0,0,0,0,0,0,0,0,276.1364,276.1364,194.64,22.5534,16.73244,1.211945,0,0,452.6589,0,0,62.51759,0,0,0,0,0,0,0,0,0,0,0,0,0,0,0,0,0,0,0,0,0,0,0,0,0,0,0,0,75.5859,0,0,0,0,0,0,0,374.1562,374.7265,373.87,6.8176,12.5566,2.581,0,0,0,0,0,0,0,0,0,0,0,0,0,0,0,0,0,0,0,0,0,0,0,0,0,0,0,0,0,0,0,0,0,0,0,0,0,0,0,0,0,0,0,0,0,0,0,0,0,0,0,0,0,0,0,0,0,0,0,0,0,0,0,0,0,0,0,0,0,0,0,0,0,0,0,0,0,0,0,0,0,0,0,0,0,0,0,0,0,0,0,0,0,0,0,0,0,0,0,0,0,0,0,0,0,0,0,0,0,0,0,0,0,0,0,0,0,0,0,0,0,0,0,0,0,0,0,0,0,0,0,0,0,0,0,0,0,0,0,0,0,0,0,0,0,0,0,0,0,0,0,0,0,0,0,0,0,0,0,0,0,0,0,0,0,0,0,0,0,0,0,0,0,0,0,0,0,0,0,0
2029,1,25,4,0,0,0,0,0,0,0,0,0,0,0,0,0,0,0,0,0,0,0,0,0,0,0,0,0,0,0,0,0,0,0,0,0,0,0,0,0,0,0,0,0,0,0,0,0,0,0,0,0,0,0,0,0,0,128.7091,257.3635,0,128.7091,253.808,0,0,0,0,18.47826,18.47826,46.19566,69.30102,0,0,0,0,0,0,0,0,0,0,0,0,0,0,0,3.612968,3.612968,0,0,0,0,0,0,0,0,0,0,0,0,0,0,3.612968,3.612968,42.12937,0,0,0,0,0,0,0,0,0,0,0,0,3.225839,3.225839,1.727273,0,4.435484,0,0,0,0,0,0,0,0,0,0,0,0,0,0,0,276.1364,276.1364,194.64,10.76241,7.776158,2.517116,0.2429008,0,452.9534,0,0,73.01071,0,0,0,0,0,0,0,0,0,0,0,0,0,0,0,0,0,0,0,0,0,0,0,0,0,0,0,0,76.1218,0,0,0,0,0,0,0,374.1562,374.7265,373.87,6.8176,12.5566,2.581,0,0,0,0,0,0,0,0,0,0,0,0,0,0,0,0,0,0,0,0,0,0,0,0,0,0,0,0,0,0,0,0,0,0,0,0,0,0,0,0,0,0,0,0,0,0,0,0,0,0,0,0,0,0,0,0,0,0,0,0,0,0,0,0,0,0,0,0,0,0,0,0,0,0,0,0,0,0,0,0,0,0,0,0,0,0,0,0,0,0,0,0,0,0,0,0,0,0,0,0,0,0,0,0,0,0,0,0,0,0,0,0,0,0,0,0,0,0,0,0,0,0,0,0,0,0,0,0,0,0,0,0,0,0,0,0,0,0,0,0,0,0,0,0,0,0,0,0,0,0,0,0,0,0,0,0,0,0,0,0,0,0,0,0,0,0,0,0,0,0,0,0,0,0,0,0,0,0,0,0
2029,1,25,5,0,0,0,0,0,0,0,0,0,0,0,0,0,0,0,0,0,0,0,0,0,0,0,0,0,0,0,0,0,0,0,0,0,0,0,0,0,0,0,0,0,0,0,0,0,0,0,0,0,0,0,0,0,0,128.7091,257.3635,0,128.7091,253.808,0,0,0,0,18.47826,18.47826,46.19566,69.30102,0,0,0,0,0,0,0,0,0,0,0,0,0,0,0,3.612968,3.612968,0,0,0,0,0,0,0,0,0,0,0,0,0,0,3.612968,3.612968,42.12937,0,0,0,0,0,0,0,0,0,0,0,0,3.225839,3.225839,1.727273,0,4.435484,0,0,0,0,0,0,0,0,0,0,0,0,0,0,0,276.1364,276.1364,194.64,6.156795,4.193646,4.474872,6.618375,0,453.2971,0,0,65.95067,0,0,0,0,0,0,0,0,0,0,0,0,0,0,0,0,0,0,0,0,0,0,0,0,0,0,0,0,76.61055,0,0,0,0,0,0,0,374.1562,374.7265,373.87,6.8176,12.5566,2.581,0,0,0,0,0,0,0,0,0,0,0,0,0,0,0,0,0,0,0,0,0,0,0,0,0,0,0,0,0,0,0,0,0,0,0,0,0,0,0,0,0,0,0,0,0,0,0,0,0,0,0,0,0,0,0,0,0,0,0,0,0,0,0,0,0,0,0,0,0,0,0,0,0,0,0,0,0,0,0,0,0,0,0,0,0,0,0,0,0,0,0,0,0,0,0,0,0,0,0,0,0,0,0,0,0,0,0,0,0,0,0,0,0,0,0,0,0,0,0,0,0,0,0,0,0,0,0,0,0,0,0,0,0,0,0,0,0,0,0,0,0,0,0,0,0,0,0,0,0,0,0,0,0,0,0,0,0,0,0,0,0,0,0,0,0,0,0,0,0,0,0,0,0,0,0,0,0,0,0,0
2029,1,25,6,0,0,0,0,0,0,0,0,0,0,0,0,0,0,0,0,0,0,0,0,0,0,0,0,0,0,0,0,0,0,0,0,0,0,0,0,0,0,0,0,0,0,0,0,0,0,0,0,0,0,0,0,0,0,128.7091,257.3635,0,128.7091,253.808,0,0,0,0,18.47826,18.47826,46.19566,69.30102,0,0,0,0,0,0,0,0,0,0,0,0,0,0,0,3.612968,3.612968,0,0,0,0,0,0,0,0,0,0,0,0,0,0,3.612968,3.612968,42.12937,0,0,0,0,0,0,0,0,0,0,0,0,3.225839,3.225839,1.727273,0,4.435484,0,0,0,0,0,0,0,0,0,0,0,0,0,0,0,276.1364,276.1364,194.64,2.022978,0,5.407137,9.021825,0,453.7389,0,0,43.46758,0,0,0,0,0,0,0,0,0,0,0,0,0,0,0,0,0,0,0,0,0,0,0,0,0,0,0,0,78.38316,0,0,0,0,0,0,0,374.1562,374.7265,373.87,6.8176,12.5566,2.581,0,0,0,0,0,0,0,0,0,0,0,0,0,0,0,0,0,0,0,0,0,0,0,0,0,0,0,0,0,0,0,0,0,0,0,0,0,0,0,0,0,0,0,0,0,0,0,0,0,0,0,0,0,0,0,0,0,0,0,0,0,0,0,0,0,0,0,0,0,0,0,0,0,0,0,0,0,0,0,0,0,0,0,0,0,0,0,0,0,0,0,0,0,0,0,0,0,0,0,0,0,0,0,0,0,0,0,0,0,0,0,0,0,0,0,0,0,0,0,0,0,0,0,0,0,0,0,0,0,0,0,0,0,0,0,0,0,0,0,0,0,0,0,0,0,0,0,0,0,0,0,0,0,0,0,0,0,0,0,0,0,0,0,0,0,0,0,0,0,0,0,0,0,0,0,0,0,0,0,0
2029,1,25,7,0,0,0,0,0,0,0,0,0,0,0,0,0,2.786,0,0,0,0,0,0,0,0,0,0,0,0,0,0,0,0,0,0,0,0,0,0,0,0,0,0,0,0,0,0,0,0,0,0,0,0,0,0,0,0,128.7091,257.3635,0,128.7091,253.808,0,0,0,0,18.47826,18.47826,46.19566,69.30102,0,0,0,0,0,0,0,0,0,0,0,0,0,0,0,3.612968,3.612968,0,0,0,0,0,0,0,0,0,0,0,0,0,0,3.612968,3.612968,42.12937,0,0,0,0,0,0,0,0,0,0,0,0,3.225839,3.225839,1.727273,0,4.435484,0,0,0,0,0,0,0,0,0,0,0,0,0,0,0,276.1364,276.1364,194.64,11.30093,7.923674,8.483612,33.0651,0,454.2298,0,0,116.8774,0,0,0,0,0,0,0,0,0,0,0,0,0,0,0,0,0,0,0,0,0,0,0,0,0,0,0,0,79.34565,0,0,0,0,0,0,0,374.1562,374.7265,373.87,6.8176,12.5566,2.581,0,0,0,0,0,0,0,0,0,0,0,0,0,0,0,0,0,0,0,0,0,0,0,0,0,0,0,0,0,0,0,0,0,0,0,0,0,0,0,0,0,0,0,0,0,0,0,0,0,0,0,0,0,0,0,0,0,0,0,0,0,0,0,0,0,0,0,0,0,0,0,0,0,0,0,0,0,0,0,0,0,0,0,0,0,0,0,0,0,0,0,0,0,0,0,0,0,0,0,0,0,0,0,0,0,0,0,0,0,0,0,0,0,0,0,0,0,0,0,0,0,0,0,0,0,0,0,0,0,0,0,0,0,0,0,0,0,0,0,0,0,0,0,0,0,0,0,0,0,0,0,0,0,0,0,0,0,0,0,0,0,0,0,0,0,0,0,0,0,0,0,0,0,0,0,0,0,0,0,0
2029,1,25,8,0,0,0,0,0,0,0,0,0,0,0,0.1991833,0,98.0075,141.8725,0,0,0,0,0,0.909833,0.02325674,0.164284,0.382045,0.76814,0,0,0,0,0,0,0,0,0,0,0,0,0,0,3.543248,0.664359,0,0,0,0,0,0,0,0,0,0,0,0,0,128.7091,257.3635,0,128.7091,253.808,0,0,0,0,18.47826,18.47826,46.19566,69.30102,0,0,0,0,0,0,0,0,0,0,0,0,0,0,0,3.612968,3.612968,0,0,0,0,0,0,0,0,0,0,0,0,0,0,3.612968,3.612968,42.12937,0,0,0,0,0,0,0,0,0,0,0,0,3.225839,3.225839,1.727273,0,4.435484,0,0,0,0,0,0,0,0,0,0,0,0,0,0,0,276.1364,276.1364,194.64,0.7754523,0,24.14566,73.08492,0,454.8188,0,0,115.8884,0,0,0,0,0,0,0,0,0,0,0,0,0,0,0,0,0,0,0,0,0,0,0,0,0,0,0,0,78.40524,0,0,0,0,0,0,0,374.1562,374.7265,373.87,6.8176,12.5566,2.581,0,0,0,0,0,0,0,0,0,0,0,0,0,0,0,0,0,0,0,0,0,0,0,0,0,0,0,0,0,0,0,0,0,0,0,0,0,0,0,0,0,0,0,0,0,0,0,7.84551,0,0,0,0,0,0,0,0,0,0,0.089925,0,0,0,0,0,0,0,0,0,0,0,0,0,0,0,0,0,0,0,0,0,0,0,0,0,0,0,0,0,0,0,0,0,0,0,0,0,0,0,0,0,0,0,0,0,0,0,0,0,0,0,0,0,0,0,0,0,0,0,0,0,0,0,0,0,0,0,0,0,0,0,0,0,0,0,0,0,0,0,0,0,0,0,0,0,0,0,0,0,0,0,0,0,0,0,0,0,0,0,0,0,0,0,0,0,0,0,0,0,0,0,0,0,0,0,0,0,0,0,0,0
2029,1,25,9,7.826664,1.613548,84.01107,21.2625,0,73.5072,26.75957,0,0,11.53061,0,4.381035,0,149.5485,212.8775,0,1.677871,0,45.9144,0,31.05213,0.7913402,3.61342,72.43581,145.6393,0,0,76.11,0.4052614,1.800035,1.281513,0,0,0,0,13.53092,1.474341,0,25.11901,178.8644,33.53707,0,34.8647,0,4.508777,25.02329,0,0,0,0,0,0,0,0,128.7091,257.3635,0,128.7091,253.808,0,0,0,0,18.47826,18.47826,46.19566,69.30102,0,0,0,0,0,0,0,0,0,0,0,0,0,0,0,3.612968,3.612968,0,0,0,0,0,0,0,0,0,0,0,0,0,0,3.612968,3.612968,42.12937,0,0,0,0,0,0,0,0,0,0,0,0,3.225839,3.225839,1.727273,0,4.435484,0,0,0,0,0,0,0,0,0,0,0,0,0,0,0,276.1364,276.1364,194.64,0,0,25.58799,54.34656,0,455.457,0,0,98.32813,191.4516,225.9387,0,0,0,0,0,0,0,0,0,0,0,0,0,0,0,0,0,0,0,0,0,0,0,0,0,0,80.42432,0,0,0,0,0,0,0,374.1562,374.7265,373.87,6.8176,12.5566,2.581,0,0,0,0,0,0,0,0,0,0,0,0,0,0,0,0,0,0,0,0,0,0,0,0,0,0,0,0,0,0,0,0,0,0,0,0,0,0,0,0,0,0,0,0,0,0,0,172.5619,0,0,0,0,0,0,0,0,0,0,1.977905,0,0,0,0,0,0,0,0,0,0,0,0,0,0,0,0,0,0,0,0,0,0,0,0,0,0,0,0,0,0,0,0,0,0,0,0,0,0,0,0,0,0,0,0,0,0,0,0,0,0,0,0,0,0,0,0,0,0,0,0,0,0,0,0,0,0,0,0,0,0,0,0,0,0,0,0,0,0,0,0,0,0,0,0,0,0,0,0,0,0,0,0,0,0,0,0,0,0,0,0,0,0,0,0,0,0,0,0,0,0,0,0,0,0,0,0,0,0,0,0,0
2029,1,25,10,34.43311,9.41265,193.9423,0,0,0,0,11.06662,0,0,23.6893,9.266186,0,157.608,224.6475,0,0,0,144.2112,0,53.4762,2.024843,7.642629,155.034,311.7112,0,0,123.435,2.364097,10.27744,7.316898,0,0,0,0,28.61881,8.600583,0,33.09518,338.8426,63.53299,55.03769,0,122.8435,8.959148,0,0,0,0,0,0,0,0,0,128.7091,257.3635,0,128.7091,253.808,0,0,0,0,18.47826,18.47826,46.19566,69.30102,0,0,0,0,0,0,0,0,0,0,0,0,0,0,0,3.612968,3.612968,0,0,0,0,0,0,0,0,0,0,0,0,0,0,3.612968,3.612968,42.12937,0,0,0,0,0,0,0,0,0,0,0,0,3.225839,3.225839,1.727273,0,4.435484,0,0,0,0,0,0,0,0,0,0,0,0,0,0,0,276.1364,276.1364,194.64,0,0,19.91366,57.60454,0,453.7389,0,0,14.52585,298.8088,378.5427,0,0,0,0,0,0,0,0,0,0,0,0,0,0,0,0,0,0,0,0,0,0,0,0,0,0,81.34407,0,0,0,0,0,0,0,374.1562,374.7265,373.87,6.8176,12.5566,2.581,0,0,0,0,0,0,0,0,0,0,0,0,0,0,0,0,0,0,0,0,0,0,0,0,0,0,0,0,0,0,0,0,0,0,0,0,0,0,0,0,0,0,0,0,0,0,0,364.9802,0,0,0,0,0,0,0,0,0,0,4.183403,0,0,0,0,0,0,0,0,0,0,0,0,0,0,0,0,0,0,0,0,0,0,0,0,0,0,0,0,0,0,0,0,0,0,0,0,0,0,0,0,0,0,0,0,0,0,0,0,0,0,0,0,0,0,0,0,0,0,0,0,0,0,0,0,0,0,0,0,0,0,0,0,0,0,0,0,0,0,0,0,0,0,0,0,0,0,0,0,0,0,0,0,0,0,0,0,0,0,0,0,0,0,0,0,0,0,0,0,0,0,0,0,0,0,0,0,0,0,0,0,0
2029,1,25,11,41.03847,11.28793,179.3354,0,0,170.6837,0,0,8.624524,0,0,11.11229,0,152.3345,217.635,0,0,0,147.3696,0,85.71043,2.979103,9.165268,157.8994,317.4723,0,0,125.205,2.835096,10.4976,7.473639,0,0,0,0,34.32053,10.31408,0,0,334.2911,62.67958,201.4547,0,60.82292,20.58203,0,0,0,0,0,0,0,0,0,128.7091,257.3635,0,128.7091,253.808,0,0,0,0,18.47826,18.47826,46.19566,69.30102,0,0,0,0,0,0,0,0,0,0,0,0,0,0,0,3.612968,3.612968,0,0,0,0,0,0,0,0,0,0,0,0,0,0,3.612968,3.612968,42.12937,0,0,0,0,0,0,0,0,0,0,0,0,3.225839,3.225839,1.727273,0,4.435484,0,0,0,0,0,0,0,0,0,0,0,0,0,0,0,276.1364,276.1364,194.64,0,0,15.30997,85.10934,0,456.8315,0,0,76.72546,532.432,711.1629,0,0,0,0,0,0,0,0,0,0,0,0,0,0,0,0,0,0,0,0,0,0,0,0,0,0,81.99804,0,0,0,0,0,0,0,374.1562,374.7265,373.87,6.8176,12.5566,2.581,0,0,0,0,0,0,0,0,0,0,0,0,0,0,0,0,0,0,0,0,0,0,0,0,0,0,0,0,0,0,0,0,0,0,0,0,0,0,0,0,0,0,0,0,0,0,0,437.6951,0,0,0,0,0,0,0,0,0,0,5.016862,0,0,0,0,0,0,0,0,0,0,0,0,0,0,0,0,0,0,0,0,0,0,0,0,0,0,0,0,0,0,0,0,0,0,0,0,0,0,0,0,0,0,0,0,0,0,0,0,0,0,0,0,0,0,0,0,0,0,0,0,0,0,0,0,0,0,0,0,0,0,0,0,0,0,0,0,0,0,0,0,0,0,0,0,0,0,0,0,0,0,0,0,0,0,0,0,0,0,0,0,0,0,0,0,0,0,0,0,0,0,0,0,0,0,0,0,0,0,0,0,0
2029,1,25,12,53.76936,10.08091,246.9951,0,0,166.5316,0,0,7.702302,0,1.704786,9.924047,0,147.5585,0,0,0,10.72445,142.0944,0,85.2956,3.747146,8.185224,148.5393,298.6528,0,16.05747,119.52,2.531938,9.763545,6.951038,0,0,0,0,30.65063,9.211189,0,0,319.7674,59.95639,216.0396,164.8768,219.7125,24.79399,56.47786,0,0,0,0,0,0,0,0,128.7091,257.3635,0,128.7091,253.808,0,0,0,0,18.47826,18.47826,46.19566,69.30102,0,0,0,0,0,0,0,0,0,0,0,0,0,0,0,3.612968,3.612968,0,0,0,0,0,0,0,0,0,0,0,0,0,0,3.612968,3.612968,42.12937,0,0,0,0,0,0,0,0,0,0,0,0,3.225839,3.225839,1.727273,0,4.435484,0,0,0,0,0,0,0,0,0,0,0,0,0,0,0,276.1364,276.1364,184.552,1.243048,0,15.84528,89.10787,0,437.6374,0,0,139.0431,633.9424,855.5715,0,0,0,0,0,0,0,0,0,0,0,0,0,0,0,0,0,0,0,0,0,0,0,0,0,0,82.13948,0,0,0,0,0,0,0,374.1562,374.7265,373.87,6.8176,12.5566,2.581,0,0,0,0,0,0,0,0,0,0,0,0,0,0,0,0,0,0,0,0,0,0,0,0,0,0,0,0,0,0,0,0,0,0,0,0,0,0,0,0,0,0,0,0,0,0,0,390.8923,0,0,0,0,0,0,0,0,0,0,4.480407,0,0,0,0,0,0,0,0,0,0,0,0,0,0,0,0,0,0,0,0,0,0,0,0,0,0,0,0,0,0,0,0,0,0,0,0,0,0,0,0,0,0,0,0,0,0,0,0,0,0,0,0,0,0,0,0,0,0,0,0,0,0,0,0,0,0,0,0,0,0,0,0,0,0,0,0,0,0,0,0,0,0,0,0,0,0,0,0,0,0,0,0,0,0,0,0,0,0,0,0,0,0,0,0,0,0,0,0,0,0,0,0,0,0,0,0,0,0,0,0,0
2029,1,25,13,78.9815,9.380948,239.4395,0,0,49.22098,0,0,0,0,23.60952,9.234978,0,147.9565,0,0,0,0,137.34,0,80.75238,3.654037,7.616888,142.7704,287.0539,0,0,115.185,2.356135,9.029492,6.428439,0,0,0,0,0,8.571616,0,47.99196,304.0568,57.01064,211.9376,164.391,211.2056,25.46949,0,0,0,0,0,0,0,0,0,128.7091,257.3635,0,128.7091,253.808,0,0,0,0,18.47826,18.47826,46.19566,69.30102,0,0,0,0,0,0,0,0,0,0,0,0,0,0,0,3.612968,3.612968,0,0,0,0,0,0,0,0,0,0,0,0,0,0,3.612968,3.612968,42.12937,0,0,0,0,0,0,0,19.54527,19.54527,19.54527,19.90022,19.90022,3.225839,3.225839,1.727273,0,4.435484,0,0,0,0,0,0,0,0,0,0,0,0,0,0,0,276.1364,276.1364,182.3868,7.098447,4.699413,17.23709,89.94375,0,458.2552,0,0,167.3569,650.2388,878.7447,0,0,0,0,0,0,0,0,0,0,0,0,0,0,0,0,0,0,0,0,0,0,0,0,0,0,82.58257,0,0,0,0,0,0,0,374.1562,374.7265,373.87,6.8176,12.5566,2.581,0,0,0,0,0,0,0,0,0,0,0,0,0,0,0,0,0,0,0,0,0,0,0,0,0,0,0,0,0,0,0,0,0,0,0,0,0,0,0,0,0,0,0,0,0,0,0,363.7509,0,0,0,0,0,0,0,0,0,0,4.169313,0,0,0,0,0,0,0,0,0,0,0,0,0,0,0,0,0,0,0,0,0,0,0,0,0,0,0,0,0,0,0,0,0,0,0,0,0,0,0,0,0,0,0,0,0,0,0,0,0,0,0,0,0,0,0,0,0,0,0,0,0,0,0,0,0,0,0,0,0,0,0,0,0,0,0,0,0,0,0,0,0,0,0,0,0,0,0,0,0,0,0,0,0,0,0,0,0,0,0,0,0,0,0,0,0,0,0,0,0,0,0,0,0,0,0,0,0,0,0,0,0
2029,1,25,14,45.53632,9.362817,239.4463,103.5,0,0,48.26344,0,0,0,23.56388,9.217128,54.88837,148.9515,212.4925,0,0,0,139.8264,0,87.6083,3.584226,7.602166,144.6806,290.8946,0,15.35932,116.64,2.351581,9.323086,6.637459,0,0,0,0,0,8.555048,0,66.14287,308.1322,57.7748,218.7743,168.1055,214.6351,25.78737,55.1884,0,0,0,0,0,0,0,0,128.7091,257.3635,0,128.7091,253.808,0,0,0,0,18.47826,18.47826,46.19566,69.30102,0,0,0,0,0,0,0,0,0,0,0,0,0,0,0,3.612968,3.612968,0,0,0,0,0,0,0,0,0,0,0,0,0,0,3.612968,3.612968,42.12937,19.54527,19.54527,19.54527,19.54527,19.54527,0,0,19.54527,19.54527,19.54527,19.90022,19.90022,3.225839,3.225839,1.727273,0,4.435484,0,0,0,0,0,0,0,0,0,0,0,0,0,0,0,276.1364,276.1364,189.1006,11.78232,8.619102,19.91366,89.89787,0,470.6749,0,0,178.6255,657.9516,889.6248,0,0,0,0,0,0,0,0,0,0,0,0,0,0,0,0,0,0,0,0,0,0,0,0,0,0,82.85404,0,0,0,0,0,0,0,374.1562,374.7265,373.87,6.8176,12.5566,2.581,0,0,0,0,0,0,0,0,0,0,0,0,0,0,0,0,0,0,0,0,0,0,0,0,0,0,0,0,0,0,0,0,0,0,0,0,0,0,0,0,0,0,0,0,0,0,0,363.0479,0,0,0,0,0,0,0,0,0,0,4.161254,0,0,0,0,0,0,0,0,0,0,0,0,0,0,0,0,0,0,0,0,0,0,0,0,0,0,0,0,0,0,0,0,0,0,0,0,0,0,0,0,0,0,0,0,0,0,0,0,0,0,0,0,0,0,0,0,0,0,0,0,0,0,0,0,0,0,0,0,0,0,0,0,0,0,0,0,0,0,0,0,0,0,0,0,0,0,0,0,0,0,0,0,0,0,0,0,0,0,0,0,0,0,0,0,0,0,0,0,0,0,0,0,0,0,0,0,0,0,0,0,0
2029,1,25,15,21.21946,9.842725,248.7172,0,0,0,0,0,0,0,0,9.689568,0,156.3145,30.94095,0,0,0,144.3792,0,89.9111,3.351496,7.991828,152.8946,307.4096,0,0,0,2.472115,9.690112,6.898758,0,0,0,0,0,8.993552,0,0,322.0574,60.38577,217.8628,0,0,17.95949,56.60582,0,0,0,0,0,0,0,0,128.7091,257.3635,0,128.7091,253.808,0,0,0,0,18.47826,18.47826,46.19566,69.30102,0,0,0,0,0,0,0,0,0,0,0,0,0,0,0,3.612968,3.612968,0,0,0,0,0,0,0,0,0,0,0,0,0,0,3.612968,3.612968,42.12937,19.54527,19.54527,19.54527,19.54527,19.54527,0,0,19.54527,19.54527,19.54527,19.90022,19.90022,3.225839,3.225839,1.727273,0,4.435484,0,0,0,0,0,0,0,0,0,0,0,0,0,0,0,276.1364,276.1364,165.8516,17.11583,13.50818,21.19842,87.65563,0,471.4113,0,0,166.312,469.2368,621.1548,0,0,0,0,0,0,0,0,0,0,0,0,0,0,0,0,0,0,0,0,0,0,0,0,0,0,83.38686,0,0,0,0,0,0,0,374.1562,374.7265,373.87,6.8176,12.5566,2.581,0,0,0,0,0,0,0,0,0,0,0,0,0,0,0,0,0,0,0,0,0,0,0,0,0,0,0,0,0,0,0,0,0,0,0,0,0,0,0,0,0,0,0,0,0,0,0,381.6565,0,0,0,0,0,0,0,0,0,0,4.374547,0,0,0,0,0,0,0,0,0,0,0,0,0,0,0,0,0,0,0,0,0,0,0,0,0,0,0,0,0,0,0,0,0,0,0,0,0,0,0,0,0,0,0,0,0,0,0,0,0,0,0,0,0,0,0,0,0,0,0,0,0,0,0,0,0,0,0,0,0,0,0,0,0,0,0,0,0,0,0,0,0,0,0,0,0,0,0,0,0,0,0,0,0,0,0,0,0,0,0,0,0,0,0,0,0,0,0,0,0,0,0,0,0,0,0,0,0,0,0,0,0
2029,1,25,16,8.342375,10.35328,246.3279,0,0,173.8698,0,12.17254,0,0,26.05664,10.19218,240.1366,91.0425,130.625,0,10.76601,0,147.3024,0,90.15861,2.769629,8.406378,156.6768,315.0142,0,11.86856,123.75,2.600348,9.910412,7.055599,0,0,0,0,31.47877,9.460063,0,65.52814,339.891,63.72956,216.9512,178.8417,227.3141,10.66777,0,0,0,0,0,0,0,0,0,128.7091,257.3635,0,128.7091,253.808,0,0,0,0,18.47826,18.47826,46.19566,69.30102,0,0,0,0,0,0,0,0,0,0,0,0,0,0,0,3.612968,3.612968,0,0,0,0,0,0,0,0,0,0,0,0,0,0,3.612968,3.612968,42.12937,19.54527,19.54527,19.54527,19.54527,19.54527,0,0,19.54527,19.54527,19.54527,19.90022,19.90022,3.225839,3.225839,1.727273,0,4.435484,0,0,0,0,0,0,0,0,0,0,0,0,0,0,0,276.1364,276.1364,194.64,44.12289,38.37503,17.23709,81.20557,0,472.0985,0,0,166.784,339.9852,437.1822,0,0,0,0,0,0,0,0,0,0,0,0,0,0,0,0,0,0,0,0,0,0,0,0,0,0,83.41444,0,0,0,0,0,0,0,374.1562,374.7265,373.87,6.8176,12.5566,2.581,0,0,0,0,0,0,0,0,0,0,0,0,0,0,0,0,0,0,0,0,0,0,0,0,0,0,0,0,0,0,0,0,0,0,0,0,0,0,0,0,0,0,0,0,0,0,0,401.4537,0,0,0,0,0,0,0,0,0,0,4.601462,0,0,0,0,0,0,0,0,0,0,0,0,0,0,0,0,0,0,0,0,0,0,0,0,0,0,0,0,0,0,0,0,0,0,0,0,0,0,0,0,0,0,0,0,0,0,0,0,0,0,0,0,0,0,0,0,0,0,0,0,0,0,0,0,0,0,0,0,0,0,0,0,0,0,0,0,0,0,0,0,0,0,0,0,0,0,0,0,0,0,0,0,0,0,0,0,0,0,0,0,0,0,0,0,0,0,0,0,0,0,0,0,0,0,0,0,0,0,0,0,0
2029,1,25,17,8.141767,3.629744,195.8055,0,0,0,0,0,0,0,0,6.365858,276.6584,4.179,0,0,0,6.879283,133.1064,0,65.13869,1.233544,5.250476,92.95165,186.8885,0,0,109.56,0.9116525,2.460654,1.751833,0,0,0,0,19.66109,3.316591,0,0,233.7401,43.82627,228.0267,159.2202,166.4644,4.548512,53.64066,0,0,0,0,0,0,0,0,128.7091,257.3635,0,128.7091,253.808,0,0,0,0,18.47826,18.47826,46.19566,69.30102,0,0,0,0,0,0,0,0,0,0,0,0,0,0,0,3.612968,3.612968,0,0,0,0,0,0,0,0,0,0,0,0,0,0,3.612968,3.612968,42.12937,19.54527,19.54527,19.54527,19.54527,19.54527,0,0,19.54527,19.54527,19.54527,19.90022,19.90022,3.225839,3.225839,1.727273,0,4.435484,0,0,0,0,0,0,0,0,0,0,0,0,0,0,0,276.1364,276.1364,191.796,64.97835,60.64982,10.9075,75.42981,0,472.7858,0,0,223.5187,192.4468,227.3517,0,0,0,0,0,0,0,0,0,0,0,0,0,0,0,0,0,0,0,0,0,0,0,0,0,0,83.07356,0,0,0,0,0,0,0,374.1562,374.7265,373.87,6.8176,12.5566,2.581,0,0,0,0,0,0,0,0,0,0,0,0,0,0,0,0,0,0,0,0,0,0,0,0,0,0,0,0,0,0,0,0,0,0,0,0,0,0,0,0,0,0,0,0,0,0,0,250.7409,0,0,0,0,0,0,0,0,0,0,2.873992,0,0,0,0,0,0,0,0,0,0,0,0,0,0,0,0,0,0,0,0,0,0,0,0,0,0,0,0,0,0,0,0,0,0,0,0,0,0,0,0,0,0,0,0,0,0,0,0,0,0,0,0,0,0,0,0,0,0,0,0,0,0,0,0,0,0,0,0,0,0,0,0,0,0,0,0,0,0,0,0,0,0,0,0,0,0,0,0,0,0,0,0,0,0,0,0,0,0,0,0,0,0,0,0,0,0,0,0,0,0,0,0,0,0,0,0,0,0,0,0,0
2029,1,25,18,8.949858,0,46.52246,12.06,0,11.67198,8.2517,0,0,0,0,0.8532401,294.0449,0,0,0,0,0.922056,29.7864,0,8.69539,0.1163652,0.703741,12.49289,25.11818,0,0.498654,19.8,0,0,0,0,0,0,0,0,0,0,0,8.618327,1.615936,150.7948,38.49105,43.20612,0,9.123168,0,0,0,0,0,0,0,0,128.7091,257.3635,0,128.7091,253.808,0,0,0,0,18.47826,18.47826,46.19566,69.30102,0,0,0,0,0,0,0,0,0,0,0,0,0,0,0,3.612968,3.612968,0,0,0,0,0,0,0,0,0,0,0,0,0,0,3.612968,3.612968,42.12937,0,0,0,0,0,0,0,0,0,0,0,0,3.225839,3.225839,1.727273,0,4.435484,0,0,0,0,0,0,0,0,0,0,0,0,0,0,0,276.1364,276.1364,174.618,47.67636,47.26809,7.178441,57.18018,0,468.2204,0,0,210.4636,64.066,44.7921,0,0,0,0,0,0,0,0,0,0,0,0,0,0,0,0,0,0,0,0,0,0,0,0,0,0,83.25375,0,0,0,0,0,0,0,374.1562,374.7265,373.87,6.8176,12.5566,2.581,0,0,0,0,0,0,0,0,0,0,0,0,0,0,0,0,0,0,0,0,0,0,0,0,0,0,0,0,0,0,0,0,0,0,0,0,0,0,0,0,0,0,0,0,0,0,0,33.60776,0,0,0,0,0,0,0,0,0,0,0.385212,0,0,0,0,0,0,0,0,0,0,0,0,0,0,0,0,0,0,0,0,0,0,0,0,0,0,0,0,0,0,0,0,0,0,0,0,0,0,0,0,0,0,0,0,0,0,0,0,0,0,0,0,0,0,0,0,0,0,0,0,0,0,0,0,0,0,0,0,0,0,0,0,0,0,0,0,0,0,0,0,0,0,0,0,0,0,0,0,0,0,0,0,0,0,0,0,0,0,0,0,0,0,0,0,0,0,0,0,0,0,0,0,0,0,0,0,0,0,0,0,0
2029,1,25,19,0,0,0,0,0,0,0,0,0,0,0,0,294.0449,0,0,0,0,0,0,0,0,0,0,0,0,0,0,0,0,0,0,0,0,0,0,0,0,0,0,0,0,0,0,0,0,0,0,0,0,0,0,0,0,0,128.7091,257.3635,0,128.7091,253.808,0,0,0,0,18.47826,18.47826,46.19566,69.30102,0,0,0,0,0,0,0,0,0,0,0,0,0,0,0,3.612968,3.612968,0,0,0,0,0,0,0,0,0,0,0,0,0,0,3.612968,3.612968,42.12937,0,0,0,0,0,0,0,0,0,0,0,0,3.225839,3.225839,1.727273,0,4.435484,0,0,0,0,0,0,0,0,0,0,0,0,0,0,0,276.1364,276.1364,194.64,24.63407,26.11019,5.313911,30.24747,0,398.6599,0,0,191.7046,0,0,0,0,0,0,0,0,0,0,0,0,0,0,0,0,0,0,0,0,0,0,0,0,0,0,0,0,82.16488,0,0,0,0,0,0,0,374.1562,374.7265,373.87,6.8176,12.5566,2.581,0,0,0,0,0,0,0,0,0,0,0,0,0,0,0,0,0,0,0,0,0,0,0,0,0,0,0,0,0,0,0,0,0,0,0,0,0,0,0,0,0,0,0,0,0,0,0,0,0,0,0,0,0,0,0,0,0,0,0,0,0,0,0,0,0,0,0,0,0,0,0,0,0,0,0,0,0,0,0,0,0,0,0,0,0,0,0,0,0,0,0,0,0,0,0,0,0,0,0,0,0,0,0,0,0,0,0,0,0,0,0,0,0,0,0,0,0,0,0,0,0,0,0,0,0,0,0,0,0,0,0,0,0,0,0,0,0,0,0,0,0,0,0,0,0,0,0,0,0,0,0,0,0,0,0,0,0,0,0,0,0,0,0,0,0,0,0,0,0,0,0,0,0,0,0,0,0,0,0,0
2029,1,25,20,0,0,0,0,0,0,0,0,0,0,0,0,294.0449,0,0,0,0,0,0,0,0,0,0,0,0,0,0,0,0,0,0,0,0,0,0,0,0,0,0,0,0,0,0,0,0,0,0,0,0,0,0,0,0,0,128.7091,257.3635,0,128.7091,253.808,0,0,0,0,18.47826,18.47826,46.19566,69.30102,0,0,0,0,0,0,0,0,0,0,0,0,0,0,0,3.612968,3.612968,0,0,0,0,0,0,0,0,0,0,0,0,0,0,3.612968,3.612968,42.12937,0,0,0,0,0,0,0,0,0,0,0,0,3.225839,3.225839,1.727273,0,4.435484,0,0,0,0,0,0,0,0,0,0,0,0,0,0,0,276.1364,276.1364,194.64,21.65977,25.30939,4.101966,23.07658,0,119.2396,0,0,151.3214,0,0,0,0,0,0,0,0,0,0,0,0,0,0,0,0,0,0,0,0,0,0,0,0,0,0,0,0,80.26334,0,0,0,0,0,0,0,374.1562,374.7265,373.87,6.8176,12.5566,2.581,0,0,0,0,0,0,0,0,0,0,0,0,0,0,0,0,0,0,0,0,0,0,0,0,0,0,0,0,0,0,0,0,0,0,0,0,0,0,0,0,0,0,0,0,0,0,0,0,0,0,0,0,0,0,0,0,0,0,0,0,0,0,0,0,0,0,0,0,0,0,0,0,0,0,0,0,0,0,0,0,0,0,0,0,0,0,0,0,0,0,0,0,0,0,0,0,0,0,0,0,0,0,0,0,0,0,0,0,0,0,0,0,0,0,0,0,0,0,0,0,0,0,0,0,0,0,0,0,0,0,0,0,0,0,0,0,0,0,0,0,0,0,0,0,0,0,0,0,0,0,0,0,0,0,0,0,0,0,0,0,0,0,0,0,0,0,0,0,0,0,0,0,0,0,0,0,0,0,0,0
2029,1,25,21,0,0,0,0,0,0,0,0,0,0,0,0,216.613,0,0,0,0,0,0,0,0,0,0,0,0,0,0,0,0,0,0,0,0,0,0,0,0,0,0,0,0,0,0,0,0,0,0,0,0,0,0,0,0,0,128.7091,257.3635,0,128.7091,253.808,0,0,0,0,18.47826,18.47826,46.19566,69.30102,0,0,0,0,0,0,0,0,0,0,0,0,0,0,0,3.612968,3.612968,0,0,0,0,0,0,0,0,0,0,0,0,0,0,3.612968,3.612968,42.12937,0,0,0,0,0,0,0,0,0,0,0,0,3.225839,3.225839,1.727273,0,4.435484,0,0,0,0,0,0,0,0,0,0,0,0,0,0,0,276.1364,276.1364,149.4792,41.66203,53.02118,5.127458,31.20137,0,67.69511,0,0,123.505,0,0,0,0,0,0,0,0,0,0,0,0,0,0,0,0,0,0,0,0,0,0,0,0,0,0,0,0,80.67993,0,0,0,0,0,0,0,374.1562,374.7265,373.87,6.8176,12.5566,2.581,0,0,0,0,0,0,0,0,0,0,0,0,0,0,0,0,0,0,0,0,0,0,0,0,0,0,0,0,0,0,0,0,0,0,0,0,0,0,0,0,0,0,0,0,0,0,0,0,0,0,0,0,0,0,0,0,0,0,0,0,0,0,0,0,0,0,0,0,0,0,0,0,0,0,0,0,0,0,0,0,0,0,0,0,0,0,0,0,0,0,0,0,0,0,0,0,0,0,0,0,0,0,0,0,0,0,0,0,0,0,0,0,0,0,0,0,0,0,0,0,0,0,0,0,0,0,0,0,0,0,0,0,0,0,0,0,0,0,0,0,0,0,0,0,0,0,0,0,0,0,0,0,0,0,0,0,0,0,0,0,0,0,0,0,0,0,0,0,0,0,0,0,0,0,0,0,0,0,0,0
2029,1,25,22,0,0,0,0,0,0,0,0,0,0,0,0,0,0,0,0,0,0,0,0,0,0,0,0,0,0,0,0,0,0,0,0,0,0,0,0,0,0,0,0,0,0,0,0,0,0,0,0,0,0,0,0,0,0,128.7091,257.3635,0,128.7091,253.808,0,0,0,0,18.47826,18.47826,46.19566,69.30102,0,0,0,0,0,0,0,0,0,0,0,0,0,0,0,3.612968,3.612968,0,0,0,0,0,0,0,0,0,0,0,0,0,0,3.612968,3.612968,42.12937,0,0,0,0,0,0,0,0,0,0,0,0,3.225839,3.225839,1.727273,0,4.435484,0,0,0,0,0,0,0,0,0,0,0,0,0,0,0,276.1364,276.1364,82.79373,16.37728,22.80164,5.966496,45.56178,0,475.2894,0,0,68.01183,0,0,0,0,0,0,0,0,0,0,0,0,0,0,0,0,0,0,0,0,0,0,0,0,0,0,0,0,79.95953,0,0,0,0,0,0,0,374.1562,374.7265,373.87,6.8176,12.5566,2.581,0,0,0,0,0,0,0,0,0,0,0,0,0,0,0,0,0,0,0,0,0,0,0,0,0,0,0,0,0,0,0,0,0,0,0,0,0,0,0,0,0,0,0,0,0,0,0,0,0,0,0,0,0,0,0,0,0,0,0,0,0,0,0,0,0,0,0,0,0,0,0,0,0,0,0,0,0,0,0,0,0,0,0,0,0,0,0,0,0,0,0,0,0,0,0,0,0,0,0,0,0,0,0,0,0,0,0,0,0,0,0,0,0,0,0,0,0,0,0,0,0,0,0,0,0,0,0,0,0,0,0,0,0,0,0,0,0,0,0,0,0,0,0,0,0,0,0,0,0,0,0,0,0,0,0,0,0,0,0,0,0,0,0,0,0,0,0,0,0,0,0,0,0,0,0,0,0,0,0,0
2029,1,25,23,0,0,0,0,0,0,0,0,0,0,0,0,0,0,0,0,0,0,0,0,0,0,0,0,0,0,0,0,0,0,0,0,0,0,0,0,0,0,0,0,0,0,0,0,0,0,0,0,0,0,0,0,0,0,128.7091,257.3635,0,128.7091,253.808,0,0,0,0,18.47826,18.47826,46.19566,69.30102,0,0,0,0,0,0,0,0,0,0,0,0,0,0,0,3.612968,3.612968,0,0,0,0,0,0,0,0,0,0,0,0,0,0,3.612968,3.612968,42.12937,0,0,0,0,0,0,0,0,0,0,0,0,3.225839,3.225839,1.727273,0,4.435484,0,0,0,0,0,0,0,0,0,0,0,0,0,0,0,276.1364,276.1364,36.50404,0,0,6.059723,56.27134,0,471.7058,0,0,61.09705,0,0,0,0,0,0,0,0,0,0,0,0,0,0,0,0,0,0,0,0,0,0,0,0,0,0,0,0,78.67799,0,0,0,0,0,0,0,374.1562,374.7265,373.87,6.8176,12.5566,2.581,0,0,0,0,0,0,0,0,0,0,0,0,0,0,0,0,0,0,0,0,0,0,0,0,0,0,0,0,0,0,0,0,0,0,0,0,0,0,0,0,0,0,0,0,0,0,0,0,0,0,0,0,0,0,0,0,0,0,0,0,0,0,0,0,0,0,0,0,0,0,0,0,0,0,0,0,0,0,0,0,0,0,0,0,0,0,0,0,0,0,0,0,0,0,0,0,0,0,0,0,0,0,0,0,0,0,0,0,0,0,0,0,0,0,0,0,0,0,0,0,0,0,0,0,0,0,0,0,0,0,0,0,0,0,0,0,0,0,0,0,0,0,0,0,0,0,0,0,0,0,0,0,0,0,0,0,0,0,0,0,0,0,0,0,0,0,0,0,0,0,0,0,0,0,0,0,0,0,0,0
2029,1,25,24,0,0,0,0,0,0,0,0,0,0,0,0,0,0,0,0,0,0,0,0,0,0,0,0,0,0,0,0,0,0,0,0,0,0,0,0,0,0,0,0,0,0,0,0,0,0,0,0,0,0,0,0,0,0,128.7091,257.3635,0,128.7091,253.808,0,0,0,0,18.47826,18.47826,46.19566,69.30102,0,0,0,0,0,0,0,0,0,0,0,0,0,0,0,3.612968,3.612968,0,0,0,0,0,0,0,0,0,0,0,0,0,0,3.612968,3.612968,42.12937,0,0,0,0,0,0,0,0,0,0,0,0,3.225839,3.225839,1.727273,0,4.435484,0,0,0,0,0,0,0,0,0,0,0,0,0,0,0,276.1364,276.1364,11.51749,0,0,4.101966,53.20568,0,218.8923,0,0,44.01215,0,0,0,0,0,0,0,0,0,0,0,0,0,0,0,0,0,0,0,0,0,0,0,0,0,0,0,0,77.61679,0,0,0,0,0,0,0,374.1562,374.7265,373.87,6.8176,12.5566,2.581,0,0,0,0,0,0,0,0,0,0,0,0,0,0,0,0,0,0,0,0,0,0,0,0,0,0,0,0,0,0,0,0,0,0,0,0,0,0,0,0,0,0,0,0,0,0,0,0,0,0,0,0,0,0,0,0,0,0,0,0,0,0,0,0,0,0,0,0,0,0,0,0,0,0,0,0,0,0,0,0,0,0,0,0,0,0,0,0,0,0,0,0,0,0,0,0,0,0,0,0,0,0,0,0,0,0,0,0,0,0,0,0,0,0,0,0,0,0,0,0,0,0,0,0,0,0,0,0,0,0,0,0,0,0,0,0,0,0,0,0,0,0,0,0,0,0,0,0,0,0,0,0,0,0,0,0,0,0,0,0,0,0,0,0,0,0,0,0,0,0,0,0,0,0,0,0,0,0,0,0
2029,1,26,1,0,0,0,0,0,0,0,0,0,0,0,0,0,0,0,0,0,0,0,0,0,0,0,0,0,0,0,0,0,0,0,0,0,0,0,0,0,0,0,0,0,0,0,0,0,0,0,0,0,0,0,0,0,0,156.5532,128.7091,0,128.7091,128.7091,0,0,0,0,18.47826,18.47826,46.19566,69.30102,0,0,0,0,0,0,0,0,0,0,0,0,0,0,0,0,0,0,0,0,0,0,0,0,0,0,0,0,0,0,0,0,0,0,0,0,0,0,0,0,0,0,0,0,0,0,0,0,0,0,0,0,0,0,0,0,0,0,0,0,0,0,0,0,0,0,276.1364,276.1364,18.03177,0,0,2.610342,0,0,85.31842,0,0,37.47934,0,0,0,0,0,0,0,0,0,0,0,0,0,0,0,0,0,0,0,0,0,0,0,0,0,0,0,0,76.41498,0,0,0,0,0,0,0,374.1562,374.7265,373.87,6.8176,12.5566,2.581,0,0,0,0,0,0,0,0,0,0,0,0,0,0,0,0,0,0,0,0,0,0,0,0,0,0,0,0,0,0,0,0,0,0,0,0,0,0,0,0,0,0,0,0,0,0,0,0,0,0,0,0,0,0,0,0,0,0,0,0,0,0,0,0,0,0,0,0,0,0,0,0,0,0,0,0,0,0,0,0,0,0,0,0,0,0,0,0,0,0,0,0,0,0,0,0,0,0,0,0,0,0,0,0,0,0,0,0,0,0,0,0,0,0,0,0,0,0,0,0,0,0,0,0,0,0,0,0,0,0,0,0,0,0,0,0,0,0,0,0,0,0,0,0,0,0,0,0,0,0,0,0,0,0,0,0,0,0,0,0,0,0,0,0,0,0,0,0,0,0,0,0,0,0,0,0,0,0,0,0
2029,1,26,2,0,0,0,0,0,0,0,0,0,0,0,0,0,0,0,0,0,0,0,0,0,0,0,0,0,0,0,0,0,0,0,0,0,0,0,0,0,0,0,0,0,0,0,0,0,0,0,0,0,0,0,0,0,0,128.7091,128.7091,0,128.7091,128.7091,0,0,0,0,18.47826,18.47826,46.19566,69.30102,0,0,0,0,0,0,0,0,0,0,0,0,0,0,0,3.612968,3.612968,0,48.0012,52.5,48.0012,52.5,0,0,0,0,0,0,0,0,0,3.612968,3.612968,42.12937,0,0,19.54527,0,19.54527,0,0,0,0,0,19.90022,19.90022,0,0,0,0,0,0,0,0,0,0,0,0,0,0,0,0,0,0,0,0,276.1364,276.1364,15.56747,0.5482414,0,8.856518,0,0,40.54834,0,0,41.76614,0,0,0,0,0,0,0,0,0,0,0,0,0,0,0,0,0,0,0,0,0,0,0,0,0,0,0,0,75.6345,0,0,0,0,0,0,0,374.1562,374.7265,373.87,6.8176,12.5566,2.581,0,0,0,0,0,0,0,0,0,0,0,0,0,0,0,0,0,0,0,0,0,0,0,0,0,0,0,0,0,0,0,0,0,0,0,0,0,0,0,0,0,0,0,0,0,0,0,0,0,0,0,0,0,0,0,0,0,0,0,0,0,0,0,0,0,0,0,0,0,0,0,0,0,0,0,0,0,0,0,0,0,0,0,0,0,0,0,0,0,0,0,0,0,0,0,0,0,0,0,0,0,0,0,0,0,0,0,0,0,0,0,0,0,0,0,0,0,0,0,0,0,0,0,0,0,0,0,0,0,0,0,0,0,0,0,0,0,0,0,0,0,0,0,0,0,0,0,0,0,0,0,0,0,0,0,0,0,0,0,0,0,0,0,0,0,0,0,0,0,0,0,0,0,0,0,0,0,0,0,0
2029,1,26,3,0,0,0,0,0,0,0,0,0,0,0,0,0,0,0,0,0,0,0,0,0,0,0,0,0,0,0,0,0,0,0,0,0,0,0,0,0,0,0,0,0,0,0,0,0,0,0,0,0,0,0,0,0,0,128.7091,128.7091,0,128.7091,128.7091,0,0,0,0,18.47826,18.47826,46.19566,69.30102,0,0,0,0,0,0,0,0,0,0,0,0,0,0,0,3.612968,3.612968,0,48.0012,52.5,48.0012,52.5,0,0,0,0,0,0,0,0,0,3.612968,3.612968,42.12937,0,0,19.54527,0,19.54527,0,0,19.54527,19.54527,19.54527,19.90022,19.90022,3.225839,3.225839,1.727273,0,4.435484,18.36735,18.36735,0,0,0,0,0,0,0,0,0,0,0,0,0,276.1364,276.1364,5.868275,4.13504,11.10579,9.229424,0,0,86.98748,0,0,62.51759,0,0,0,0,0,0,0,0,0,0,0,0,0,0,0,0,0,0,0,0,0,0,0,0,0,0,0,0,75.5859,0,0,0,0,0,0,0,374.1562,374.7265,373.87,6.8176,12.5566,2.581,0,0,0,0,0,0,0,0,0,0,0,0,0,0,0,0,0,0,0,0,0,0,0,0,0,0,0,0,0,0,0,0,0,0,0,0,0,0,0,0,0,0,0,0,0,0,0,0,0,0,0,0,0,0,0,0,0,0,0,0,0,0,0,0,0,0,0,0,0,0,0,0,0,0,0,0,0,0,0,0,0,0,0,0,0,0,0,0,0,0,0,0,0,0,0,0,0,0,0,0,0,0,0,0,0,0,0,0,0,0,0,0,0,0,0,0,0,0,0,0,0,0,0,0,0,0,0,0,0,0,0,0,0,0,0,0,0,0,0,0,0,0,0,0,0,0,0,0,0,0,0,0,0,0,0,0,0,0,0,0,0,0,0,0,0,0,0,0,0,0,0,0,0,0,0,0,0,0,0,0
2029,1,26,4,0,0,0,0,0,0,0,0,0,0,0,0,0,0,0,0,0,0,0,0,0,0,0,0,0,0,0,0,0,0,0,0,0,0,0,0,0,0,0,0,0,0,0,0,0,0,0,0,0,0,0,0,0,0,128.7091,128.7091,0,128.7091,128.7091,0,0,0,0,18.47826,18.47826,46.19566,69.30102,0,0,0,0,0,0,0,0,0,0,0,0,0,0,0,3.612968,3.612968,0,48.0012,52.5,48.0012,52.5,0,0,0,0,0,0,0,0,0,3.612968,3.612968,42.12937,0,0,19.54527,0,19.54527,0,0,0,0,0,19.90022,19.90022,3.225839,3.225839,1.727273,0,4.435484,18.36735,18.36735,0,0,0,0,0,0,0,0,0,0,0,0,0,276.1364,276.1364,11.41444,0,0,23.49308,0,0,175.3004,0,0,73.01071,0,0,0,0,0,0,0,0,0,0,0,0,0,0,0,0,0,0,0,0,0,0,0,0,0,0,0,0,76.1218,0,0,0,0,0,0,0,374.1562,374.7265,373.87,6.8176,12.5566,2.581,0,0,0,0,0,0,0,0,0,0,0,0,0,0,0,0,0,0,0,0,0,0,0,0,0,0,0,0,0,0,0,0,0,0,0,0,0,0,0,0,0,0,0,0,0,0,0,0,0,0,0,0,0,0,0,0,0,0,0,0,0,0,0,0,0,0,0,0,0,0,0,0,0,0,0,0,0,0,0,0,0,0,0,0,0,0,0,0,0,0,0,0,0,0,0,0,0,0,0,0,0,0,0,0,0,0,0,0,0,0,0,0,0,0,0,0,0,0,0,0,0,0,0,0,0,0,0,0,0,0,0,0,0,0,0,0,0,0,0,0,0,0,0,0,0,0,0,0,0,0,0,0,0,0,0,0,0,0,0,0,0,0,0,0,0,0,0,0,0,0,0,0,0,0,0,0,0,0,0,0
2029,1,26,5,0,0,0,0,0,0,0,0,0,0,0,0,0,0,0,0,0,0,0,0,0,0,0,0,0,0,0,0,0,0,0,0,0,0,0,0,0,0,0,0,0,0,0,0,0,0,0,0,0,0,0,0,0,0,128.7091,128.7091,0,128.7091,128.7091,0,0,0,0,18.47826,18.47826,46.19566,69.30102,0,0,0,0,0,0,0,0,0,0,0,0,0,0,0,3.612968,3.612968,0,48.0012,52.5,48.0012,52.5,0,0,0,0,0,0,0,0,0,3.612968,3.612968,42.12937,19.54527,0,19.54527,0,19.54527,0,0,0,0,0,19.90022,19.90022,3.225839,3.225839,1.727273,0,4.435484,18.36735,18.36735,0,0,0,0,0,0,0,0,0,0,0,0,0,276.1364,276.1364,14.91092,3.883791,17.3225,25.54406,0,0,9.71982,0,0,65.95067,0,0,0,0,0,0,0,0,0,0,0,0,0,0,0,0,0,0,0,0,0,0,0,0,0,0,0,0,76.61055,0,0,0,0,0,0,0,374.1562,374.7265,373.87,6.8176,12.5566,2.581,0,0,0,0,0,0,0,0,0,0,0,0,0,0,0,0,0,0,0,0,0,0,0,0,0,0,0,0,0,0,0,0,0,0,0,0,0,0,0,0,0,0,0,0,0,0,0,0,0,0,0,0,0,0,0,0,0,0,0,0,0,0,0,0,0,0,0,0,0,0,0,0,0,0,0,0,0,0,0,0,0,0,0,0,0,0,0,0,0,0,0,0,0,0,0,0,0,0,0,0,0,0,0,0,0,0,0,0,0,0,0,0,0,0,0,0,0,0,0,0,0,0,0,0,0,0,0,0,0,0,0,0,0,0,0,0,0,0,0,0,0,0,0,0,0,0,0,0,0,0,0,0,0,0,0,0,0,0,0,0,0,0,0,0,0,0,0,0,0,0,0,0,0,0,0,0,0,0,0,0
2029,1,26,6,0,0,0,0,0,0,0,0,0,0,0,0,0,0,0,0,0,0,0,0,0,0,0,0,0,0,0,0,0,0,0,0,0,0,0,0,0,0,0,0,0,0,0,0,0,0,0,0,0,0,0,0,0,0,128.7091,128.7091,0,128.7091,128.7091,0,0,0,0,18.47826,18.47826,46.19566,69.30102,0,0,0,0,0,0,0,0,0,0,0,0,0,0,0,3.612968,3.612968,0,48.0012,52.5,48.0012,52.5,0,0,0,0,0,0,0,0,0,3.612968,3.612968,42.12937,0,0,19.54527,0,19.54527,0,0,0,0,0,19.90022,19.90022,3.225839,3.225839,1.727273,0,4.435484,18.36735,18.36735,0,0,0,0,0,0,0,0,0,0,0,0,0,276.1364,276.1364,17.62123,2.58825,17.09069,28.24763,0,0,38.63383,0,0,43.46758,0,0,0,0,0,0,0,0,0,0,0,0,0,0,0,0,0,0,0,0,0,0,0,0,0,0,0,0,78.38316,0,0,0,0,0,0,0,374.1562,374.7265,373.87,6.8176,12.5566,2.581,0,0,0,0,0,0,0,0,0,0,0,0,0,0,0,0,0,0,0,0,0,0,0,0,0,0,0,0,0,0,0,0,0,0,0,0,0,0,0,0,0,0,0,0,0,0,0,0,0,0,0,0,0,0,0,0,0,0,0,0,0,0,0,0,0,0,0,0,0,0,0,0,0,0,0,0,0,0,0,0,0,0,0,0,0,0,0,0,0,0,0,0,0,0,0,0,0,0,0,0,0,0,0,0,0,0,0,0,0,0,0,0,0,0,0,0,0,0,0,0,0,0,0,0,0,0,0,0,0,0,0,0,0,0,0,0,0,0,0,0,0,0,0,0,0,0,0,0,0,0,0,0,0,0,0,0,0,0,0,0,0,0,0,0,0,0,0,0,0,0,0,0,0,0,0,0,0,0,0,0
2029,1,26,7,0,0,0,0,0,0,0,0,0,0,0,0,0,0,0,0,0,0,0,0,0,0,0,0,0,0,0,0,0,0,0,0,0,0,0,0,0,0,0,0,0,0,0,0,0,0,0,0,0,0,0,0,0,0,128.7091,128.7091,0,128.7091,128.7091,0,0,0,0,18.47826,18.47826,46.19566,69.30102,0,0,0,0,0,0,0,0,0,0,0,0,0,0,0,3.612968,3.612968,0,48.0012,52.5,48.0012,52.5,0,0,0,0,0,0,0,0,0,3.612968,3.612968,42.12937,19.54527,19.54527,19.54527,19.54527,19.54527,0,0,19.54527,19.54527,19.54527,19.90022,19.90022,3.225839,3.225839,1.727273,0,4.435484,18.36735,18.36735,0,0,0,0,0,0,0,0,0,0,0,0,0,276.1364,276.1364,17.36203,0.1502698,0,31.51056,0,0,46.1446,0,0,116.8774,0,0,0,0,0,0,0,0,0,0,0,0,0,0,0,0,0,0,0,0,0,0,0,0,0,0,0,0,79.34565,0,0,0,0,0,0,0,374.1562,374.7265,373.87,6.8176,12.5566,2.581,0,0,0,0,0,0,0,0,0,0,0,0,0,0,0,0,0,0,0,0,0,0,0,0,0,0,0,0,0,0,0,0,0,0,0,0,0,0,0,0,0,0,0,0,0,0,0,0,0,0,0,0,0,0,0,0,0,0,0,0,0,0,0,0,0,0,0,0,0,0,0,0,0,0,0,0,0,0,0,0,0,0,0,0,0,0,0,0,0,0,0,0,0,0,0,0,0,0,0,0,0,0,0,0,0,0,0,0,0,0,0,0,0,0,0,0,0,0,0,0,0,0,0,0,0,0,0,0,0,0,0,0,0,0,0,0,0,0,0,0,0,0,0,0,0,0,0,0,0,0,0,0,0,0,0,0,0,0,0,0,0,0,0,0,0,0,0,0,0,0,0,0,0,0,0,0,0,0,0,0
2029,1,26,8,0,0,0,0,0,1.764012,0.3007,0,0.112514,0.38155,0.370618,0.1449691,0,84.376,121.88,0,0,0.156661,0,0,1.528599,0.04655421,0.119569,0,0,0,0.199497,0,0,0,0,0,0,0,0,0.44774,0,0,0,3.026757,0.567517,0,1.820572,0,0,0,0,0,0,0,0,0,0,0,128.7091,128.7091,0,128.7091,128.7091,0,0,0,0,18.47826,18.47826,46.19566,69.30102,0,0,0,0,0,0,0,0,0,0,0,0,0,0,0,3.612968,3.612968,0,48.0012,52.5,48.0012,52.5,0,0,0,0,0,0,0,0,0,3.612968,3.612968,42.12937,19.54527,19.54527,19.54527,19.54527,19.54527,0,0,19.54527,19.54527,19.54527,19.90022,19.90022,3.225839,3.225839,1.727273,0,4.435484,18.36735,18.36735,0,0,0,0,0,0,0,0,0,0,0,0,0,276.1364,276.1364,6.470605,0.1085198,10.91612,55.00364,0,0,27.19586,0,0,115.8884,30.8512,16.1082,0,0,0,0,0,0,0,0,0,0,0,0,0,0,0,0,0,0,0,0,0,0,0,0,0,0,78.40524,0,0,0,0,0,0,0,374.1562,374.7265,373.87,6.8176,12.5566,2.581,0,0,0,0,0,0,0,0,0,0,0,0,0,0,0,0,0,0,0,0,0,0,0,0,0,0,0,0,0,0,0,0,0,0,0,0,0,0,0,0,0,0,0,0,0,0,0,5.7101,0,0,0,0,0,0,0,0,0,0,0.065449,0,0,0,0,0,0,0,0,0,0,0,0,0,0,0,0,0,0,0,0,0,0,0,0,0,0,0,0,0,0,0,0,0,0,0,0,0,0,0,0,0,0,0,0,0,0,0,0,0,0,0,0,0,0,0,0,0,0,0,0,0,0,0,0,0,0,0,0,0,0,0,0,0,0,0,0,0,0,0,0,0,0,0,0,0,0,0,0,0,0,0,0,0,0,0,0,0,0,0,0,0,0,0,0,0,0,0,0,0,0,0,0,0,0,0,0,0,0,0,0,0
2029,1,26,9,0.100324,1.896526,109.0993,5.6925,3.704465,96.3409,23.60115,2.229779,3.61644,12.26381,11.91244,4.65961,0,155.817,221.54,0,1.97213,5.035421,100.7328,0,46.40445,0.8611511,3.843185,65.94104,132.581,0,3.69025,72.825,0.4763346,2.754388,1.960953,0,0,0,0,14.3913,1.732905,0,1.368349,172.7969,32.39942,1.980363,88.94843,8.441362,1.290205,25.88287,0,0,0,0,0,0,0,0,128.7091,128.7091,0,128.7091,128.7091,0,0,0,0,18.47826,18.47826,46.19566,69.30102,0,0,0,0,0,0,0,0,0,0,0,0,0,0,0,3.612968,3.612968,0,48.0012,52.5,48.0012,52.5,0,0,0,0,0,0,0,0,0,3.612968,3.612968,42.12937,0,0,19.54527,0,19.54527,0,0,0,0,0,19.90022,19.90022,3.225839,3.225839,1.727273,0,4.435484,18.36735,18.36735,0,0,0,0,0,0,0,0,0,0,0,0,0,276.1364,276.1364,15.16615,0,10.83183,53.32556,0,0,14.82518,0,0,98.32813,113.3284,116.2899,0,0,0,0,0,0,0,0,0,0,0,0,0,0,0,0,0,0,0,0,0,0,0,0,0,0,80.42432,0,0,0,0,0,0,0,374.1562,374.7265,373.87,6.8176,12.5566,2.581,0,0,0,0,0,0,0,0,0,0,0,0,0,0,0,0,0,0,0,0,0,0,0,0,0,0,0,0,0,0,0,0,0,0,0,0,0,0,0,0,0,0,0,0,0,0,0,183.5345,0,0,0,0,0,0,0,0,0,0,2.103673,0,0,0,0,0,0,0,0,0,0,0,0,0,0,0,0,0,0,0,0,0,0,0,0,0,0,0,0,0,0,0,0,0,0,0,0,0,0,0,0,0,0,0,0,0,0,0,0,0,0,0,0,0,0,0,0,0,0,0,0,0,0,0,0,0,0,0,0,0,0,0,0,0,0,0,0,0,0,0,0,0,0,0,0,0,0,0,0,0,0,0,0,0,0,0,0,0,0,0,0,0,0,0,0,0,0,0,0,0,0,0,0,0,0,0,0,0,0,0,0,0
2029,1,26,10,5.299014,10.52996,243.7907,12.8025,14.11856,176.3248,50.9618,12.38026,8.045401,27.28297,26.50131,10.36611,0,162.8815,231.8525,0,10.94974,11.20217,153.9048,0,89.45668,2.001587,8.549835,146.8965,295.3498,0,8.577306,121.59,2.644723,10.4976,7.473639,0,0,0,0,32.01596,9.621501,0,5.835291,333.1802,62.47129,166.1545,179.4672,113.1944,6.296873,54.69029,0,0,0,0,0,0,0,0,128.7091,128.7091,0,128.7091,128.7091,0,0,0,0,18.47826,18.47826,46.19566,69.30102,0,0,0,0,0,0,0,0,0,0,0,0,0,0,0,3.612968,3.612968,0,0,0,0,0,0,0,0,0,0,0,0,0,0,3.612968,3.612968,42.12937,0,0,19.54527,0,19.54527,0,0,0,0,0,19.90022,19.90022,3.225839,3.225839,1.727273,0,4.435484,0,0,0,0,0,0,0,0,0,0,0,0,0,0,0,276.1364,276.1364,3.169377,0,6.975362,68.52013,0,0,16.6906,0,0,14.52585,233.9964,287.9694,0,0,0,0,0,0,0,0,0,0,0,0,0,0,0,0,0,0,0,0,0,0,0,0,0,0,81.34407,0,202.4511,0,0,0,0,0,374.1562,374.7265,373.87,6.8176,12.5566,2.581,0,0,0,0,0,0,0,0,0,0,0,0,0,0,0,0,0,0,0,0,0,0,0,0,0,0,0,0,0,0,0,0,0,0,0,0,0,0,0,0,0,0,0,0,0,0,0,408.3046,0,0,0,0,0,0,0,0,0,0,4.679987,0,0,0,0,0,0,0,0,0,0,0,0,0,0,0,0,0,0,0,0,0,0,0,0,0,0,0,0,0,0,0,0,0,0,0,0,0,0,0,0,0,0,0,0,0,0,0,0,0,0,0,0,0,0,0,0,0,0,0,0,0,0,0,0,0,0,0,0,0,0,0,0,0,0,0,0,0,0,0,0,0,0,0,0,0,0,0,0,0,0,0,0,0,0,0,0,0,0,0,0,0,0,0,0,0,0,0,0,0,0,0,0,0,0,0,0,0,0,0,0,0
2029,1,26,11,9.749464,11.11475,255.647,20.3625,13.23007,167.2821,51.81291,13.0678,8.492202,28.79813,27.97305,10.9418,0,150.643,215.1325,0,11.55783,11.82428,154.896,0,91.08824,2.955806,9.024649,133.9069,269.2331,0,12.66638,124.11,2.791598,9.836979,7.003319,0,0,0,0,33.79397,10.15583,0,40.57635,326.2015,61.16278,217.1791,177.8787,165.1836,10.29054,57.44187,0,0,0,0,0,0,0,0,128.7091,128.7091,0,128.7091,128.7091,0,0,0,0,18.47826,18.47826,46.19566,69.30102,0,0,0,0,0,0,0,0,0,0,0,0,0,0,0,3.612968,3.612968,0,0,0,0,0,0,0,0,0,0,0,0,0,0,3.612968,3.612968,42.12937,0,0,19.54527,0,19.54527,0,0,0,0,0,19.90022,19.90022,3.225839,3.225839,1.727273,0,4.435484,0,0,0,0,0,0,0,0,0,0,0,0,0,0,0,276.1364,276.1364,7.918662,0,34.81359,70.23314,0.000512689,0,40.20471,0,0,76.72546,283.7564,358.7607,0,0,0,0,0,0,0,0,0,0,0,0,0,0,0,0,0,0,0,0,0,0,0,0,0,0,81.99804,0,224.5529,0,0,0,0,0,374.1562,374.7265,373.87,6.8176,12.5566,2.581,0,0,0,0,0,0,0,0,0,0,0,0,0,0,0,0,0,0,0,0,0,0,0,0,0,0,0,0,0,0,0,0,0,0,0,0,0,0,0,0,0,0,0,0,0,0,0,430.9798,0,0,0,0,0,0,0,0,0,0,4.93989,0,0,0,0,0,0,0,0,0,0,0,0,0,0,0,0,0,0,0,0,0,0,0,0,0,0,0,0,0,0,0,0,0,0,0,0,0,0,0,0,0,0,0,0,0,0,0,0,0,0,0,0,0,0,0,0,0,0,0,0,0,0,0,0,0,0,0,0,0,0,0,0,0,0,0,0,0,0,0,0,0,0,0,0,0,0,0,0,0,0,0,0,0,0,0,0,0,0,0,0,0,0,0,0,0,0,0,0,0,0,0,0,0,0,0,0,0,0,0,0,0
2029,1,26,12,15.26752,11.15042,250.2476,27.6075,11.84777,159.2738,49.41259,13.10974,8.519457,28.89056,28.06284,10.97691,0,145.7675,207.8725,0,11.59492,11.86223,147.4536,0,87.46772,3.514415,9.053614,99.14079,199.3323,0,15.06016,117.6,2.800558,8.809193,6.271599,0,0,0,0,33.90243,10.18843,0,52.27031,310.6061,58.23864,218.7743,162.8123,185.8113,16.92636,55.81256,0,0,0,0,0,0,0,0,128.7091,128.7091,0,128.7091,128.7091,0,0,0,0,18.47826,18.47826,46.19566,69.30102,0,0,0,0,0,0,0,0,0,0,0,0,0,0,0,3.612968,3.612968,0,0,0,0,0,0,0,0,0,0,0,0,0,0,3.612968,3.612968,42.12937,19.54527,19.54527,19.54527,19.54527,19.54527,0,0,19.54527,19.54527,19.54527,19.90022,19.90022,3.225839,3.225839,1.727273,0,4.435484,0,0,0,0,0,0,0,0,0,0,0,0,0,0,0,276.1364,276.1364,9.627905,0,24.69826,74.40858,0.001452619,0,50.90633,0,0,139.0431,443.7348,586.395,0,0,0,0,0,0,0,0,0,0,0,0,0,0,0,0,0,0,0,0,0,0,0,0,0,0,82.13948,0,543.5509,0,0,0,0,0,374.1562,374.7265,373.87,6.8176,12.5566,2.581,0,0,0,0,0,0,0,0,0,0,0,0,0,0,0,0,0,0,0,0,0,0,0,0,0,0,0,0,0,0,0,0,0,0,0,0,0,0,0,0,0,0,0,0,0,0,0,432.363,0,0,0,0,0,0,0,0,0,0,4.955745,0,0,0,0,0,0,0,0,0,0,0,0,0,0,0,0,0,0,0,0,0,0,0,0,0,0,0,0,0,0,0,0,0,0,0,0,0,0,0,0,0,0,0,0,0,0,0,0,0,0,0,0,0,0,0,0,0,0,0,0,0,0,0,0,0,0,0,0,0,0,0,0,0,0,0,0,0,0,0,0,0,0,0,0,0,0,0,0,0,0,0,0,0,0,0,0,0,0,0,0,0,0,0,0,0,0,0,0,0,0,0,0,0,0,0,0,0,0,0,0,0
2029,1,26,13,18.54728,10.60876,240.3458,33.165,12.24263,157.4008,46.31118,12.4729,8.105604,27.48713,26.69961,10.44368,0,146.663,210.4575,0,11.03167,11.286,143.0016,0,86.05396,3.677335,8.613812,64.64209,129.9693,0,15.75831,113.49,2.664514,9.102785,6.480618,0,0,0,0,32.25554,9.693498,0,97.60291,298.1708,55.90702,218.7743,156.4419,177.0253,23.72113,54.30012,0,0,0,0,0,0,0,0,128.7091,128.7091,0,128.7091,128.7091,0,0,0,0,18.47826,18.47826,46.19566,69.30102,0,0,0,0,0,0,0,0,0,0,0,0,0,0,0,3.612968,3.612968,0,0,0,0,0,0,0,0,0,0,0,0,0,0,3.612968,3.612968,42.12937,0,0,19.54527,19.54527,19.54527,0,0,19.54527,19.54527,19.54527,19.90022,19.90022,3.225839,3.225839,1.727273,0,4.435484,0,0,0,0,0,0,0,0,0,0,0,0,0,0,0,276.1364,276.1364,11.95652,0,20.33602,79.01228,0.000840241,0,75.84405,0,0,167.3569,607.4452,819.3987,0,0,0,0,0,0,0,0,0,0,0,0,0,0,0,0,0,0,0,0,0,0,0,0,0,0,82.58257,0,444.8899,0,0,0,0,0,374.1562,374.7265,373.87,6.8176,12.5566,2.581,0,0,0,0,0,0,0,0,0,0,0,0,0,0,0,0,0,0,0,0,0,0,0,0,0,0,0,0,0,0,0,0,0,0,0,0,0,0,0,0,0,0,0,0,0,0,0,411.3599,0,0,0,0,0,0,0,0,0,0,4.715007,0,0,0,0,0,0,0,0,0,0,0,0,0,0,0,0,0,0,0,0,0,0,0,0,0,0,0,0,0,0,0,0,0,0,0,0,0,0,0,0,0,0,0,0,0,0,0,0,0,0,0,0,0,0,0,0,0,0,0,0,0,0,0,0,0,0,0,0,0,0,0,0,0,0,0,0,0,0,0,0,0,0,0,0,0,0,0,0,0,0,0,0,0,0,0,0,0,0,0,0,0,0,0,0,0,0,0,0,0,0,0,0,0,0,0,0,0,0,0,0,0
2029,1,26,14,17.2307,10.66972,238.9023,31.7475,13.03254,171.8991,48.05541,12.54457,8.152178,27.64507,26.85303,10.50369,41.16628,153.1305,218.2675,0,11.09506,11.35084,144.7656,0,86.80737,3.7937,8.663306,46.34211,93.17538,0,16.25696,114.87,2.679824,9.690112,6.898758,0,0,0,0,32.44087,9.749196,0,59.9643,297.7022,55.81917,218.7743,167.2832,170.1989,22.5688,54.60149,0,0,0,0,0,0,0,0,128.7091,128.7091,0,128.7091,128.7091,0,0,0,0,18.47826,18.47826,46.19566,69.30102,0,0,0,0,0,0,0,0,0,0,0,0,0,0,0,3.612968,3.612968,0,0,0,0,0,0,0,0,0,0,0,0,0,0,3.612968,3.612968,42.12937,0,0,19.54527,0,19.54527,0,0,0,0,0,19.90022,19.90022,3.225839,3.225839,1.727273,0,4.435484,0,0,0,0,0,0,0,0,0,0,0,0,0,0,0,276.1364,276.1364,9.193482,0,35.4458,82.65241,0.00031331,0,55.66806,0,0,178.6255,579.704,779.8347,0,0,0,0,0,0,0,0,0,0,0,0,0,0,0,0,0,0,0,0,0,0,0,0,0,0,82.85404,0,454.0072,0,0,0,0,0,374.1562,374.7265,373.87,6.8176,12.5566,2.581,0,0,0,0,0,0,0,0,0,0,0,0,0,0,0,0,0,0,0,0,0,0,0,0,0,0,0,0,0,0,0,0,0,0,0,0,0,0,0,0,0,0,0,0,0,0,0,413.7235,0,0,0,0,0,0,0,0,0,0,4.742099,0,0,0,0,0,0,0,0,0,0,0,0,0,0,0,0,0,0,0,0,0,0,0,0,0,0,0,0,0,0,0,0,0,0,0,0,0,0,0,0,0,0,0,0,0,0,0,0,0,0,0,0,0,0,0,0,0,0,0,0,0,0,0,0,0,0,0,0,0,0,0,0,0,0,0,0,0,0,0,0,0,0,0,0,0,0,0,0,0,0,0,0,0,0,0,0,0,0,0,0,0,0,0,0,0,0,0,0,0,0,0,0,0,0,0,0,0,0,0,0,0
2029,1,26,15,13.28874,10.40434,247.7874,26.19,13.03254,179.0058,50.68276,12.23256,7.949418,26.95748,26.18514,10.24244,230.3351,159.2,225.7475,0,10.81911,11.06853,149.5032,0,89.27155,3.00236,8.447834,88.02327,176.9795,0,12.86587,119.055,2.613172,9.690112,6.898758,0,0,0,0,31.63401,9.506715,0,102.3164,294.8169,55.27817,217.407,164.1707,150.8472,18.8734,55.99307,0,0,0,0,0,0,0,0,128.7091,128.7091,0,128.7091,128.7091,0,0,0,0,18.47826,18.47826,46.19566,69.30102,0,0,0,0,0,0,0,0,0,0,0,0,0,0,0,3.612968,3.612968,0,0,0,0,0,0,0,0,0,0,0,0,0,0,3.612968,3.612968,42.12937,0,0,19.54527,0,19.54527,0,0,0,0,0,19.90022,19.90022,3.225839,3.225839,1.727273,0,4.435484,0,0,0,0,0,0,0,0,0,0,0,0,0,0,0,276.1364,276.1364,19.49885,0,50.57664,86.61373,1.844303,0,33.97028,0,0,166.312,490.6336,653.0886,0,0,0,0,0,0,0,0,0,0,0,0,0,0,0,0,0,0,0,0,0,0,0,0,0,0,83.38686,0,331.137,0,0,0,0,0,374.1562,374.7265,373.87,6.8176,12.5566,2.581,0,0,0,0,0,0,0,0,0,0,0,0,0,0,0,0,0,0,0,0,0,0,0,0,0,0,0,0,0,0,0,0,0,0,0,0,0,0,0,0,0,0,0,0,0,0,0,403.4334,0,0,0,0,0,0,0,0,0,0,4.624154,0,0,0,0,0,0,0,0,0,0,0,0,0,0,0,0,0,0,0,0,0,0,0,0,0,0,0,0,0,0,0,0,0,0,0,0,0,0,0,0,0,0,0,0,0,0,0,0,0,0,0,0,0,0,0,0,0,0,0,0,0,0,0,0,0,0,0,0,0,0,0,0,0,0,0,0,0,0,0,0,0,0,0,0,0,0,0,0,0,0,0,0,0,0,0,0,0,0,0,0,0,0,0,0,0,0,0,0,0,0,0,0,0,0,0,0,0,0,0,0,0
2029,1,26,16,9.880245,10.28089,246.7749,20.43,11.15662,181.7873,53.06607,12.08743,7.855097,26.63763,25.87445,10.12092,237.1962,112.833,162.1125,0,10.69074,10.9372,154.1064,0,90.05564,2.560156,8.3476,39.96195,80.34744,0,10.97092,120.6,2.582166,8.2953,5.905739,0,0,0,0,31.25867,9.393917,0,125.1409,179.1692,33.59422,216.0396,170.025,134.3965,10.86645,56.92765,0,0,0,0,0,0,0,0,128.7091,128.7091,0,128.7091,128.7091,0,0,0,0,18.47826,18.47826,46.19566,69.30102,0,0,0,0,0,0,0,0,0,0,0,0,0,0,0,3.612968,3.612968,0,0,0,0,0,0,0,0,0,0,0,0,0,0,3.612968,3.612968,42.12937,0,0,19.54527,19.54527,19.54527,0,0,19.54527,19.54527,19.54527,19.90022,19.90022,3.225839,3.225839,1.727273,0,4.435484,0,0,0,0,0,0,0,0,0,0,0,0,0,0,0,276.1364,276.1364,26.98343,0,57.13053,91.53861,5.13317,0,30.38671,0,0,166.784,344.0904,444.6711,0,0,0,0,0,0,0,0,0,0,0,0,0,0,0,0,0,0,0,0,0,0,0,0,0,0,83.41444,0,373.9704,0,0,0,0,0,374.1562,374.7265,373.87,6.8176,12.5566,2.581,0,0,0,0,0,0,0,0,0,0,0,0,0,0,0,0,0,0,0,0,0,0,0,0,0,0,0,0,0,0,0,0,0,0,0,0,0,0,0,0,0,0,0,0,0,0,0,398.6467,0,0,0,0,0,0,0,0,0,0,4.569288,0,0,0,0,0,0,0,0,0,0,0,0,0,0,0,0,0,0,0,0,0,0,0,0,0,0,0,0,0,0,0,0,0,0,0,0,0,0,0,0,0,0,0,0,0,0,0,0,0,0,0,0,0,0,0,0,0,0,0,0,0,0,0,0,0,0,0,0,0,0,0,0,0,0,0,0,0,0,0,0,0,0,0,0,0,0,0,0,0,0,0,0,0,0,0,0,0,0,0,0,0,0,0,0,0,0,0,0,0,0,0,0,0,0,0,0,0,0,0,0,0
2029,1,26,17,4.454156,4.447072,192.4037,13.005,4.691716,141.5431,43.59081,5.2285,5.56518,18.87223,18.33153,7.170468,294.0449,6.4675,8.9375,0,4.624353,7.748787,142.6152,0,67.23952,1.489531,5.914108,13.94466,28.03711,0,6.383018,106.125,1.116934,3.48844,2.483553,0,0,0,0,22.14614,4.063405,0,66.62362,145.2785,27.23972,231.6729,158.599,167.1335,3.87301,51.67307,0,0,0,0,0,0,0,0,128.7091,128.7091,0,128.7091,128.7091,0,0,0,0,18.47826,18.47826,46.19566,69.30102,0,0,0,0,0,0,0,0,0,0,0,0,0,0,0,3.612968,3.612968,0,0,0,0,0,0,0,0,0,0,0,0,0,0,3.612968,3.612968,42.12937,0,0,19.54527,0,19.54527,0,0,0,19.54527,19.54527,19.90022,19.90022,3.225839,3.225839,1.727273,0,4.435484,0,0,0,0,0,0,0,0,0,0,0,0,0,0,0,276.1364,276.1364,23.12754,0,93.69322,90.89624,9.698712,0,17.52513,0,0,223.5187,175.5284,204.885,0,0,0,0,0,0,0,0,0,0,0,0,0,0,0,0,0,0,0,0,0,0,0,0,0,0,83.07356,0,0,0,0,0,0,0,374.1562,374.7265,373.87,6.8176,12.5566,2.581,0,0,0,0,0,0,0,0,0,0,0,0,0,0,0,0,0,0,0,0,0,0,0,0,0,0,0,0,0,0,0,0,0,0,0,0,0,0,0,0,0,0,0,0,0,0,0,282.4332,0,0,0,0,0,0,0,0,0,0,3.23725,0,0,0,0,0,0,0,0,0,0,0,0,0,0,0,0,0,0,0,0,0,0,0,0,0,0,0,0,0,0,0,0,0,0,0,0,0,0,0,0,0,0,0,0,0,0,0,0,0,0,0,0,0,0,0,0,0,0,0,0,0,0,0,0,0,0,0,0,0,0,0,0,0,0,0,0,0,0,0,0,0,0,0,0,0,0,0,0,0,0,0,0,0,0,0,0,0,0,0,0,0,0,0,0,0,0,0,0,0,0,0,0,0,0,0,0,0,0,0,0,0
2029,1,26,18,0,0,50.18739,1.7325,0,12.13345,7.387685,0,1.496511,5.074859,4.929463,1.928183,294.0449,0,0,0,0,2.083697,34.104,0,8.932006,0.3956497,1.59034,1.107932,2.227606,0,1.695459,19.23,0,0,0,0,0,0,0,5.955234,0,0,5.387979,5.57483,1.045281,168.9348,39.78244,45.74192,0,6.200721,0,0,0,0,0,0,0,0,128.7091,128.7091,0,128.7091,128.7091,0,0,0,0,0,18.47826,46.19566,69.30102,0,0,0,0,0,0,0,0,0,0,0,0,0,0,0,3.612968,3.612968,0,48.0012,52.5,48.0012,52.5,0,0,0,0,0,0,0,0,0,3.612968,3.612968,42.12937,0,0,19.54527,0,19.54527,0,0,0,19.54527,19.54527,19.90022,19.90022,3.225839,3.225839,1.727273,0,4.435484,18.36735,18.36735,0,0,0,0,0,0,0,0,0,0,0,0,0,276.1364,276.1364,39.38745,0,53.65339,89.39736,19.55427,0,0,0,0,210.4636,35.3296,18.369,0,0,0,0,0,0,0,0,0,0,0,0,0,0,0,0,0,0,0,0,0,0,0,0,0,0,83.25375,0,0,0,0,0,0,0,374.1562,374.7265,373.87,6.8176,12.5566,2.581,0,0,0,0,0,0,0,0,0,0,0,0,0,0,0,0,0,0,0,0,0,0,0,0,0,0,0,0,0,0,0,0,0,0,0,0,0,0,0,0,0,0,0,0,0,0,0,75.94804,0,0,0,0,0,0,0,0,0,0,0.870516,0,0,0,0,0,0,0,0,0,0,0,0,0,0,0,0,0,0,0,0,0,0,0,0,0,0,0,0,0,0,0,0,0,0,0,0,0,0,0,0,0,0,0,0,0,0,0,0,0,0,0,0,0,0,0,0,0,0,0,0,0,0,0,0,0,0,0,0,0,0,0,0,0,0,0,0,0,0,0,0,0,0,0,0,0,0,0,0,0,0,0,0,0,0,0,0,0,0,0,0,0,0,0,0,0,0,0,0,0,0,0,0,0,0,0,0,0,0,0,0,0
2029,1,26,19,0,0,0,0,0,0,0,0,0,0,0,0,294.0449,0,0,0,0,0,0,0,0,0,0,0,0,0,0,0,0,0,0,0,0,0,0,0,0,0,0,0,0,53.59971,0,0,0,0,0,0,0,0,0,0,0,0,128.7091,128.7091,0,128.7091,128.7091,0,0,0,0,0,18.47826,46.19566,69.30102,0,0,0,0,0,0,0,0,0,0,0,0,0,0,0,3.612968,3.612968,0,48.0012,52.5,48.0012,52.5,0,0,0,0,0,0,0,0,0,3.612968,3.612968,42.12937,0,0,19.54527,0,19.54527,0,0,0,19.54527,19.54527,19.90022,19.90022,3.225839,3.225839,1.727273,0,4.435484,18.36735,18.36735,0,0,0,0,0,0,0,0,0,0,0,0,0,276.1364,276.1364,33.15065,3.865987,65.64426,80.45448,20.47822,0,0,0,0,191.7046,0,0,0,0,0,0,0,0,0,0,0,0,0,0,0,0,0,0,0,0,0,0,0,0,0,0,0,0,82.16488,0,0,0,0,0,0,0,374.1562,374.7265,373.87,6.8176,12.5566,2.581,0,0,0,0,0,0,0,0,0,0,0,0,0,0,0,0,0,0,0,0,0,0,0,0,0,0,0,0,0,0,0,0,0,0,0,0,0,0,0,0,0,0,0,0,0,0,0,0,0,0,0,0,0,0,0,0,0,0,0,0,0,0,0,0,0,0,0,0,0,0,0,0,0,0,0,0,0,0,0,0,0,0,0,0,0,0,0,0,0,0,0,0,0,0,0,0,0,0,0,0,0,0,0,0,0,0,0,0,0,0,0,0,0,0,0,0,0,0,0,0,0,0,0,0,0,0,0,0,0,0,0,0,0,0,0,0,0,0,0,0,0,0,0,0,0,0,0,0,0,0,0,0,0,0,0,0,0,0,0,0,0,0,0,0,0,0,0,0,0,0,0,0,0,0,0,0,0,0,0,0
2029,1,26,20,0,0,0,0,0,0,0,0,0,0,0,0,294.0449,0,0,0,0,0,0,0,0,0,0,0,0,0,0,0,0,0,0,0,0,0,0,0,0,0,0,0,0,0,0,0,0,0,0,0,0,0,0,0,0,0,185.0753,128.7091,0,128.7091,128.7091,0,0,0,0,0,18.47826,46.19566,69.30102,0,0,0,0,0,0,0,0,0,0,0,0,0,0,0,3.612968,3.612968,0,48.0012,52.5,48.0012,52.5,0,0,0,0,0,0,0,0,0,3.612968,3.612968,42.12937,19.54527,19.54527,19.54527,19.54527,19.54527,0,0,19.54527,19.54527,19.54527,19.90022,19.90022,3.225839,3.225839,1.727273,0,4.435484,18.36735,18.36735,0,0,0,0,0,0,0,0,0,0,0,0,0,276.1364,276.1364,31.15004,7.939273,63.6212,92.7163,16.84432,0,13.10703,0,0,151.3214,0,0,0,0,0,0,0,0,0,0,0,0,0,0,0,0,0,0,0,0,0,0,0,0,0,0,0,0,80.26334,0,0,0,0,0,0,0,374.1562,374.7265,373.87,6.8176,12.5566,2.581,0,0,0,0,0,0,0,0,0,0,0,0,0,0,0,0,0,0,0,0,0,0,0,0,0,0,0,0,0,0,0,0,0,0,0,0,0,0,0,0,0,0,0,0,0,0,0,0,0,0,0,0,0,0,0,0,0,0,0,0,0,0,0,0,0,0,0,0,0,0,0,0,0,0,0,0,0,0,0,0,0,0,0,0,0,0,0,0,0,0,0,0,0,0,0,0,0,0,0,0,0,0,0,0,0,0,0,0,0,0,0,0,0,0,0,0,0,0,0,0,0,0,0,0,0,0,0,0,0,0,0,0,0,0,0,0,0,0,0,0,0,0,0,0,0,0,0,0,0,0,0,0,0,0,0,0,0,0,0,0,0,0,0,0,0,0,0,0,0,0,0,0,0,0,0,0,0,0,0,0
2029,1,26,21,0,0,0,0,0,0,0,0,0,0,0,0,215.6329,0,0,0,0,0,0,0,0,0,0,0,0,0,0,0,0,0,0,0,0,0,0,0,0,0,0,0,0,0,0,0,0,0,0,0,0,0,0,0,0,0,185.0753,128.7091,0,128.7091,128.7091,0,0,0,0,0,18.47826,46.19566,69.30102,0,0,0,0,0,0,0,0,0,0,0,0,0,0,0,3.612968,3.612968,0,48.0012,52.5,48.0012,52.5,0,0,0,0,0,0,0,0,0,3.612968,3.612968,42.12937,19.54527,19.54527,19.54527,0,19.54527,0,0,0,0,0,19.90022,19.90022,3.225839,3.225839,1.727273,0,4.435484,18.36735,18.36735,0,0,0,0,0,0,0,0,0,0,0,0,0,276.1364,276.1364,37.53679,9.468263,49.67048,81.29351,31.44806,0,9.71982,0,0,123.505,0,0,0,0,0,0,0,0,0,0,0,0,0,0,0,0,0,0,0,0,0,0,0,0,0,0,0,0,80.67993,0,0,0,0,0,0,0,374.1562,374.7265,373.87,6.8176,12.5566,2.581,0,0,0,0,0,0,0,0,0,0,0,0,0,0,0,0,0,0,0,0,0,0,0,0,0,0,0,0,0,0,0,0,0,0,0,0,0,0,0,0,0,0,0,0,0,0,0,0,0,0,0,0,0,0,0,0,0,0,0,0,0,0,0,0,0,0,0,0,0,0,0,0,0,0,0,0,0,0,0,0,0,0,0,0,0,0,0,0,0,0,0,0,0,0,0,0,0,0,0,0,0,0,0,0,0,0,0,0,0,0,0,0,0,0,0,0,0,0,0,0,0,0,0,0,0,0,0,0,0,0,0,0,0,0,0,0,0,0,0,0,0,0,0,0,0,0,0,0,0,0,0,0,0,0,0,0,0,0,0,0,0,0,0,0,0,0,0,0,0,0,0,0,0,0,0,0,0,0,0,0
2029,1,26,22,0,0,0,0,0,0,0,0,0,0,0,0,0,0,0,0,0,0,0,0,0,0,0,0,0,0,0,0,0,0,0,0,0,0,0,0,0,0,0,0,0,0,0,0,0,0,0,0,0,0,0,0,0,0,185.0753,128.7091,0,128.7091,128.7091,0,0,0,0,0,18.47826,46.19566,69.30102,0,0,0,0,0,0,0,0,0,0,0,0,0,0,0,3.612968,3.612968,0,48.0012,52.5,48.0012,52.5,0,0,0,0,0,0,0,0,0,3.612968,3.612968,42.12937,0,0,19.54527,0,19.54527,0,0,0,0,0,19.90022,19.90022,3.225839,3.225839,1.727273,0,4.435484,18.36735,18.36735,0,0,0,0,0,0,0,0,0,0,0,0,0,276.1364,276.1364,30.22286,17.79772,69.12141,82.03932,56.14553,0,15.11972,0,0,68.01183,0,0,0,0,0,0,0,0,0,0,0,0,0,0,0,0,0,0,0,0,0,0,0,0,0,0,0,0,79.95953,0,0,0,0,0,0,0,374.1562,374.7265,373.87,6.8176,12.5566,2.581,0,0,0,0,0,0,0,0,0,0,0,0,0,0,0,0,0,0,0,0,0,0,0,0,0,0,0,0,0,0,0,0,0,0,0,0,0,0,0,0,0,0,0,0,0,0,0,0,0,0,0,0,0,0,0,0,0,0,0,0,0,0,0,0,0,0,0,0,0,0,0,0,0,0,0,0,0,0,0,0,0,0,0,0,0,0,0,0,0,0,0,0,0,0,0,0,0,0,0,0,0,0,0,0,0,0,0,0,0,0,0,0,0,0,0,0,0,0,0,0,0,0,0,0,0,0,0,0,0,0,0,0,0,0,0,0,0,0,0,0,0,0,0,0,0,0,0,0,0,0,0,0,0,0,0,0,0,0,0,0,0,0,0,0,0,0,0,0,0,0,0,0,0,0,0,0,0,0,0,0
2029,1,26,23,0,0,0,0,0,0,0,0,0,0,0,0,0,0,0,0,0,0,0,0,0,0,0,0,0,0,0,0,0,0,0,0,0,0,0,0,0,0,0,0,0,0,0,0,0,0,0,0,0,0,0,0,0,0,128.7091,128.7091,0,128.7091,128.7091,0,0,0,0,0,18.47826,46.19566,69.30102,0,0,0,0,0,0,0,0,0,0,0,0,0,0,0,3.612968,3.612968,0,48.0012,52.5,48.0012,52.5,0,0,0,0,0,0,0,0,0,3.612968,3.612968,42.12937,0,0,19.54527,0,19.54527,0,0,0,0,0,19.90022,19.90022,3.225839,3.225839,1.727273,0,4.435484,18.36735,18.36735,0,0,0,0,0,0,0,0,0,0,0,0,0,276.1364,276.1364,47.83492,25.70017,81.34409,82.97159,68.28974,0,73.78227,0,0,61.09705,0,0,0,0,0,0,0,0,0,0,0,0,0,0,0,0,0,0,0,0,0,0,0,0,0,0,0,0,78.67799,0,0,0,0,0,0,0,374.1562,374.7265,373.87,6.8176,12.5566,2.581,0,0,0,0,0,0,0,0,0,0,0,0,0,0,0,0,0,0,0,0,0,0,0,0,0,0,0,0,0,0,0,0,0,0,0,0,0,0,0,0,0,0,0,0,0,0,0,0,0,0,0,0,0,0,0,0,0,0,0,0,0,0,0,0,0,0,0,0,0,0,0,0,0,0,0,0,0,0,0,0,0,0,0,0,0,0,0,0,0,0,0,0,0,0,0,0,0,0,0,0,0,0,0,0,0,0,0,0,0,0,0,0,0,0,0,0,0,0,0,0,0,0,0,0,0,0,0,0,0,0,0,0,0,0,0,0,0,0,0,0,0,0,0,0,0,0,0,0,0,0,0,0,0,0,0,0,0,0,0,0,0,0,0,0,0,0,0,0,0,0,0,0,0,0,0,0,0,0,0,0
2029,1,26,24,0,0,0,0,0,0,0,0,0,0,0,0,0,0,0,0,0,0,0,0,0,0,0,0,0,0,0,0,0,0,0,0,0,0,0,0,0,0,0,0,0,0,0,0,0,0,0,0,0,0,0,0,0,0,185.0753,128.7091,0,128.7091,128.7091,0,0,0,0,0,18.47826,46.19566,69.30102,0,0,0,0,0,0,0,0,0,0,0,0,0,0,0,3.612968,3.612968,0,48.0012,52.5,48.0012,52.5,0,0,0,0,0,0,0,0,0,3.612968,3.612968,42.12937,0,0,19.54527,0,19.54527,0,0,0,19.54527,19.54527,19.90022,19.90022,3.225839,3.225839,1.727273,0,4.435484,0,0,0,0,0,0,0,0,0,0,0,0,0,0,0,276.1364,276.1364,55.24945,14.7169,37.08953,83.25127,71.00649,0,138.0411,0,0,44.01215,0,0,0,0,0,0,0,0,0,0,0,0,0,0,0,0,0,0,0,0,0,0,0,0,0,0,0,0,77.61679,0,0,0,0,0,0,0,374.1562,374.7265,373.87,6.8176,12.5566,2.581,0,0,0,0,0,0,0,0,0,0,0,0,0,0,0,0,0,0,0,0,0,0,0,0,0,0,0,0,0,0,0,0,0,0,0,0,0,0,0,0,0,0,0,0,0,0,0,0,0,0,0,0,0,0,0,0,0,0,0,0,0,0,0,0,0,0,0,0,0,0,0,0,0,0,0,0,0,0,0,0,0,0,0,0,0,0,0,0,0,0,0,0,0,0,0,0,0,0,0,0,0,0,0,0,0,0,0,0,0,0,0,0,0,0,0,0,0,0,0,0,0,0,0,0,0,0,0,0,0,0,0,0,0,0,0,0,0,0,0,0,0,0,0,0,0,0,0,0,0,0,0,0,0,0,0,0,0,0,0,0,0,0,0,0,0,0,0,0,0,0,0,0,0,0,0,0,0,0,0,0
2029,1,27,1,0,0,0,0,0,0,0,0,0,0,0,0,0,0,0,0,0,0,0,0,0,0,0,0,0,0,0,0,0,0,0,0,0,0,0,0,0,0,0,0,0,0,0,0,0,0,0,0,0,0,0,0,0,0,128.7091,128.7091,0,128.7091,128.7091,0,0,0,0,0,18.47826,46.19566,69.30102,0,0,0,0,0,0,0,0,0,0,0,0,0,0,0,0,0,0,0,0,0,0,0,0,0,0,0,0,0,0,0,0,0,0,0,0,0,0,0,0,0,0,0,0,0,0,0,0,0,0,0,0,0,0,0,0,0,0,0,0,0,0,0,0,0,0,276.1364,276.1364,60.27312,3.540381,7.228245,82.50546,26.71256,0,74.66589,0,0,65.77078,0,0,0,0,0,0,0,0,0,0,0,0,0,0,0,0,0,0,0,0,0,0,0,0,0,0,0,0,76.83694,0,0,0,0,0,0,0,374.1562,374.7265,373.87,6.8176,12.5566,2.581,0,0,0,0,0,0,0,0,0,0,0,0,0,0,0,0,0,0,0,0,0,0,0,0,0,0,0,0,0,0,0,0,0,0,0,0,0,0,0,0,0,0,0,0,0,0,0,0,0,0,0,0,0,0,0,0,0,0,0,0,0,0,0,0,0,0,0,0,0,0,0,0,0,0,0,0,0,0,0,0,0,0,0,0,0,0,0,0,0,0,0,0,0,0,0,0,0,0,0,0,0,0,0,0,0,0,0,0,0,0,0,0,0,0,0,0,0,0,0,0,0,0,0,0,0,0,0,0,0,0,0,0,0,0,0,0,0,0,0,0,0,0,0,0,0,0,0,0,0,0,0,0,0,0,0,0,0,0,0,0,0,0,0,0,0,0,0,0,0,0,0,0,0,0,0,0,0,0,0,0
2029,1,27,2,0,0,0,0,0,0,0,0,0,0,0,0,0,0,0,0,0,0,0,0,0,0,0,0,0,0,0,0,0,0,0,0,0,0,0,0,0,0,0,0,0,0,0,0,0,0,0,0,0,0,0,0,0,0,128.7091,128.7091,0,128.7091,128.7091,0,0,0,0,0,18.47826,46.19566,69.30102,0,0,0,0,0,0,0,0,0,0,0,0,0,0,0,3.612968,3.612968,53.4982,48.0012,52.5,48.0012,52.5,0,0,0,0,0,0,0,0,0,3.612968,3.612968,42.12937,0,0,19.54527,0,19.54527,0,0,0,0,0,19.90022,19.90022,0,0,0,0,0,18.36735,18.36735,0,0,0,0,0,0,0,0,0,0,0,0,0,276.1364,276.1364,59.75254,5.21404,9.356678,83.25127,23.1638,0,11.43797,0,0,69.70206,0,0,0,0,0,0,0,0,0,0,0,0,0,0,0,0,0,0,0,0,0,0,0,0,0,0,0,0,76.23663,0,0,0,0,0,0,0,374.1562,374.7265,373.87,6.8176,12.5566,2.581,0,0,0,0,0,0,0,0,0,0,0,0,0,0,0,0,0,0,0,0,0,0,0,0,0,0,0,0,0,0,0,0,0,0,0,0,0,0,0,0,0,0,0,0,0,0,0,0,0,0,0,0,0,0,0,0,0,0,0,0,0,0,0,0,0,0,0,0,0,0,0,0,0,0,0,0,0,0,0,0,0,0,0,0,0,0,0,0,0,0,0,0,0,0,0,0,0,0,0,0,0,0,0,0,0,0,0,0,0,0,0,0,0,0,0,0,0,0,0,0,0,0,0,0,0,0,0,0,0,0,0,0,0,0,0,0,0,0,0,0,0,0,0,0,0,0,0,0,0,0,0,0,0,0,0,0,0,0,0,0,0,0,0,0,0,0,0,0,0,0,0,0,0,0,0,0,0,0,0,0
2029,1,27,3,0,0,0,0,0,0,0,0,0,0,0,0,0,0,0,0,0,0,0,0,0,0,0,0,0,0,0,0,0,0,0,0,0,0,0,0,0,0,0,0,0,0,0,0,0,0,0,0,0,0,0,0,0,0,128.7091,128.7091,0,128.7091,128.7091,0,0,0,0,0,18.47826,46.19566,69.30102,0,0,0,0,0,0,0,0,0,0,0,0,0,0,0,3.612968,3.612968,53.4982,48.0012,52.5,48.0012,52.5,0,0,0,0,0,0,0,0,0,3.612968,3.612968,42.12937,19.54527,19.54527,19.54527,19.54527,19.54527,0,0,19.54527,19.54527,19.54527,19.90022,19.90022,3.225839,3.225839,1.727273,0,4.435484,18.36735,18.36735,0,0,0,0,0,0,0,0,0,0,0,0,0,276.1364,276.1364,62.76773,4.61263,7.438981,82.50546,15.34333,0,8.29621,0,0,68.78493,0,0,0,0,0,0,0,0,0,0,0,0,0,0,0,0,0,0,0,0,0,0,0,0,0,0,0,0,76.20618,0,0,0,0,0,0,0,374.1562,374.7265,373.87,6.8176,12.5566,2.581,0,0,0,0,0,0,0,0,0,0,0,0,0,0,0,0,0,0,0,0,0,0,0,0,0,0,0,0,0,0,0,0,0,0,0,0,0,0,0,0,0,0,0,0,0,0,0,0,0,0,0,0,0,0,0,0,0,0,0,0,0,0,0,0,0,0,0,0,0,0,0,0,0,0,0,0,0,0,0,0,0,0,0,0,0,0,0,0,0,0,0,0,0,0,0,0,0,0,0,0,0,0,0,0,0,0,0,0,0,0,0,0,0,0,0,0,0,0,0,0,0,0,0,0,0,0,0,0,0,0,0,0,0,0,0,0,0,0,0,0,0,0,0,0,0,0,0,0,0,0,0,0,0,0,0,0,0,0,0,0,0,0,0,0,0,0,0,0,0,0,0,0,0,0,0,0,0,0,0,0
2029,1,27,4,0,0,0,0,0,0,0,0,0,0,0,0,0,0,0,0,0,0,0,0,0,0,0,0,0,0,0,0,0,0,0,0,0,0,0,0,0,0,0,0,0,0,0,0,0,0,0,0,0,0,0,0,0,0,128.7091,128.7091,0,128.7091,128.7091,0,0,0,0,0,18.47826,46.19566,69.30102,0,0,0,0,0,0,0,0,0,0,0,0,0,0,0,3.612968,3.612968,53.4982,48.0012,52.5,48.0012,52.5,0,0,0,0,0,0,0,0,0,3.612968,3.612968,42.12937,0,0,19.54527,0,19.54527,0,0,0,0,0,19.90022,19.90022,3.225839,3.225839,1.727273,0,4.435484,18.36735,18.36735,0,0,0,0,0,0,0,0,0,0,0,0,0,276.1364,276.1364,80.56598,4.716449,6.806773,83.15804,4.191106,0,0,0,0,72.53651,0,0,0,0,0,0,0,0,0,0,0,0,0,0,0,0,0,0,0,0,0,0,0,0,0,0,0,0,76.67595,0,0,0,0,0,0,0,374.1562,374.7265,373.87,6.8176,12.5566,2.581,0,0,0,0,0,0,0,0,0,0,0,0,0,0,0,0,0,0,0,0,0,0,0,0,0,0,0,0,0,0,0,0,0,0,0,0,0,0,0,0,0,0,0,0,0,0,0,0,0,0,0,0,0,0,0,0,0,0,0,0,0,0,0,0,0,0,0,0,0,0,0,0,0,0,0,0,0,0,0,0,0,0,0,0,0,0,0,0,0,0,0,0,0,0,0,0,0,0,0,0,0,0,0,0,0,0,0,0,0,0,0,0,0,0,0,0,0,0,0,0,0,0,0,0,0,0,0,0,0,0,0,0,0,0,0,0,0,0,0,0,0,0,0,0,0,0,0,0,0,0,0,0,0,0,0,0,0,0,0,0,0,0,0,0,0,0,0,0,0,0,0,0,0,0,0,0,0,0,0,0
2029,1,27,5,0,0,0,0,0,0,0,0,0,0,0,0,0,0,0,0,0,0,0,0,0,0,0,0,0,0,0,0,0,0,0,0,0,0,0,0,0,0,0,0,0,0,0,0,0,0,0,0,0,0,0,0,0,0,128.7091,128.7091,0,128.7091,128.7091,0,0,0,0,0,18.47826,46.19566,69.30102,0,0,0,0,0,0,0,0,0,0,0,0,0,0,0,3.612968,3.612968,53.4982,48.0012,52.5,48.0012,52.5,0,0,0,0,0,0,0,0,0,3.612968,3.612968,42.12937,0,0,19.54527,0,19.54527,0,0,0,0,0,19.90022,19.90022,3.225839,3.225839,1.727273,0,4.435484,18.36735,18.36735,0,0,0,0,0,0,0,0,0,0,0,0,0,276.1364,276.1364,88.38761,2.699075,3.329629,83.15804,1.273146,0,0,0,0,76.8542,0,0,0,0,0,0,0,0,0,0,0,0,0,0,0,0,0,0,0,0,0,0,0,0,0,0,0,0,77.24409,0,0,0,0,0,0,0,374.1562,374.7265,373.87,6.8176,12.5566,2.581,0,0,0,0,0,0,0,0,0,0,0,0,0,0,0,0,0,0,0,0,0,0,0,0,0,0,0,0,0,0,0,0,0,0,0,0,0,0,0,0,0,0,0,0,0,0,0,0,0,0,0,0,0,0,0,0,0,0,0,0,0,0,0,0,0,0,0,0,0,0,0,0,0,0,0,0,0,0,0,0,0,0,0,0,0,0,0,0,0,0,0,0,0,0,0,0,0,0,0,0,0,0,0,0,0,0,0,0,0,0,0,0,0,0,0,0,0,0,0,0,0,0,0,0,0,0,0,0,0,0,0,0,0,0,0,0,0,0,0,0,0,0,0,0,0,0,0,0,0,0,0,0,0,0,0,0,0,0,0,0,0,0,0,0,0,0,0,0,0,0,0,0,0,0,0,0,0,0,0,0
2029,1,27,6,0,0,0,0,0,0,0,0,0,0,0,0,0,0,0,0,0,0,0,0,0,0,0,0,0,0,0,0,0,0,0,0,0,0,0,0,0,0,0,0,0,0,0,0,0,0,0,0,0,0,0,0,0,0,128.7091,128.7091,0,128.7091,128.7091,0,0,0,0,0,18.47826,46.19566,69.30102,0,0,0,0,0,0,0,0,0,0,0,0,0,0,0,3.612968,3.612968,53.4982,48.0012,52.5,48.0012,52.5,0,0,0,0,0,0,0,0,0,3.612968,3.612968,42.12937,0,0,19.54527,0,19.54527,0,0,0,0,0,19.90022,19.90022,3.225839,3.225839,1.727273,0,4.435484,18.36735,18.36735,0,0,0,0,0,0,0,0,0,0,0,0,0,276.1364,276.1364,105.3463,31.65568,40.96708,83.3445,0.1851363,0,0,0,0,93.70811,0,0,0,0,0,0,0,0,0,0,0,0,0,0,0,0,0,0,0,0,0,0,0,0,0,0,0,0,78.58993,0,0,0,0,0,0,0,374.1562,374.7265,373.87,6.8176,12.5566,2.581,0,0,0,0,0,0,0,0,0,0,0,0,0,0,0,0,0,0,0,0,0,0,0,0,0,0,0,0,0,0,0,0,0,0,0,0,0,0,0,0,0,0,0,0,0,0,0,0,0,0,0,0,0,0,0,0,0,0,0,0,0,0,0,0,0,0,0,0,0,0,0,0,0,0,0,0,0,0,0,0,0,0,0,0,0,0,0,0,0,0,0,0,0,0,0,0,0,0,0,0,0,0,0,0,0,0,0,0,0,0,0,0,0,0,0,0,0,0,0,0,0,0,0,0,0,0,0,0,0,0,0,0,0,0,0,0,0,0,0,0,0,0,0,0,0,0,0,0,0,0,0,0,0,0,0,0,0,0,0,0,0,0,0,0,0,0,0,0,0,0,0,0,0,0,0,0,0,0,0,0
2029,1,27,7,0,0,0,0,0,0,0,0,0,0,0,0,0,2.388,3.355,0,0,0,0,0,0,0,0,0,0,0,0,0,0,0,0,0,0,0,0,0,0,0,0,0,0,0,0,0,0,0,0,0,0,0,0,0,0,0,128.7091,128.7091,0,128.7091,128.7091,0,0,0,0,0,18.47826,46.19566,69.30102,0,0,0,0,0,0,0,0,0,0,0,0,0,0,0,3.612968,3.612968,53.4982,48.0012,52.5,48.0012,52.5,0,0,0,0,0,0,0,0,0,3.612968,3.612968,42.12937,0,0,19.54527,0,19.54527,0,0,0,0,0,19.90022,19.90022,3.225839,3.225839,1.727273,0,4.435484,18.36735,18.36735,0,0,0,0,0,0,0,0,0,0,0,0,0,276.1364,276.1364,92.64021,19.89406,22.92808,83.25127,0.4735112,0,0,0,0,125.6922,0,0,0,0,0,0,0,0,0,0,0,0,0,0,0,0,0,0,0,0,0,0,0,0,0,0,0,0,79.47066,0,0,0,0,0,0,0,374.1562,374.7265,373.87,6.8176,12.5566,2.581,0,0,0,0,0,0,0,0,0,0,0,0,0,0,0,0,0,0,0,0,0,0,0,0,0,0,0,0,0,0,0,0,0,0,0,0,0,0,0,0,0,0,0,0,0,0,0,0,0,0,0,0,0,0,0,0,0,0,0,0,0,0,0,0,0,0,0,0,0,0,0,0,0,0,0,0,0,0,0,0,0,0,0,0,0,0,0,0,0,0,0,0,0,0,0,0,0,0,0,0,0,0,0,0,0,0,0,0,0,0,0,0,0,0,0,0,0,0,0,0,0,0,0,0,0,0,0,0,0,0,0,0,0,0,0,0,0,0,0,0,0,0,0,0,0,0,0,0,0,0,0,0,0,0,0,0,0,0,0,0,0,0,0,0,0,0,0,0,0,0,0,0,0,0,0,0,0,0,0,0
2029,1,27,8,0,0,0,0,0,1.976925,0,0,0.087458,0.29658,0.288083,0.1126851,0,93.53,134.9975,0,0,0.121773,0,0,1.928569,0.02110355,0.092941,0,0,0,0.090434,0,0,0,0,0,0,0,0,0.339802,0,0,1.147068,0,0,0,0,0,0,0.381511,0,0,0,0,0,0,0,0,128.7091,128.7091,0,128.7091,128.7091,0,0,0,0,0,18.47826,46.19566,69.30102,0,0,0,0,0,0,0,0,0,0,0,0,0,0,0,3.612968,3.612968,53.4982,48.0012,52.5,48.0012,52.5,0,0,0,0,0,0,0,0,0,3.612968,3.612968,42.12937,0,0,19.54527,0,19.54527,0,0,0,0,0,19.90022,19.90022,3.225839,3.225839,1.727273,0,4.435484,18.36735,18.36735,0,0,0,0,0,0,0,0,0,0,0,0,0,276.1364,276.1364,125.9157,2.845917,2.33917,83.25127,0.4035277,0,0,0,0,125.1467,0,0,0,0,0,0,0,0,0,0,0,0,0,0,0,0,0,0,0,0,0,0,0,0,0,0,0,0,78.20437,0,0,0,0,0,0,0,374.1562,374.7265,373.87,6.8176,12.5566,2.581,0,0,0,0,0,0,0,0,0,0,0,0,0,0,0,0,0,0,0,0,0,0,0,0,0,0,0,0,0,0,0,0,0,0,0,0,0,0,0,0,0,0,0,0,0,0,0,4.333552,0,0,0,0,0,0,0,0,0,0,0.049671,0,0,0,0,0,0,0,0,0,0,0,0,0,0,0,0,0,0,0,0,0,0,0,0,0,0,0,0,0,0,0,0,0,0,0,0,0,0,0,0,0,0,0,0,0,0,0,0,0,0,0,0,0,0,0,0,0,0,0,0,0,0,0,0,0,0,0,0,0,0,0,0,0,0,0,0,0,0,0,0,0,0,0,0,0,0,0,0,0,0,0,0,0,0,0,0,0,0,0,0,0,0,0,0,0,0,0,0,0,0,0,0,0,0,0,0,0,0,0,0,0
2029,1,27,9,9.811978,1.749279,93.54187,10.0125,1.922414,97.84956,18.68449,2.056658,3.503936,11.88229,11.54186,4.514654,0,155.419,220.4125,0,1.819013,4.878774,100.296,0,50.38633,0.7386241,3.723627,49.24566,99.01324,0,3.165191,23.115,0.4393518,1.429376,1.017627,0,0,0,0,13.92231,1.598361,0,71.2155,14.12873,2.649138,1.757031,59.40405,0,4.349835,26.34724,0,0,0,0,0,0,0,0,128.7091,128.7091,0,128.7091,128.7091,0,0,0,0,0,18.47826,46.19566,69.30102,0,0,0,0,0,0,0,0,0,0,0,0,0,0,0,3.612968,3.612968,53.4982,48.0012,52.5,48.0012,52.5,0,0,0,0,0,0,0,0,0,3.612968,3.612968,42.12937,0,0,19.54527,0,19.54527,0,0,0,0,0,19.90022,19.90022,3.225839,3.225839,1.727273,0,4.435484,18.36735,18.36735,0,0,0,0,0,0,0,0,0,0,0,0,0,276.1364,276.1364,119.224,0,0,83.25127,0.3165289,0,0,0,0,130.1873,200.5328,206.4393,0,0,0,0,0,0,0,0,0,0,0,0,0,0,0,0,0,0,0,0,0,0,0,0,0,0,79.6956,0,0,0,0,0,0,0,374.1562,374.7265,373.87,6.8176,12.5566,2.581,0,0,0,0,0,0,0,0,0,0,0,0,0,0,0,0,0,0,0,0,0,0,0,0,0,0,0,0,0,0,0,0,0,0,0,0,0,0,0,0,0,0,0,0,0,0,0,177.5534,0,0,0,0,0,0,0,0,0,0,2.035117,0,0,0,0,0,0,0,0,0,0,0,0,0,0,0,0,0,0,0,0,0,0,0,0,0,0,0,0,0,0,0,0,0,0,0,0,0,0,0,0,0,0,0,0,0,0,0,0,0,0,0,0,0,0,0,0,0,0,0,0,0,0,0,0,0,0,0,0,0,0,0,0,0,0,0,0,0,0,0,0,0,0,0,0,0,0,0,0,0,0,0,0,0,0,0,0,0,0,0,0,0,0,0,0,0,0,0,0,0,0,0,0,0,0,0,0,0,0,0,0,0
2029,1,27,10,45.71576,11.27245,235.4344,20.0025,11.96179,181.5325,19.03254,13.25322,8.612698,29.20675,28.36997,11.09705,0,120.4945,170.9675,0,11.72182,11.99206,152.124,0,91.86838,1.96263,9.152701,22.65529,45.5507,0,8.410366,24.42,2.831208,8.893969,6.331954,0,0,0,0,34.21516,10.29993,0,134.0178,62.4824,11.71545,168.6158,37.47076,0.325057,12.01878,55.19147,0,0,0,0,0,0,0,0,128.7091,128.7091,0,128.7091,128.7091,0,0,0,0,0,18.47826,46.19566,69.30102,0,0,0,0,0,0,0,0,0,0,0,0,0,0,0,3.612968,3.612968,53.4982,48.0012,52.5,48.0012,52.5,0,0,0,0,0,0,0,0,0,3.612968,3.612968,42.12937,0,0,19.54527,0,19.54527,0,0,0,0,0,19.90022,19.90022,3.225839,3.225839,1.727273,0,4.435484,18.36735,18.36735,0,0,0,0,0,0,0,0,0,0,0,0,0,276.1364,276.1364,139.6562,0,0,81.38674,0,0,0,0,0,132.3872,385.3912,469.5399,0,0,0,0,0,0,0,0,0,0,0,0,0,0,0,0,0,0,0,0,0,0,0,0,0,0,80.19252,0,1000,0,0,0,0,0,374.1562,374.7265,373.87,6.8176,12.5566,2.581,0,0,0,0,0,0,0,0,0,0,0,0,0,0,0,0,0,0,0,0,0,0,0,0,0,0,0,0,0,0,0,0,0,0,0,0,0,0,0,0,0,0,0,0,0,0,0,436.3513,0,0,0,0,0,0,0,0,0,0,5.001459,0,0,0,0,0,0,0,0,0,0,0,0,0,0,0,0,0,0,0,0,0,0,0,0,0,0,0,0,0,0,0,0,0,0,0,0,0,0,0,0,0,0,0,0,0,0,0,0,0,0,0,0,0,0,0,0,0,0,0,0,0,0,0,0,0,0,0,0,0,0,0,0,0,0,0,0,0,0,0,0,0,0,0,0,0,0,0,0,0,0,0,0,0,0,0,0,0,0,0,0,0,0,0,0,0,0,0,0,0,0,0,0,0,0,0,0,0,0,0,0,0
2029,1,27,11,46.88021,11.77953,235.497,46.1025,13.0497,183.0796,22.51,13.8494,9.000127,30.52057,29.64615,11.59623,0,140.1955,200.035,0,12.24911,12.5315,152.376,0,91.906,2.848979,9.564421,31.44234,63.21792,0,12.2086,81.39,2.958566,9.702869,6.907841,0,0,0,0,35.86049,10.76326,0,134.4767,92.22057,17.29136,217.1791,50.34641,5.541965,20.34362,57.77012,0,0,0,0,0,0,0,0,128.7091,128.7091,0,128.7091,128.7091,0,0,0,0,0,18.47826,46.19566,69.30102,0,0,0,0,0,0,0,0,0,0,0,0,0,0,0,3.612968,3.612968,0,0,0,0,0,0,0,0,0,0,0,0,0,0,3.612968,3.612968,42.12937,0,0,19.54527,0,19.54527,0,0,0,0,0,19.90022,19.90022,3.225839,3.225839,1.727273,0,4.435484,0,0,0,0,0,0,0,0,0,0,0,0,0,0,0,276.1364,276.1364,139.6526,0,0,89.82561,0,0,0,0,0,124.5779,539.5228,688.8375,0,0,0,0,0,0,0,0,0,0,0,0,0,0,0,0,0,0,0,0,0,0,0,0,0,0,80.68916,0,594.9502,0,0,0,0,0,374.1562,374.7265,373.87,6.8176,12.5566,2.581,0,0,0,0,0,0,0,0,0,0,0,0,0,0,0,0,0,0,0,0,0,0,0,0,0,0,0,0,0,0,0,0,0,0,0,0,0,0,0,0,0,0,0,0,0,0,0,457.3344,0,0,0,0,0,0,0,0,0,0,5.241967,0,0,0,0,0,0,0,0,0,0,0,0,0,0,0,0,0,0,0,0,0,0,0,0,0,0,0,0,0,0,0,0,0,0,0,0,0,0,0,0,0,0,0,0,0,0,0,0,0,0,0,0,0,0,0,0,0,0,0,0,0,0,0,0,0,0,0,0,0,0,0,0,0,0,0,0,0,0,0,0,0,0,0,0,0,0,0,0,0,0,0,0,0,0,0,0,0,0,0,0,0,0,0,0,0,0,0,0,0,0,0,0,0,0,0,0,0,0,0,0,0
2029,1,27,12,17.26385,10.75311,177.9676,72.8775,12.01976,167.6715,29.2789,12.64262,8.215892,27.86113,27.0629,10.58578,0,129.151,184.195,0,11.18178,11.43956,145.7064,0,88.9686,3.439878,8.731016,44.89034,90.25645,0,14.74075,80.535,2.700768,8.937073,6.362641,0,0,0,0,32.66567,9.825392,0,127.8677,128.3214,24.06027,218.7743,84.09879,15.81507,24.55557,56.5877,0,0,0,0,0,0,0,0,128.7091,128.7091,0,128.7091,128.7091,0,0,0,0,0,18.47826,46.19566,69.30102,0,0,0,0,0,0,0,0,0,0,0,0,0,0,0,3.612968,3.612968,53.4982,48.0012,52.5,48.0012,52.5,0,0,0,0,0,0,0,0,0,3.612968,3.612968,42.12937,19.54527,19.54527,19.54527,19.54527,19.54527,0,0,19.54527,19.54527,19.54527,19.90022,19.90022,3.225839,3.225839,1.727273,0,4.435484,18.36735,18.36735,0,0,0,0,0,0,0,0,0,0,0,0,0,276.1364,276.1364,131.1219,0,0,94.7505,0,0,0,0,0,121.6162,641.0332,833.3874,0,0,0,0,0,0,0,0,0,0,0,0,0,0,0,0,0,0,0,0,0,0,0,0,0,0,80.77018,0,1000,0,0,0,0,0,374.1562,374.7265,373.87,6.8176,12.5566,2.581,0,0,0,0,0,0,0,0,0,0,0,0,0,0,0,0,0,0,0,0,0,0,0,0,0,0,0,0,0,0,0,0,0,0,0,0,0,0,0,0,0,0,0,0,0,0,0,416.5904,0,0,0,0,0,0,0,0,0,0,4.774959,0,0,0,0,0,0,0,0,0,0,0,0,0,0,0,0,0,0,0,0,0,0,0,0,0,0,0,0,0,0,0,0,0,0,0,0,0,0,0,0,0,0,0,0,0,0,0,0,0,0,0,0,0,0,0,0,0,0,0,0,0,0,0,0,0,0,0,0,0,0,0,0,0,0,0,0,0,0,0,0,0,0,0,0,0,0,0,0,0,0,0,0,0,0,0,0,0,0,0,0,0,0,0,0,0,0,0,0,0,0,0,0,0,0,0,0,0,0,0,0,0
2029,1,27,13,84.50726,10.51232,177.2378,61.83,11.51307,147.6172,33.61848,12.35952,8.031922,27.23727,26.45691,10.34875,0,114.425,163.6525,0,10.93139,11.1834,141.1032,0,85.01246,3.566499,8.535511,58.30013,117.2182,0,15.28335,67.305,2.640293,8.560331,6.094425,0,0,0,0,31.92949,9.605382,0,90.16165,172.5949,32.36155,218.7743,103.4302,33.01417,26.34367,55.04701,0,0,0,0,0,0,0,0,128.7091,128.7091,0,128.7091,128.7091,0,0,0,0,0,18.47826,46.19566,69.30102,0,0,0,0,0,0,0,0,0,0,0,0,0,0,0,3.612968,3.612968,53.4982,48.0012,52.5,48.0012,52.5,0,0,0,0,0,0,0,0,0,3.612968,3.612968,42.12937,0,0,19.54527,0,19.54527,0,0,0,0,0,19.90022,19.90022,3.225839,3.225839,1.727273,0,4.435484,18.36735,18.36735,0,0,0,0,0,0,0,0,0,0,0,0,0,276.1364,276.1364,117.0128,0,0,94.64343,0,0,0,0,0,131.3435,684.2,894.5703,0,0,0,0,0,0,0,0,0,0,0,0,0,0,0,0,0,0,0,0,0,0,0,0,0,0,80.89565,0,1000,0,0,0,0,0,374.1562,374.7265,373.87,6.8176,12.5566,2.581,0,0,0,0,0,0,0,0,0,0,0,0,0,0,0,0,0,0,0,0,0,0,0,0,0,0,0,0,0,0,0,0,0,0,0,0,0,0,0,0,0,0,0,0,0,0,0,407.2018,0,0,0,0,0,0,0,0,0,0,4.667348,0,0,0,0,0,0,0,0,0,0,0,0,0,0,0,0,0,0,0,0,0,0,0,0,0,0,0,0,0,0,0,0,0,0,0,0,0,0,0,0,0,0,0,0,0,0,0,0,0,0,0,0,0,0,0,0,0,0,0,0,0,0,0,0,0,0,0,0,0,0,0,0,0,0,0,0,0,0,0,0,0,0,0,0,0,0,0,0,0,0,0,0,0,0,0,0,0,0,0,0,0,0,0,0,0,0,0,0,0,0,0,0,0,0,0,0,0,0,0,0,0
2029,1,27,14,66.15697,10.82112,155.4634,71.64,11.47893,136.3195,33.56548,12.72258,8.267857,28.03735,27.23407,10.65274,33.32508,142.683,203.335,0,11.2525,11.51191,142.6824,0,85.6926,3.33436,8.786239,80.42056,161.6935,0,14.28858,60.555,2.71785,8.534951,6.076356,0,0,0,0,32.8834,9.887537,0,44.06801,217.5213,40.78525,218.7743,84.79984,39.48701,25.42975,55.45124,0,0,0,0,0,0,0,0,128.7091,128.7091,0,128.7091,128.7091,0,0,0,0,0,18.47826,46.19566,69.30102,0,0,0,0,0,0,0,0,0,0,0,0,0,0,0,3.612968,3.612968,53.4982,48.0012,52.5,48.0012,52.5,0,0,0,0,0,0,0,0,0,3.612968,3.612968,42.12937,0,0,19.54527,0,19.54527,0,0,0,0,0,19.90022,19.90022,3.225839,3.225839,1.727273,0,4.435484,18.36735,18.36735,0,0,0,0,0,0,0,0,0,0,0,0,0,276.1364,276.1364,104.0115,0,0,82.59869,0,0,0,0,0,121.9319,662.1812,863.343,0,0,0,0,0,0,0,0,0,0,0,0,0,0,0,0,0,0,0,0,0,0,0,0,0,0,81.10612,0,1000,0,0,0,0,0,374.1562,374.7265,373.87,6.8176,12.5566,2.581,0,0,0,0,0,0,0,0,0,0,0,0,0,0,0,0,0,0,0,0,0,0,0,0,0,0,0,0,0,0,0,0,0,0,0,0,0,0,0,0,0,0,0,0,0,0,0,419.3671,0,0,0,0,0,0,0,0,0,0,4.806786,0,0,0,0,0,0,0,0,0,0,0,0,0,0,0,0,0,0,0,0,0,0,0,0,0,0,0,0,0,0,0,0,0,0,0,0,0,0,0,0,0,0,0,0,0,0,0,0,0,0,0,0,0,0,0,0,0,0,0,0,0,0,0,0,0,0,0,0,0,0,0,0,0,0,0,0,0,0,0,0,0,0,0,0,0,0,0,0,0,0,0,0,0,0,0,0,0,0,0,0,0,0,0,0,0,0,0,0,0,0,0,0,0,0,0,0,0,0,0,0,0
2029,1,27,15,92.26536,11.0049,178.0876,54.99,12.10138,172.5152,20.37672,12.93865,8.408272,28.51352,27.69659,10.83366,229.355,151.638,215.1875,0,11.4436,11.70742,146.0256,0,88.60426,2.954496,8.935458,33.42897,67.21225,0,12.66076,57.615,2.764009,8.997761,6.405848,0,0,0,0,33.42868,10.05546,0,16.74189,292.3621,54.8179,218.3185,54.13898,10.15659,18.8734,57.07152,0,0,0,0,0,0,0,0,128.7091,128.7091,0,128.7091,128.7091,0,0,0,0,0,18.47826,46.19566,69.30102,0,0,0,0,0,0,0,0,0,0,0,0,0,0,0,3.612968,3.612968,53.4982,48.0012,52.5,48.0012,52.5,0,0,0,0,0,0,0,0,0,3.612968,3.612968,42.12937,19.54527,19.54527,19.54527,19.54527,19.54527,0,0,19.54527,19.54527,19.54527,19.90022,19.90022,3.225839,3.225839,1.727273,0,4.435484,18.36735,18.36735,0,0,0,0,0,0,0,0,0,0,0,0,0,276.1364,276.1364,96.1931,5.163661,3.772174,83.06482,0.03383631,0,0,0,0,121.4251,504.0688,638.3934,0,0,0,0,0,0,0,0,0,0,0,0,0,0,0,0,0,0,0,0,0,0,0,0,0,0,81.2107,0,1000,0,0,0,0,0,374.1562,374.7265,373.87,6.8176,12.5566,2.581,0,0,0,0,0,0,0,0,0,0,0,0,0,0,0,0,0,0,0,0,0,0,0,0,0,0,0,0,0,0,0,0,0,0,0,0,0,0,0,0,0,0,0,0,0,0,0,426.3212,0,0,0,0,0,0,0,0,0,0,4.886493,0,0,0,0,0,0,0,0,0,0,0,0,0,0,0,0,0,0,0,0,0,0,0,0,0,0,0,0,0,0,0,0,0,0,0,0,0,0,0,0,0,0,0,0,0,0,0,0,0,0,0,0,0,0,0,0,0,0,0,0,0,0,0,0,0,0,0,0,0,0,0,0,0,0,0,0,0,0,0,0,0,0,0,0,0,0,0,0,0,0,0,0,0,0,0,0,0,0,0,0,0,0,0,0,0,0,0,0,0,0,0,0,0,0,0,0,0,0,0,0,0
2029,1,27,16,113.5355,11.06727,169.1141,147.9825,11.22018,182.9513,12.94273,13.01198,8.455927,28.67512,27.85357,10.89506,235.2359,114.226,164.065,0,11.50846,11.77378,132.384,0,90.10613,2.490218,8.986101,24.25989,48.77689,0,10.67122,22.905,2.779674,8.342565,5.939388,0,0,0,0,33.65607,10.11245,0,83.91657,306.8542,57.53516,232.4477,18.69622,5.421626,14.16449,57.67643,0,0,0,0,0,0,0,0,128.7091,128.7091,0,128.7091,128.7091,0,0,0,0,0,18.47826,46.19566,69.30102,0,0,0,0,0,0,0,0,0,0,0,0,0,0,0,3.612968,3.612968,0,0,0,0,0,0,0,0,0,0,0,0,0,0,3.612968,3.612968,42.12937,0,0,19.54527,0,19.54527,0,0,0,0,0,19.90022,19.90022,3.225839,3.225839,1.727273,0,4.435484,0,0,0,0,0,0,0,0,0,0,0,0,0,0,0,276.1364,276.1364,91.00882,6.316701,4.762634,82.13255,0.01222818,0,0,0,0,122.1784,437.0172,543.0159,0,0,0,0,0,0,0,0,0,0,0,0,0,0,0,0,0,0,0,0,0,0,0,0,0,0,81.29844,0,614.7451,0,0,0,0,0,374.1562,374.7265,373.87,6.8176,12.5566,2.581,0,0,0,0,0,0,0,0,0,0,0,0,0,0,0,0,0,0,0,0,0,0,0,0,0,0,0,0,0,0,0,0,0,0,0,0,0,0,0,0,0,0,0,0,0,0,0,429.2212,0,0,0,0,0,0,0,0,0,0,4.919733,0,0,0,0,0,0,0,0,0,0,0,0,0,0,0,0,0,0,0,0,0,0,0,0,0,0,0,0,0,0,0,0,0,0,0,0,0,0,0,0,0,0,0,0,0,0,0,0,0,0,0,0,0,0,0,0,0,0,0,0,0,0,0,0,0,0,0,0,0,0,0,0,0,0,0,0,0,0,0,0,0,0,0,0,0,0,0,0,0,0,0,0,0,0,0,0,0,0,0,0,0,0,0,0,0,0,0,0,0,0,0,0,0,0,0,0,0,0,0,0,0
2029,1,27,17,88.39655,4.696008,82.34975,108.8325,1.816983,144.3605,8.55014,5.521179,5.755379,19.51722,18.95804,7.415531,294.0449,8.358,11.55,0,4.883212,8.013615,132.9552,0,68.79288,1.60387,6.116232,24.14527,48.54645,0,6.872987,21,1.179457,1.350985,0.9618174,0,0,0,0,22.89586,4.290864,0,82.74129,206.4945,38.71772,227.3886,15.58342,0,6.773698,51.65511,0,0,0,0,0,0,0,0,128.7091,128.7091,0,128.7091,128.7091,0,0,0,0,0,18.47826,46.19566,69.30102,0,0,0,0,0,0,0,0,0,0,0,0,0,0,0,3.612968,3.612968,0,0,0,0,0,0,0,0,0,0,0,0,0,0,3.612968,3.612968,42.12937,0,0,19.54527,0,19.54527,0,0,0,0,0,19.90022,19.90022,3.225839,3.225839,1.727273,0,4.435484,0,0,0,0,0,0,0,0,0,0,0,0,0,0,0,276.1364,276.1364,64.77868,44.25159,36.22552,81.20029,3.854369,0,0,0,0,113.1998,259.0008,289.665,0,0,0,0,0,0,0,0,0,0,0,0,0,0,0,0,0,0,0,0,0,0,0,0,0,0,81.10139,0,0,0,0,0,0,0,374.1562,374.7265,373.87,6.8176,12.5566,2.581,0,0,0,0,0,0,0,0,0,0,0,0,0,0,0,0,0,0,0,0,0,0,0,0,0,0,0,0,0,0,0,0,0,0,0,0,0,0,0,0,0,0,0,0,0,0,0,291.9945,0,0,0,0,0,0,0,0,0,0,3.346841,0,0,0,0,0,0,0,0,0,0,0,0,0,0,0,0,0,0,0,0,0,0,0,0,0,0,0,0,0,0,0,0,0,0,0,0,0,0,0,0,0,0,0,0,0,0,0,0,0,0,0,0,0,0,0,0,0,0,0,0,0,0,0,0,0,0,0,0,0,0,0,0,0,0,0,0,0,0,0,0,0,0,0,0,0,0,0,0,0,0,0,0,0,0,0,0,0,0,0,0,0,0,0,0,0,0,0,0,0,0,0,0,0,0,0,0,0,0,0,0,0
2029,1,27,18,19.47864,0,20.48663,11.835,0,11.30237,5.184391,0,0.824201,2.794971,2.714894,1.061944,294.0449,0,0,0,0,1.147593,20.3112,0,9.871539,0.2954496,0.875877,9.703954,19.51076,0,1.266077,9.165,0,0,0,0,0,0,0,3.302464,0,0,14.64975,14.36351,2.693158,107.8831,15.25348,0,0,3.351482,0,0,0,0,0,0,0,0,128.7091,128.7091,0,128.7091,128.7091,0,0,0,0,0,18.47826,46.19566,69.30102,0,0,0,0,0,0,0,0,0,0,0,0,0,0,0,3.612968,3.612968,53.4982,48.0012,52.5,48.0012,52.5,0,0,0,0,0,0,0,0,0,3.612968,3.612968,42.12937,0,0,19.54527,0,19.54527,0,0,0,0,0,19.90022,19.90022,3.225839,3.225839,1.727273,0,4.435484,0,0,0,0,0,0,0,0,0,0,0,0,0,0,0,276.1364,276.1364,35.5787,9.208844,7.122877,81.66642,13.17022,0,6.72533,0,0,122.4768,80.1136,41.6835,0,0,0,0,0,0,0,0,0,0,0,0,0,0,0,0,0,0,0,0,0,0,0,0,0,0,81.7831,0,0,0,0,0,0,0,374.1562,374.7265,373.87,6.8176,12.5566,2.581,0,0,0,0,0,0,0,0,0,0,0,0,0,0,0,0,0,0,0,0,0,0,0,0,0,0,0,0,0,0,0,0,0,0,0,0,0,0,0,0,0,0,0,0,0,0,0,42.11684,0,0,0,0,0,0,0,0,0,0,0.482743,0,0,0,0,0,0,0,0,0,0,0,0,0,0,0,0,0,0,0,0,0,0,0,0,0,0,0,0,0,0,0,0,0,0,0,0,0,0,0,0,0,0,0,0,0,0,0,0,0,0,0,0,0,0,0,0,0,0,0,0,0,0,0,0,0,0,0,0,0,0,0,0,0,0,0,0,0,0,0,0,0,0,0,0,0,0,0,0,0,0,0,0,0,0,0,0,0,0,0,0,0,0,0,0,0,0,0,0,0,0,0,0,0,0,0,0,0,0,0,0,0
2029,1,27,19,0,0,0,0,0,0,0,0,0,0,0,0,294.0449,0,0,0,0,0,0,0,0,0,0,0,0,0,0,0,0,0,0,0,0,0,0,0,0,0,0,0,0,0,0,0,0,0,0,0,0,0,0,0,0,0,128.7091,128.7091,0,128.7091,128.7091,0,0,0,0,0,18.47826,46.19566,69.30102,0,0,0,0,0,0,0,0,0,0,0,0,0,0,0,3.612968,3.612968,53.4982,48.0012,52.5,48.0012,52.5,0,0,0,0,0,0,0,0,0,3.612968,3.612968,42.12937,0,0,19.54527,0,19.54527,0,0,0,0,0,19.90022,19.90022,3.225839,3.225839,1.727273,0,4.435484,0,0,0,0,0,0,0,0,0,0,0,0,0,0,0,276.1364,276.1364,26.14186,0,0,82.22578,12.49218,0,18.99783,0,0,101.5507,0,0,0,0,0,0,0,0,0,0,0,0,0,0,0,0,0,0,0,0,0,0,0,0,0,0,0,0,80.46602,0,0,0,0,0,0,0,374.1562,374.7265,373.87,6.8176,12.5566,2.581,0,0,0,0,0,0,0,0,0,0,0,0,0,0,0,0,0,0,0,0,0,0,0,0,0,0,0,0,0,0,0,0,0,0,0,0,0,0,0,0,0,0,0,0,0,0,0,0,0,0,0,0,0,0,0,0,0,0,0,0,0,0,0,0,0,0,0,0,0,0,0,0,0,0,0,0,0,0,0,0,0,0,0,0,0,0,0,0,0,0,0,0,0,0,0,0,0,0,0,0,0,0,0,0,0,0,0,0,0,0,0,0,0,0,0,0,0,0,0,0,0,0,0,0,0,0,0,0,0,0,0,0,0,0,0,0,0,0,0,0,0,0,0,0,0,0,0,0,0,0,0,0,0,0,0,0,0,0,0,0,0,0,0,0,0,0,0,0,0,0,0,0,0,0,0,0,0,0,0,0
2029,1,27,20,0,0,0,0,0,0,0,0,0,0,0,0,294.0449,0,0,0,0,0,0,0,0,0,0,0,0,0,0,0,0,0,0,0,0,0,0,0,0,0,0,0,0,0,0,0,0,0,0,0,0,0,0,0,0,0,128.7091,128.7091,0,128.7091,128.7091,0,0,0,0,0,18.47826,46.19566,69.30102,0,0,0,0,0,0,0,0,0,0,0,0,0,0,0,3.612968,3.612968,53.4982,48.0012,52.5,48.0012,52.5,0,0,0,0,0,0,0,0,0,3.612968,3.612968,42.12937,0,0,19.54527,0,19.54527,0,0,0,0,0,19.90022,19.90022,3.225839,3.225839,1.727273,0,4.435484,18.36735,18.36735,0,0,0,0,0,0,0,0,0,0,0,0,0,276.1364,276.1364,29.51217,0.05183419,0,81.20029,13.15564,0,74.17499,0,0,120.3993,0,0,0,0,0,0,0,0,0,0,0,0,0,0,0,0,0,0,0,0,0,0,0,0,0,0,0,0,79.11198,0,0,0,0,0,0,0,374.1562,374.7265,373.87,6.8176,12.5566,2.581,0,0,0,0,0,0,0,0,0,0,0,0,0,0,0,0,0,0,0,0,0,0,0,0,0,0,0,0,0,0,0,0,0,0,0,0,0,0,0,0,0,0,0,0,0,0,0,0,0,0,0,0,0,0,0,0,0,0,0,0,0,0,0,0,0,0,0,0,0,0,0,0,0,0,0,0,0,0,0,0,0,0,0,0,0,0,0,0,0,0,0,0,0,0,0,0,0,0,0,0,0,0,0,0,0,0,0,0,0,0,0,0,0,0,0,0,0,0,0,0,0,0,0,0,0,0,0,0,0,0,0,0,0,0,0,0,0,0,0,0,0,0,0,0,0,0,0,0,0,0,0,0,0,0,0,0,0,0,0,0,0,0,0,0,0,0,0,0,0,0,0,0,0,0,0,0,0,0,0,0
2029,1,27,21,0,0,0,0,0,0,0,0,0,0,0,0,210.7321,0,0,0,0,0,0,0,0,0,0,0,0,0,0,0,0,0,0,0,0,0,0,0,0,0,0,0,0,0,0,0,0,0,0,0,0,0,0,0,0,0,128.7091,128.7091,0,128.7091,128.7091,0,0,0,0,0,18.47826,46.19566,69.30102,0,0,0,0,0,0,0,0,0,0,0,0,0,0,0,3.612968,3.612968,53.4982,48.0012,52.5,48.0012,52.5,0,0,0,0,0,0,0,0,0,3.612968,3.612968,42.12937,0,0,19.54527,0,19.54527,0,0,0,0,0,19.90022,19.90022,3.225839,3.225839,1.727273,0,4.435484,18.36735,18.36735,0,0,0,0,0,0,0,0,0,0,0,0,0,276.1364,276.1364,43.41825,25.09695,20.01992,82.31901,15.49446,0,54.09718,0,0,122.6406,0,0,0,0,0,0,0,0,0,0,0,0,0,0,0,0,0,0,0,0,0,0,0,0,0,0,0,0,79.48483,0,0,0,0,0,0,0,374.1562,374.7265,373.87,6.8176,12.5566,2.581,0,0,0,0,0,0,0,0,0,0,0,0,0,0,0,0,0,0,0,0,0,0,0,0,0,0,0,0,0,0,0,0,0,0,0,0,0,0,0,0,0,0,0,0,0,0,0,0,0,0,0,0,0,0,0,0,0,0,0,0,0,0,0,0,0,0,0,0,0,0,0,0,0,0,0,0,0,0,0,0,0,0,0,0,0,0,0,0,0,0,0,0,0,0,0,0,0,0,0,0,0,0,0,0,0,0,0,0,0,0,0,0,0,0,0,0,0,0,0,0,0,0,0,0,0,0,0,0,0,0,0,0,0,0,0,0,0,0,0,0,0,0,0,0,0,0,0,0,0,0,0,0,0,0,0,0,0,0,0,0,0,0,0,0,0,0,0,0,0,0,0,0,0,0,0,0,0,0,0,0
2029,1,27,22,0,0,0,0,0,0,0,0,0,0,0,0,0,0,0,0,0,0,0,0,0,0,0,0,0,0,0,0,0,0,0,0,0,0,0,0,0,0,0,0,0,0,0,0,0,0,0,0,0,0,0,0,0,0,128.7091,128.7091,0,128.7091,128.7091,0,0,0,0,0,18.47826,46.19566,69.30102,0,0,0,0,0,0,0,0,0,0,0,0,0,0,0,3.612968,3.612968,53.4982,48.0012,52.5,48.0012,52.5,0,0,0,0,0,0,0,0,0,3.612968,3.612968,42.12937,0,0,19.54527,0,19.54527,0,0,0,0,0,19.90022,19.90022,3.225839,3.225839,1.727273,0,4.435484,18.36735,18.36735,0,0,0,0,0,0,0,0,0,0,0,0,0,276.1364,276.1364,83.04127,47.88754,39.53407,81.85287,18.66245,0,65.33879,0,0,89.73485,0,0,0,0,0,0,0,0,0,0,0,0,0,0,0,0,0,0,0,0,0,0,0,0,0,0,0,0,79.18537,0,0,0,0,0,0,0,374.1562,374.7265,373.87,6.8176,12.5566,2.581,0,0,0,0,0,0,0,0,0,0,0,0,0,0,0,0,0,0,0,0,0,0,0,0,0,0,0,0,0,0,0,0,0,0,0,0,0,0,0,0,0,0,0,0,0,0,0,0,0,0,0,0,0,0,0,0,0,0,0,0,0,0,0,0,0,0,0,0,0,0,0,0,0,0,0,0,0,0,0,0,0,0,0,0,0,0,0,0,0,0,0,0,0,0,0,0,0,0,0,0,0,0,0,0,0,0,0,0,0,0,0,0,0,0,0,0,0,0,0,0,0,0,0,0,0,0,0,0,0,0,0,0,0,0,0,0,0,0,0,0,0,0,0,0,0,0,0,0,0,0,0,0,0,0,0,0,0,0,0,0,0,0,0,0,0,0,0,0,0,0,0,0,0,0,0,0,0,0,0,0
2029,1,27,23,0,0,0,0,0,0,0,0,0,0,0,0,0,0,0,0,0,0,0,0,0,0,0,0,0,0,0,0,0,0,0,0,0,0,0,0,0,0,0,0,0,0,0,0,0,0,0,0,0,0,0,0,0,0,128.7091,128.7091,0,128.7091,128.7091,0,0,0,0,0,18.47826,46.19566,69.30102,0,0,0,0,0,0,0,0,0,0,0,0,0,0,0,3.612968,3.612968,53.4982,0,52.5,48.0012,52.5,0,0,0,0,0,0,0,0,0,3.612968,3.612968,42.12937,0,0,19.54527,0,19.54527,0,0,0,0,0,19.90022,19.90022,3.225839,3.225839,1.727273,0,4.435484,0,0,0,0,0,0,0,0,0,0,0,0,0,0,0,276.1364,276.1364,194.64,0.1167779,0,82.87836,22.12014,0,59.49708,0,0,90.81425,0,0,0,0,0,0,0,0,0,0,0,0,0,0,0,0,0,0,0,0,0,0,0,0,0,0,0,0,78.06862,0,0,0,0,0,0,0,374.1562,374.7265,373.87,6.8176,12.5566,2.581,0,0,0,0,0,0,0,0,0,0,0,0,0,0,0,0,0,0,0,0,0,0,0,0,0,0,0,0,0,0,0,0,0,0,0,0,0,0,0,0,0,0,0,0,0,0,0,0,0,0,0,0,0,0,0,0,0,0,0,0,0,0,0,0,0,0,0,0,0,0,0,0,0,0,0,0,0,0,0,0,0,0,0,0,0,0,0,0,0,0,0,0,0,0,0,0,0,0,0,0,0,0,0,0,0,0,0,0,0,0,0,0,0,0,0,0,0,0,0,0,0,0,0,0,0,0,0,0,0,0,0,0,0,0,0,0,0,0,0,0,0,0,0,0,0,0,0,0,0,0,0,0,0,0,0,0,0,0,0,0,0,0,0,0,0,0,0,0,0,0,0,0,0,0,0,0,0,0,0,0
2029,1,27,24,0,0,0,0,0,0,0,0,0,0,0,0,0,0,0,0,0,0,0,0,0,0,0,0,0,0,0,0,0,0,0,0,0,0,0,0,0,0,0,0,0,0,0,0,0,0,0,0,0,0,0,0,0,0,128.7091,128.7091,0,128.7091,128.7091,0,0,0,0,0,18.47826,46.19566,69.30102,0,0,0,0,0,0,0,0,0,0,0,0,0,0,0,3.612968,3.612968,53.4982,0,52.5,48.0012,52.5,0,0,0,0,0,0,0,0,0,3.612968,3.612968,42.12937,19.54527,19.54527,19.54527,19.54527,19.54527,0,0,19.54527,19.54527,19.54527,19.90022,19.90022,3.225839,3.225839,1.727273,0,4.435484,0,0,0,0,0,0,0,0,0,0,0,0,0,0,0,276.1364,276.1364,194.64,4.670159,3.287482,83.3445,33.88869,0,39.71381,0,0,91.72894,0,0,0,0,0,0,0,0,0,0,0,0,0,0,0,0,0,0,0,0,0,0,0,0,0,0,0,0,76.6037,0,0,0,0,0,0,0,374.1562,374.7265,373.87,6.8176,12.5566,2.581,0,0,0,0,0,0,0,0,0,0,0,0,0,0,0,0,0,0,0,0,0,0,0,0,0,0,0,0,0,0,0,0,0,0,0,0,0,0,0,0,0,0,0,0,0,0,0,0,0,0,0,0,0,0,0,0,0,0,0,0,0,0,0,0,0,0,0,0,0,0,0,0,0,0,0,0,0,0,0,0,0,0,0,0,0,0,0,0,0,0,0,0,0,0,0,0,0,0,0,0,0,0,0,0,0,0,0,0,0,0,0,0,0,0,0,0,0,0,0,0,0,0,0,0,0,0,0,0,0,0,0,0,0,0,0,0,0,0,0,0,0,0,0,0,0,0,0,0,0,0,0,0,0,0,0,0,0,0,0,0,0,0,0,0,0,0,0,0,0,0,0,0,0,0,0,0,0,0,0,0
2029,1,28,1,0,0,0,0,0,0,0,0,0,0,0,0,0,0,0,0,0,0,0,0,0,0,0,0,0,0,0,0,0,0,0,0,0,0,0,0,0,0,0,0,0,0,0,0,0,0,0,0,0,0,0,0,0,0,128.7091,128.7091,0,128.7091,128.7091,0,0,0,0,0,18.47826,46.19566,69.30102,0,0,0,0,0,0,0,0,0,0,0,0,0,0,0,0,0,0,0,0,0,0,0,0,0,0,0,0,0,0,0,0,0,0,0,0,0,0,0,0,0,0,0,0,0,0,0,0,1.727273,0,0,0,0,0,0,0,0,0,0,0,0,0,0,0,0,0,276.1364,276.1364,194.64,1.55907,0,83.15804,0.3424947,0,65.7806,0,0,65.77078,0,0,0,0,0,0,0,0,0,0,0,0,0,0,0,0,0,0,0,0,0,0,0,0,0,0,0,0,76.25154,0,0,0,0,0,0,0,374.1562,374.7265,373.87,6.8176,12.5566,2.581,0,0,0,0,0,0,0,0,0,0,0,0,0,0,0,0,0,0,0,0,0,0,0,0,0,0,0,0,0,0,0,0,0,0,0,0,0,0,0,0,0,0,0,0,0,0,0,0,0,0,0,0,0,0,0,0,0,0,0,0,0,0,0,0,0,0,0,0,0,0,0,0,0,0,0,0,0,0,0,0,0,0,0,0,0,0,0,0,0,0,0,0,0,0,0,0,0,0,0,0,0,0,0,0,0,0,0,0,0,0,0,0,0,0,0,0,0,0,0,0,0,0,0,0,0,0,0,0,0,0,0,0,0,0,0,0,0,0,0,0,0,0,0,0,0,0,0,0,0,0,0,0,0,0,0,0,0,0,0,0,0,0,0,0,0,0,0,0,0,0,0,0,0,0,0,0,0,0,0,0
2029,1,28,2,0,0,0,0,0,0,0,0,0,0,0,0,0,0,0,0,0,0,0,0,0,0,0,0,0,0,0,0,0,0,0,0,0,0,0,0,0,0,0,0,0,0,0,0,0,0,0,0,0,0,0,0,0,0,128.7091,128.7091,0,128.7091,128.7091,0,0,0,0,0,18.47826,46.19566,69.30102,0,0,0,0,0,0,0,0,0,0,0,0,0,0,0,3.612968,3.612968,53.4982,0,52.5,48.0012,52.5,0,0,0,0,0,0,0,0,0,3.612968,3.612968,42.12937,0,0,19.54527,0,19.54527,0,0,0,0,0,19.90022,19.90022,0,0,1.727273,0,0,0,0,0,0,0,0,0,0,0,0,0,0,0,0,0,276.1364,276.1364,194.64,2.161168,0,83.43772,0.3908799,0,58.76073,0,0,69.70206,0,0,0,0,0,0,0,0,0,0,0,0,0,0,0,0,0,0,0,0,0,0,0,0,0,0,0,0,75.7298,0,0,0,0,0,0,0,374.1562,374.7265,373.87,6.8176,12.5566,2.581,0,0,0,0,0,0,0,0,0,0,0,0,0,0,0,0,0,0,0,0,0,0,0,0,0,0,0,0,0,0,0,0,0,0,0,0,0,0,0,0,0,0,0,0,0,0,0,0,0,0,0,0,0,0,0,0,0,0,0,0,0,0,0,0,0,0,0,0,0,0,0,0,0,0,0,0,0,0,0,0,0,0,0,0,0,0,0,0,0,0,0,0,0,0,0,0,0,0,0,0,0,0,0,0,0,0,0,0,0,0,0,0,0,0,0,0,0,0,0,0,0,0,0,0,0,0,0,0,0,0,0,0,0,0,0,0,0,0,0,0,0,0,0,0,0,0,0,0,0,0,0,0,0,0,0,0,0,0,0,0,0,0,0,0,0,0,0,0,0,0,0,0,0,0,0,0,0,0,0,0
2029,1,28,3,0,0,0,0,0,0,0,0,0,0,0,0,0,0,0,0,0,0,0,0,0,0,0,0,0,0,0,0,0,0,0,0,0,0,0,0,0,0,0,0,0,0,0,0,0,0,0,0,0,0,0,0,0,0,128.7091,128.7091,0,128.7091,128.7091,0,0,0,0,0,18.47826,46.19566,69.30102,0,0,0,0,0,0,0,0,0,0,0,0,0,0,0,3.612968,3.612968,53.4982,0,52.5,48.0012,52.5,0,0,0,0,0,0,0,0,0,3.612968,3.612968,42.12937,0,0,19.54527,0,19.54527,0,0,0,0,0,19.90022,19.90022,3.225839,3.225839,1.727273,0,4.435484,18.36735,18.36735,0,0,0,0,0,0,0,0,0,0,0,0,0,276.1364,276.1364,194.64,6.757541,4.97337,83.43772,0.7448293,0,75.5986,0,0,68.78493,0,0,0,0,0,0,0,0,0,0,0,0,0,0,0,0,0,0,0,0,0,0,0,0,0,0,0,0,75.67468,0,0,0,0,0,0,0,374.1562,374.7265,373.87,6.8176,12.5566,2.581,0,0,0,0,0,0,0,0,0,0,0,0,0,0,0,0,0,0,0,0,0,0,0,0,0,0,0,0,0,0,0,0,0,0,0,0,0,0,0,0,0,0,0,0,0,0,0,0,0,0,0,0,0,0,0,0,0,0,0,0,0,0,0,0,0,0,0,0,0,0,0,0,0,0,0,0,0,0,0,0,0,0,0,0,0,0,0,0,0,0,0,0,0,0,0,0,0,0,0,0,0,0,0,0,0,0,0,0,0,0,0,0,0,0,0,0,0,0,0,0,0,0,0,0,0,0,0,0,0,0,0,0,0,0,0,0,0,0,0,0,0,0,0,0,0,0,0,0,0,0,0,0,0,0,0,0,0,0,0,0,0,0,0,0,0,0,0,0,0,0,0,0,0,0,0,0,0,0,0,0
2029,1,28,4,0,0,0,0,0,0,0,0,0,0,0,0,0,0,0,0,0,0,0,0,0,0,0,0,0,0,0,0,0,0,0,0,0,0,0,0,0,0,0,0,0,0,0,0,0,0,0,0,0,0,0,0,0,0,128.7091,128.7091,0,128.7091,128.7091,0,0,0,0,0,18.47826,46.19566,69.30102,0,0,0,0,0,0,0,0,0,0,0,0,0,0,0,3.612968,3.612968,53.4982,0,52.5,48.0012,52.5,0,0,0,0,0,0,0,0,0,3.612968,3.612968,42.12937,0,0,19.54527,0,19.54527,0,0,0,0,0,19.90022,19.90022,3.225839,3.225839,1.727273,0,4.435484,18.36735,18.36735,0,0,0,0,0,0,0,0,0,0,0,0,0,276.1364,276.1364,194.64,20.27456,15.84735,83.43772,1.989061,0,37.40658,0,0,72.53651,0,0,0,0,0,0,0,0,0,0,0,0,0,0,0,0,0,0,0,0,0,0,0,0,0,0,0,0,76.13995,0,0,0,0,0,0,0,374.1562,374.7265,373.87,6.8176,12.5566,2.581,0,0,0,0,0,0,0,0,0,0,0,0,0,0,0,0,0,0,0,0,0,0,0,0,0,0,0,0,0,0,0,0,0,0,0,0,0,0,0,0,0,0,0,0,0,0,0,0,0,0,0,0,0,0,0,0,0,0,0,0,0,0,0,0,0,0,0,0,0,0,0,0,0,0,0,0,0,0,0,0,0,0,0,0,0,0,0,0,0,0,0,0,0,0,0,0,0,0,0,0,0,0,0,0,0,0,0,0,0,0,0,0,0,0,0,0,0,0,0,0,0,0,0,0,0,0,0,0,0,0,0,0,0,0,0,0,0,0,0,0,0,0,0,0,0,0,0,0,0,0,0,0,0,0,0,0,0,0,0,0,0,0,0,0,0,0,0,0,0,0,0,0,0,0,0,0,0,0,0,0
2029,1,28,5,0,0,0,0,0,0,0,0,0,0,0,0,0,0,0,0,0,0,0,0,0,0,0,0,0,0,0,0,0,0,0,0,0,0,0,0,0,0,0,0,0,0,0,0,0,0,0,0,0,0,0,0,0,0,128.7091,128.7091,0,128.7091,128.7091,0,0,0,0,0,18.47826,46.19566,69.30102,0,0,0,0,0,0,0,0,0,0,0,0,0,0,0,3.612968,3.612968,53.4982,0,52.5,48.0012,52.5,0,0,0,0,0,0,0,0,0,3.612968,3.612968,42.12937,19.54527,19.54527,19.54527,19.54527,19.54527,0,0,19.54527,19.54527,19.54527,19.90022,19.90022,3.225839,3.225839,1.727273,0,4.435484,18.36735,18.36735,0,0,0,0,0,0,0,0,0,0,0,0,0,276.1364,276.1364,194.64,20.87786,16.31097,83.43772,2.526433,0,31.36851,0,0,76.8542,0,0,0,0,0,0,0,0,0,0,0,0,0,0,0,0,0,0,0,0,0,0,0,0,0,0,0,0,76.79066,0,0,0,0,0,0,0,374.1562,374.7265,373.87,6.8176,12.5566,2.581,0,0,0,0,0,0,0,0,0,0,0,0,0,0,0,0,0,0,0,0,0,0,0,0,0,0,0,0,0,0,0,0,0,0,0,0,0,0,0,0,0,0,0,0,0,0,0,0,0,0,0,0,0,0,0,0,0,0,0,0,0,0,0,0,0,0,0,0,0,0,0,0,0,0,0,0,0,0,0,0,0,0,0,0,0,0,0,0,0,0,0,0,0,0,0,0,0,0,0,0,0,0,0,0,0,0,0,0,0,0,0,0,0,0,0,0,0,0,0,0,0,0,0,0,0,0,0,0,0,0,0,0,0,0,0,0,0,0,0,0,0,0,0,0,0,0,0,0,0,0,0,0,0,0,0,0,0,0,0,0,0,0,0,0,0,0,0,0,0,0,0,0,0,0,0,0,0,0,0,0
2029,1,28,6,0,0,0,0,0,0,0,0,0,0,0,0,0,0,0,0,0,0,0,0,0,0,0,0,0,0,0,0,0,0,0,0,0,0,0,0,0,0,0,0,0,0,0,0,0,0,0,0,0,0,0,0,0,0,128.7091,128.7091,0,128.7091,128.7091,0,0,0,0,0,18.47826,46.19566,69.30102,0,0,0,0,0,0,0,0,0,0,0,0,0,0,0,3.612968,3.612968,53.4982,0,52.5,48.0012,52.5,0,0,0,0,0,0,0,0,0,3.612968,3.612968,42.12937,19.54527,19.54527,19.54527,19.54527,19.54527,0,0,19.54527,19.54527,19.54527,19.90022,19.90022,3.225839,3.225839,1.727273,0,4.435484,18.36735,18.36735,0,0,0,0,0,0,0,0,0,0,0,0,0,276.1364,276.1364,194.64,29.05412,23.11774,83.43772,0,0,37.40658,0,0,93.70811,0,0,0,0,0,0,0,0,0,0,0,0,0,0,0,0,0,0,0,0,0,0,0,0,0,0,0,0,78.12088,0,0,0,0,0,0,0,374.1562,374.7265,373.87,6.8176,12.5566,2.581,0,0,0,0,0,0,0,0,0,0,0,0,0,0,0,0,0,0,0,0,0,0,0,0,0,0,0,0,0,0,0,0,0,0,0,0,0,0,0,0,0,0,0,0,0,0,0,0,0,0,0,0,0,0,0,0,0,0,0,0,0,0,0,0,0,0,0,0,0,0,0,0,0,0,0,0,0,0,0,0,0,0,0,0,0,0,0,0,0,0,0,0,0,0,0,0,0,0,0,0,0,0,0,0,0,0,0,0,0,0,0,0,0,0,0,0,0,0,0,0,0,0,0,0,0,0,0,0,0,0,0,0,0,0,0,0,0,0,0,0,0,0,0,0,0,0,0,0,0,0,0,0,0,0,0,0,0,0,0,0,0,0,0,0,0,0,0,0,0,0,0,0,0,0,0,0,0,0,0,0
2029,1,28,7,0,0,0,0,0,0,0,0,0,0,0,0,0,3.2835,4.5375,0,0,0,0,0,0,0,0,0,0,0,0,0,0,0,0,0,0,0,0,0,0,0,0,0,0,0,0,0,0,0,0,0,0,0,0,0,0,0,128.7091,128.7091,0,128.7091,128.7091,0,0,0,0,0,18.47826,46.19566,69.30102,0,0,0,0,0,0,0,0,0,0,0,0,0,0,0,3.612968,3.612968,53.4982,0,52.5,48.0012,52.5,0,0,0,0,0,0,0,0,0,3.612968,3.612968,42.12937,0,0,19.54527,19.54527,19.54527,0,0,19.54527,19.54527,19.54527,19.90022,19.90022,3.225839,3.225839,1.727273,0,4.435484,18.36735,18.36735,0,0,0,0,0,0,0,0,0,0,0,0,0,276.1364,276.1364,194.64,10.44767,7.649717,83.43772,0.005011405,0,36.3266,0,0,125.6922,0,0,0,0,0,0,0,0,0,0,0,0,0,0,0,0,0,0,0,0,0,0,0,0,0,0,0,0,79.01176,0,0,0,0,0,0,0,374.1562,374.7265,373.87,6.8176,12.5566,2.581,0,0,0,0,0,0,0,0,0,0,0,0,0,0,0,0,0,0,0,0,0,0,0,0,0,0,0,0,0,0,0,0,0,0,0,0,0,0,0,0,0,0,0,0,0,0,0,0,0,0,0,0,0,0,0,0,0,0,0,0,0,0,0,0,0,0,0,0,0,0,0,0,0,0,0,0,0,0,0,0,0,0,0,0,0,0,0,0,0,0,0,0,0,0,0,0,0,0,0,0,0,0,0,0,0,0,0,0,0,0,0,0,0,0,0,0,0,0,0,0,0,0,0,0,0,0,0,0,0,0,0,0,0,0,0,0,0,0,0,0,0,0,0,0,0,0,0,0,0,0,0,0,0,0,0,0,0,0,0,0,0,0,0,0,0,0,0,0,0,0,0,0,0,0,0,0,0,0,0,0
2029,1,28,8,0,0,0,2.8125,0,2.270694,0,0,0.121241,0.411145,0.399365,0.1562136,0,100.1965,144.98,0,0,0.168813,0,0,1.552359,0.0557485,0.128843,0,0,0,0.238896,0,0,0,0,0,0,0,0,0.482469,0,0,1.934804,5.484458,1.028336,0,0,0,0,0,0,0,0,0,0,0,0,0,128.7091,128.7091,0,128.7091,128.7091,0,0,0,0,0,18.47826,46.19566,69.30102,0,0,0,0,0,0,0,0,0,0,0,0,0,0,0,3.612968,3.612968,53.4982,0,52.5,48.0012,52.5,0,0,0,0,0,0,0,0,0,3.612968,3.612968,42.12937,0,0,19.54527,0,19.54527,0,0,0,0,0,19.90022,19.90022,3.225839,3.225839,1.727273,0,4.435484,18.36735,18.36735,0,0,0,0,0,0,0,0,0,0,0,0,0,276.1364,276.1364,194.64,8.066323,5.605577,83.43772,0.000113896,0,28.76674,0,0,125.1467,0,0,0,0,0,0,0,0,0,0,0,0,0,0,0,0,0,0,0,0,0,0,0,0,0,0,0,0,77.83059,0,0,0,0,0,0,0,374.1562,374.7265,373.87,6.8176,12.5566,2.581,0,0,0,0,0,0,0,0,0,0,0,0,0,0,0,0,0,0,0,0,0,0,0,0,0,0,0,0,0,0,0,0,0,0,0,0,0,0,0,0,0,0,0,0,0,0,0,6.153004,0,0,0,0,0,0,0,0,0,0,0.070526,0,0,0,0,0,0,0,0,0,0,0,0,0,0,0,0,0,0,0,0,0,0,0,0,0,0,0,0,0,0,0,0,0,0,0,0,0,0,0,0,0,0,0,0,0,0,0,0,0,0,0,0,0,0,0,0,0,0,0,0,0,0,0,0,0,0,0,0,0,0,0,0,0,0,0,0,0,0,0,0,0,0,0,0,0,0,0,0,0,0,0,0,0,0,0,0,0,0,0,0,0,0,0,0,0,0,0,0,0,0,0,0,0,0,0,0,0,0,0,0,0
2029,1,28,9,30.05327,0.5672359,100.1132,57.33,1.138357,85.53252,9.876417,0.666909,2.600798,8.819636,8.56695,3.351004,0,161.787,230.01,0,0.589849,3.621272,59.5224,0,21.73897,0.7043258,2.763864,15.70207,31.57055,0,3.018214,84.045,0.1424679,0.8464046,0.6025876,0,0,0,0,10.34965,0.5182982,0,66.8773,219.2227,41.10427,0,27.35084,114.1474,4.74719,21.56112,0,0,0,0,0,0,0,0,128.7091,128.7091,0,128.7091,128.7091,0,0,0,0,0,18.47826,46.19566,69.30102,0,0,0,0,0,0,0,0,0,0,0,0,0,0,0,3.612968,3.612968,53.4982,0,52.5,48.0012,52.5,0,0,0,0,0,0,0,0,0,3.612968,3.612968,42.12937,19.54527,19.54527,19.54527,19.54527,19.54527,0,0,19.54527,19.54527,19.54527,19.90022,19.90022,3.225839,3.225839,1.727273,0,4.435484,18.36735,18.36735,0,0,0,0,0,0,0,0,0,0,0,0,0,276.1364,276.1364,194.64,15.95138,11.78014,83.3445,0.005979517,0,26.90132,0,0,130.1873,209.8628,220.2867,0,0,0,0,0,0,0,0,0,0,0,0,0,0,0,0,0,0,0,0,0,0,0,0,0,0,79.10393,0,0,0,0,0,0,0,374.1562,374.7265,373.87,6.8176,12.5566,2.581,0,0,0,0,0,0,0,0,0,0,0,0,0,0,0,0,0,0,0,0,0,0,0,0,0,0,0,0,0,0,0,0,0,0,0,0,0,0,0,0,0,0,0,0,0,0,0,131.9907,0,0,0,0,0,0,0,0,0,0,1.512877,0,0,0,0,0,0,0,0,0,0,0,0,0,0,0,0,0,0,0,0,0,0,0,0,0,0,0,0,0,0,0,0,0,0,0,0,0,0,0,0,0,0,0,0,0,0,0,0,0,0,0,0,0,0,0,0,0,0,0,0,0,0,0,0,0,0,0,0,0,0,0,0,0,0,0,0,0,0,0,0,0,0,0,0,0,0,0,0,0,0,0,0,0,0,0,0,0,0,0,0,0,0,0,0,0,0,0,0,0,0,0,0,0,0,0,0,0,0,0,0,0
2029,1,28,10,117.5662,7.847932,245.5825,178.11,13.13537,176.5291,21.45986,9.226951,5.996199,20.33387,19.7513,7.725815,0,162.8815,231.8525,0,8.160787,8.348925,68.628,0,70.16802,1.487054,6.372151,70.29636,141.3378,0,6.372404,130.08,1.9711,9.766568,6.953191,0,0,0,0,23.86134,7.170859,0,82.07621,351.9904,65.99821,0,49.02686,230.9577,12.41613,29.93776,0,0,0,0,0,0,0,0,128.7091,128.7091,0,128.7091,128.7091,0,0,0,0,0,18.47826,46.19566,69.30102,0,0,0,0,0,0,0,0,0,0,0,0,0,0,0,3.612968,3.612968,0,0,0,0,0,0,0,0,0,0,0,0,0,0,3.612968,3.612968,42.12937,0,0,19.54527,0,19.54527,0,0,0,0,0,19.90022,19.90022,3.225839,3.225839,1.727273,0,4.435484,0,0,0,0,0,0,0,0,0,0,0,0,0,0,0,276.1364,276.1364,194.64,1.774586,0,81.5732,0.001267088,0,0,0,0,132.3872,394.7212,483.3873,0,0,0,0,0,0,0,0,0,0,0,0,0,0,0,0,0,0,0,0,0,0,0,0,0,0,79.51312,0,203.2904,0,0,0,0,0,374.1562,374.7265,373.87,6.8176,12.5566,2.581,0,0,0,0,0,0,0,0,0,0,0,0,0,0,0,0,0,0,0,0,0,0,0,0,0,0,0,0,0,0,0,0,0,0,0,0,0,0,0,0,0,0,0,0,0,0,0,304.3075,0,0,0,0,0,0,0,0,0,0,3.487972,0,0,0,0,0,0,0,0,0,0,0,0,0,0,0,0,0,0,0,0,0,0,0,0,0,0,0,0,0,0,0,0,0,0,0,0,0,0,0,0,0,0,0,0,0,0,0,0,0,0,0,0,0,0,0,0,0,0,0,0,0,0,0,0,0,0,0,0,0,0,0,0,0,0,0,0,0,0,0,0,0,0,0,0,0,0,0,0,0,0,0,0,0,0,0,0,0,0,0,0,0,0,0,0,0,0,0,0,0,0,0,0,0,0,0,0,0,0,0,0,0
2029,1,28,11,118.2947,8.600644,259.1406,197.9775,14.23779,176.2265,12.58768,10.11193,6.571307,22.28414,21.64569,8.466815,0,153.3295,219.12,0,8.943505,9.149688,120.0696,0,90.85855,2.269783,6.983318,44.50829,89.48831,0,9.726594,130.32,2.160152,10.58625,7.536752,0,0,0,0,26.14994,7.858631,0,42.27135,343.4439,64.39574,51.41196,34.52982,234.9263,20.74097,33.96201,0,0,0,0,0,0,0,0,128.7091,128.7091,0,128.7091,128.7091,0,0,0,0,0,18.47826,46.19566,69.30102,0,0,0,0,0,0,0,0,0,0,0,0,0,0,0,3.612968,3.612968,0,0,0,0,0,0,0,0,0,0,0,0,0,0,3.612968,3.612968,42.12937,0,0,19.54527,0,19.54527,0,0,0,0,0,19.90022,19.90022,3.225839,3.225839,1.727273,0,4.435484,0,0,0,0,0,0,0,0,0,0,0,0,0,0,0,276.1364,276.1364,194.64,19.04616,14.20361,80.5477,0,0,0,0,0,124.5779,548.9772,702.6849,0,0,0,0,0,0,0,0,0,0,0,0,0,0,0,0,0,0,0,0,0,0,0,0,0,0,79.9133,0,749.9233,0,0,0,0,0,374.1562,374.7265,373.87,6.8176,12.5566,2.581,0,0,0,0,0,0,0,0,0,0,0,0,0,0,0,0,0,0,0,0,0,0,0,0,0,0,0,0,0,0,0,0,0,0,0,0,0,0,0,0,0,0,0,0,0,0,0,333.4942,0,0,0,0,0,0,0,0,0,0,3.822511,0,0,0,0,0,0,0,0,0,0,0,0,0,0,0,0,0,0,0,0,0,0,0,0,0,0,0,0,0,0,0,0,0,0,0,0,0,0,0,0,0,0,0,0,0,0,0,0,0,0,0,0,0,0,0,0,0,0,0,0,0,0,0,0,0,0,0,0,0,0,0,0,0,0,0,0,0,0,0,0,0,0,0,0,0,0,0,0,0,0,0,0,0,0,0,0,0,0,0,0,0,0,0,0,0,0,0,0,0,0,0,0,0,0,0,0,0,0,0,0,0
2029,1,28,12,91.63632,9.749615,252.7156,183.78,13.4509,167.9051,12.26864,11.46279,7.449176,25.2611,24.53736,9.597907,0,145.9665,208.395,0,10.13828,10.37201,147.2856,0,87.93303,3.052511,7.916228,48.40516,97.32334,0,13.08078,123.405,2.44873,10.00117,7.120213,0,0,0,0,29.64334,8.908476,0,51.43611,326.5016,61.21906,102.1175,32.72862,224.6005,24.95293,54.58639,0,0,0,0,0,0,0,0,128.7091,128.7091,0,128.7091,128.7091,0,0,0,0,0,18.47826,46.19566,69.30102,0,0,0,0,0,0,0,0,0,0,0,0,0,0,0,3.612968,3.612968,0,0,0,0,0,0,0,0,0,0,0,0,0,0,3.612968,3.612968,42.12937,19.54527,19.54527,19.54527,19.54527,19.54527,0,0,19.54527,19.54527,19.54527,19.90022,19.90022,3.225839,3.225839,1.727273,0,4.435484,0,0,0,0,0,0,0,0,0,0,0,0,0,0,0,276.1364,276.1364,194.64,92.90728,71.33414,79.42899,0,0,9.22892,0,0,121.6162,650.4876,847.2348,0,0,0,0,0,0,0,0,0,0,0,0,0,0,0,0,0,0,0,0,0,0,0,0,0,0,80.02013,0,623.0397,0,0,0,0,0,374.1562,374.7265,373.87,6.8176,12.5566,2.581,0,0,0,0,0,0,0,0,0,0,0,0,0,0,0,0,0,0,0,0,0,0,0,0,0,0,0,0,0,0,0,0,0,0,0,0,0,0,0,0,0,0,0,0,0,0,0,378.0461,0,0,0,0,0,0,0,0,0,0,4.333165,0,0,0,0,0,0,0,0,0,0,0,0,0,0,0,0,0,0,0,0,0,0,0,0,0,0,0,0,0,0,0,0,0,0,0,0,0,0,0,0,0,0,0,0,0,0,0,0,0,0,0,0,0,0,0,0,0,0,0,0,0,0,0,0,0,0,0,0,0,0,0,0,0,0,0,0,0,0,0,0,0,0,0,0,0,0,0,0,0,0,0,0,0,0,0,0,0,0,0,0,0,0,0,0,0,0,0,0,0,0,0,0,0,0,0,0,0,0,0,0,0
2029,1,28,13,86.97269,10.39655,248.5379,112.1175,12.85246,162.0766,19.93866,12.2234,7.943465,26.9373,26.16553,10.23477,0,148.5535,211.97,0,10.811,11.06024,128.2344,0,86.4668,3.717594,8.441508,133.1046,267.62,0,15.93083,119.01,2.611215,9.556217,6.803434,0,0,0,0,31.61032,9.499596,0,51.28409,309.5741,58.04514,113.0334,53.724,113.4229,24.23769,50.72678,0,0,0,0,0,0,0,0,128.7091,128.7091,0,128.7091,128.7091,0,0,0,0,0,18.47826,46.19566,69.30102,0,0,0,0,0,0,0,0,0,0,0,0,0,0,0,3.612968,3.612968,0,0,0,0,0,0,0,0,0,0,0,0,0,0,3.612968,3.612968,42.12937,19.54527,19.54527,19.54527,19.54527,19.54527,0,0,19.54527,19.54527,19.54527,19.90022,19.90022,3.225839,3.225839,1.727273,0,4.435484,0,0,0,0,0,0,0,0,0,0,0,0,0,0,0,276.1364,276.1364,194.64,88.23996,67.4566,94.85756,1.519704,0,16.15061,0,0,131.3435,633.196,822.6486,0,0,0,0,0,0,0,0,0,0,0,0,0,0,0,0,0,0,0,0,0,0,0,0,0,0,80.10735,0,0,0,0,0,0,0,374.1562,374.7265,373.87,6.8176,12.5566,2.581,0,0,0,0,0,0,0,0,0,0,0,0,0,0,0,0,0,0,0,0,0,0,0,0,0,0,0,0,0,0,0,0,0,0,0,0,0,0,0,0,0,0,0,0,0,0,0,403.1313,0,0,0,0,0,0,0,0,0,0,4.620691,0,0,0,0,0,0,0,0,0,0,0,0,0,0,0,0,0,0,0,0,0,0,0,0,0,0,0,0,0,0,0,0,0,0,0,0,0,0,0,0,0,0,0,0,0,0,0,0,0,0,0,0,0,0,0,0,0,0,0,0,0,0,0,0,0,0,0,0,0,0,0,0,0,0,0,0,0,0,0,0,0,0,0,0,0,0,0,0,0,0,0,0,0,0,0,0,0,0,0,0,0,0,0,0,0,0,0,0,0,0,0,0,0,0,0,0,0,0,0,0,0
2029,1,28,14,72.41222,10.42152,246.5843,187.3575,12.9707,162.3794,30.19203,12.25276,7.962541,27.00199,26.22837,10.25935,0,157.7075,224.895,0,10.83697,11.0868,114.5928,0,85.76587,3.127869,8.46178,79.19802,159.2354,0,13.40371,120.255,2.617486,9.644129,6.866022,0,0,0,0,31.68623,9.522409,0,53.87789,307.3319,57.62473,125.7952,99.8685,219.1648,25.90658,54.6055,0,0,0,0,0,0,0,0,128.7091,128.7091,0,128.7091,128.7091,0,0,0,0,0,18.47826,46.19566,69.30102,0,0,0,0,0,0,0,0,0,0,0,0,0,0,0,3.612968,3.612968,0,0,0,0,0,0,0,0,0,0,0,0,0,0,3.612968,3.612968,42.12937,0,0,19.54527,0,19.54527,0,0,0,0,0,19.90022,19.90022,3.225839,3.225839,1.727273,0,4.435484,0,0,0,0,0,0,0,0,0,0,0,0,0,0,0,276.1364,276.1364,194.64,83.55161,66.90868,95.82112,4.960587,0,21.50142,0,0,121.9319,673.3772,879.8751,0,0,0,0,0,0,0,0,0,0,0,0,0,0,0,0,0,0,0,0,0,0,0,0,0,0,80.29984,0,490.7718,0,0,0,0,0,374.1562,374.7265,373.87,6.8176,12.5566,2.581,0,0,0,0,0,0,0,0,0,0,0,0,0,0,0,0,0,0,0,0,0,0,0,0,0,0,0,0,0,0,0,0,0,0,0,0,0,0,0,0,0,0,0,0,0,0,0,404.0995,0,0,0,0,0,0,0,0,0,0,4.631788,0,0,0,0,0,0,0,0,0,0,0,0,0,0,0,0,0,0,0,0,0,0,0,0,0,0,0,0,0,0,0,0,0,0,0,0,0,0,0,0,0,0,0,0,0,0,0,0,0,0,0,0,0,0,0,0,0,0,0,0,0,0,0,0,0,0,0,0,0,0,0,0,0,0,0,0,0,0,0,0,0,0,0,0,0,0,0,0,0,0,0,0,0,0,0,0,0,0,0,0,0,0,0,0,0,0,0,0,0,0,0,0,0,0,0,0,0,0,0,0,0
2029,1,28,15,117.3205,9.70715,251.7708,198.1575,13.70506,140.6954,22.28197,11.41287,7.416731,25.15108,24.43049,9.556104,70.57076,158.1055,224.5925,0,10.09412,10.32683,147.3528,0,90.6952,3.046001,7.881749,84.39384,169.6821,0,13.05288,124.08,2.438064,10.19015,7.254756,0,0,0,0,29.51423,8.869675,0,80.62634,327.2823,61.36543,87.32742,61.27694,223.7001,19.11182,56.26861,0,0,0,0,0,0,0,0,128.7091,128.7091,0,128.7091,128.7091,0,0,0,0,0,18.47826,46.19566,69.30102,0,0,0,0,0,0,0,0,0,0,0,0,0,0,0,3.612968,3.612968,0,0,0,0,0,0,0,0,0,0,0,0,0,0,3.612968,3.612968,42.12937,0,0,19.54527,0,19.54527,0,0,0,0,0,19.90022,19.90022,3.225839,3.225839,1.727273,0,4.435484,0,0,0,0,0,0,0,0,0,0,0,0,0,0,0,276.1364,276.1364,194.64,88.10335,74.64269,83.43772,4.964041,0,19.68509,0,0,121.4251,509.6668,646.8714,0,0,0,0,0,0,0,0,0,0,0,0,0,0,0,0,0,0,0,0,0,0,0,0,0,0,80.46564,0,471.0228,0,0,0,0,0,374.1562,374.7265,373.87,6.8176,12.5566,2.581,0,0,0,0,0,0,0,0,0,0,0,0,0,0,0,0,0,0,0,0,0,0,0,0,0,0,0,0,0,0,0,0,0,0,0,0,0,0,0,0,0,0,0,0,0,0,0,376.3996,0,0,0,0,0,0,0,0,0,0,4.314292,0,0,0,0,0,0,0,0,0,0,0,0,0,0,0,0,0,0,0,0,0,0,0,0,0,0,0,0,0,0,0,0,0,0,0,0,0,0,0,0,0,0,0,0,0,0,0,0,0,0,0,0,0,0,0,0,0,0,0,0,0,0,0,0,0,0,0,0,0,0,0,0,0,0,0,0,0,0,0,0,0,0,0,0,0,0,0,0,0,0,0,0,0,0,0,0,0,0,0,0,0,0,0,0,0,0,0,0,0,0,0,0,0,0,0,0,0,0,0,0,0
2029,1,28,16,75.54472,10.52141,253.7919,194.2425,14.02105,159.8705,19.29657,12.37021,8.038866,27.26081,26.47978,10.35769,192.1093,117.9075,169.125,0,10.94084,11.19307,149.688,0,85.60746,1.593594,8.54289,36.29432,72.9733,0,6.828953,126.78,2.642575,10.4251,7.422024,0,0,0,0,31.98996,9.613686,0,30.46338,336.7508,63.14077,119.6878,36.46296,52.07713,11.8201,49.23951,0,0,0,0,0,0,0,0,128.7091,128.7091,0,128.7091,128.7091,0,0,0,0,0,18.47826,46.19566,69.30102,0,0,0,0,0,0,0,0,0,0,0,0,0,0,0,3.612968,3.612968,0,0,0,0,0,0,0,0,0,0,0,0,0,0,3.612968,3.612968,42.12937,0,19.54527,19.54527,0,19.54527,0,0,19.54527,19.54527,19.54527,19.90022,19.90022,3.225839,3.225839,1.727273,0,4.435484,0,0,0,0,0,0,0,0,0,0,0,0,0,0,0,276.1364,276.1364,192.8941,64.60084,57.10946,83.43772,4.727302,0,51.44632,0,0,122.1784,380.4152,462.8988,0,0,0,0,0,0,0,0,0,0,0,0,0,0,0,0,0,0,0,0,0,0,0,0,0,0,80.62998,0,343.446,0,0,0,0,0,374.1562,374.7265,373.87,6.8176,12.5566,2.581,0,0,0,0,0,0,0,0,0,0,0,0,0,0,0,0,0,0,0,0,0,0,0,0,0,0,0,0,0,0,0,0,0,0,0,0,0,0,0,0,0,0,0,0,0,0,0,407.9729,0,0,0,0,0,0,0,0,0,0,4.676186,0,0,0,0,0,0,0,0,0,0,0,0,0,0,0,0,0,0,0,0,0,0,0,0,0,0,0,0,0,0,0,0,0,0,0,0,0,0,0,0,0,0,0,0,0,0,0,0,0,0,0,0,0,0,0,0,0,0,0,0,0,0,0,0,0,0,0,0,0,0,0,0,0,0,0,0,0,0,0,0,0,0,0,0,0,0,0,0,0,0,0,0,0,0,0,0,0,0,0,0,0,0,0,0,0,0,0,0,0,0,0,0,0,0,0,0,0,0,0,0,0
2029,1,28,17,90.81224,5.298828,201.3425,129.825,6.677173,130.9216,13.35178,6.229924,6.215962,21.07912,20.47519,8.00897,294.0449,8.159,11.33,0,5.510063,8.654917,136.9368,0,57.41848,0.6117685,6.605694,14.89977,29.95746,0,2.621583,113.01,1.330862,4.964691,3.534552,0,0,0,0,24.73587,4.841676,0,45.50932,247.7101,46.44564,166.8154,35.61193,124.7532,6.535285,17.72015,0,0,0,0,0,0,0,0,128.7091,128.7091,0,128.7091,128.7091,0,0,0,0,0,18.47826,46.19566,69.30102,0,0,0,0,0,0,0,0,0,0,0,0,0,0,0,3.612968,3.612968,0,0,0,0,0,0,0,0,0,0,0,0,0,0,3.612968,3.612968,42.12937,19.54527,19.54527,19.54527,0,19.54527,0,0,0,19.54527,19.54527,19.90022,19.90022,3.225839,3.225839,1.727273,0,4.435484,0,0,0,0,0,0,0,0,0,0,0,0,0,0,0,276.1364,276.1364,179.8407,41.5533,39.07045,83.43772,7.186442,0,62.93338,0,0,113.1998,253.0296,281.6109,0,0,0,0,0,0,0,0,0,0,0,0,0,0,0,0,0,0,0,0,0,0,0,0,0,0,80.43723,0,0,0,0,0,0,0,374.1562,374.7265,373.87,6.8176,12.5566,2.581,0,0,0,0,0,0,0,0,0,0,0,0,0,0,0,0,0,0,0,0,0,0,0,0,0,0,0,0,0,0,0,0,0,0,0,0,0,0,0,0,0,0,0,0,0,0,0,315.4605,0,0,0,0,0,0,0,0,0,0,3.615808,0,0,0,0,0,0,0,0,0,0,0,0,0,0,0,0,0,0,0,0,0,0,0,0,0,0,0,0,0,0,0,0,0,0,0,0,0,0,0,0,0,0,0,0,0,0,0,0,0,0,0,0,0,0,0,0,0,0,0,0,0,0,0,0,0,0,0,0,0,0,0,0,0,0,0,0,0,0,0,0,0,0,0,0,0,0,0,0,0,0,0,0,0,0,0,0,0,0,0,0,0,0,0,0,0,0,0,0,0,0,0,0,0,0,0,0,0,0,0,0,0
2029,1,28,18,20.84399,0,56.40893,22.005,0,7.842782,6.100213,0,1.188886,4.031662,3.916153,1.531822,294.0449,0,0,0,0,1.655368,33.9528,0,3.257182,0.2940037,1.263427,0,0,0,1.25988,24.645,0,0,0,0,0,0,0,4.731066,0,0,0,17.42542,3.267265,58.29424,22.90392,0,0,8.389444,0,0,0,0,0,0,0,0,128.7091,128.7091,0,128.7091,128.7091,0,0,0,0,0,18.47826,46.19566,69.30102,0,0,0,0,0,0,0,0,0,0,0,0,0,0,0,3.612968,3.612968,53.4982,0,52.5,48.0012,52.5,0,0,0,0,0,0,0,0,0,3.612968,3.612968,42.12937,0,0,19.54527,0,19.54527,0,0,0,19.54527,19.54527,19.90022,19.90022,3.225839,3.225839,1.727273,0,4.435484,0,0,0,0,0,0,0,0,0,0,0,0,0,0,0,276.1364,276.1364,159.5375,35.57894,35.15076,83.3445,9.389143,0,93.81099,0,0,122.4768,88.324,47.3355,0,0,0,0,0,0,0,0,0,0,0,0,0,0,0,0,0,0,0,0,0,0,0,0,0,0,81.03956,0,0,0,0,0,0,0,374.1562,374.7265,373.87,6.8176,12.5566,2.581,0,0,0,0,0,0,0,0,0,0,0,0,0,0,0,0,0,0,0,0,0,0,0,0,0,0,0,0,0,0,0,0,0,0,0,0,0,0,0,0,0,0,0,0,0,0,0,60.33602,0,0,0,0,0,0,0,0,0,0,0.691571,0,0,0,0,0,0,0,0,0,0,0,0,0,0,0,0,0,0,0,0,0,0,0,0,0,0,0,0,0,0,0,0,0,0,0,0,0,0,0,0,0,0,0,0,0,0,0,0,0,0,0,0,0,0,0,0,0,0,0,0,0,0,0,0,0,0,0,0,0,0,0,0,0,0,0,0,0,0,0,0,0,0,0,0,0,0,0,0,0,0,0,0,0,0,0,0,0,0,0,0,0,0,0,0,0,0,0,0,0,0,0,0,0,0,0,0,0,0,0,0,0
2029,1,28,19,0,0,0,0,0,0,0,0,0,0,0,0,294.0449,0,0,0,0,0,0,0,0,0,0,0,0,0,0,0,0,0,0,0,0,0,0,0,0,0,0,0,0,0,0,0,0,0,0,0,0,0,0,0,0,0,128.7091,128.7091,0,128.7091,128.7091,0,0,0,0,0,18.47826,46.19566,69.30102,0,0,0,0,0,0,0,0,0,0,0,0,0,0,0,3.612968,3.612968,53.4982,0,52.5,48.0012,52.5,0,0,0,0,0,0,0,0,0,3.612968,3.612968,42.12937,0,0,19.54527,19.54527,19.54527,0,0,19.54527,19.54527,19.54527,19.90022,19.90022,3.225839,3.225839,1.727273,0,4.435484,0,0,0,0,0,0,0,0,0,0,0,0,0,0,0,276.1364,276.1364,154.6319,41.33696,43.32732,82.87836,7.180965,0,112.7106,0,0,101.5507,0,0,0,0,0,0,0,0,0,0,0,0,0,0,0,0,0,0,0,0,0,0,0,0,0,0,0,0,79.74789,0,0,0,0,0,0,0,374.1562,374.7265,373.87,6.8176,12.5566,2.581,0,0,0,0,0,0,0,0,0,0,0,0,0,0,0,0,0,0,0,0,0,0,0,0,0,0,0,0,0,0,0,0,0,0,0,0,0,0,0,0,0,0,0,0,0,0,0,0,0,0,0,0,0,0,0,0,0,0,0,0,0,0,0,0,0,0,0,0,0,0,0,0,0,0,0,0,0,0,0,0,0,0,0,0,0,0,0,0,0,0,0,0,0,0,0,0,0,0,0,0,0,0,0,0,0,0,0,0,0,0,0,0,0,0,0,0,0,0,0,0,0,0,0,0,0,0,0,0,0,0,0,0,0,0,0,0,0,0,0,0,0,0,0,0,0,0,0,0,0,0,0,0,0,0,0,0,0,0,0,0,0,0,0,0,0,0,0,0,0,0,0,0,0,0,0,0,0,0,0,0
2029,1,28,20,0,0,0,0,0,0,0,0,0,0,0,0,294.0449,0,0,0,0,0,0,0,0,0,0,0,0,0,0,0,0,0,0,0,0,0,0,0,0,0,0,0,0,0,0,0,0,0,0,0,0,0,0,0,0,0,128.7091,128.7091,0,128.7091,128.7091,0,0,0,0,0,18.47826,46.19566,69.30102,0,0,0,0,0,0,0,0,0,0,0,0,0,0,0,3.612968,3.612968,53.4982,0,52.5,48.0012,52.5,0,0,0,0,0,0,0,0,0,3.612968,3.612968,42.12937,0,0,19.54527,0,19.54527,0,0,0,0,19.54527,19.90022,19.90022,3.225839,3.225839,1.727273,0,4.435484,0,0,0,0,0,0,0,0,0,0,0,0,0,0,0,276.1364,276.1364,108.3734,44.16971,49.94443,82.41223,0.810981,0,93.66372,0,0,120.3993,0,0,0,0,0,0,0,0,0,0,0,0,0,0,0,0,0,0,0,0,0,0,0,0,0,0,0,0,78.51375,0,0,0,0,0,0,0,374.1562,374.7265,373.87,6.8176,12.5566,2.581,0,0,0,0,0,0,0,0,0,0,0,0,0,0,0,0,0,0,0,0,0,0,0,0,0,0,0,0,0,0,0,0,0,0,0,0,0,0,0,0,0,0,0,0,0,0,0,0,0,0,0,0,0,0,0,0,0,0,0,0,0,0,0,0,0,0,0,0,0,0,0,0,0,0,0,0,0,0,0,0,0,0,0,0,0,0,0,0,0,0,0,0,0,0,0,0,0,0,0,0,0,0,0,0,0,0,0,0,0,0,0,0,0,0,0,0,0,0,0,0,0,0,0,0,0,0,0,0,0,0,0,0,0,0,0,0,0,0,0,0,0,0,0,0,0,0,0,0,0,0,0,0,0,0,0,0,0,0,0,0,0,0,0,0,0,0,0,0,0,0,0,0,0,0,0,0,0,0,0,0
2029,1,28,21,0,0,0,0,0,0,0,0,0,0,0,0,148.0026,0,0,0,0,0,0,0,0,0,0,0,0,0,0,0,0,0,0,0,0,0,0,0,0,0,0,0,0,0,0,0,0,0,0,0,0,0,0,0,0,0,128.7091,128.7091,0,128.7091,128.7091,0,0,0,0,0,18.47826,46.19566,69.30102,0,0,0,0,0,0,0,0,0,0,0,0,0,0,0,3.612968,3.612968,53.4982,0,52.5,48.0012,52.5,0,0,0,0,0,0,0,0,0,3.612968,3.612968,42.12937,0,0,19.54527,0,19.54527,0,0,0,0,19.54527,19.90022,19.90022,3.225839,3.225839,1.727273,0,4.435484,0,0,0,0,0,0,0,0,0,0,0,0,0,0,0,276.1364,276.1364,71.91114,18.79106,22.42231,80.92061,0.6228015,0,188.6038,0,0,122.6406,0,0,0,0,0,0,0,0,0,0,0,0,0,0,0,0,0,0,0,0,0,0,0,0,0,0,0,0,78.92006,0,0,0,0,0,0,0,374.1562,374.7265,373.87,6.8176,12.5566,2.581,0,0,0,0,0,0,0,0,0,0,0,0,0,0,0,0,0,0,0,0,0,0,0,0,0,0,0,0,0,0,0,0,0,0,0,0,0,0,0,0,0,0,0,0,0,0,0,0,0,0,0,0,0,0,0,0,0,0,0,0,0,0,0,0,0,0,0,0,0,0,0,0,0,0,0,0,0,0,0,0,0,0,0,0,0,0,0,0,0,0,0,0,0,0,0,0,0,0,0,0,0,0,0,0,0,0,0,0,0,0,0,0,0,0,0,0,0,0,0,0,0,0,0,0,0,0,0,0,0,0,0,0,0,0,0,0,0,0,0,0,0,0,0,0,0,0,0,0,0,0,0,0,0,0,0,0,0,0,0,0,0,0,0,0,0,0,0,0,0,0,0,0,0,0,0,0,0,0,0,0
2029,1,28,22,0,0,0,0,0,0,0,0,0,0,0,0,0,0,0,0,0,0,0,0,0,0,0,0,0,0,0,0,0,0,0,0,0,0,0,0,0,0,0,0,0,0,0,0,0,0,0,0,0,0,0,0,0,0,128.7091,128.7091,0,128.7091,128.7091,0,0,0,0,0,18.47826,46.19566,69.30102,0,0,0,0,0,0,0,0,0,0,0,0,0,0,0,3.612968,3.612968,53.4982,0,52.5,48.0012,52.5,0,0,0,0,0,0,0,0,0,3.612968,3.612968,42.12937,19.54527,0,19.54527,0,19.54527,0,0,0,0,0,19.90022,19.90022,3.225839,3.225839,1.727273,0,4.435484,0,0,0,0,0,0,0,0,0,0,0,0,0,0,0,276.1364,276.1364,101.2966,19.14992,24.74041,82.78514,1.767919,0,255.4153,0,0,89.73485,0,0,0,0,0,0,0,0,0,0,0,0,0,0,0,0,0,0,0,0,0,0,0,0,0,0,0,0,78.58073,0,0,0,0,0,0,0,374.1562,374.7265,373.87,6.8176,12.5566,2.581,0,0,0,0,0,0,0,0,0,0,0,0,0,0,0,0,0,0,0,0,0,0,0,0,0,0,0,0,0,0,0,0,0,0,0,0,0,0,0,0,0,0,0,0,0,0,0,0,0,0,0,0,0,0,0,0,0,0,0,0,0,0,0,0,0,0,0,0,0,0,0,0,0,0,0,0,0,0,0,0,0,0,0,0,0,0,0,0,0,0,0,0,0,0,0,0,0,0,0,0,0,0,0,0,0,0,0,0,0,0,0,0,0,0,0,0,0,0,0,0,0,0,0,0,0,0,0,0,0,0,0,0,0,0,0,0,0,0,0,0,0,0,0,0,0,0,0,0,0,0,0,0,0,0,0,0,0,0,0,0,0,0,0,0,0,0,0,0,0,0,0,0,0,0,0,0,0,0,0,0
2029,1,28,23,0,0,0,0,0,0,0,0,0,0,0,0,0,0,0,0,0,0,0,0,0,0,0,0,0,0,0,0,0,0,0,0,0,0,0,0,0,0,0,0,0,0,0,0,0,0,0,0,0,0,0,0,0,0,128.7091,128.7091,0,128.7091,128.7091,0,0,0,0,0,18.47826,46.19566,69.30102,0,0,0,0,0,0,0,0,0,0,0,0,0,0,0,3.612968,3.612968,53.4982,0,52.5,48.0012,52.5,0,0,0,0,0,0,0,0,0,3.612968,3.612968,42.12937,19.54527,0,19.54527,0,19.54527,0,0,0,0,0,19.90022,19.90022,3.225839,3.225839,1.727273,0,4.435484,0,0,0,0,0,0,0,0,0,0,0,0,0,0,0,276.1364,276.1364,97.09248,0.9125295,0,83.25127,0.3834719,0,199.4527,0,0,90.81425,0,0,0,0,0,0,0,0,0,0,0,0,0,0,0,0,0,0,0,0,0,0,0,0,0,0,0,0,77.48536,0,0,0,0,0,0,0,374.1562,374.7265,373.87,6.8176,12.5566,2.581,0,0,0,0,0,0,0,0,0,0,0,0,0,0,0,0,0,0,0,0,0,0,0,0,0,0,0,0,0,0,0,0,0,0,0,0,0,0,0,0,0,0,0,0,0,0,0,0,0,0,0,0,0,0,0,0,0,0,0,0,0,0,0,0,0,0,0,0,0,0,0,0,0,0,0,0,0,0,0,0,0,0,0,0,0,0,0,0,0,0,0,0,0,0,0,0,0,0,0,0,0,0,0,0,0,0,0,0,0,0,0,0,0,0,0,0,0,0,0,0,0,0,0,0,0,0,0,0,0,0,0,0,0,0,0,0,0,0,0,0,0,0,0,0,0,0,0,0,0,0,0,0,0,0,0,0,0,0,0,0,0,0,0,0,0,0,0,0,0,0,0,0,0,0,0,0,0,0,0,0
2029,1,28,24,0,0,0,0,0,0,0,0,0,0,0,0,0,0,0,0,0,0,0,0,0,0,0,0,0,0,0,0,0,0,0,0,0,0,0,0,0,0,0,0,0,0,0,0,0,0,0,0,0,0,0,0,0,0,128.7091,128.7091,0,128.7091,128.7091,0,0,0,0,0,18.47826,46.19566,69.30102,0,0,0,0,0,0,0,0,0,0,0,0,0,0,0,3.612968,3.612968,53.4982,0,52.5,48.0012,52.5,0,0,0,0,0,0,0,0,0,3.612968,3.612968,42.12937,0,0,19.54527,0,19.54527,0,0,0,0,0,19.90022,19.90022,3.225839,3.225839,1.727273,0,4.435484,0,0,0,0,0,0,0,0,0,0,0,0,0,0,0,276.1364,276.1364,61.93271,0,0,83.3445,0.7878443,0,316.1396,0,0,91.72894,0,0,0,0,0,0,0,0,0,0,0,0,0,0,0,0,0,0,0,0,0,0,0,0,0,0,0,0,75.96592,0,0,0,0,0,0,0,374.1562,374.7265,373.87,6.8176,12.5566,2.581,0,0,0,0,0,0,0,0,0,0,0,0,0,0,0,0,0,0,0,0,0,0,0,0,0,0,0,0,0,0,0,0,0,0,0,0,0,0,0,0,0,0,0,0,0,0,0,0,0,0,0,0,0,0,0,0,0,0,0,0,0,0,0,0,0,0,0,0,0,0,0,0,0,0,0,0,0,0,0,0,0,0,0,0,0,0,0,0,0,0,0,0,0,0,0,0,0,0,0,0,0,0,0,0,0,0,0,0,0,0,0,0,0,0,0,0,0,0,0,0,0,0,0,0,0,0,0,0,0,0,0,0,0,0,0,0,0,0,0,0,0,0,0,0,0,0,0,0,0,0,0,0,0,0,0,0,0,0,0,0,0,0,0,0,0,0,0,0,0,0,0,0,0,0,0,0,0,0,0,0
2029,1,29,1,0,0,0,0,0,0,0,0,0,0,0,0,0,0,0,0,0,0,0,0,0,0,0,0,0,0,0,0,0,0,0,0,0,0,0,0,0,0,0,0,0,0,0,0,0,0,0,0,0,0,0,0,0,0,128.7091,128.7091,0,128.7091,128.7091,0,0,0,0,0,18.47826,46.19566,69.30102,0,0,0,0,0,0,0,0,0,0,0,0,0,0,0,0,0,0,0,0,0,0,0,0,0,0,0,0,0,0,0,0,0,0,0,0,0,0,0,0,0,0,0,0,0,0,0,0,1.727273,0,0,0,0,0,0,0,0,0,0,0,0,0,0,0,0,0,276.1364,276.1364,65.17373,0,0,83.43772,60.50322,0,81.09668,0,0,37.47934,0,0,0,0,0,0,0,0,0,0,0,0,0,0,0,0,0,0,0,0,0,0,0,0,0,0,0,0,75.09783,0,0,0,0,0,0,0,374.1562,374.7265,373.87,6.8176,12.5566,2.581,0,0,0,0,0,0,0,0,0,0,0,0,0,0,0,0,0,0,0,0,0,0,0,0,0,0,0,0,0,0,0,0,0,0,0,0,0,0,0,0,0,0,0,0,0,0,0,0,0,0,0,0,0,0,0,0,0,0,0,0,0,0,0,0,0,0,0,0,0,0,0,0,0,0,0,0,0,0,0,0,0,0,0,0,0,0,0,0,0,0,0,0,0,0,0,0,0,0,0,0,0,0,0,0,0,0,0,0,0,0,0,0,0,0,0,0,0,0,0,0,0,0,0,0,0,0,0,0,0,0,0,0,0,0,0,0,0,0,0,0,0,0,0,0,0,0,0,0,0,0,0,0,0,0,0,0,0,0,0,0,0,0,0,0,0,0,0,0,0,0,0,0,0,0,0,0,0,0,0,0
2029,1,29,2,0,0,0,0,0,0,0,0,0,0,0,0,0,0,0,0,0,0,0,0,0,0,0,0,0,0,0,0,0,0,0,0,0,0,0,0,0,0,0,0,0,0,0,0,0,0,0,0,0,0,0,0,0,0,128.7091,128.7091,0,128.7091,128.7091,0,0,0,0,0,18.47826,46.19566,69.30102,0,0,0,0,0,0,0,0,0,0,0,0,0,0,0,3.612968,3.612968,53.4982,0,0,0,0,0,0,0,0,0,0,0,0,0,3.612968,3.612968,42.12937,0,0,19.54527,0,19.54527,0,0,0,0,0,19.90022,19.90022,0,0,1.727273,0,0,0,0,0,0,0,0,0,0,0,0,0,0,0,0,0,276.1364,276.1364,48.96152,0,0,83.43772,39.63277,0,22.53231,0,0,41.76614,0,0,0,0,0,0,0,0,0,0,0,0,0,0,0,0,0,0,0,0,0,0,0,0,0,0,0,0,74.49413,0,0,0,0,0,0,0,374.1562,374.7265,373.87,6.8176,12.5566,2.581,0,0,0,0,0,0,0,0,0,0,0,0,0,0,0,0,0,0,0,0,0,0,0,0,0,0,0,0,0,0,0,0,0,0,0,0,0,0,0,0,0,0,0,0,0,0,0,0,0,0,0,0,0,0,0,0,0,0,0,0,0,0,0,0,0,0,0,0,0,0,0,0,0,0,0,0,0,0,0,0,0,0,0,0,0,0,0,0,0,0,0,0,0,0,0,0,0,0,0,0,0,0,0,0,0,0,0,0,0,0,0,0,0,0,0,0,0,0,0,0,0,0,0,0,0,0,0,0,0,0,0,0,0,0,0,0,0,0,0,0,0,0,0,0,0,0,0,0,0,0,0,0,0,0,0,0,0,0,0,0,0,0,0,0,0,0,0,0,0,0,0,0,0,0,0,0,0,0,0,0
2029,1,29,3,0,0,0,0,0,0,0,0,0,0,0,0,0,0,0,0,0,0,0,0,0,0,0,0,0,0,0,0,0,0,0,0,0,0,0,0,0,0,0,0,0,0,0,0,0,0,0,0,0,0,0,0,0,0,128.7091,128.7091,0,128.7091,128.7091,0,0,0,0,0,18.47826,46.19566,69.30102,0,0,0,0,0,0,0,0,0,0,0,0,0,0,0,3.612968,3.612968,53.4982,0,52.5,48.0012,52.5,0,0,0,0,0,0,0,0,0,3.612968,3.612968,42.12937,0,0,19.54527,0,19.54527,0,0,0,0,0,19.90022,19.90022,3.225839,3.225839,1.727273,0,4.435484,18.36735,18.36735,0,0,0,0,0,0,0,0,0,0,0,0,0,276.1364,276.1364,53.66063,0,0,83.3445,51.8599,0,70.73869,0,0,62.51759,0,0,0,0,0,0,0,0,0,0,0,0,0,0,0,0,0,0,0,0,0,0,0,0,0,0,0,0,74.39002,0,0,0,0,0,0,0,374.1562,374.7265,373.87,6.8176,12.5566,2.581,0,0,0,0,0,0,0,0,0,0,0,0,0,0,0,0,0,0,0,0,0,0,0,0,0,0,0,0,0,0,0,0,0,0,0,0,0,0,0,0,0,0,0,0,0,0,0,0,0,0,0,0,0,0,0,0,0,0,0,0,0,0,0,0,0,0,0,0,0,0,0,0,0,0,0,0,0,0,0,0,0,0,0,0,0,0,0,0,0,0,0,0,0,0,0,0,0,0,0,0,0,0,0,0,0,0,0,0,0,0,0,0,0,0,0,0,0,0,0,0,0,0,0,0,0,0,0,0,0,0,0,0,0,0,0,0,0,0,0,0,0,0,0,0,0,0,0,0,0,0,0,0,0,0,0,0,0,0,0,0,0,0,0,0,0,0,0,0,0,0,0,0,0,0,0,0,0,0,0,0
2029,1,29,4,0,0,0,0,0,0,0,0,0,0,0,0,0,0,0,0,0,0,0,0,0,0,0,0,0,0,0,0,0,0,0,0,0,0,0,0,0,0,0,0,0,0,0,0,0,0,0,0,0,0,0,0,0,0,128.7091,128.7091,0,128.7091,128.7091,0,0,0,0,0,18.47826,46.19566,69.30102,0,0,0,0,0,0,0,0,0,0,0,0,0,0,0,3.612968,3.612968,53.4982,0,52.5,48.0012,52.5,0,0,0,0,0,0,0,0,0,3.612968,3.612968,42.12937,0,0,19.54527,0,19.54527,0,0,0,0,0,19.90022,19.90022,3.225839,3.225839,1.727273,0,4.435484,18.36735,18.36735,0,0,0,0,0,0,0,0,0,0,0,0,0,276.1364,276.1364,26.23784,0,0,83.43772,57.55185,0,81.9803,0,0,73.01071,0,0,0,0,0,0,0,0,0,0,0,0,0,0,0,0,0,0,0,0,0,0,0,0,0,0,0,0,74.91581,0,0,0,0,0,0,0,374.1562,374.7265,373.87,6.8176,12.5566,2.581,0,0,0,0,0,0,0,0,0,0,0,0,0,0,0,0,0,0,0,0,0,0,0,0,0,0,0,0,0,0,0,0,0,0,0,0,0,0,0,0,0,0,0,0,0,0,0,0,0,0,0,0,0,0,0,0,0,0,0,0,0,0,0,0,0,0,0,0,0,0,0,0,0,0,0,0,0,0,0,0,0,0,0,0,0,0,0,0,0,0,0,0,0,0,0,0,0,0,0,0,0,0,0,0,0,0,0,0,0,0,0,0,0,0,0,0,0,0,0,0,0,0,0,0,0,0,0,0,0,0,0,0,0,0,0,0,0,0,0,0,0,0,0,0,0,0,0,0,0,0,0,0,0,0,0,0,0,0,0,0,0,0,0,0,0,0,0,0,0,0,0,0,0,0,0,0,0,0,0,0
2029,1,29,5,0,0,0,0,0,0,0,0,0,0,0,0,0,0,0,0,0,0,0,0,0,0,0,0,0,0,0,0,0,0,0,0,0,0,0,0,0,0,0,0,0,0,0,0,0,0,0,0,0,0,0,0,0,0,128.7091,128.7091,0,128.7091,128.7091,0,0,0,0,0,18.47826,46.19566,69.30102,0,0,0,0,0,0,0,0,0,0,0,0,0,0,0,3.612968,3.612968,53.4982,0,52.5,48.0012,52.5,0,0,0,0,0,0,0,0,0,3.612968,3.612968,42.12937,19.54527,19.54527,19.54527,19.54527,19.54527,0,0,19.54527,19.54527,19.54527,19.90022,19.90022,3.225839,3.225839,1.727273,0,4.435484,18.36735,18.36735,0,0,0,0,0,0,0,0,0,0,0,0,0,276.1364,276.1364,17.67528,0,0,83.43772,25.71914,0,12.41977,0,0,65.95067,0,0,0,0,0,0,0,0,0,0,0,0,0,0,0,0,0,0,0,0,0,0,0,0,0,0,0,0,75.59034,0,0,0,0,0,0,0,374.1562,374.7265,373.87,6.8176,12.5566,2.581,0,0,0,0,0,0,0,0,0,0,0,0,0,0,0,0,0,0,0,0,0,0,0,0,0,0,0,0,0,0,0,0,0,0,0,0,0,0,0,0,0,0,0,0,0,0,0,0,0,0,0,0,0,0,0,0,0,0,0,0,0,0,0,0,0,0,0,0,0,0,0,0,0,0,0,0,0,0,0,0,0,0,0,0,0,0,0,0,0,0,0,0,0,0,0,0,0,0,0,0,0,0,0,0,0,0,0,0,0,0,0,0,0,0,0,0,0,0,0,0,0,0,0,0,0,0,0,0,0,0,0,0,0,0,0,0,0,0,0,0,0,0,0,0,0,0,0,0,0,0,0,0,0,0,0,0,0,0,0,0,0,0,0,0,0,0,0,0,0,0,0,0,0,0,0,0,0,0,0,0
2029,1,29,6,0,0,0,0,0,0,0,0,0,0,0,0,0,0,0,0,0,0,0,0,0,0,0,0,0,0,0,0,0,0,0,0,0,0,0,0,0,0,0,0,0,0,0,0,0,0,0,0,0,0,0,0,0,0,128.7091,128.7091,0,128.7091,128.7091,0,0,0,0,0,18.47826,46.19566,69.30102,0,0,0,0,0,0,0,0,0,0,0,0,0,0,0,3.612968,3.612968,53.4982,0,52.5,48.0012,52.5,0,0,0,0,0,0,0,0,0,3.612968,3.612968,42.12937,19.54527,19.54527,19.54527,19.54527,19.54527,0,0,19.54527,19.54527,19.54527,19.90022,19.90022,3.225839,3.225839,1.727273,0,4.435484,18.36735,18.36735,0,0,0,0,0,0,0,0,0,0,0,0,0,276.1364,276.1364,15.21098,0,0,83.43772,6.535191,0,26.5086,0,0,43.46758,0,0,0,0,0,0,0,0,0,0,0,0,0,0,0,0,0,0,0,0,0,0,0,0,0,0,0,0,77.32781,0,0,0,0,0,0,0,374.1562,374.7265,373.87,6.8176,12.5566,2.581,0,0,0,0,0,0,0,0,0,0,0,0,0,0,0,0,0,0,0,0,0,0,0,0,0,0,0,0,0,0,0,0,0,0,0,0,0,0,0,0,0,0,0,0,0,0,0,0,0,0,0,0,0,0,0,0,0,0,0,0,0,0,0,0,0,0,0,0,0,0,0,0,0,0,0,0,0,0,0,0,0,0,0,0,0,0,0,0,0,0,0,0,0,0,0,0,0,0,0,0,0,0,0,0,0,0,0,0,0,0,0,0,0,0,0,0,0,0,0,0,0,0,0,0,0,0,0,0,0,0,0,0,0,0,0,0,0,0,0,0,0,0,0,0,0,0,0,0,0,0,0,0,0,0,0,0,0,0,0,0,0,0,0,0,0,0,0,0,0,0,0,0,0,0,0,0,0,0,0,0
2029,1,29,7,0,0,0,0,0,0,0,0,0,0,0,0,0,0,0,0,0,0,0,0,0,0,0,0,0,0,0,0,0,0,0,0,0,0,0,0,0,0,0,0,0,0,0,0,0,0,0,0,0,0,0,0,0,0,128.7091,128.7091,0,128.7091,128.7091,0,0,0,0,0,18.47826,46.19566,69.30102,0,0,0,0,0,0,0,0,0,0,0,0,0,0,0,3.612968,3.612968,53.4982,0,52.5,48.0012,52.5,0,0,0,0,0,0,0,0,0,3.612968,3.612968,42.12937,0,0,19.54527,19.54527,19.54527,0,0,19.54527,19.54527,19.54527,19.90022,19.90022,3.225839,3.225839,1.727273,0,4.435484,18.36735,18.36735,0,0,0,0,0,0,0,0,0,0,0,0,0,276.1364,276.1364,7.944417,0,0,83.43772,1.755015,0,62.73702,0,0,116.8774,0,0,0,0,0,0,0,0,0,0,0,0,0,0,0,0,0,0,0,0,0,0,0,0,0,0,0,0,78.31314,0,0,0,0,0,0,0,374.1562,374.7265,373.87,6.8176,12.5566,2.581,0,0,0,0,0,0,0,0,0,0,0,0,0,0,0,0,0,0,0,0,0,0,0,0,0,0,0,0,0,0,0,0,0,0,0,0,0,0,0,0,0,0,0,0,0,0,0,0,0,0,0,0,0,0,0,0,0,0,0,0,0,0,0,0,0,0,0,0,0,0,0,0,0,0,0,0,0,0,0,0,0,0,0,0,0,0,0,0,0,0,0,0,0,0,0,0,0,0,0,0,0,0,0,0,0,0,0,0,0,0,0,0,0,0,0,0,0,0,0,0,0,0,0,0,0,0,0,0,0,0,0,0,0,0,0,0,0,0,0,0,0,0,0,0,0,0,0,0,0,0,0,0,0,0,0,0,0,0,0,0,0,0,0,0,0,0,0,0,0,0,0,0,0,0,0,0,0,0,0,0
2029,1,29,8,0,0,0,3.96,0,0,0,0,0.015906,0.053938,0.052393,0.0204936,0,23.1835,32.9725,0,0,0.022146,0,0,2.078062,0.01289339,0.016903,0.191023,0.38407,0,0.055251,0,0,0,0,0,0,0,0,0.063295,0,0,3.651653,0,0,0,1.501116,0,0,0.491898,0,0,0,0,0,0,0,0,128.7091,128.7091,0,128.7091,128.7091,0,0,0,0,0,18.47826,46.19566,69.30102,0,0,0,0,0,0,0,0,0,0,0,0,0,0,0,3.612968,3.612968,53.4982,0,52.5,48.0012,52.5,0,0,0,0,0,0,0,0,0,3.612968,3.612968,42.12937,0,0,19.54527,0,19.54527,0,0,0,0,0,19.90022,19.90022,3.225839,3.225839,1.727273,0,4.435484,18.36735,18.36735,0,0,0,0,0,0,0,0,0,0,0,0,0,276.1364,276.1364,1.030773,0,0,83.43772,0,0,43.54283,0,0,115.8884,33.8368,17.6625,0,0,0,0,0,0,0,0,0,0,0,0,0,0,0,0,0,0,0,0,0,0,0,0,0,0,77.56424,0,0,0,0,0,0,0,374.1562,374.7265,373.87,6.8176,12.5566,2.581,0,0,0,0,0,0,0,0,0,0,0,0,0,0,0,0,0,0,0,0,0,0,0,0,0,0,0,0,0,0,0,0,0,0,0,0,0,0,0,0,0,0,0,0,0,0,0,0.80721,0,0,0,0,0,0,0,0,0,0,0.009252,0,0,0,0,0,0,0,0,0,0,0,0,0,0,0,0,0,0,0,0,0,0,0,0,0,0,0,0,0,0,0,0,0,0,0,0,0,0,0,0,0,0,0,0,0,0,0,0,0,0,0,0,0,0,0,0,0,0,0,0,0,0,0,0,0,0,0,0,0,0,0,0,0,0,0,0,0,0,0,0,0,0,0,0,0,0,0,0,0,0,0,0,0,0,0,0,0,0,0,0,0,0,0,0,0,0,0,0,0,0,0,0,0,0,0,0,0,0,0,0,0
2029,1,29,9,67.13223,0.9512213,100.7961,101.745,2.265273,27.96507,14.72296,1.118368,2.894181,9.814536,9.533346,3.729014,0,101.092,142.8075,0,0.989141,4.02977,61.0512,0,50.32396,0.8353888,3.075642,60.43959,121.5197,0,3.579852,77.865,0.2389103,1.684303,1.199119,0,0,0,0,11.51714,0.8691555,0,75.63161,52.7501,9.890643,1.827677,14.39587,122.5004,1.846501,27.58415,0,0,0,0,0,0,0,0,128.7091,128.7091,0,128.7091,128.7091,0,0,0,0,0,18.47826,46.19566,69.30102,0,0,0,0,0,0,0,0,0,0,0,0,0,0,0,3.612968,3.612968,53.4982,0,52.5,48.0012,52.5,0,0,0,0,0,0,0,0,0,3.612968,3.612968,42.12937,19.54527,19.54527,19.54527,19.54527,19.54527,0,0,19.54527,19.54527,19.54527,19.90022,19.90022,3.225839,3.225839,1.727273,0,4.435484,18.36735,18.36735,0,0,0,0,0,0,0,0,0,0,0,0,0,276.1364,276.1364,4.246982,0,0,83.43772,0,0,0,0,0,98.32813,126.3904,135.7893,0,0,0,0,0,0,0,0,0,0,0,0,0,0,0,0,0,0,0,0,0,0,0,0,0,0,79.09305,0,0,0,0,0,0,0,374.1562,374.7265,373.87,6.8176,12.5566,2.581,0,0,0,0,0,0,0,0,0,0,0,0,0,0,0,0,0,0,0,0,0,0,0,0,0,0,0,0,0,0,0,0,0,0,0,0,0,0,0,0,0,0,0,0,0,0,0,146.8799,0,0,0,0,0,0,0,0,0,0,1.683537,0,0,0,0,0,0,0,0,0,0,0,0,0,0,0,0,0,0,0,0,0,0,0,0,0,0,0,0,0,0,0,0,0,0,0,0,0,0,0,0,0,0,0,0,0,0,0,0,0,0,0,0,0,0,0,0,0,0,0,0,0,0,0,0,0,0,0,0,0,0,0,0,0,0,0,0,0,0,0,0,0,0,0,0,0,0,0,0,0,0,0,0,0,0,0,0,0,0,0,0,0,0,0,0,0,0,0,0,0,0,0,0,0,0,0,0,0,0,0,0,0
2029,1,29,10,125.4316,9.250551,243.3799,204.3,13.55444,94.89401,29.85398,10.87603,7.067867,23.96803,23.28134,9.106609,0,36.417,50.3525,0,9.619321,9.841084,148.1256,0,89.98436,2.088472,7.511012,142.7704,287.0539,0,8.949631,124.8,2.323384,10.07816,7.175023,0,0,0,0,28.12596,8.452469,0,134.357,187.0522,35.07228,166.8838,89.74889,242.4343,9.237297,55.06362,0,0,0,0,0,0,0,0,128.7091,128.7091,0,128.7091,128.7091,0,0,0,0,0,18.47826,46.19566,69.30102,0,0,0,0,0,0,0,0,0,0,0,0,0,0,0,3.612968,3.612968,0,0,0,0,0,0,0,0,0,0,0,0,0,0,3.612968,3.612968,42.12937,0,0,19.54527,0,19.54527,0,0,0,0,0,19.90022,19.90022,3.225839,3.225839,1.727273,0,4.435484,0,0,0,0,0,0,0,0,0,0,0,0,0,0,0,276.1364,276.1364,0.5433081,0,0,83.25127,0,0,0,0,0,14.52585,304.4068,389.2815,0,0,0,0,0,0,0,0,0,0,0,0,0,0,0,0,0,0,0,0,0,0,0,0,0,0,79.81542,0,1000,0,0,0,0,0,374.1562,374.7265,373.87,6.8176,12.5566,2.581,0,0,0,0,0,0,0,0,0,0,0,0,0,0,0,0,0,0,0,0,0,0,0,0,0,0,0,0,0,0,0,0,0,0,0,0,0,0,0,0,0,0,0,0,0,0,0,358.6947,0,0,0,0,0,0,0,0,0,0,4.111359,0,0,0,0,0,0,0,0,0,0,0,0,0,0,0,0,0,0,0,0,0,0,0,0,0,0,0,0,0,0,0,0,0,0,0,0,0,0,0,0,0,0,0,0,0,0,0,0,0,0,0,0,0,0,0,0,0,0,0,0,0,0,0,0,0,0,0,0,0,0,0,0,0,0,0,0,0,0,0,0,0,0,0,0,0,0,0,0,0,0,0,0,0,0,0,0,0,0,0,0,0,0,0,0,0,0,0,0,0,0,0,0,0,0,0,0,0,0,0,0,0
2029,1,29,11,125.5555,9.725824,256.2039,206.7525,14.02934,157.7424,46.46019,11.43482,7.430999,25.19946,24.47749,9.574487,0,53.531,74.9925,0,10.11354,10.3467,150.6792,0,89.04978,2.645398,7.896911,133.181,267.7736,0,11.3362,127.02,2.442755,10.43126,7.426411,0,0,0,0,29.57101,8.886738,0,134.9517,290.8322,54.53104,217.407,153.8853,244.6069,19.54891,57.13384,0,0,0,0,0,0,0,0,128.7091,128.7091,0,128.7091,128.7091,0,0,0,0,0,18.47826,46.19566,69.30102,0,0,0,0,0,0,0,0,0,0,0,0,0,0,0,3.612968,3.612968,0,0,0,0,0,0,0,0,0,0,0,0,0,0,3.612968,3.612968,42.12937,0,0,19.54527,0,19.54527,0,0,0,0,0,19.90022,19.90022,3.225839,3.225839,1.727273,0,4.435484,0,0,0,0,0,0,0,0,0,0,0,0,0,0,0,276.1364,276.1364,1.076118,0,0,82.50546,0,0,0,0,0,76.72546,506.5568,676.827,0,0,0,0,0,0,0,0,0,0,0,0,0,0,0,0,0,0,0,0,0,0,0,0,0,0,80.25237,0,1000,0,0,0,0,0,374.1562,374.7265,373.87,6.8176,12.5566,2.581,0,0,0,0,0,0,0,0,0,0,0,0,0,0,0,0,0,0,0,0,0,0,0,0,0,0,0,0,0,0,0,0,0,0,0,0,0,0,0,0,0,0,0,0,0,0,0,377.1237,0,0,0,0,0,0,0,0,0,0,4.322591,0,0,0,0,0,0,0,0,0,0,0,0,0,0,0,0,0,0,0,0,0,0,0,0,0,0,0,0,0,0,0,0,0,0,0,0,0,0,0,0,0,0,0,0,0,0,0,0,0,0,0,0,0,0,0,0,0,0,0,0,0,0,0,0,0,0,0,0,0,0,0,0,0,0,0,0,0,0,0,0,0,0,0,0,0,0,0,0,0,0,0,0,0,0,0,0,0,0,0,0,0,0,0,0,0,0,0,0,0,0,0,0,0,0,0,0,0,0,0,0,0
2029,1,29,12,120.0131,9.333411,250.5592,201.6,12.89156,168.1349,52.12095,10.97346,7.131176,24.18272,23.48988,9.188179,0,59.103,83.105,0,9.705483,9.929233,142.1616,0,88.55675,3.179118,7.57829,143.9165,289.3583,0,13.62333,119.7,2.344195,9.585284,6.824128,0,0,0,0,28.37789,8.528179,0,128.509,276.3202,51.81004,223.6967,170.1659,233.6732,23.72113,55.07597,0,0,0,0,0,0,0,0,128.7091,128.7091,0,128.7091,128.7091,0,0,0,0,0,18.47826,46.19566,69.30102,0,0,0,0,0,0,0,0,0,0,0,0,0,0,0,3.612968,3.612968,0,0,0,0,0,0,0,0,0,0,0,0,0,0,3.612968,3.612968,42.12937,19.54527,19.54527,19.54527,19.54527,19.54527,0,0,19.54527,19.54527,19.54527,19.90022,19.90022,3.225839,3.225839,1.727273,0,4.435484,0,0,0,0,0,0,0,0,0,0,0,0,0,0,0,276.1364,276.1364,7.028502,0,0,94.64343,0,0,0,0,0,139.0431,607.072,819.8226,0,0,0,0,0,0,0,0,0,0,0,0,0,0,0,0,0,0,0,0,0,0,0,0,0,0,80.45189,0,1000,0,0,0,0,0,374.1562,374.7265,373.87,6.8176,12.5566,2.581,0,0,0,0,0,0,0,0,0,0,0,0,0,0,0,0,0,0,0,0,0,0,0,0,0,0,0,0,0,0,0,0,0,0,0,0,0,0,0,0,0,0,0,0,0,0,0,361.9076,0,0,0,0,0,0,0,0,0,0,4.148185,0,0,0,0,0,0,0,0,0,0,0,0,0,0,0,0,0,0,0,0,0,0,0,0,0,0,0,0,0,0,0,0,0,0,0,0,0,0,0,0,0,0,0,0,0,0,0,0,0,0,0,0,0,0,0,0,0,0,0,0,0,0,0,0,0,0,0,0,0,0,0,0,0,0,0,0,0,0,0,0,0,0,0,0,0,0,0,0,0,0,0,0,0,0,0,0,0,0,0,0,0,0,0,0,0,0,0,0,0,0,0,0,0,0,0,0,0,0,0,0,0
2029,1,29,13,115.0803,8.839564,246.9453,196.965,12.05059,162.2556,48.86251,10.39283,6.753854,22.90318,22.24699,8.702018,0,108.3555,153.945,0,9.19195,9.403861,137.1216,0,85.73715,2.993476,7.17731,145.4829,292.5077,0,12.8278,115.59,2.22016,8.959997,6.378962,0,0,0,0,26.87637,8.07694,0,124.9566,268.3827,50.32176,223.1042,165.4266,225.0135,25.46949,52.87926,0,0,0,0,0,0,0,0,128.7091,128.7091,0,128.7091,128.7091,0,0,0,0,0,18.47826,46.19566,69.30102,0,0,0,0,0,0,0,0,0,0,0,0,0,0,0,3.612968,3.612968,0,0,0,0,0,0,0,0,0,0,0,0,0,0,3.612968,3.612968,42.12937,19.54527,19.54527,19.54527,19.54527,19.54527,0,0,19.54527,19.54527,19.54527,19.90022,19.90022,3.225839,3.225839,1.727273,0,4.435484,0,0,0,0,0,0,0,0,0,0,0,0,0,0,0,276.1364,276.1364,14.16103,0,0,95.49993,0,0,0,0,0,167.3569,649.2436,879.7338,0,0,0,0,0,0,0,0,0,0,0,0,0,0,0,0,0,0,0,0,0,0,0,0,0,0,80.80891,0,585.9283,0,0,0,0,0,374.1562,374.7265,373.87,6.8176,12.5566,2.581,0,0,0,0,0,0,0,0,0,0,0,0,0,0,0,0,0,0,0,0,0,0,0,0,0,0,0,0,0,0,0,0,0,0,0,0,0,0,0,0,0,0,0,0,0,0,0,342.7585,0,0,0,0,0,0,0,0,0,0,3.928698,0,0,0,0,0,0,0,0,0,0,0,0,0,0,0,0,0,0,0,0,0,0,0,0,0,0,0,0,0,0,0,0,0,0,0,0,0,0,0,0,0,0,0,0,0,0,0,0,0,0,0,0,0,0,0,0,0,0,0,0,0,0,0,0,0,0,0,0,0,0,0,0,0,0,0,0,0,0,0,0,0,0,0,0,0,0,0,0,0,0,0,0,0,0,0,0,0,0,0,0,0,0,0,0,0,0,0,0,0,0,0,0,0,0,0,0,0,0,0,0,0
2029,1,29,14,116.708,7.948669,245.2208,198.6525,12.3573,165.0774,50.00067,9.34539,6.073167,20.59488,20.00483,7.824985,25.48389,134.922,191.95,0,8.26554,8.456093,137.8272,0,82.12653,3.31835,6.453945,147.8134,297.1934,0,14.21997,117.21,1.996401,9.188043,6.541317,0,0,0,0,24.16763,7.262905,0,127.139,170.2069,31.91379,166.3596,169.6914,227.5187,24.51584,54.31264,0,0,0,0,0,0,0,0,128.7091,128.7091,0,128.7091,128.7091,0,0,0,0,0,18.47826,46.19566,69.30102,0,0,0,0,0,0,0,0,0,0,0,0,0,0,0,3.612968,3.612968,0,0,0,0,0,0,0,0,0,0,0,0,0,0,3.612968,3.612968,42.12937,0,0,19.54527,0,19.54527,0,0,0,0,0,19.90022,19.90022,3.225839,3.225839,1.727273,0,4.435484,0,0,0,0,0,0,0,0,0,0,0,0,0,0,0,276.1364,276.1364,17.67132,0,4.50975,95.28581,0,0,0,0,0,178.6255,626.2296,847.0935,0,0,0,0,0,0,0,0,0,0,0,0,0,0,0,0,0,0,0,0,0,0,0,0,0,0,81.0399,0,1000,0,0,0,0,0,374.1562,374.7265,373.87,6.8176,12.5566,2.581,0,0,0,0,0,0,0,0,0,0,0,0,0,0,0,0,0,0,0,0,0,0,0,0,0,0,0,0,0,0,0,0,0,0,0,0,0,0,0,0,0,0,0,0,0,0,0,308.2136,0,0,0,0,0,0,0,0,0,0,3.532744,0,0,0,0,0,0,0,0,0,0,0,0,0,0,0,0,0,0,0,0,0,0,0,0,0,0,0,0,0,0,0,0,0,0,0,0,0,0,0,0,0,0,0,0,0,0,0,0,0,0,0,0,0,0,0,0,0,0,0,0,0,0,0,0,0,0,0,0,0,0,0,0,0,0,0,0,0,0,0,0,0,0,0,0,0,0,0,0,0,0,0,0,0,0,0,0,0,0,0,0,0,0,0,0,0,0,0,0,0,0,0,0,0,0,0,0,0,0,0,0,0
2029,1,29,15,122.1567,6.491032,246.9549,205.0425,13.31699,172.8373,52.61401,7.63162,4.959461,16.81816,16.33632,6.390028,227.3947,64.3765,90.3375,0,6.749794,6.905403,126.4704,0,83.5393,1.879625,5.270412,150.5259,302.6472,0,8.054668,120.795,1.630298,9.901606,7.049329,0,0,0,0,19.73574,5.931024,0,131.7461,184.2558,34.54796,131.4925,171.1157,235.2417,20.97938,54.78872,0,0,0,0,0,0,0,0,128.7091,128.7091,0,128.7091,128.7091,0,0,0,0,0,18.47826,46.19566,69.30102,0,0,0,0,0,0,0,0,0,0,0,0,0,0,0,3.612968,3.612968,0,0,0,0,0,0,0,0,0,0,0,0,0,0,3.612968,3.612968,42.12937,0,0,19.54527,0,19.54527,0,0,0,0,0,19.90022,19.90022,3.225839,3.225839,1.727273,0,4.435484,0,0,0,0,0,0,0,0,0,0,0,0,0,0,0,276.1364,276.1364,37.72925,0,0,95.28581,0,0,0,0,0,166.312,541.0156,725.8581,0,0,0,0,0,0,0,0,0,0,0,0,0,0,0,0,0,0,0,0,0,0,0,0,0,0,81.71049,0,1000,0,0,0,0,0,374.1562,374.7265,373.87,6.8176,12.5566,2.581,0,0,0,0,0,0,0,0,0,0,0,0,0,0,0,0,0,0,0,0,0,0,0,0,0,0,0,0,0,0,0,0,0,0,0,0,0,0,0,0,0,0,0,0,0,0,0,251.693,0,0,0,0,0,0,0,0,0,0,2.884905,0,0,0,0,0,0,0,0,0,0,0,0,0,0,0,0,0,0,0,0,0,0,0,0,0,0,0,0,0,0,0,0,0,0,0,0,0,0,0,0,0,0,0,0,0,0,0,0,0,0,0,0,0,0,0,0,0,0,0,0,0,0,0,0,0,0,0,0,0,0,0,0,0,0,0,0,0,0,0,0,0,0,0,0,0,0,0,0,0,0,0,0,0,0,0,0,0,0,0,0,0,0,0,0,0,0,0,0,0,0,0,0,0,0,0,0,0,0,0,0,0
2029,1,29,16,124.787,5.076189,244.309,207.135,13.6138,168.5336,54.7433,5.968164,3.878453,13.15233,12.77551,4.997201,233.2756,46.4665,66.055,0,5.278549,5.40024,112.6272,0,81.44044,1.253083,4.121626,125.6165,252.5644,0,5.369779,122.28,1.274944,10.1223,7.206447,0,0,0,0,15.43396,4.638245,0,133.4335,34.67376,6.501329,151.3189,159.4736,237.6963,13.36979,55.08621,0,0,0,0,0,0,0,0,128.7091,128.7091,0,128.7091,128.7091,0,0,0,0,0,18.47826,46.19566,69.30102,0,0,0,0,0,0,0,0,0,0,0,0,0,0,0,3.612968,3.612968,0,0,0,0,0,0,0,0,0,0,0,0,0,0,3.612968,3.612968,42.12937,0,19.54527,19.54527,0,19.54527,0,0,19.54527,19.54527,19.54527,19.90022,19.90022,3.225839,3.225839,1.727273,0,4.435484,0,0,0,0,0,0,0,0,0,0,0,0,0,0,0,276.1364,276.1364,74.69065,0.0721539,0,78.58994,0,0,0,0,0,166.784,404.0512,531.0054,0,0,0,0,0,0,0,0,0,0,0,0,0,0,0,0,0,0,0,0,0,0,0,0,0,0,81.91041,0,1000,0,0,0,0,0,374.1562,374.7265,373.87,6.8176,12.5566,2.581,0,0,0,0,0,0,0,0,0,0,0,0,0,0,0,0,0,0,0,0,0,0,0,0,0,0,0,0,0,0,0,0,0,0,0,0,0,0,0,0,0,0,0,0,0,0,0,196.8317,0,0,0,0,0,0,0,0,0,0,2.256085,0,0,0,0,0,0,0,0,0,0,0,0,0,0,0,0,0,0,0,0,0,0,0,0,0,0,0,0,0,0,0,0,0,0,0,0,0,0,0,0,0,0,0,0,0,0,0,0,0,0,0,0,0,0,0,0,0,0,0,0,0,0,0,0,0,0,0,0,0,0,0,0,0,0,0,0,0,0,0,0,0,0,0,0,0,0,0,0,0,0,0,0,0,0,0,0,0,0,0,0,0,0,0,0,0,0,0,0,0,0,0,0,0,0,0,0,0,0,0,0,0
2029,1,29,17,90.81224,0,186.3932,148.2075,5.213611,129.7571,43.04874,0,1.963057,6.656976,6.466251,2.529305,294.0449,9.751,13.4475,0,0,2.733301,127.8144,0,58.55008,0.3480787,2.086138,112.0921,225.3723,0,1.491605,107.82,0,3.876486,2.759818,0,0,0,0,7.811813,0,0,92.26994,47.81512,8.965335,178.6657,37.96738,180.7712,5.224015,50.16108,0,0,0,0,0,0,0,0,128.7091,128.7091,0,128.7091,128.7091,0,0,0,0,0,18.47826,46.19566,69.30102,0,0,0,0,0,0,0,0,0,0,0,0,0,0,0,3.612968,3.612968,0,0,0,0,0,0,0,0,0,0,0,0,0,0,3.612968,3.612968,42.12937,0,0,19.54527,0,19.54527,0,0,0,19.54527,19.54527,19.90022,19.90022,3.225839,3.225839,1.727273,0,4.435484,0,0,0,0,0,0,0,0,0,0,0,0,0,0,0,276.1364,276.1364,128.315,2.654691,28.21755,78.03059,0,0,0,0,0,223.5187,207.748,251.6553,0,0,0,0,0,0,0,0,0,0,0,0,0,0,0,0,0,0,0,0,0,0,0,0,0,0,81.5792,0,0,0,0,0,0,0,374.1562,374.7265,373.87,6.8176,12.5566,2.581,0,0,0,0,0,0,0,0,0,0,0,0,0,0,0,0,0,0,0,0,0,0,0,0,0,0,0,0,0,0,0,0,0,0,0,0,0,0,0,0,0,0,0,0,0,0,0,99.62527,0,0,0,0,0,0,0,0,0,0,1.141905,0,0,0,0,0,0,0,0,0,0,0,0,0,0,0,0,0,0,0,0,0,0,0,0,0,0,0,0,0,0,0,0,0,0,0,0,0,0,0,0,0,0,0,0,0,0,0,0,0,0,0,0,0,0,0,0,0,0,0,0,0,0,0,0,0,0,0,0,0,0,0,0,0,0,0,0,0,0,0,0,0,0,0,0,0,0,0,0,0,0,0,0,0,0,0,0,0,0,0,0,0,0,0,0,0,0,0,0,0,0,0,0,0,0,0,0,0,0,0,0,0
2029,1,29,18,17.30189,0,37.21277,26.325,0,15.24183,9.359848,0,0.213505,0.724024,0.703281,0.2750916,294.0449,0,0,0,0,0.297279,30.2568,0,6.047073,0.1004787,0.226892,20.40123,41.01868,0,0.430577,10.125,0,0,0,0,0,0,0,0.849626,0,0,22.98601,10.77532,2.020373,59.77552,21.43068,50.76765,0,10.70396,0,0,0,0,0,0,0,0,128.7091,128.7091,0,128.7091,128.7091,0,0,0,0,0,18.47826,46.19566,69.30102,0,0,0,0,0,0,0,0,0,0,0,0,0,0,0,3.612968,3.612968,53.4982,0,52.5,48.0012,52.5,0,0,0,0,0,0,0,0,0,3.612968,3.612968,42.12937,0,0,19.54527,0,19.54527,0,0,0,19.54527,19.54527,19.90022,19.90022,3.225839,3.225839,1.727273,0,4.435484,0,0,0,0,0,0,0,0,0,0,0,0,0,0,0,276.1364,276.1364,133.5392,0.3132198,0,78.68317,0.3710302,0,38.73201,0,0,210.4636,61.2048,43.0965,0,0,0,0,0,0,0,0,0,0,0,0,0,0,0,0,0,0,0,0,0,0,0,0,0,0,81.5808,0,0,0,0,0,0,0,374.1562,374.7265,373.87,6.8176,12.5566,2.581,0,0,0,0,0,0,0,0,0,0,0,0,0,0,0,0,0,0,0,0,0,0,0,0,0,0,0,0,0,0,0,0,0,0,0,0,0,0,0,0,0,0,0,0,0,0,0,10.83542,0,0,0,0,0,0,0,0,0,0,0.124196,0,0,0,0,0,0,0,0,0,0,0,0,0,0,0,0,0,0,0,0,0,0,0,0,0,0,0,0,0,0,0,0,0,0,0,0,0,0,0,0,0,0,0,0,0,0,0,0,0,0,0,0,0,0,0,0,0,0,0,0,0,0,0,0,0,0,0,0,0,0,0,0,0,0,0,0,0,0,0,0,0,0,0,0,0,0,0,0,0,0,0,0,0,0,0,0,0,0,0,0,0,0,0,0,0,0,0,0,0,0,0,0,0,0,0,0,0,0,0,0,0
2029,1,29,19,0,0,0,0,0,0,0,0,0,0,0,0,294.0449,0,0,0,0,0,0,0,0,0,0,0,0,0,0,0,0,0,0,0,0,0,0,0,0,0,0,0,0,0,0,0,0,0,0,0,0,0,0,0,0,0,128.7091,128.7091,0,128.7091,128.7091,0,0,0,0,0,18.47826,46.19566,69.30102,0,0,0,0,0,0,0,0,0,0,0,0,0,0,0,3.612968,3.612968,53.4982,0,52.5,48.0012,52.5,0,0,0,0,0,0,0,0,0,3.612968,3.612968,42.12937,0,0,19.54527,0,19.54527,0,0,0,0,19.54527,19.90022,19.90022,3.225839,3.225839,1.727273,0,4.435484,0,0,0,0,0,0,0,0,0,0,0,0,0,0,0,276.1364,276.1364,185.8711,0,0,79.80189,1.370282,0,88.21473,0,0,191.7046,0,0,0,0,0,0,0,0,0,0,0,0,0,0,0,0,0,0,0,0,0,0,0,0,0,0,0,0,80.54907,0,0,0,0,0,0,0,374.1562,374.7265,373.87,6.8176,12.5566,2.581,0,0,0,0,0,0,0,0,0,0,0,0,0,0,0,0,0,0,0,0,0,0,0,0,0,0,0,0,0,0,0,0,0,0,0,0,0,0,0,0,0,0,0,0,0,0,0,0,0,0,0,0,0,0,0,0,0,0,0,0,0,0,0,0,0,0,0,0,0,0,0,0,0,0,0,0,0,0,0,0,0,0,0,0,0,0,0,0,0,0,0,0,0,0,0,0,0,0,0,0,0,0,0,0,0,0,0,0,0,0,0,0,0,0,0,0,0,0,0,0,0,0,0,0,0,0,0,0,0,0,0,0,0,0,0,0,0,0,0,0,0,0,0,0,0,0,0,0,0,0,0,0,0,0,0,0,0,0,0,0,0,0,0,0,0,0,0,0,0,0,0,0,0,0,0,0,0,0,0,0
2029,1,29,20,0,0,0,0,0,0,0,0,0,0,0,0,294.0449,0,0,0,0,0,0,0,0,0,0,0,0,0,0,0,0,0,0,0,0,0,0,0,0,0,0,0,0,0,0,0,0,0,0,0,0,0,0,0,0,0,128.7091,128.7091,0,128.7091,128.7091,0,0,0,0,0,18.47826,46.19566,69.30102,0,0,0,0,0,0,0,0,0,0,0,0,0,0,0,3.612968,3.612968,53.4982,0,52.5,48.0012,52.5,0,0,0,0,0,0,0,0,0,3.612968,3.612968,42.12937,0,0,19.54527,0,19.54527,0,0,0,0,19.54527,19.90022,19.90022,3.225839,3.225839,1.727273,0,4.435484,0,0,0,0,0,0,0,0,0,0,0,0,0,0,0,276.1364,276.1364,120.198,0,0,82.87836,4.216252,0,30.09217,0,0,151.3214,0,0,0,0,0,0,0,0,0,0,0,0,0,0,0,0,0,0,0,0,0,0,0,0,0,0,0,0,78.91732,0,0,0,0,0,0,0,374.1562,374.7265,373.87,6.8176,12.5566,2.581,0,0,0,0,0,0,0,0,0,0,0,0,0,0,0,0,0,0,0,0,0,0,0,0,0,0,0,0,0,0,0,0,0,0,0,0,0,0,0,0,0,0,0,0,0,0,0,0,0,0,0,0,0,0,0,0,0,0,0,0,0,0,0,0,0,0,0,0,0,0,0,0,0,0,0,0,0,0,0,0,0,0,0,0,0,0,0,0,0,0,0,0,0,0,0,0,0,0,0,0,0,0,0,0,0,0,0,0,0,0,0,0,0,0,0,0,0,0,0,0,0,0,0,0,0,0,0,0,0,0,0,0,0,0,0,0,0,0,0,0,0,0,0,0,0,0,0,0,0,0,0,0,0,0,0,0,0,0,0,0,0,0,0,0,0,0,0,0,0,0,0,0,0,0,0,0,0,0,0,0
2029,1,29,21,0,0,0,0,0,0,0,0,0,0,0,0,185.2483,0,0,0,0,0,0,0,0,0,0,0,0,0,0,0,0,0,0,0,0,0,0,0,0,0,0,0,0,0,0,0,0,0,0,0,0,0,0,0,0,0,128.7091,128.7091,0,128.7091,128.7091,0,0,0,0,0,18.47826,46.19566,69.30102,0,0,0,0,0,0,0,0,0,0,0,0,0,0,0,3.612968,3.612968,53.4982,0,52.5,48.0012,52.5,0,0,0,0,0,0,0,0,0,3.612968,3.612968,42.12937,0,0,19.54527,0,19.54527,0,0,0,0,0,19.90022,19.90022,3.225839,3.225839,1.727273,0,4.435484,0,0,0,0,0,0,0,0,0,0,0,0,0,0,0,276.1364,276.1364,118.2543,0,0,83.15804,4.00544,0,0,0,0,123.505,0,0,0,0,0,0,0,0,0,0,0,0,0,0,0,0,0,0,0,0,0,0,0,0,0,0,0,0,79.40918,0,0,0,0,0,0,0,374.1562,374.7265,373.87,6.8176,12.5566,2.581,0,0,0,0,0,0,0,0,0,0,0,0,0,0,0,0,0,0,0,0,0,0,0,0,0,0,0,0,0,0,0,0,0,0,0,0,0,0,0,0,0,0,0,0,0,0,0,0,0,0,0,0,0,0,0,0,0,0,0,0,0,0,0,0,0,0,0,0,0,0,0,0,0,0,0,0,0,0,0,0,0,0,0,0,0,0,0,0,0,0,0,0,0,0,0,0,0,0,0,0,0,0,0,0,0,0,0,0,0,0,0,0,0,0,0,0,0,0,0,0,0,0,0,0,0,0,0,0,0,0,0,0,0,0,0,0,0,0,0,0,0,0,0,0,0,0,0,0,0,0,0,0,0,0,0,0,0,0,0,0,0,0,0,0,0,0,0,0,0,0,0,0,0,0,0,0,0,0,0,0
2029,1,29,22,0,0,0,0,0,0,0,0,0,0,0,0,0,0,0,0,0,0,0,0,0,0,0,0,0,0,0,0,0,0,0,0,0,0,0,0,0,0,0,0,0,0,0,0,0,0,0,0,0,0,0,0,0,0,128.7091,128.7091,0,128.7091,128.7091,0,0,0,0,0,18.47826,46.19566,69.30102,0,0,0,0,0,0,0,0,0,0,0,0,0,0,0,3.612968,3.612968,53.4982,0,52.5,48.0012,52.5,0,0,0,0,0,0,0,0,0,3.612968,3.612968,42.12937,19.54527,0,19.54527,0,19.54527,0,0,0,0,0,19.90022,19.90022,3.225839,3.225839,1.727273,0,4.435484,0,0,0,0,0,0,0,0,0,0,0,0,0,0,0,276.1364,276.1364,109.8293,4.985055,14.26683,83.43772,3.583814,0,0,0,0,68.01183,0,0,0,0,0,0,0,0,0,0,0,0,0,0,0,0,0,0,0,0,0,0,0,0,0,0,0,0,78.59907,0,0,0,0,0,0,0,374.1562,374.7265,373.87,6.8176,12.5566,2.581,0,0,0,0,0,0,0,0,0,0,0,0,0,0,0,0,0,0,0,0,0,0,0,0,0,0,0,0,0,0,0,0,0,0,0,0,0,0,0,0,0,0,0,0,0,0,0,0,0,0,0,0,0,0,0,0,0,0,0,0,0,0,0,0,0,0,0,0,0,0,0,0,0,0,0,0,0,0,0,0,0,0,0,0,0,0,0,0,0,0,0,0,0,0,0,0,0,0,0,0,0,0,0,0,0,0,0,0,0,0,0,0,0,0,0,0,0,0,0,0,0,0,0,0,0,0,0,0,0,0,0,0,0,0,0,0,0,0,0,0,0,0,0,0,0,0,0,0,0,0,0,0,0,0,0,0,0,0,0,0,0,0,0,0,0,0,0,0,0,0,0,0,0,0,0,0,0,0,0,0
2029,1,29,23,0,0,0,0,0,0,0,0,0,0,0,0,0,0,0,0,0,0,0,0,0,0,0,0,0,0,0,0,0,0,0,0,0,0,0,0,0,0,0,0,0,0,0,0,0,0,0,0,0,0,0,0,0,0,128.7091,128.7091,0,128.7091,128.7091,0,0,0,0,0,18.47826,46.19566,69.30102,0,0,0,0,0,0,0,0,0,0,0,0,0,0,0,3.612968,3.612968,53.4982,0,52.5,48.0012,52.5,0,0,0,0,0,0,0,0,0,3.612968,3.612968,42.12937,0,0,19.54527,0,19.54527,0,0,0,0,0,19.90022,19.90022,3.225839,3.225839,1.727273,0,4.435484,0,0,0,0,0,0,0,0,0,0,0,0,0,0,0,276.1364,276.1364,69.01902,6.693586,17.02747,83.43772,6.746004,0,0,0,0,61.09705,0,0,0,0,0,0,0,0,0,0,0,0,0,0,0,0,0,0,0,0,0,0,0,0,0,0,0,0,77.36565,0,0,0,0,0,0,0,374.1562,374.7265,373.87,6.8176,12.5566,2.581,0,0,0,0,0,0,0,0,0,0,0,0,0,0,0,0,0,0,0,0,0,0,0,0,0,0,0,0,0,0,0,0,0,0,0,0,0,0,0,0,0,0,0,0,0,0,0,0,0,0,0,0,0,0,0,0,0,0,0,0,0,0,0,0,0,0,0,0,0,0,0,0,0,0,0,0,0,0,0,0,0,0,0,0,0,0,0,0,0,0,0,0,0,0,0,0,0,0,0,0,0,0,0,0,0,0,0,0,0,0,0,0,0,0,0,0,0,0,0,0,0,0,0,0,0,0,0,0,0,0,0,0,0,0,0,0,0,0,0,0,0,0,0,0,0,0,0,0,0,0,0,0,0,0,0,0,0,0,0,0,0,0,0,0,0,0,0,0,0,0,0,0,0,0,0,0,0,0,0,0
2029,1,29,24,0,0,0,0,0,0,0,0,0,0,0,0,0,0,0,0,0,0,0,0,0,0,0,0,0,0,0,0,0,0,0,0,0,0,0,0,0,0,0,0,0,0,0,0,0,0,0,0,0,0,0,0,0,0,128.7091,128.7091,0,128.7091,128.7091,0,0,0,0,0,18.47826,46.19566,69.30102,0,0,0,0,0,0,0,0,0,0,0,0,0,0,0,3.612968,3.612968,53.4982,0,0,0,0,0,0,0,0,0,0,0,0,0,3.612968,3.612968,42.12937,0,0,19.54527,0,19.54527,0,0,0,0,0,19.90022,19.90022,3.225839,3.225839,1.727273,0,4.435484,0,0,0,0,0,0,0,0,0,0,0,0,0,0,0,276.1364,276.1364,1.087455,6.478609,14.3722,83.43772,3.267596,0,0,0,0,44.01215,0,0,0,0,0,0,0,0,0,0,0,0,0,0,0,0,0,0,0,0,0,0,0,0,0,0,0,0,76.18179,0,0,0,0,0,0,0,374.1562,374.7265,373.87,6.8176,12.5566,2.581,0,0,0,0,0,0,0,0,0,0,0,0,0,0,0,0,0,0,0,0,0,0,0,0,0,0,0,0,0,0,0,0,0,0,0,0,0,0,0,0,0,0,0,0,0,0,0,0,0,0,0,0,0,0,0,0,0,0,0,0,0,0,0,0,0,0,0,0,0,0,0,0,0,0,0,0,0,0,0,0,0,0,0,0,0,0,0,0,0,0,0,0,0,0,0,0,0,0,0,0,0,0,0,0,0,0,0,0,0,0,0,0,0,0,0,0,0,0,0,0,0,0,0,0,0,0,0,0,0,0,0,0,0,0,0,0,0,0,0,0,0,0,0,0,0,0,0,0,0,0,0,0,0,0,0,0,0,0,0,0,0,0,0,0,0,0,0,0,0,0,0,0,0,0,0,0,0,0,0,0
2029,1,30,1,0,0,0,0,0,0,0,0,0,0,0,0,0,0,0,0,0,0,0,0,0,0,0,0,0,0,0,0,0,0,0,0,0,0,0,0,0,0,0,0,0,0,0,0,0,0,0,0,0,0,0,0,0,0,128.7091,128.7091,0,128.7091,128.7091,0,0,0,0,0,18.47826,46.19566,69.30102,0,0,0,0,0,0,0,0,0,0,0,0,0,0,0,0,0,0,0,0,0,0,0,0,0,0,0,0,0,0,0,0,0,0,0,0,0,0,0,0,0,0,0,0,0,0,0,0,1.727273,0,0,0,0,0,0,0,0,0,0,0,0,0,0,0,0,0,276.1364,276.1364,0.3959351,0,0,83.43772,54.49506,0,0,0,0,37.47934,0,0,0,0,0,0,0,0,0,0,0,0,0,0,0,0,0,0,0,0,0,0,0,0,0,0,0,0,74.65878,0,0,0,0,0,0,0,374.1562,374.7265,373.87,6.8176,12.5566,2.581,0,0,0,0,0,0,0,0,0,0,0,0,0,0,0,0,0,0,0,0,0,0,0,0,0,0,0,0,0,0,0,0,0,0,0,0,0,0,0,0,0,0,0,0,0,0,0,0,0,0,0,0,0,0,0,0,0,0,0,0,0,0,0,0,0,0,0,0,0,0,0,0,0,0,0,0,0,0,0,0,0,0,0,0,0,0,0,0,0,0,0,0,0,0,0,0,0,0,0,0,0,0,0,0,0,0,0,0,0,0,0,0,0,0,0,0,0,0,0,0,0,0,0,0,0,0,0,0,0,0,0,0,0,0,0,0,0,0,0,0,0,0,0,0,0,0,0,0,0,0,0,0,0,0,0,0,0,0,0,0,0,0,0,0,0,0,0,0,0,0,0,0,0,0,0,0,0,0,0,0
2029,1,30,2,0,0,0,0,0,0,0,0,0,0,0,0,0,0,0,0,0,0,0,0,0,0,0,0,0,0,0,0,0,0,0,0,0,0,0,0,0,0,0,0,0,0,0,0,0,0,0,0,0,0,0,0,0,0,128.7091,128.7091,0,128.7091,128.7091,0,0,0,0,0,18.47826,46.19566,69.30102,0,0,0,0,0,0,0,0,0,0,0,0,0,0,0,3.612968,3.612968,53.4982,0,0,0,0,0,0,0,0,0,0,0,0,0,3.612968,3.612968,42.12937,0,0,19.54527,0,19.54527,0,0,0,0,0,19.90022,19.90022,0,0,1.727273,0,0,0,0,0,0,0,0,0,0,0,0,0,0,0,0,0,276.1364,276.1364,0.6906812,0.003024942,0,83.06482,62.29513,0,0,0,0,41.76614,0,0,0,0,0,0,0,0,0,0,0,0,0,0,0,0,0,0,0,0,0,0,0,0,0,0,0,0,74.11401,0,0,0,0,0,0,0,374.1562,374.7265,373.87,6.8176,12.5566,2.581,0,0,0,0,0,0,0,0,0,0,0,0,0,0,0,0,0,0,0,0,0,0,0,0,0,0,0,0,0,0,0,0,0,0,0,0,0,0,0,0,0,0,0,0,0,0,0,0,0,0,0,0,0,0,0,0,0,0,0,0,0,0,0,0,0,0,0,0,0,0,0,0,0,0,0,0,0,0,0,0,0,0,0,0,0,0,0,0,0,0,0,0,0,0,0,0,0,0,0,0,0,0,0,0,0,0,0,0,0,0,0,0,0,0,0,0,0,0,0,0,0,0,0,0,0,0,0,0,0,0,0,0,0,0,0,0,0,0,0,0,0,0,0,0,0,0,0,0,0,0,0,0,0,0,0,0,0,0,0,0,0,0,0,0,0,0,0,0,0,0,0,0,0,0,0,0,0,0,0,0
2029,1,30,3,0,0,0,0,0,0,0,0,0,0,0,0,0,0,0,0,0,0,0,0,0,0,0,0,0,0,0,0,0,0,0,0,0,0,0,0,0,0,0,0,0,0,0,0,0,0,0,0,0,0,0,0,0,0,128.7091,128.7091,0,128.7091,128.7091,0,0,0,0,0,18.47826,46.19566,69.30102,0,0,0,0,0,0,0,0,0,0,0,0,0,0,0,3.612968,3.612968,53.4982,0,52.5,48.0012,52.5,0,0,0,0,0,0,0,0,0,3.612968,3.612968,42.12937,0,0,19.54527,0,19.54527,0,0,0,0,0,19.90022,19.90022,3.225839,3.225839,1.727273,0,4.435484,18.36735,18.36735,0,0,0,0,0,0,0,0,0,0,0,0,0,276.1364,276.1364,25.24959,2.74388,4.235794,79.33575,38.4733,0,12.81249,0,0,62.51759,0,0,0,0,0,0,0,0,0,0,0,0,0,0,0,0,0,0,0,0,0,0,0,0,0,0,0,0,73.99139,0,0,0,0,0,0,0,374.1562,374.7265,373.87,6.8176,12.5566,2.581,0,0,0,0,0,0,0,0,0,0,0,0,0,0,0,0,0,0,0,0,0,0,0,0,0,0,0,0,0,0,0,0,0,0,0,0,0,0,0,0,0,0,0,0,0,0,0,0,0,0,0,0,0,0,0,0,0,0,0,0,0,0,0,0,0,0,0,0,0,0,0,0,0,0,0,0,0,0,0,0,0,0,0,0,0,0,0,0,0,0,0,0,0,0,0,0,0,0,0,0,0,0,0,0,0,0,0,0,0,0,0,0,0,0,0,0,0,0,0,0,0,0,0,0,0,0,0,0,0,0,0,0,0,0,0,0,0,0,0,0,0,0,0,0,0,0,0,0,0,0,0,0,0,0,0,0,0,0,0,0,0,0,0,0,0,0,0,0,0,0,0,0,0,0,0,0,0,0,0,0
2029,1,30,4,0,0,0,0,0,0,0,0,0,0,0,0,0,0,0,0,0,0,0,0,0,0,0,0,0,0,0,0,0,0,0,0,0,0,0,0,0,0,0,0,0,0,0,0,0,0,0,0,0,0,0,0,0,0,128.7091,128.7091,0,128.7091,128.7091,0,0,0,0,0,18.47826,46.19566,69.30102,0,0,0,0,0,0,0,0,0,0,0,0,0,0,0,3.612968,3.612968,53.4982,0,52.5,48.0012,52.5,0,0,0,0,0,0,0,0,0,3.612968,3.612968,42.12937,0,0,19.54527,0,19.54527,0,0,0,0,0,19.90022,19.90022,3.225839,3.225839,1.727273,0,4.435484,18.36735,18.36735,0,0,0,0,0,0,0,0,0,0,0,0,0,276.1364,276.1364,20.90002,0.621903,0,66.4705,13.28119,0,0,0,0,73.01071,0,0,0,0,0,0,0,0,0,0,0,0,0,0,0,0,0,0,0,0,0,0,0,0,0,0,0,0,74.51381,0,0,0,0,0,0,0,374.1562,374.7265,373.87,6.8176,12.5566,2.581,0,0,0,0,0,0,0,0,0,0,0,0,0,0,0,0,0,0,0,0,0,0,0,0,0,0,0,0,0,0,0,0,0,0,0,0,0,0,0,0,0,0,0,0,0,0,0,0,0,0,0,0,0,0,0,0,0,0,0,0,0,0,0,0,0,0,0,0,0,0,0,0,0,0,0,0,0,0,0,0,0,0,0,0,0,0,0,0,0,0,0,0,0,0,0,0,0,0,0,0,0,0,0,0,0,0,0,0,0,0,0,0,0,0,0,0,0,0,0,0,0,0,0,0,0,0,0,0,0,0,0,0,0,0,0,0,0,0,0,0,0,0,0,0,0,0,0,0,0,0,0,0,0,0,0,0,0,0,0,0,0,0,0,0,0,0,0,0,0,0,0,0,0,0,0,0,0,0,0,0
2029,1,30,5,0,0,0,0,0,0,0,0,0,0,0,0,0,0,0,0,0,0,0,0,0,0,0,0,0,0,0,0,0,0,0,0,0,0,0,0,0,0,0,0,0,0,0,0,0,0,0,0,0,0,0,0,0,0,128.7091,128.7091,0,128.7091,128.7091,0,0,0,0,0,18.47826,46.19566,69.30102,0,0,0,0,0,0,0,0,0,0,0,0,0,0,0,3.612968,3.612968,53.4982,0,52.5,48.0012,52.5,0,0,0,0,0,0,0,0,0,3.612968,3.612968,42.12937,19.54527,19.54527,19.54527,19.54527,19.54527,0,0,19.54527,19.54527,19.54527,19.90022,19.90022,3.225839,3.225839,1.727273,0,4.435484,18.36735,18.36735,0,0,0,0,0,0,0,0,0,0,0,0,0,276.1364,276.1364,41.55464,35.67371,51.60925,52.02039,9.69738,0,0,0,0,65.95067,0,0,0,0,0,0,0,0,0,0,0,0,0,0,0,0,0,0,0,0,0,0,0,0,0,0,0,0,75.25027,0,0,0,0,0,0,0,374.1562,374.7265,373.87,6.8176,12.5566,2.581,0,0,0,0,0,0,0,0,0,0,0,0,0,0,0,0,0,0,0,0,0,0,0,0,0,0,0,0,0,0,0,0,0,0,0,0,0,0,0,0,0,0,0,0,0,0,0,0,0,0,0,0,0,0,0,0,0,0,0,0,0,0,0,0,0,0,0,0,0,0,0,0,0,0,0,0,0,0,0,0,0,0,0,0,0,0,0,0,0,0,0,0,0,0,0,0,0,0,0,0,0,0,0,0,0,0,0,0,0,0,0,0,0,0,0,0,0,0,0,0,0,0,0,0,0,0,0,0,0,0,0,0,0,0,0,0,0,0,0,0,0,0,0,0,0,0,0,0,0,0,0,0,0,0,0,0,0,0,0,0,0,0,0,0,0,0,0,0,0,0,0,0,0,0,0,0,0,0,0,0
2029,1,30,6,0,0,0,0,0,0,0,0,0,0,0,0,0,0,0,0,0,0,0,0,0,0,0,0,0,0,0,0,0,0,0,0,0,0,0,0,0,0,0,0,0,0,0,0,0,0,0,0,0,0,0,0,0,0,128.7091,128.7091,0,128.7091,128.7091,0,0,0,0,0,18.47826,46.19566,69.30102,0,0,0,0,0,0,0,0,0,0,0,0,0,0,0,3.612968,3.612968,53.4982,0,52.5,48.0012,52.5,0,0,0,0,0,0,0,0,0,3.612968,3.612968,42.12937,19.54527,19.54527,19.54527,19.54527,19.54527,0,0,19.54527,19.54527,19.54527,19.90022,19.90022,3.225839,3.225839,1.727273,0,4.435484,18.36735,18.36735,0,0,0,0,0,0,0,0,0,0,0,0,0,276.1364,276.1364,26.36678,6.723029,8.703397,47.8252,11.59469,0,11.97796,0,0,43.46758,0,0,0,0,0,0,0,0,0,0,0,0,0,0,0,0,0,0,0,0,0,0,0,0,0,0,0,0,76.97603,0,0,0,0,0,0,0,374.1562,374.7265,373.87,6.8176,12.5566,2.581,0,0,0,0,0,0,0,0,0,0,0,0,0,0,0,0,0,0,0,0,0,0,0,0,0,0,0,0,0,0,0,0,0,0,0,0,0,0,0,0,0,0,0,0,0,0,0,0,0,0,0,0,0,0,0,0,0,0,0,0,0,0,0,0,0,0,0,0,0,0,0,0,0,0,0,0,0,0,0,0,0,0,0,0,0,0,0,0,0,0,0,0,0,0,0,0,0,0,0,0,0,0,0,0,0,0,0,0,0,0,0,0,0,0,0,0,0,0,0,0,0,0,0,0,0,0,0,0,0,0,0,0,0,0,0,0,0,0,0,0,0,0,0,0,0,0,0,0,0,0,0,0,0,0,0,0,0,0,0,0,0,0,0,0,0,0,0,0,0,0,0,0,0,0,0,0,0,0,0,0
2029,1,30,7,0,0,0,0,0,0,0,0,0,0,0,0,0,3.582,4.9775,0,0,0,0,0,0,0,0,0,0,0,0,0,0,0,0,0,0,0,0,0,0,0,0,0,0,0,0,0,0,0,0,0,0,0,0,0,0,0,128.7091,128.7091,0,128.7091,128.7091,0,0,0,0,0,18.47826,46.19566,69.30102,0,0,0,0,0,0,0,0,0,0,0,0,0,0,0,3.612968,3.612968,53.4982,0,52.5,48.0012,52.5,0,0,0,0,0,0,0,0,0,3.612968,3.612968,42.12937,0,0,19.54527,19.54527,19.54527,0,0,19.54527,19.54527,19.54527,19.90022,19.90022,3.225839,3.225839,1.727273,0,4.435484,18.36735,18.36735,0,0,0,0,0,0,0,0,0,0,0,0,0,276.1364,276.1364,30.023,1.545564,0,47.35907,10.64604,0,11.7816,0,0,116.8774,0,0,0,0,0,0,0,0,0,0,0,0,0,0,0,0,0,0,0,0,0,0,0,0,0,0,0,0,77.96897,0,0,0,0,0,0,0,374.1562,374.7265,373.87,6.8176,12.5566,2.581,0,0,0,0,0,0,0,0,0,0,0,0,0,0,0,0,0,0,0,0,0,0,0,0,0,0,0,0,0,0,0,0,0,0,0,0,0,0,0,0,0,0,0,0,0,0,0,0,0,0,0,0,0,0,0,0,0,0,0,0,0,0,0,0,0,0,0,0,0,0,0,0,0,0,0,0,0,0,0,0,0,0,0,0,0,0,0,0,0,0,0,0,0,0,0,0,0,0,0,0,0,0,0,0,0,0,0,0,0,0,0,0,0,0,0,0,0,0,0,0,0,0,0,0,0,0,0,0,0,0,0,0,0,0,0,0,0,0,0,0,0,0,0,0,0,0,0,0,0,0,0,0,0,0,0,0,0,0,0,0,0,0,0,0,0,0,0,0,0,0,0,0,0,0,0,0,0,0,0,0
2029,1,30,8,0,0,0,3.7125,0,2.251952,0,0,0.071097,0.2411,0.234193,0.09160563,0,101.5895,146.9325,0,0,0.098994,0,0,1.533549,0.02900656,0.075555,1.031523,2.073978,0,0.1243,0,0,0,0,0,0,0,0,0.280498,0,0,3.673506,6.935256,1.30036,0,1.505717,0,0,0.436048,0,0,0,0,0,0,0,0,128.7091,128.7091,0,128.7091,128.7091,0,0,0,0,0,18.47826,46.19566,69.30102,0,0,0,0,0,0,0,0,0,0,0,0,0,0,0,3.612968,3.612968,53.4982,0,52.5,48.0012,52.5,0,0,0,0,0,0,0,0,0,3.612968,3.612968,42.12937,0,0,19.54527,0,19.54527,0,0,0,0,0,19.90022,19.90022,3.225839,3.225839,1.727273,0,4.435484,18.36735,18.36735,0,0,0,0,0,0,0,0,0,0,0,0,0,276.1364,276.1364,9.358726,0,0,30.29861,14.65148,0,7.80531,0,0,115.8884,0,0,0,0,0,0,0,0,0,0,0,0,0,0,0,0,0,0,0,0,0,0,0,0,0,0,0,0,77.28391,0,0,0,0,0,0,0,374.1562,374.7265,373.87,6.8176,12.5566,2.581,0,0,0,0,0,0,0,0,0,0,0,0,0,0,0,0,0,0,0,0,0,0,0,0,0,0,0,0,0,0,0,0,0,0,0,0,0,0,0,0,0,0,0,0,0,0,0,3.577231,0,0,0,0,0,0,0,0,0,0,0.041002,0,0,0,0,0,0,0,0,0,0,0,0,0,0,0,0,0,0,0,0,0,0,0,0,0,0,0,0,0,0,0,0,0,0,0,0,0,0,0,0,0,0,0,0,0,0,0,0,0,0,0,0,0,0,0,0,0,0,0,0,0,0,0,0,0,0,0,0,0,0,0,0,0,0,0,0,0,0,0,0,0,0,0,0,0,0,0,0,0,0,0,0,0,0,0,0,0,0,0,0,0,0,0,0,0,0,0,0,0,0,0,0,0,0,0,0,0,0,0,0,0
2029,1,30,9,63.75201,1.686358,110.6207,102.285,2.49283,24.48043,2.752367,1.98268,3.455861,11.71926,11.3835,4.452712,0,159.1005,225.995,0,1.753584,4.811836,94.416,0,46.0025,0.389384,3.672538,68.80638,138.342,0,1.668609,79.275,0.4235484,1.853498,1.319576,0,0,0,0,13.8057,1.540869,0,75.93565,79.07596,14.82674,2.098866,6.390294,120.7894,4.111423,24.84757,0,0,0,0,0,0,0,0,128.7091,128.7091,0,128.7091,128.7091,0,0,0,0,0,18.47826,46.19566,69.30102,0,0,0,0,0,0,0,0,0,0,0,0,0,0,0,3.612968,3.612968,53.4982,0,52.5,48.0012,52.5,0,0,0,0,0,0,0,0,0,3.612968,3.612968,42.12937,19.54527,19.54527,19.54527,19.54527,19.54527,0,0,19.54527,19.54527,19.54527,19.90022,19.90022,3.225839,3.225839,1.727273,0,4.435484,18.36735,18.36735,0,0,0,0,0,0,0,0,0,0,0,0,0,276.1364,276.1364,20.92375,0,0,28.15749,21.60829,0,32.98848,0,0,98.32813,180.38,214.0695,0,0,0,0,0,0,0,0,0,0,0,0,0,0,0,0,0,0,0,0,0,0,0,0,0,0,78.64929,0,0,0,0,0,0,0,374.1562,374.7265,373.87,6.8176,12.5566,2.581,0,0,0,0,0,0,0,0,0,0,0,0,0,0,0,0,0,0,0,0,0,0,0,0,0,0,0,0,0,0,0,0,0,0,0,0,0,0,0,0,0,0,0,0,0,0,0,176.0662,0,0,0,0,0,0,0,0,0,0,2.018071,0,0,0,0,0,0,0,0,0,0,0,0,0,0,0,0,0,0,0,0,0,0,0,0,0,0,0,0,0,0,0,0,0,0,0,0,0,0,0,0,0,0,0,0,0,0,0,0,0,0,0,0,0,0,0,0,0,0,0,0,0,0,0,0,0,0,0,0,0,0,0,0,0,0,0,0,0,0,0,0,0,0,0,0,0,0,0,0,0,0,0,0,0,0,0,0,0,0,0,0,0,0,0,0,0,0,0,0,0,0,0,0,0,0,0,0,0,0,0,0,0
2029,1,30,10,125.8568,10.06227,250.003,208.62,13.70285,32.52383,20.62175,11.83038,7.688057,26.07118,25.32423,9.905694,0,131.8375,187.22,0,10.4634,10.70462,145.908,0,88.22113,0.1624367,8.170086,148.5393,298.6528,0,0.696082,125.505,2.527256,10.1885,7.253582,0,0,0,0,30.78988,9.194154,0,132.6373,284.7075,53.38266,165.7671,136.7216,234.3586,11.30354,52.57922,0,0,0,0,0,0,0,0,128.7091,128.7091,0,128.7091,128.7091,0,0,0,0,0,18.47826,46.19566,69.30102,0,0,0,0,0,0,0,0,0,0,0,0,0,0,0,3.612968,3.612968,0,0,0,0,0,0,0,0,0,0,0,0,0,0,3.612968,3.612968,42.12937,0,0,19.54527,0,19.54527,0,0,0,0,0,19.90022,19.90022,3.225839,3.225839,1.727273,0,4.435484,0,0,0,0,0,0,0,0,0,0,0,0,0,0,0,276.1364,276.1364,36.65213,0,0,26.9798,20.1326,0,35.39389,0,0,14.52585,353.6692,460.7793,0,0,0,0,0,0,0,0,0,0,0,0,0,0,0,0,0,0,0,0,0,0,0,0,0,0,79.30588,0,1000,0,0,0,0,0,374.1562,374.7265,373.87,6.8176,12.5566,2.581,0,0,0,0,0,0,0,0,0,0,0,0,0,0,0,0,0,0,0,0,0,0,0,0,0,0,0,0,0,0,0,0,0,0,0,0,0,0,0,0,0,0,0,0,0,0,0,392.6682,0,0,0,0,0,0,0,0,0,0,4.500762,0,0,0,0,0,0,0,0,0,0,0,0,0,0,0,0,0,0,0,0,0,0,0,0,0,0,0,0,0,0,0,0,0,0,0,0,0,0,0,0,0,0,0,0,0,0,0,0,0,0,0,0,0,0,0,0,0,0,0,0,0,0,0,0,0,0,0,0,0,0,0,0,0,0,0,0,0,0,0,0,0,0,0,0,0,0,0,0,0,0,0,0,0,0,0,0,0,0,0,0,0,0,0,0,0,0,0,0,0,0,0,0,0,0,0,0,0,0,0,0,0
2029,1,30,11,126.9511,10.72086,262.2653,209.7,13.89083,32.99272,43.34978,12.6047,8.191255,27.77758,26.98175,10.55404,0,145.071,206.965,0,11.14824,11.40526,149.2344,0,91.08032,2.900656,8.704834,154.7666,311.1735,0,12.43004,128.085,2.69267,10.32827,7.353089,0,0,0,0,32.83008,9.795929,0,132.4995,342.3825,64.19672,217.1791,178.7963,240.667,20.97938,56.05054,0,0,0,0,0,0,0,0,128.7091,128.7091,0,128.7091,128.7091,0,0,0,0,0,18.47826,46.19566,69.30102,0,0,0,0,0,0,0,0,0,0,0,0,0,0,0,3.612968,3.612968,0,0,0,0,0,0,0,0,0,0,0,0,0,0,3.612968,3.612968,42.12937,0,0,19.54527,0,19.54527,0,0,0,0,0,19.90022,19.90022,3.225839,3.225839,1.727273,0,4.435484,0,0,0,0,0,0,0,0,0,0,0,0,0,0,0,276.1364,276.1364,22.39215,0,0,50.85479,18.23529,0,0,0,0,76.72546,540.3936,726.4233,0,0,0,0,0,0,0,0,0,0,0,0,0,0,0,0,0,0,0,0,0,0,0,0,0,0,79.67048,0,1000,0,0,0,0,0,374.1562,374.7265,373.87,6.8176,12.5566,2.581,0,0,0,0,0,0,0,0,0,0,0,0,0,0,0,0,0,0,0,0,0,0,0,0,0,0,0,0,0,0,0,0,0,0,0,0,0,0,0,0,0,0,0,0,0,0,0,418.6872,0,0,0,0,0,0,0,0,0,0,4.798992,0,0,0,0,0,0,0,0,0,0,0,0,0,0,0,0,0,0,0,0,0,0,0,0,0,0,0,0,0,0,0,0,0,0,0,0,0,0,0,0,0,0,0,0,0,0,0,0,0,0,0,0,0,0,0,0,0,0,0,0,0,0,0,0,0,0,0,0,0,0,0,0,0,0,0,0,0,0,0,0,0,0,0,0,0,0,0,0,0,0,0,0,0,0,0,0,0,0,0,0,0,0,0,0,0,0,0,0,0,0,0,0,0,0,0,0,0,0,0,0,0
2029,1,30,12,121.0498,10.59389,254.4527,202.7475,13.05975,45.2789,52.87105,12.45543,8.094245,27.44861,26.6622,10.42905,0,151.9365,216.7,0,11.01621,11.27018,138.8184,0,89.06067,3.596813,8.601742,150.3731,302.3399,0,15.41325,122.01,2.66078,9.710341,6.913161,0,0,0,0,32.38649,9.679914,0,126.8511,322.5292,60.47422,225.611,165.8366,228.9017,25.19134,56.21941,0,0,0,0,0,0,0,0,128.7091,128.7091,0,128.7091,128.7091,0,0,0,0,0,18.47826,46.19566,69.30102,0,0,0,0,0,0,0,0,0,0,0,0,0,0,0,3.612968,3.612968,0,0,0,0,0,0,0,0,0,0,0,0,0,0,3.612968,3.612968,42.12937,19.54527,19.54527,19.54527,19.54527,19.54527,0,0,19.54527,19.54527,19.54527,19.90022,19.90022,3.225839,3.225839,1.727273,0,4.435484,0,0,0,0,0,0,0,0,0,0,0,0,0,0,0,276.1364,276.1364,23.6947,0,0,85.65016,33.62461,0,0,0,0,139.0431,641.904,870.9732,0,0,0,0,0,0,0,0,0,0,0,0,0,0,0,0,0,0,0,0,0,0,0,0,0,0,79.88936,0,1000,0,0,0,0,0,374.1562,374.7265,373.87,6.8176,12.5566,2.581,0,0,0,0,0,0,0,0,0,0,0,0,0,0,0,0,0,0,0,0,0,0,0,0,0,0,0,0,0,0,0,0,0,0,0,0,0,0,0,0,0,0,0,0,0,0,0,413.03,0,0,0,0,0,0,0,0,0,0,4.73415,0,0,0,0,0,0,0,0,0,0,0,0,0,0,0,0,0,0,0,0,0,0,0,0,0,0,0,0,0,0,0,0,0,0,0,0,0,0,0,0,0,0,0,0,0,0,0,0,0,0,0,0,0,0,0,0,0,0,0,0,0,0,0,0,0,0,0,0,0,0,0,0,0,0,0,0,0,0,0,0,0,0,0,0,0,0,0,0,0,0,0,0,0,0,0,0,0,0,0,0,0,0,0,0,0,0,0,0,0,0,0,0,0,0,0,0,0,0,0,0,0
2029,1,30,13,115.8859,10.2244,250.4231,197.6175,12.43645,29.79321,51.38185,12.021,7.811933,26.49125,25.73227,10.0653,0,150.3445,213.9775,0,10.63199,10.8771,108.0072,0,84.9679,3.875276,8.301729,144.8716,291.2787,0,16.60654,117.9,2.567977,9.246894,6.583215,0,0,0,0,31.25417,9.342297,0,123.0925,274.4662,51.46241,237.8259,167.1628,220.6864,27.05891,54.424,0,0,0,0,0,0,0,0,128.7091,128.7091,0,128.7091,128.7091,0,0,0,0,0,18.47826,46.19566,69.30102,0,0,0,0,0,0,0,0,0,0,0,0,0,0,0,3.612968,3.612968,0,0,0,0,0,0,0,0,0,0,0,0,0,0,3.612968,3.612968,42.12937,19.54527,19.54527,19.54527,19.54527,19.54527,0,0,19.54527,19.54527,19.54527,19.90022,19.90022,3.225839,3.225839,1.727273,0,4.435484,0,0,0,0,0,0,0,0,0,0,0,0,0,0,0,276.1364,276.1364,2.535519,2.462907,0,95.39287,30.1462,0,0,0,0,167.3569,686.9368,934.9821,0,0,0,0,0,0,0,0,0,0,0,0,0,0,0,0,0,0,0,0,0,0,0,0,0,0,80.2177,0,1000,0,0,0,0,0,374.1562,374.7265,373.87,6.8176,12.5566,2.581,0,0,0,0,0,0,0,0,0,0,0,0,0,0,0,0,0,0,0,0,0,0,0,0,0,0,0,0,0,0,0,0,0,0,0,0,0,0,0,0,0,0,0,0,0,0,0,398.5893,0,0,0,0,0,0,0,0,0,0,4.56863,0,0,0,0,0,0,0,0,0,0,0,0,0,0,0,0,0,0,0,0,0,0,0,0,0,0,0,0,0,0,0,0,0,0,0,0,0,0,0,0,0,0,0,0,0,0,0,0,0,0,0,0,0,0,0,0,0,0,0,0,0,0,0,0,0,0,0,0,0,0,0,0,0,0,0,0,0,0,0,0,0,0,0,0,0,0,0,0,0,0,0,0,0,0,0,0,0,0,0,0,0,0,0,0,0,0,0,0,0,0,0,0,0,0,0,0,0,0,0,0,0
2029,1,30,14,117.3731,10.34477,247.3322,199.6425,12.57496,27.19875,51.97893,12.16253,7.903903,26.80314,26.03522,10.1838,0,89.4505,127.4075,0,10.75716,11.00515,139.0368,0,83.96303,3.875276,8.399465,146.9347,295.4266,0,16.60654,119.505,2.59821,9.349882,6.656536,0,0,0,0,31.61921,9.452284,0,125.3898,233.5609,43.79268,177.0705,170.6934,224.8902,22.92642,54.8022,0,0,0,0,0,0,0,0,128.7091,128.7091,0,128.7091,128.7091,0,0,0,0,0,18.47826,46.19566,69.30102,0,0,0,0,0,0,0,0,0,0,0,0,0,0,0,3.612968,3.612968,0,0,0,0,0,0,0,0,0,0,0,0,0,0,3.612968,3.612968,42.12937,0,0,19.54527,0,19.54527,0,0,0,0,0,19.90022,19.90022,3.225839,3.225839,1.727273,0,4.435484,0,0,0,0,0,0,0,0,0,0,0,0,0,0,0,276.1364,276.1364,3.174261,13.6772,11.04257,95.82112,16.86501,0,0,0,0,178.6255,587.2924,793.2582,0,0,0,0,0,0,0,0,0,0,0,0,0,0,0,0,0,0,0,0,0,0,0,0,0,0,80.43519,0,1000,0,0,0,0,0,374.1562,374.7265,373.87,6.8176,12.5566,2.581,0,0,0,0,0,0,0,0,0,0,0,0,0,0,0,0,0,0,0,0,0,0,0,0,0,0,0,0,0,0,0,0,0,0,0,0,0,0,0,0,0,0,0,0,0,0,0,403.2448,0,0,0,0,0,0,0,0,0,0,4.621992,0,0,0,0,0,0,0,0,0,0,0,0,0,0,0,0,0,0,0,0,0,0,0,0,0,0,0,0,0,0,0,0,0,0,0,0,0,0,0,0,0,0,0,0,0,0,0,0,0,0,0,0,0,0,0,0,0,0,0,0,0,0,0,0,0,0,0,0,0,0,0,0,0,0,0,0,0,0,0,0,0,0,0,0,0,0,0,0,0,0,0,0,0,0,0,0,0,0,0,0,0,0,0,0,0,0,0,0,0,0,0,0,0,0,0,0,0,0,0,0,0
2029,1,30,15,122.8765,10.82357,252.6859,204.885,13.47529,22.61604,53.9852,12.72546,8.269733,28.04371,27.24025,10.65516,197.9902,157.011,222.64,0,11.25505,11.51452,143.7744,0,87.14002,3.550402,8.788232,147.928,297.4238,0,15.21437,123.24,2.718467,10.01931,7.133125,0,0,0,0,33.08047,9.88978,0,129.3432,122.3023,22.93167,191.4275,169.9651,231.6612,22.88668,56.69129,0,0,0,0,0,0,0,0,128.7091,128.7091,0,128.7091,128.7091,0,0,0,0,0,18.47826,46.19566,69.30102,0,0,0,0,0,0,0,0,0,0,0,0,0,0,0,3.612968,3.612968,0,0,0,0,0,0,0,0,0,0,0,0,0,0,3.612968,3.612968,42.12937,0,0,19.54527,0,19.54527,0,0,0,0,0,19.90022,19.90022,3.225839,3.225839,1.727273,0,4.435484,0,0,0,0,0,0,0,0,0,0,0,0,0,0,0,276.1364,276.1364,4.623206,25.49652,21.15789,83.43772,28.67052,0,0,0,0,166.312,586.4216,791.8452,0,0,0,0,0,0,0,0,0,0,0,0,0,0,0,0,0,0,0,0,0,0,0,0,0,0,81.15169,0,1000,0,0,0,0,0,374.1562,374.7265,373.87,6.8176,12.5566,2.581,0,0,0,0,0,0,0,0,0,0,0,0,0,0,0,0,0,0,0,0,0,0,0,0,0,0,0,0,0,0,0,0,0,0,0,0,0,0,0,0,0,0,0,0,0,0,0,421.8805,0,0,0,0,0,0,0,0,0,0,4.835594,0,0,0,0,0,0,0,0,0,0,0,0,0,0,0,0,0,0,0,0,0,0,0,0,0,0,0,0,0,0,0,0,0,0,0,0,0,0,0,0,0,0,0,0,0,0,0,0,0,0,0,0,0,0,0,0,0,0,0,0,0,0,0,0,0,0,0,0,0,0,0,0,0,0,0,0,0,0,0,0,0,0,0,0,0,0,0,0,0,0,0,0,0,0,0,0,0,0,0,0,0,0,0,0,0,0,0,0,0,0,0,0,0,0,0,0,0,0,0,0,0
2029,1,30,16,122.8501,10.98973,253.6978,209.1825,14.01945,18.77198,55.79544,12.92082,8.396682,28.47421,27.65842,10.81872,225.4344,83.2815,118.91,0,11.42783,11.69129,147.252,0,86.42423,2.87745,8.923141,125.4255,252.1804,0,12.3306,125.055,2.760199,10.4239,7.421174,0,0,0,0,33.58534,10.0416,0,129.5665,207.1779,38.84586,216.4954,181.8856,234.9311,15.15788,57.72321,0,0,0,0,0,0,0,0,128.7091,128.7091,0,128.7091,128.7091,0,0,0,0,0,18.47826,46.19566,69.30102,0,0,0,0,0,0,0,0,0,0,0,0,0,0,0,3.612968,3.612968,0,0,0,0,0,0,0,0,0,0,0,0,0,0,3.612968,3.612968,42.12937,0,19.54527,19.54527,0,19.54527,0,0,19.54527,19.54527,19.54527,19.90022,19.90022,3.225839,3.225839,1.727273,0,4.435484,0,0,0,0,0,0,0,0,0,0,0,0,0,0,0,276.1364,276.1364,11.95963,22.64526,18.48155,83.15804,18.23529,0,0,0,0,166.784,446.596,592.8948,0,0,0,0,0,0,0,0,0,0,0,0,0,0,0,0,0,0,0,0,0,0,0,0,0,0,81.40907,0,1000,0,0,0,0,0,374.1562,374.7265,373.87,6.8176,12.5566,2.581,0,0,0,0,0,0,0,0,0,0,0,0,0,0,0,0,0,0,0,0,0,0,0,0,0,0,0,0,0,0,0,0,0,0,0,0,0,0,0,0,0,0,0,0,0,0,0,428.3191,0,0,0,0,0,0,0,0,0,0,4.909393,0,0,0,0,0,0,0,0,0,0,0,0,0,0,0,0,0,0,0,0,0,0,0,0,0,0,0,0,0,0,0,0,0,0,0,0,0,0,0,0,0,0,0,0,0,0,0,0,0,0,0,0,0,0,0,0,0,0,0,0,0,0,0,0,0,0,0,0,0,0,0,0,0,0,0,0,0,0,0,0,0,0,0,0,0,0,0,0,0,0,0,0,0,0,0,0,0,0,0,0,0,0,0,0,0,0,0,0,0,0,0,0,0,0,0,0,0,0,0,0,0
2029,1,30,17,93.21525,5.007586,209.9642,156.465,6.697674,6.655652,47.84738,5.887507,5.99344,20.32451,19.74221,7.72226,294.0449,8.2585,11.385,0,5.207212,8.345083,134.9544,0,63.28141,1.740393,6.369219,115.0339,231.287,0,7.458026,111.645,1.257714,4.979934,3.545404,0,0,0,0,23.96854,4.575561,0,89.94788,223.1175,41.83453,231.9919,151.4878,181.6171,7.687614,53.98204,0,0,0,0,0,0,0,0,128.7091,128.7091,0,128.7091,128.7091,0,0,0,0,0,18.47826,46.19566,69.30102,0,0,0,0,0,0,0,0,0,0,0,0,0,0,0,3.612968,3.612968,0,0,0,0,0,0,0,0,0,0,0,0,0,0,3.612968,3.612968,42.12937,0,0,19.54527,0,19.54527,0,0,0,19.54527,19.54527,19.90022,19.90022,3.225839,3.225839,1.727273,0,4.435484,0,0,0,0,0,0,0,0,0,0,0,0,0,0,0,276.1364,276.1364,20.54749,19.81515,15.97379,82.78514,2.951377,0,0,0,0,223.5187,266.4648,336.7179,0,0,0,0,0,0,0,0,0,0,0,0,0,0,0,0,0,0,0,0,0,0,0,0,0,0,81.08109,0,0,0,0,0,0,0,374.1562,374.7265,373.87,6.8176,12.5566,2.581,0,0,0,0,0,0,0,0,0,0,0,0,0,0,0,0,0,0,0,0,0,0,0,0,0,0,0,0,0,0,0,0,0,0,0,0,0,0,0,0,0,0,0,0,0,0,0,305.6745,0,0,0,0,0,0,0,0,0,0,3.503641,0,0,0,0,0,0,0,0,0,0,0,0,0,0,0,0,0,0,0,0,0,0,0,0,0,0,0,0,0,0,0,0,0,0,0,0,0,0,0,0,0,0,0,0,0,0,0,0,0,0,0,0,0,0,0,0,0,0,0,0,0,0,0,0,0,0,0,0,0,0,0,0,0,0,0,0,0,0,0,0,0,0,0,0,0,0,0,0,0,0,0,0,0,0,0,0,0,0,0,0,0,0,0,0,0,0,0,0,0,0,0,0,0,0,0,0,0,0,0,0,0
2029,1,30,18,20.90251,0,64.71786,28.98,0,1.190384,10.62442,0,0.854751,2.898568,2.815523,1.101305,294.0449,0,0,0,0,1.190129,36.7752,0,10.82295,0.3206965,0.908342,23.03734,46.31884,0,1.374266,25.53,0,0,0,0,0,0,0,3.426754,0,0,22.51191,20.51082,3.84578,129.1452,45.7117,54.03944,0.01866973,14.47243,0,0,0,0,0,0,0,0,128.7091,128.7091,0,128.7091,128.7091,0,0,0,0,0,18.47826,46.19566,69.30102,0,0,0,0,0,0,0,0,0,0,0,0,0,0,0,3.612968,3.612968,53.4982,0,52.5,48.0012,52.5,0,0,0,0,0,0,0,0,0,3.612968,3.612968,42.12937,0,0,19.54527,0,19.54527,0,0,0,0,19.54527,19.90022,19.90022,3.225839,3.225839,1.727273,0,4.435484,0,0,0,0,0,0,0,0,0,0,0,0,0,0,0,276.1364,276.1364,31.36099,14.83415,11.69585,76.53896,14.65148,0,0,0,0,210.4636,81.7308,73.7586,0,0,0,0,0,0,0,0,0,0,0,0,0,0,0,0,0,0,0,0,0,0,0,0,0,0,81.02316,0,0,0,0,0,0,0,374.1562,374.7265,373.87,6.8176,12.5566,2.581,0,0,0,0,0,0,0,0,0,0,0,0,0,0,0,0,0,0,0,0,0,0,0,0,0,0,0,0,0,0,0,0,0,0,0,0,0,0,0,0,0,0,0,0,0,0,0,43.70193,0,0,0,0,0,0,0,0,0,0,0.500912,0,0,0,0,0,0,0,0,0,0,0,0,0,0,0,0,0,0,0,0,0,0,0,0,0,0,0,0,0,0,0,0,0,0,0,0,0,0,0,0,0,0,0,0,0,0,0,0,0,0,0,0,0,0,0,0,0,0,0,0,0,0,0,0,0,0,0,0,0,0,0,0,0,0,0,0,0,0,0,0,0,0,0,0,0,0,0,0,0,0,0,0,0,0,0,0,0,0,0,0,0,0,0,0,0,0,0,0,0,0,0,0,0,0,0,0,0,0,0,0,0
2029,1,30,19,0,0,0,0,0,0,0,0,0,0,0,0,294.0449,0,0,0,0,0,0,0,0,0,0,0,0,0,0,0,0,0,0,0,0,0,0,0,0,0,0,0,0,0,0,0,0,0,0,0,0,0,0,0,0,0,128.7091,128.7091,0,128.7091,128.7091,0,0,0,0,0,18.47826,46.19566,69.30102,0,0,0,0,0,0,0,0,0,0,0,0,0,0,0,3.612968,3.612968,53.4982,0,52.5,48.0012,52.5,0,0,0,0,0,0,0,0,0,3.612968,3.612968,42.12937,0,0,19.54527,0,19.54527,0,0,0,0,19.54527,19.90022,19.90022,3.225839,3.225839,1.727273,0,4.435484,0,0,0,0,0,0,0,0,0,0,0,0,0,0,0,276.1364,276.1364,20.41064,5.930787,4.320088,67.02986,31.93811,0,8.44348,0,0,191.7046,0,0,0,0,0,0,0,0,0,0,0,0,0,0,0,0,0,0,0,0,0,0,0,0,0,0,0,0,80.01048,0,0,0,0,0,0,0,374.1562,374.7265,373.87,6.8176,12.5566,2.581,0,0,0,0,0,0,0,0,0,0,0,0,0,0,0,0,0,0,0,0,0,0,0,0,0,0,0,0,0,0,0,0,0,0,0,0,0,0,0,0,0,0,0,0,0,0,0,0,0,0,0,0,0,0,0,0,0,0,0,0,0,0,0,0,0,0,0,0,0,0,0,0,0,0,0,0,0,0,0,0,0,0,0,0,0,0,0,0,0,0,0,0,0,0,0,0,0,0,0,0,0,0,0,0,0,0,0,0,0,0,0,0,0,0,0,0,0,0,0,0,0,0,0,0,0,0,0,0,0,0,0,0,0,0,0,0,0,0,0,0,0,0,0,0,0,0,0,0,0,0,0,0,0,0,0,0,0,0,0,0,0,0,0,0,0,0,0,0,0,0,0,0,0,0,0,0,0,0,0,0
2029,1,30,20,0,0,0,0,0,0,0,0,0,0,0,0,294.0449,0,0,0,0,0,0,0,0,0,0,0,0,0,0,0,0,0,0,0,0,0,0,0,0,0,0,0,0,0,0,0,0,0,0,0,0,0,0,0,0,0,128.7091,128.7091,0,128.7091,128.7091,0,0,0,0,0,18.47826,46.19566,69.30102,0,0,0,0,0,0,0,0,0,0,0,0,0,0,0,3.612968,3.612968,53.4982,0,52.5,48.0012,52.5,0,0,0,0,0,0,0,0,0,3.612968,3.612968,42.12937,0,0,19.54527,0,19.54527,0,0,0,0,0,19.90022,19.90022,3.225839,3.225839,1.727273,0,4.435484,0,0,0,0,0,0,0,0,0,0,0,0,0,0,0,276.1364,276.1364,8.643579,0,0,74.02184,28.56511,0,8.3453,0,0,151.3214,0,0,0,0,0,0,0,0,0,0,0,0,0,0,0,0,0,0,0,0,0,0,0,0,0,0,0,0,78.46865,0,0,0,0,0,0,0,374.1562,374.7265,373.87,6.8176,12.5566,2.581,0,0,0,0,0,0,0,0,0,0,0,0,0,0,0,0,0,0,0,0,0,0,0,0,0,0,0,0,0,0,0,0,0,0,0,0,0,0,0,0,0,0,0,0,0,0,0,0,0,0,0,0,0,0,0,0,0,0,0,0,0,0,0,0,0,0,0,0,0,0,0,0,0,0,0,0,0,0,0,0,0,0,0,0,0,0,0,0,0,0,0,0,0,0,0,0,0,0,0,0,0,0,0,0,0,0,0,0,0,0,0,0,0,0,0,0,0,0,0,0,0,0,0,0,0,0,0,0,0,0,0,0,0,0,0,0,0,0,0,0,0,0,0,0,0,0,0,0,0,0,0,0,0,0,0,0,0,0,0,0,0,0,0,0,0,0,0,0,0,0,0,0,0,0,0,0,0,0,0,0
2029,1,30,21,0,0,0,0,0,0,0,0,0,0,0,0,178.3872,0,0,0,0,0,0,0,0,0,0,0,0,0,0,0,0,0,0,0,0,0,0,0,0,0,0,0,0,0,0,0,0,0,0,0,0,0,0,0,0,0,128.7091,128.7091,0,128.7091,128.7091,0,0,0,0,0,18.47826,46.19566,69.30102,0,0,0,0,0,0,0,0,0,0,0,0,0,0,0,3.612968,3.612968,53.4982,0,52.5,48.0012,52.5,0,0,0,0,0,0,0,0,0,3.612968,3.612968,42.12937,0,0,19.54527,0,19.54527,0,0,0,0,0,19.90022,19.90022,3.225839,3.225839,1.727273,0,4.435484,0,0,0,0,0,0,0,0,0,0,0,0,0,0,0,276.1364,276.1364,3.244893,0,0,73.74216,8.116285,0,15.41426,0,0,123.505,0,0,0,0,0,0,0,0,0,0,0,0,0,0,0,0,0,0,0,0,0,0,0,0,0,0,0,0,78.9856,0,0,0,0,0,0,0,374.1562,374.7265,373.87,6.8176,12.5566,2.581,0,0,0,0,0,0,0,0,0,0,0,0,0,0,0,0,0,0,0,0,0,0,0,0,0,0,0,0,0,0,0,0,0,0,0,0,0,0,0,0,0,0,0,0,0,0,0,0,0,0,0,0,0,0,0,0,0,0,0,0,0,0,0,0,0,0,0,0,0,0,0,0,0,0,0,0,0,0,0,0,0,0,0,0,0,0,0,0,0,0,0,0,0,0,0,0,0,0,0,0,0,0,0,0,0,0,0,0,0,0,0,0,0,0,0,0,0,0,0,0,0,0,0,0,0,0,0,0,0,0,0,0,0,0,0,0,0,0,0,0,0,0,0,0,0,0,0,0,0,0,0,0,0,0,0,0,0,0,0,0,0,0,0,0,0,0,0,0,0,0,0,0,0,0,0,0,0,0,0,0
2029,1,30,22,0,0,0,0,0,0,0,0,0,0,0,0,0,0,0,0,0,0,0,0,0,0,0,0,0,0,0,0,0,0,0,0,0,0,0,0,0,0,0,0,0,0,0,0,0,0,0,0,0,0,0,0,0,0,128.7091,128.7091,0,128.7091,128.7091,0,0,0,0,0,18.47826,46.19566,69.30102,0,0,0,0,0,0,0,0,0,0,0,0,0,0,0,3.612968,3.612968,53.4982,0,52.5,48.0012,52.5,0,0,0,0,0,0,0,0,0,3.612968,3.612968,42.12937,0,0,19.54527,0,19.54527,0,0,0,0,0,19.90022,19.90022,3.225839,3.225839,1.727273,0,4.435484,0,0,0,0,0,0,0,0,0,0,0,0,0,0,0,276.1364,276.1364,0.7927086,4.451035,2.950304,77.378,2.318939,0,0,0,0,68.01183,0,0,0,0,0,0,0,0,0,0,0,0,0,0,0,0,0,0,0,0,0,0,0,0,0,0,0,0,78.14558,0,0,0,0,0,0,0,374.1562,374.7265,373.87,6.8176,12.5566,2.581,0,0,0,0,0,0,0,0,0,0,0,0,0,0,0,0,0,0,0,0,0,0,0,0,0,0,0,0,0,0,0,0,0,0,0,0,0,0,0,0,0,0,0,0,0,0,0,0,0,0,0,0,0,0,0,0,0,0,0,0,0,0,0,0,0,0,0,0,0,0,0,0,0,0,0,0,0,0,0,0,0,0,0,0,0,0,0,0,0,0,0,0,0,0,0,0,0,0,0,0,0,0,0,0,0,0,0,0,0,0,0,0,0,0,0,0,0,0,0,0,0,0,0,0,0,0,0,0,0,0,0,0,0,0,0,0,0,0,0,0,0,0,0,0,0,0,0,0,0,0,0,0,0,0,0,0,0,0,0,0,0,0,0,0,0,0,0,0,0,0,0,0,0,0,0,0,0,0,0,0
2029,1,30,23,0,0,0,0,0,0,0,0,0,0,0,0,0,0,0,0,0,0,0,0,0,0,0,0,0,0,0,0,0,0,0,0,0,0,0,0,0,0,0,0,0,0,0,0,0,0,0,0,0,0,0,0,0,0,128.7091,128.7091,0,128.7091,128.7091,0,0,0,0,0,18.47826,46.19566,69.30102,0,0,0,0,0,0,0,0,0,0,0,0,0,0,0,3.612968,3.612968,53.4982,0,0,0,0,0,0,0,0,0,0,0,0,0,3.612968,3.612968,42.12937,0,0,19.54527,0,19.54527,0,0,0,0,0,19.90022,19.90022,3.225839,3.225839,1.727273,0,4.435484,0,0,0,0,0,0,0,0,0,0,0,0,0,0,0,276.1364,276.1364,0.6906812,29.91978,23.3917,77.0051,0.5080584,0,0,0,0,61.09705,0,0,0,0,0,0,0,0,0,0,0,0,0,0,0,0,0,0,0,0,0,0,0,0,0,0,0,0,76.9282,0,0,0,0,0,0,0,374.1562,374.7265,373.87,6.8176,12.5566,2.581,0,0,0,0,0,0,0,0,0,0,0,0,0,0,0,0,0,0,0,0,0,0,0,0,0,0,0,0,0,0,0,0,0,0,0,0,0,0,0,0,0,0,0,0,0,0,0,0,0,0,0,0,0,0,0,0,0,0,0,0,0,0,0,0,0,0,0,0,0,0,0,0,0,0,0,0,0,0,0,0,0,0,0,0,0,0,0,0,0,0,0,0,0,0,0,0,0,0,0,0,0,0,0,0,0,0,0,0,0,0,0,0,0,0,0,0,0,0,0,0,0,0,0,0,0,0,0,0,0,0,0,0,0,0,0,0,0,0,0,0,0,0,0,0,0,0,0,0,0,0,0,0,0,0,0,0,0,0,0,0,0,0,0,0,0,0,0,0,0,0,0,0,0,0,0,0,0,0,0,0
2029,1,30,24,0,0,0,0,0,0,0,0,0,0,0,0,0,0,0,0,0,0,0,0,0,0,0,0,0,0,0,0,0,0,0,0,0,0,0,0,0,0,0,0,0,0,0,0,0,0,0,0,0,0,0,0,0,0,128.7091,128.7091,0,128.7091,128.7091,0,0,0,0,0,18.47826,46.19566,69.30102,0,0,0,0,0,0,0,0,0,0,0,0,0,0,0,3.612968,3.612968,53.4982,0,0,0,0,0,0,0,0,0,0,0,0,0,3.612968,3.612968,42.12937,0,0,19.54527,0,19.54527,0,0,0,0,0,19.90022,19.90022,3.225839,3.225839,1.727273,0,4.435484,0,0,0,0,0,0,0,0,0,0,0,0,0,0,0,276.1364,276.1364,0.3392531,56.31018,43.39054,77.47123,0,0,81.78394,0,0,44.01215,0,0,0,0,0,0,0,0,0,0,0,0,0,0,0,0,0,0,0,0,0,0,0,0,0,0,0,0,75.70345,0,0,0,0,0,0,0,374.1562,374.7265,373.87,6.8176,12.5566,2.581,0,0,0,0,0,0,0,0,0,0,0,0,0,0,0,0,0,0,0,0,0,0,0,0,0,0,0,0,0,0,0,0,0,0,0,0,0,0,0,0,0,0,0,0,0,0,0,0,0,0,0,0,0,0,0,0,0,0,0,0,0,0,0,0,0,0,0,0,0,0,0,0,0,0,0,0,0,0,0,0,0,0,0,0,0,0,0,0,0,0,0,0,0,0,0,0,0,0,0,0,0,0,0,0,0,0,0,0,0,0,0,0,0,0,0,0,0,0,0,0,0,0,0,0,0,0,0,0,0,0,0,0,0,0,0,0,0,0,0,0,0,0,0,0,0,0,0,0,0,0,0,0,0,0,0,0,0,0,0,0,0,0,0,0,0,0,0,0,0,0,0,0,0,0,0,0,0,0,0,0
2029,1,31,1,0,0,0,0,0,0,0,0,0,0,0,0,0,0,0,0,0,0,0,0,0,0,0,0,0,0,0,0,0,0,0,0,0,0,0,0,0,0,0,0,0,0,0,0,0,0,0,0,0,0,0,0,0,0,128.7091,128.7091,0,128.7091,128.7091,0,0,0,0,0,18.47826,46.19566,69.30102,0,0,0,0,0,0,0,0,0,0,0,0,0,0,0,0,0,0,0,0,0,0,0,0,0,0,0,0,0,0,0,0,0,0,0,0,0,0,0,0,0,0,0,0,0,0,0,0,1.727273,0,0,0,0,0,0,0,0,0,0,0,0,0,0,0,0,0,276.1364,276.1364,0.1692073,126.6765,102.4598,79.05608,74.60372,0,162.8806,0,0,37.47934,0,0,0,0,0,0,0,0,0,0,0,0,0,0,0,0,0,0,0,0,0,0,0,0,0,0,0,0,74.07339,0,0,0,0,0,0,0,374.1562,374.7265,373.87,6.8176,12.5566,2.570996,0,0,0,0,0,0,0,0,0,0,0,0,0,0,0,0,0,0,0,0,0,0,0,0,0,0,0,0,0,0,0,0,0,0,0,0,0,0,0,0,0,0,0,0,0,0,0,0,0,0,0,0,0,0,0,0,0,0,0,0,0,0,0,0,0,0,0,0,0,0,0,0,0,0,0,0,0,0,0,0,0,0,0,0,0,0,0,0,0,0,0,0,0,0,0,0,0,0,0,0,0,0,0,0,0,0,0,0,0,0,0,0,0,0,0,0,0,0,0,0,0,0,0,0,0,0,0,0,0,0,0,0,0,0,0,0,0,0,0,0,0,0,0,0,0,0,0,0,0,0,0,0,0,0,0,0,0,0,0,0,0,0,0,0,0,0,0,0,0,0,0,0,0,0,0,0,0,0,0,0
2029,1,31,2,0,0,0,0,0,0,0,0,0,0,0,0,0,0,0,0,0,0,0,0,0,0,0,0,0,0,0,0,0,0,0,0,0,0,0,0,0,0,0,0,0,0,0,0,0,0,0,0,0,0,0,0,0,0,128.7091,128.7091,0,128.7091,128.7091,0,0,0,0,0,18.47826,46.19566,69.30102,0,0,0,0,0,0,0,0,0,0,0,0,0,0,0,3.612968,3.612968,53.4982,0,0,0,0,0,0,0,0,0,0,0,0,0,3.612968,3.612968,42.12937,0,0,19.54527,0,19.54527,0,0,0,0,0,19.90022,19.90022,0,0,1.727273,0,0,0,0,0,0,0,0,0,0,0,0,0,0,0,0,0,276.1364,276.1364,0.248562,145.597,123.7653,81.01383,76.756,0,218.8923,0,0,41.76614,0,0,0,0,0,0,0,0,0,0,0,0,0,0,0,0,0,0,0,0,0,0,0,0,0,0,0,0,73.60718,0,0,0,0,0,0,0,374.1562,374.7265,373.87,6.8176,12.5566,2.570996,0,0,0,0,0,0,0,0,0,0,0,0,0,0,0,0,0,0,0,0,0,0,0,0,0,0,0,0,0,0,0,0,0,0,0,0,0,0,0,0,0,0,0,0,0,0,0,0,0,0,0,0,0,0,0,0,0,0,0,0,0,0,0,0,0,0,0,0,0,0,0,0,0,0,0,0,0,0,0,0,0,0,0,0,0,0,0,0,0,0,0,0,0,0,0,0,0,0,0,0,0,0,0,0,0,0,0,0,0,0,0,0,0,0,0,0,0,0,0,0,0,0,0,0,0,0,0,0,0,0,0,0,0,0,0,0,0,0,0,0,0,0,0,0,0,0,0,0,0,0,0,0,0,0,0,0,0,0,0,0,0,0,0,0,0,0,0,0,0,0,0,0,0,0,0,0,0,0,0,0
2029,1,31,3,0,0,0,0,0,0,0,0,0,0,0,0,0,0,0,0,0,0,0,0,0,0,0,0,0,0,0,0,0,0,0,0,0,0,0,0,0,0,0,0,0,0,0,0,0,0,0,0,0,0,0,0,0,0,128.7091,128.7091,0,128.7091,128.7091,0,0,0,0,0,18.47826,46.19566,69.30102,0,0,0,0,0,0,0,0,0,0,0,0,0,0,0,3.612968,3.612968,53.4982,0,52.5,48.0012,52.5,0,0,0,0,0,0,0,0,0,3.612968,3.612968,42.12937,0,0,19.54527,0,19.54527,0,0,0,0,0,19.90022,19.90022,3.225839,3.225839,1.727273,0,4.435484,18.36735,18.36735,0,0,0,0,0,0,0,0,0,0,0,0,0,276.1364,276.1364,0,146.488,124.6925,80.92061,83.30013,0,251.979,0,0,62.51759,0,0,0,0,0,0,0,0,0,0,0,0,0,0,0,0,0,0,0,0,0,0,0,0,0,0,0,0,73.45989,0,0,0,0,0,0,0,374.1562,374.7265,373.87,6.8176,12.5566,2.570996,0,0,0,0,0,0,0,0,0,0,0,0,0,0,0,0,0,0,0,0,0,0,0,0,0,0,0,0,0,0,0,0,0,0,0,0,0,0,0,0,0,0,0,0,0,0,0,0,0,0,0,0,0,0,0,0,0,0,0,0,0,0,0,0,0,0,0,0,0,0,0,0,0,0,0,0,0,0,0,0,0,0,0,0,0,0,0,0,0,0,0,0,0,0,0,0,0,0,0,0,0,0,0,0,0,0,0,0,0,0,0,0,0,0,0,0,0,0,0,0,0,0,0,0,0,0,0,0,0,0,0,0,0,0,0,0,0,0,0,0,0,0,0,0,0,0,0,0,0,0,0,0,0,0,0,0,0,0,0,0,0,0,0,0,0,0,0,0,0,0,0,0,0,0,0,0,0,0,0,0
2029,1,31,4,0,0,0,0,0,0,0,0,0,0,0,0,0,0,0,0,0,0,0,0,0,0,0,0,0,0,0,0,0,0,0,0,0,0,0,0,0,0,0,0,0,0,0,0,0,0,0,0,0,0,0,0,0,0,128.7091,128.7091,0,128.7091,128.7091,0,0,0,0,0,18.47826,46.19566,69.30102,0,0,0,0,0,0,0,0,0,0,0,0,0,0,0,3.612968,3.612968,53.4982,0,52.5,48.0012,52.5,0,0,0,0,0,0,0,0,0,3.612968,3.612968,42.12937,0,0,19.54527,0,19.54527,0,0,0,0,0,19.90022,19.90022,3.225839,3.225839,1.727273,0,4.435484,18.36735,18.36735,0,0,0,0,0,0,0,0,0,0,0,0,0,276.1364,276.1364,0,139.5333,115.2304,77.75091,88.91369,0,432.0902,0,0,73.01071,0,0,0,0,0,0,0,0,0,0,0,0,0,0,0,0,0,0,0,0,0,0,0,0,0,0,0,0,73.97781,0,0,0,0,0,0,0,374.1562,374.7265,373.87,6.8176,12.5566,2.570996,0,0,0,0,0,0,0,0,0,0,0,0,0,0,0,0,0,0,0,0,0,0,0,0,0,0,0,0,0,0,0,0,0,0,0,0,0,0,0,0,0,0,0,0,0,0,0,0,0,0,0,0,0,0,0,0,0,0,0,0,0,0,0,0,0,0,0,0,0,0,0,0,0,0,0,0,0,0,0,0,0,0,0,0,0,0,0,0,0,0,0,0,0,0,0,0,0,0,0,0,0,0,0,0,0,0,0,0,0,0,0,0,0,0,0,0,0,0,0,0,0,0,0,0,0,0,0,0,0,0,0,0,0,0,0,0,0,0,0,0,0,0,0,0,0,0,0,0,0,0,0,0,0,0,0,0,0,0,0,0,0,0,0,0,0,0,0,0,0,0,0,0,0,0,0,0,0,0,0,0
2029,1,31,5,0,0,0,0,0,0,0,0,0,0,0,0,0,0,0,0,0,0,0,0,0,0,0,0,0,0,0,0,0,0,0,0,0,0,0,0,0,0,0,0,0,0,0,0,0,0,0,0,0,0,0,0,0,0,128.7091,128.7091,0,128.7091,128.7091,0,0,0,0,0,18.47826,46.19566,69.30102,0,0,0,0,0,0,0,0,0,0,0,0,0,0,0,3.612968,3.612968,53.4982,0,52.5,48.0012,52.5,0,0,0,0,0,0,0,0,0,3.612968,3.612968,42.12937,19.54527,19.54527,19.54527,19.54527,19.54527,0,0,19.54527,19.54527,19.54527,19.90022,19.90022,3.225839,3.225839,1.727273,0,4.435484,18.36735,18.36735,0,0,0,0,0,0,0,0,0,0,0,0,0,276.1364,276.1364,0,141.9426,116.7056,74.48798,81.75718,0,395.42,0,0,65.95067,0,0,0,0,0,0,0,0,0,0,0,0,0,0,0,0,0,0,0,0,0,0,0,0,0,0,0,0,74.79684,0,0,0,0,0,0,0,374.1562,374.7265,373.87,6.8176,12.5566,2.570996,0,0,0,0,0,0,0,0,0,0,0,0,0,0,0,0,0,0,0,0,0,0,0,0,0,0,0,0,0,0,0,0,0,0,0,0,0,0,0,0,0,0,0,0,0,0,0,0,0,0,0,0,0,0,0,0,0,0,0,0,0,0,0,0,0,0,0,0,0,0,0,0,0,0,0,0,0,0,0,0,0,0,0,0,0,0,0,0,0,0,0,0,0,0,0,0,0,0,0,0,0,0,0,0,0,0,0,0,0,0,0,0,0,0,0,0,0,0,0,0,0,0,0,0,0,0,0,0,0,0,0,0,0,0,0,0,0,0,0,0,0,0,0,0,0,0,0,0,0,0,0,0,0,0,0,0,0,0,0,0,0,0,0,0,0,0,0,0,0,0,0,0,0,0,0,0,0,0,0,0
2029,1,31,6,0,0,0,0,0,0,0,0,0,0,0,0,0,0,0,0,0,0,0,0,0,0,0,0,0,0,0,0,0,0,0,0,0,0,0,0,0,0,0,0,0,0,0,0,0,0,0,0,0,0,0,0,0,0,128.7091,128.7091,0,128.7091,128.7091,0,0,0,0,0,18.47826,46.19566,69.30102,0,0,0,0,0,0,0,0,0,0,0,0,0,0,0,3.612968,3.612968,53.4982,0,52.5,48.0012,52.5,0,0,0,0,0,0,0,0,0,3.612968,3.612968,42.12937,19.54527,19.54527,19.54527,19.54527,19.54527,0,0,19.54527,19.54527,19.54527,19.90022,19.90022,3.225839,3.225839,1.727273,0,4.435484,18.36735,18.36735,0,0,0,0,0,0,0,0,0,0,0,0,0,276.1364,276.1364,0,54.17749,41.66251,68.52148,91.79003,0,317.2687,0,0,43.46758,0,0,0,0,0,0,0,0,0,0,0,0,0,0,0,0,0,0,0,0,0,0,0,0,0,0,0,0,76.50698,0,0,0,0,0,0,0,374.1562,374.7265,373.87,6.8176,12.5566,2.570996,0,0,0,0,0,0,0,0,0,0,0,0,0,0,0,0,0,0,0,0,0,0,0,0,0,0,0,0,0,0,0,0,0,0,0,0,0,0,0,0,0,0,0,0,0,0,0,0,0,0,0,0,0,0,0,0,0,0,0,0,0,0,0,0,0,0,0,0,0,0,0,0,0,0,0,0,0,0,0,0,0,0,0,0,0,0,0,0,0,0,0,0,0,0,0,0,0,0,0,0,0,0,0,0,0,0,0,0,0,0,0,0,0,0,0,0,0,0,0,0,0,0,0,0,0,0,0,0,0,0,0,0,0,0,0,0,0,0,0,0,0,0,0,0,0,0,0,0,0,0,0,0,0,0,0,0,0,0,0,0,0,0,0,0,0,0,0,0,0,0,0,0,0,0,0,0,0,0,0,0
2029,1,31,7,0,0,0,0,0,0,0,0,0,0,0,0,0,4.577,6.3525,0,0,0,0,0,0,0,0,0,0,0,0,0,0,0,0,0,0,0,0,0,0,0,0,0,0,0,0,0,0,0,0,0,0,0,0,0,0,0,128.7091,128.7091,0,128.7091,128.7091,0,0,0,0,0,18.47826,46.19566,69.30102,0,0,0,0,0,0,0,0,0,0,0,0,0,0,0,3.612968,3.612968,53.4982,0,52.5,48.0012,52.5,0,0,0,0,0,0,0,0,0,3.612968,3.612968,42.12937,0,0,19.54527,19.54527,19.54527,0,0,19.54527,19.54527,19.54527,19.90022,19.90022,3.225839,3.225839,1.727273,0,4.435484,18.36735,18.36735,0,0,0,0,0,0,0,0,0,0,0,0,0,276.1364,276.1364,0,6.328568,4.277941,51.74071,86.35258,0,187.3765,0,0,116.8774,0,0,0,0,0,0,0,0,0,0,0,0,0,0,0,0,0,0,0,0,0,0,0,0,0,0,0,0,77.51007,0,0,0,0,0,0,0,374.1562,374.7265,373.87,6.8176,12.5566,2.570996,0,0,0,0,0,0,0,0,0,0,0,0,0,0,0,0,0,0,0,0,0,0,0,0,0,0,0,0,0,0,0,0,0,0,0,0,0,0,0,0,0,0,0,0,0,0,0,0,0,0,0,0,0,0,0,0,0,0,0,0,0,0,0,0,0,0,0,0,0,0,0,0,0,0,0,0,0,0,0,0,0,0,0,0,0,0,0,0,0,0,0,0,0,0,0,0,0,0,0,0,0,0,0,0,0,0,0,0,0,0,0,0,0,0,0,0,0,0,0,0,0,0,0,0,0,0,0,0,0,0,0,0,0,0,0,0,0,0,0,0,0,0,0,0,0,0,0,0,0,0,0,0,0,0,0,0,0,0,0,0,0,0,0,0,0,0,0,0,0,0,0,0,0,0,0,0,0,0,0,0
2029,1,31,8,0,0,0,4.2075,0,0,0.553464,0,0.001477,0.00501,0.004867,0.001903583,0,110.5445,159.83,0,0,0.002057,0,0,1.753334,0,0.00157,1.26075,2.534862,0,0,0,0,0,0,0,0,0,0,0.005879,0,0,0,0,0,0,0.865028,0,0,0.685535,0,0,0,0,0,0,0,0,128.7091,128.7091,0,128.7091,128.7091,0,0,0,0,0,18.47826,46.19566,69.30102,0,0,0,0,0,0,0,0,0,0,0,0,0,0,0,3.612968,3.612968,53.4982,0,52.5,48.0012,52.5,0,0,0,0,0,0,0,0,0,3.612968,3.612968,42.12937,0,0,19.54527,0,19.54527,0,0,0,0,0,19.90022,19.90022,3.225839,3.225839,1.727273,0,4.435484,18.36735,18.36735,0,0,0,0,0,0,0,0,0,0,0,0,0,276.1364,276.1364,8.271351,4.385859,2.592053,48.29133,63.60719,0,171.4223,0,0,115.8884,0,0,0,0,0,0,0,0,0,0,0,0,0,0,0,0,0,0,0,0,0,0,0,0,0,0,0,0,76.91013,0,0,0,0,0,0,0,374.1562,374.7265,373.87,6.8176,12.5566,2.570996,0,0,0,0,0,0,0,0,0,0,0,0,0,0,0,0,0,0,0,0,0,0,0,0,0,0,0,0,0,0,0,0,0,0,0,0,0,0,0,0,0,0,0,0,0,0,0,0.074979,0,0,0,0,0,0,0,0,0,0,0.000859,0,0,0,0,0,0,0,0,0,0,0,0,0,0,0,0,0,0,0,0,0,0,0,0,0,0,0,0,0,0,0,0,0,0,0,0,0,0,0,0,0,0,0,0,0,0,0,0,0,0,0,0,0,0,0,0,0,0,0,0,0,0,0,0,0,0,0,0,0,0,0,0,0,0,0,0,0,0,0,0,0,0,0,0,0,0,0,0,0,0,0,0,0,0,0,0,0,0,0,0,0,0,0,0,0,0,0,0,0,0,0,0,0,0,0,0,0,0,0,0,0
2029,1,31,9,51.60041,0,117.2673,94.6125,0,15.58532,25.95446,0,0.22202,0.752898,0.731327,0.2860621,0,165.17,234.63,0,0,0.309134,99.54,0,44.31253,0.0241491,0.23594,69.99072,140.7233,0,0.103485,75.51,0,0,0,0,0,0,0,0.883509,0,0,49.17865,54.82078,10.2789,1.816283,101.3095,134.9901,3.137903,29.83634,0,0,0,0,0,0,0,0,128.7091,128.7091,0,128.7091,128.7091,0,0,0,0,0,18.47826,46.19566,69.30102,0,0,0,0,0,0,0,0,0,0,0,0,0,0,0,3.612968,3.612968,53.4982,0,52.5,48.0012,52.5,0,0,0,0,0,0,0,0,0,3.612968,3.612968,42.12937,19.54527,19.54527,19.54527,19.54527,19.54527,0,0,19.54527,19.54527,19.54527,19.90022,19.90022,3.225839,3.225839,1.727273,0,4.435484,18.36735,18.36735,0,0,0,0,0,0,0,0,0,0,0,0,0,276.1364,276.1364,25.85367,15.85462,11.23223,94.00105,33.81927,0,104.9053,0,0,98.32813,129.8736,143.8434,0,0,0,0,0,0,0,0,0,0,0,0,0,0,0,0,0,0,0,0,0,0,0,0,0,0,78.05762,0,0,0,0,0,0,0,374.1562,374.7265,373.87,6.8176,12.5566,2.570996,0,0,0,0,0,0,0,0,0,0,0,0,0,0,0,0,0,0,0,0,0,0,0,0,0,0,0,0,0,0,0,0,0,0,0,0,0,0,0,0,0,0,0,0,0,0,0,11.26753,0,0,0,0,0,0,0,0,0,0,0.129148,0,0,0,0,0,0,0,0,0,0,0,0,0,0,0,0,0,0,0,0,0,0,0,0,0,0,0,0,0,0,0,0,0,0,0,0,0,0,0,0,0,0,0,0,0,0,0,0,0,0,0,0,0,0,0,0,0,0,0,0,0,0,0,0,0,0,0,0,0,0,0,0,0,0,0,0,0,0,0,0,0,0,0,0,0,0,0,0,0,0,0,0,0,0,0,0,0,0,0,0,0,0,0,0,0,0,0,0,0,0,0,0,0,0,0,0,0,0,0,0,0
2029,1,31,10,123.053,0.7707581,248.7041,198.135,0.782509,30.75007,56.34751,0.906194,0.588896,1.997022,1.939807,0.7587648,0,163.379,232.54,0,0.801484,0.819961,147.7728,0,88.5617,0.06999555,0.625819,133.9833,269.3867,0,0.299949,121.725,0.1935849,0.5818205,0.4142201,0,0,0,0,2.343461,0.7042616,0,102.1416,302.482,56.71537,168.2283,185.6731,250.9584,9.972404,57.31561,0,0,0,0,0,0,0,0,128.7091,128.7091,0,128.7091,128.7091,0,0,0,0,0,18.47826,46.19566,69.30102,0,0,0,0,0,0,0,0,0,0,0,0,0,0,0,3.612968,3.612968,0,0,0,0,0,0,0,0,0,0,0,0,0,0,3.612968,3.612968,42.12937,0,0,19.54527,0,19.54527,0,0,0,0,0,19.90022,19.90022,3.225839,3.225839,1.727273,0,4.435484,0,0,0,0,0,0,0,0,0,0,0,0,0,0,0,276.1364,276.1364,19.60538,0,0,94.10812,34.35532,0,15.36517,0,0,14.52585,257.2592,325.1313,0,0,0,0,0,0,0,0,0,0,0,0,0,0,0,0,0,0,0,0,0,0,0,0,0,0,78.62647,0,1000,0,0,0,0,0,374.1562,374.7265,373.87,6.8176,12.5566,2.570996,0,0,0,0,0,0,0,0,0,0,0,0,0,0,0,0,0,0,0,0,0,0,0,0,0,0,0,0,0,0,0,0,0,0,0,0,0,0,0,0,0,0,0,0,0,0,0,29.88653,0,0,0,0,0,0,0,0,0,0,0.342559,0,0,0,0,0,0,0,0,0,0,0,0,0,0,0,0,0,0,0,0,0,0,0,0,0,0,0,0,0,0,0,0,0,0,0,0,0,0,0,0,0,0,0,0,0,0,0,0,0,0,0,0,0,0,0,0,0,0,0,0,0,0,0,0,0,0,0,0,0,0,0,0,0,0,0,0,0,0,0,0,0,0,0,0,0,0,0,0,0,0,0,0,0,0,0,0,0,0,0,0,0,0,0,0,0,0,0,0,0,0,0,0,0,0,0,0,0,0,0,0,0
2029,1,31,11,128.2413,2.878955,260.0499,208.8675,1.572657,40.45686,54.87432,3.384837,2.19966,7.459327,7.245614,2.834157,0,154.7225,220.99,0,2.993723,3.06274,148.26,0,90.91103,0.4262979,2.337575,156.6386,314.9374,0,1.826795,125.55,0.7230831,1.169321,0.8324838,0,0,0,0,8.753354,2.630575,0,86.52273,344.0672,64.51261,217.407,187.8397,252.7888,16.56477,58.75029,0,0,0,0,0,0,0,0,128.7091,128.7091,0,128.7091,128.7091,0,0,0,0,0,18.47826,46.19566,69.30102,0,0,0,0,0,0,0,0,0,0,0,0,0,0,0,3.612968,3.612968,0,0,0,0,0,0,0,0,0,0,0,0,0,0,3.612968,3.612968,42.12937,0,0,19.54527,0,19.54527,0,0,0,0,0,19.90022,19.90022,3.225839,3.225839,1.727273,0,4.435484,0,0,0,0,0,0,0,0,0,0,0,0,0,0,0,276.1364,276.1364,16.75558,0,0,90.68211,23.20815,0,52.62448,0,0,76.72546,387.506,510.5169,0,0,0,0,0,0,0,0,0,0,0,0,0,0,0,0,0,0,0,0,0,0,0,0,0,0,78.89462,0,940.1057,0,0,0,0,0,374.1562,374.7265,373.87,6.8176,12.5566,2.570996,0,0,0,0,0,0,0,0,0,0,0,0,0,0,0,0,0,0,0,0,0,0,0,0,0,0,0,0,0,0,0,0,0,0,0,0,0,0,0,0,0,0,0,0,0,0,0,111.6329,0,0,0,0,0,0,0,0,0,0,1.279536,0,0,0,0,0,0,0,0,0,0,0,0,0,0,0,0,0,0,0,0,0,0,0,0,0,0,0,0,0,0,0,0,0,0,0,0,0,0,0,0,0,0,0,0,0,0,0,0,0,0,0,0,0,0,0,0,0,0,0,0,0,0,0,0,0,0,0,0,0,0,0,0,0,0,0,0,0,0,0,0,0,0,0,0,0,0,0,0,0,0,0,0,0,0,0,0,0,0,0,0,0,0,0,0,0,0,0,0,0,0,0,0,0,0,0,0,0,0,0,0,0
2029,1,31,12,119.4533,4.478924,256.7276,203.895,2.784587,31.926,51.38985,5.265949,3.422114,11.60482,11.27234,4.40923,0,151.7375,216.425,0,4.657475,4.764847,142.1784,0,89.31412,0.9655364,3.636675,151.5192,304.6443,0,4.137568,121.005,1.124934,2.070429,1.474017,0,0,0,0,13.618,4.092509,0,98.90266,318.3773,59.69576,218.7743,180.6199,240.1795,20.04957,56.80365,0,0,0,0,0,0,0,0,128.7091,128.7091,0,128.7091,128.7091,0,0,0,0,0,18.47826,46.19566,69.30102,0,0,0,0,0,0,0,0,0,0,0,0,0,0,0,3.612968,3.612968,0,0,0,0,0,0,0,0,0,0,0,0,0,0,3.612968,3.612968,42.12937,19.54527,19.54527,19.54527,19.54527,19.54527,0,0,19.54527,19.54527,19.54527,19.90022,19.90022,3.225839,3.225839,1.727273,0,4.435484,0,0,0,0,0,0,0,0,0,0,0,0,0,0,0,276.1364,276.1364,26.64447,1.112056,0,78.79815,16.88176,0,47.22458,0,0,139.0431,546.4892,736.7382,0,0,0,0,0,0,0,0,0,0,0,0,0,0,0,0,0,0,0,0,0,0,0,0,0,0,79.13932,0,1000,0,0,0,0,0,374.1562,374.7265,373.87,6.8176,12.5566,2.570996,0,0,0,0,0,0,0,0,0,0,0,0,0,0,0,0,0,0,0,0,0,0,0,0,0,0,0,0,0,0,0,0,0,0,0,0,0,0,0,0,0,0,0,0,0,0,0,173.6725,0,0,0,0,0,0,0,0,0,0,1.990634,0,0,0,0,0,0,0,0,0,0,0,0,0,0,0,0,0,0,0,0,0,0,0,0,0,0,0,0,0,0,0,0,0,0,0,0,0,0,0,0,0,0,0,0,0,0,0,0,0,0,0,0,0,0,0,0,0,0,0,0,0,0,0,0,0,0,0,0,0,0,0,0,0,0,0,0,0,0,0,0,0,0,0,0,0,0,0,0,0,0,0,0,0,0,0,0,0,0,0,0,0,0,0,0,0,0,0,0,0,0,0,0,0,0,0,0,0,0,0,0,0
2029,1,31,13,113.8301,6.140068,251.4622,197.685,4.01308,58.8639,51.44086,7.218986,4.691308,15.90882,15.45303,6.044526,0,152.036,216.7,0,6.384839,6.532035,136.8528,0,85.32729,1.445301,4.985446,145.5975,292.7382,0,6.19348,116.685,1.54215,2.983853,2.124318,0,0,0,0,18.66865,5.610339,0,103.4831,301.9691,56.61921,218.7743,174.7156,231.3143,22.29463,55.58069,0,0,0,0,0,0,0,0,128.7091,128.7091,0,128.7091,128.7091,0,0,0,0,0,18.47826,46.19566,69.30102,0,0,0,0,0,0,0,0,0,0,0,0,0,0,0,3.612968,3.612968,0,0,0,0,0,0,0,0,0,0,0,0,0,0,3.612968,3.612968,42.12937,19.54527,19.54527,19.54527,19.54527,19.54527,0,0,19.54527,19.54527,19.54527,19.90022,19.90022,3.225839,3.225839,1.727273,0,4.435484,0,0,0,0,0,0,0,0,0,0,0,0,0,0,0,276.1364,276.1364,30.19513,6.310499,4.530824,61.34693,24.04164,0,29.06128,0,0,167.3569,608.8136,825.192,0,0,0,0,0,0,0,0,0,0,0,0,0,0,0,0,0,0,0,0,0,0,0,0,0,0,79.42941,0,1000,0,0,0,0,0,374.1562,374.7265,373.87,6.8176,12.5566,2.570996,0,0,0,0,0,0,0,0,0,0,0,0,0,0,0,0,0,0,0,0,0,0,0,0,0,0,0,0,0,0,0,0,0,0,0,0,0,0,0,0,0,0,0,0,0,0,0,238.0842,0,0,0,0,0,0,0,0,0,0,2.728921,0,0,0,0,0,0,0,0,0,0,0,0,0,0,0,0,0,0,0,0,0,0,0,0,0,0,0,0,0,0,0,0,0,0,0,0,0,0,0,0,0,0,0,0,0,0,0,0,0,0,0,0,0,0,0,0,0,0,0,0,0,0,0,0,0,0,0,0,0,0,0,0,0,0,0,0,0,0,0,0,0,0,0,0,0,0,0,0,0,0,0,0,0,0,0,0,0,0,0,0,0,0,0,0,0,0,0,0,0,0,0,0,0,0,0,0,0,0,0,0,0
2029,1,31,14,115.4324,6.026187,250.814,199.395,5.278245,32.28431,51.49187,7.085094,4.604298,15.61376,15.16642,5.932417,37.24568,148.5535,211.695,0,6.266419,6.410884,136.5504,0,84.5125,1.10708,4.89298,147.5459,296.6557,0,4.744118,118.5,1.513547,3.924543,2.794031,0,0,0,0,18.3224,5.506283,0,96.56919,298.0517,55.88469,218.7743,176.756,234.0298,22.04429,55.90083,0,0,0,0,0,0,0,0,128.7091,128.7091,0,128.7091,128.7091,0,0,0,0,0,18.47826,46.19566,69.30102,0,0,0,0,0,0,0,0,0,0,0,0,0,0,0,3.612968,3.612968,0,0,0,0,0,0,0,0,0,0,0,0,0,0,3.612968,3.612968,42.12937,0,0,19.54527,0,19.54527,0,0,0,0,0,19.90022,19.90022,3.225839,3.225839,1.727273,0,4.435484,0,0,0,0,0,0,0,0,0,0,0,0,0,0,0,276.1364,276.1364,54.22059,29.11786,23.11774,47.00053,38.31904,0,14.28519,0,0,178.6255,520.614,699.8589,0,0,0,0,0,0,0,0,0,0,0,0,0,0,0,0,0,0,0,0,0,0,0,0,0,0,79.62891,0,1000,0,0,0,0,0,374.1562,374.7265,373.87,6.8176,12.5566,2.570996,0,0,0,0,0,0,0,0,0,0,0,0,0,0,0,0,0,0,0,0,0,0,0,0,0,0,0,0,0,0,0,0,0,0,0,0,0,0,0,0,0,0,0,0,0,0,0,233.6684,0,0,0,0,0,0,0,0,0,0,2.678307,0,0,0,0,0,0,0,0,0,0,0,0,0,0,0,0,0,0,0,0,0,0,0,0,0,0,0,0,0,0,0,0,0,0,0,0,0,0,0,0,0,0,0,0,0,0,0,0,0,0,0,0,0,0,0,0,0,0,0,0,0,0,0,0,0,0,0,0,0,0,0,0,0,0,0,0,0,0,0,0,0,0,0,0,0,0,0,0,0,0,0,0,0,0,0,0,0,0,0,0,0,0,0,0,0,0,0,0,0,0,0,0,0,0,0,0,0,0,0,0,0
2029,1,31,15,122.6366,5.004016,255.4501,204.5925,6.431276,55.11784,53.92119,5.88331,3.82331,12.96533,12.59387,4.926152,226.4145,145.9665,207.4325,0,5.2035,5.323461,138.9864,0,73.54697,1.696012,4.063026,151.099,303.7994,0,7.267841,122.475,1.256817,4.781859,3.404387,0,0,0,0,15.21453,4.572299,0,81.95935,315.128,59.08649,218.0907,177.0452,241.337,18.39658,56.89509,0,0,0,0,0,0,0,0,128.7091,128.7091,0,128.7091,128.7091,0,0,0,0,0,18.47826,46.19566,69.30102,0,0,0,0,0,0,0,0,0,0,0,0,0,0,0,3.612968,3.612968,0,0,0,0,0,0,0,0,0,0,0,0,0,0,3.612968,3.612968,42.12937,0,0,19.54527,0,19.54527,0,0,0,0,0,19.90022,19.90022,3.225839,3.225839,1.727273,0,4.435484,0,0,0,0,0,0,0,0,0,0,0,0,0,0,0,276.1364,276.1364,45.06906,14.86048,11.46404,43.14627,26.81574,0,11.33979,0,0,166.312,352.052,460.0728,0,0,0,0,0,0,0,0,0,0,0,0,0,0,0,0,0,0,0,0,0,0,0,0,0,0,80.40663,0,931.1489,0,0,0,0,0,374.1562,374.7265,373.87,6.8176,12.5566,2.570996,0,0,0,0,0,0,0,0,0,0,0,0,0,0,0,0,0,0,0,0,0,0,0,0,0,0,0,0,0,0,0,0,0,0,0,0,0,0,0,0,0,0,0,0,0,0,0,194.0332,0,0,0,0,0,0,0,0,0,0,2.224009,0,0,0,0,0,0,0,0,0,0,0,0,0,0,0,0,0,0,0,0,0,0,0,0,0,0,0,0,0,0,0,0,0,0,0,0,0,0,0,0,0,0,0,0,0,0,0,0,0,0,0,0,0,0,0,0,0,0,0,0,0,0,0,0,0,0,0,0,0,0,0,0,0,0,0,0,0,0,0,0,0,0,0,0,0,0,0,0,0,0,0,0,0,0,0,0,0,0,0,0,0,0,0,0,0,0,0,0,0,0,0,0,0,0,0,0,0,0,0,0,0
2029,1,31,16,123.3153,2.509233,254.2341,201.3075,3.847543,48.03837,56.29251,2.950149,1.917175,6.501384,6.315117,2.470188,230.3351,105.47,150.7,0,2.609263,2.669416,136.6848,0,69.13048,0.4950891,2.037379,153.4677,308.5618,0,2.121582,125.31,0.6302232,2.860771,2.036691,0,0,0,0,7.629229,2.292751,0,96.68986,325.201,60.97519,217.6349,181.2596,247.5977,11.31944,56.75283,0,0,0,0,0,0,0,0,128.7091,128.7091,0,128.7091,128.7091,0,0,0,0,0,18.47826,46.19566,69.30102,0,0,0,0,0,0,0,0,0,0,0,0,0,0,0,3.612968,3.612968,0,0,0,0,0,0,0,0,0,0,0,0,0,0,3.612968,3.612968,42.12937,0,19.54527,19.54527,0,19.54527,0,0,19.54527,19.54527,19.54527,19.90022,19.90022,3.225839,3.225839,1.727273,0,4.435484,0,0,0,0,0,0,0,0,0,0,0,0,0,0,0,276.1364,276.1364,52.713,5.240279,3.645733,58.77742,19.54688,0,0,0,0,166.784,243.824,306.0558,0,0,0,0,0,0,0,0,0,0,0,0,0,0,0,0,0,0,0,0,0,0,0,0,0,0,80.74061,0,1000,0,0,0,0,0,374.1562,374.7265,373.87,6.8176,12.5566,2.570996,0,0,0,0,0,0,0,0,0,0,0,0,0,0,0,0,0,0,0,0,0,0,0,0,0,0,0,0,0,0,0,0,0,0,0,0,0,0,0,0,0,0,0,0,0,0,0,97.29675,0,0,0,0,0,0,0,0,0,0,1.115215,0,0,0,0,0,0,0,0,0,0,0,0,0,0,0,0,0,0,0,0,0,0,0,0,0,0,0,0,0,0,0,0,0,0,0,0,0,0,0,0,0,0,0,0,0,0,0,0,0,0,0,0,0,0,0,0,0,0,0,0,0,0,0,0,0,0,0,0,0,0,0,0,0,0,0,0,0,0,0,0,0,0,0,0,0,0,0,0,0,0,0,0,0,0,0,0,0,0,0,0,0,0,0,0,0,0,0,0,0,0,0,0,0,0,0,0,0,0,0,0,0
2029,1,31,17,94.51233,0,220.0699,152.19,0,19.1929,46.92926,0,0.787949,2.672036,2.595481,1.015235,294.0449,12.935,17.82,0,0,1.097116,112.1064,0,62.87649,0.1567057,0.837352,116.7149,234.6668,0,0.671524,112.14,0,0,0,0,0,0,0,3.135574,0,0,47.0333,275.9138,51.73384,230.5334,153.4772,95.73631,4.306126,52.91676,0,0,0,0,0,0,0,0,128.7091,128.7091,0,128.7091,128.7091,0,0,0,0,0,18.47826,46.19566,69.30102,0,0,0,0,0,0,0,0,0,0,0,0,0,0,0,3.612968,3.612968,0,0,0,0,0,0,0,0,0,0,0,0,0,0,3.612968,3.612968,42.12937,0,0,19.54527,0,19.54527,0,0,0,0,19.54527,19.90022,19.90022,3.225839,3.225839,1.727273,0,4.435484,0,0,0,0,0,0,0,0,0,0,0,0,0,0,0,276.1364,276.1364,36.80577,7.450556,5.50021,42.97742,15.81753,0,15.75789,0,0,223.5187,171.05,202.4829,0,0,0,0,0,0,0,0,0,0,0,0,0,0,0,0,0,0,0,0,0,0,0,0,0,0,80.41692,0,0,0,0,0,0,0,374.1562,374.7265,373.87,6.8176,12.5566,2.570996,0,0,0,0,0,0,0,0,0,0,0,0,0,0,0,0,0,0,0,0,0,0,0,0,0,0,0,0,0,0,0,0,0,0,0,0,0,0,0,0,0,0,0,0,0,0,0,39.98847,0,0,0,0,0,0,0,0,0,0,0.458348,0,0,0,0,0,0,0,0,0,0,0,0,0,0,0,0,0,0,0,0,0,0,0,0,0,0,0,0,0,0,0,0,0,0,0,0,0,0,0,0,0,0,0,0,0,0,0,0,0,0,0,0,0,0,0,0,0,0,0,0,0,0,0,0,0,0,0,0,0,0,0,0,0,0,0,0,0,0,0,0,0,0,0,0,0,0,0,0,0,0,0,0,0,0,0,0,0,0,0,0,0,0,0,0,0,0,0,0,0,0,0,0,0,0,0,0,0,0,0,0,0
2029,1,31,18,20.06964,0,71.55946,29.43,0,6.748381,10.90545,0,0.191085,0.647992,0.629427,0.2462033,294.0449,0,0,0,0,0.26606,38.1528,0,10.82394,0.03016063,0.203065,23.534,47.31742,0,0.129246,13.56,0,0,0,0,0,0,0,0.760404,0,0,8.834219,16.96392,3.180735,163.3743,47.51486,1.561052,0,11.88045,0,0,0,0,0,0,0,0,128.7091,128.7091,0,128.7091,128.7091,0,0,0,0,0,18.47826,46.19566,69.30102,0,0,0,0,0,0,0,0,0,0,0,0,0,0,0,3.612968,3.612968,53.4982,0,52.5,48.0012,52.5,0,0,0,0,0,0,0,0,0,3.612968,3.612968,42.12937,0,0,19.54527,0,19.54527,0,0,0,0,19.54527,19.90022,19.90022,3.225839,3.225839,1.727273,0,4.435484,0,0,0,0,0,0,0,0,0,0,0,0,0,0,0,276.1364,276.1364,29.65472,52.06152,41.70465,27.68827,9.909952,0,60.62615,0,0,210.4636,45.6548,24.021,0,0,0,0,0,0,0,0,0,0,0,0,0,0,0,0,0,0,0,0,0,0,0,0,0,0,80.27962,0,0,0,0,0,0,0,374.1562,374.7265,373.87,6.8176,12.5566,2.570996,0,0,0,0,0,0,0,0,0,0,0,0,0,0,0,0,0,0,0,0,0,0,0,0,0,0,0,0,0,0,0,0,0,0,0,0,0,0,0,0,0,0,0,0,0,0,0,9.697554,0,0,0,0,0,0,0,0,0,0,0.111153,0,0,0,0,0,0,0,0,0,0,0,0,0,0,0,0,0,0,0,0,0,0,0,0,0,0,0,0,0,0,0,0,0,0,0,0,0,0,0,0,0,0,0,0,0,0,0,0,0,0,0,0,0,0,0,0,0,0,0,0,0,0,0,0,0,0,0,0,0,0,0,0,0,0,0,0,0,0,0,0,0,0,0,0,0,0,0,0,0,0,0,0,0,0,0,0,0,0,0,0,0,0,0,0,0,0,0,0,0,0,0,0,0,0,0,0,0,0,0,0,0
2029,1,31,19,0,0,0,0,0,0,0,0,0,0,0,0,294.0449,0,0,0,0,0,0,0,0,0,0,0,0,0,0,0,0,0,0,0,0,0,0,0,0,0,0,0,0,11.78191,0,0,0,0,0,0,0,0,0,0,0,0,128.7091,128.7091,0,128.7091,128.7091,0,0,0,0,0,18.47826,46.19566,69.30102,0,0,0,0,0,0,0,0,0,0,0,0,0,0,0,3.612968,3.612968,53.4982,0,52.5,48.0012,52.5,0,0,0,0,0,0,0,0,0,3.612968,3.612968,42.12937,0,0,19.54527,0,19.54527,0,0,0,0,0,19.90022,19.90022,3.225839,3.225839,1.727273,0,4.435484,0,0,0,0,0,0,0,0,0,0,0,0,0,0,0,276.1364,276.1364,27.27493,17.82653,13.84536,25.91697,4.329347,0,62.49157,0,0,191.7046,0,0,0,0,0,0,0,0,0,0,0,0,0,0,0,0,0,0,0,0,0,0,0,0,0,0,0,0,79.29234,0,0,0,0,0,0,0,374.1562,374.7265,373.87,6.8176,12.5566,2.570996,0,0,0,0,0,0,0,0,0,0,0,0,0,0,0,0,0,0,0,0,0,0,0,0,0,0,0,0,0,0,0,0,0,0,0,0,0,0,0,0,0,0,0,0,0,0,0,0,0,0,0,0,0,0,0,0,0,0,0,0,0,0,0,0,0,0,0,0,0,0,0,0,0,0,0,0,0,0,0,0,0,0,0,0,0,0,0,0,0,0,0,0,0,0,0,0,0,0,0,0,0,0,0,0,0,0,0,0,0,0,0,0,0,0,0,0,0,0,0,0,0,0,0,0,0,0,0,0,0,0,0,0,0,0,0,0,0,0,0,0,0,0,0,0,0,0,0,0,0,0,0,0,0,0,0,0,0,0,0,0,0,0,0,0,0,0,0,0,0,0,0,0,0,0,0,0,0,0,0,0
2029,1,31,20,0,0,0,0,0,0,0,0,0,0,0,0,294.0449,0,0,0,0,0,0,0,0,0,0,0,0,0,0,0,0,0,0,0,0,0,0,0,0,0,0,0,0,0,0,0,0,0,0,0,0,0,0,0,0,0,128.7091,128.7091,0,128.7091,128.7091,0,0,0,0,0,18.47826,46.19566,69.30102,0,0,0,0,0,0,0,0,0,0,0,0,0,0,0,3.612968,3.612968,53.4982,0,52.5,48.0012,52.5,0,0,0,0,0,0,0,0,0,3.612968,3.612968,42.12937,0,0,19.54527,0,19.54527,0,0,0,0,0,19.90022,19.90022,3.225839,3.225839,1.727273,0,4.435484,0,0,0,0,0,0,0,0,0,0,0,0,0,0,0,276.1364,276.1364,17.2331,18.28941,14.45649,18.92498,0.1921294,0,27.63767,0,0,151.3214,0,0,0,0,0,0,0,0,0,0,0,0,0,0,0,0,0,0,0,0,0,0,0,0,0,0,0,0,77.87042,0,0,0,0,0,0,0,374.1562,374.7265,373.87,6.8176,12.5566,2.570996,0,0,0,0,0,0,0,0,0,0,0,0,0,0,0,0,0,0,0,0,0,0,0,0,0,0,0,0,0,0,0,0,0,0,0,0,0,0,0,0,0,0,0,0,0,0,0,0,0,0,0,0,0,0,0,0,0,0,0,0,0,0,0,0,0,0,0,0,0,0,0,0,0,0,0,0,0,0,0,0,0,0,0,0,0,0,0,0,0,0,0,0,0,0,0,0,0,0,0,0,0,0,0,0,0,0,0,0,0,0,0,0,0,0,0,0,0,0,0,0,0,0,0,0,0,0,0,0,0,0,0,0,0,0,0,0,0,0,0,0,0,0,0,0,0,0,0,0,0,0,0,0,0,0,0,0,0,0,0,0,0,0,0,0,0,0,0,0,0,0,0,0,0,0,0,0,0,0,0,0
2029,1,31,21,0,0,0,0,0,0,0,0,0,0,0,0,185.2483,0,0,0,0,0,0,0,0,0,0,0,0,0,0,0,0,0,0,0,0,0,0,0,0,0,0,0,0,0,0,0,0,0,0,0,0,0,0,0,0,0,128.7091,128.7091,0,128.7091,128.7091,0,0,0,0,0,18.47826,46.19566,69.30102,0,0,0,0,0,0,0,0,0,0,0,0,0,0,0,3.612968,3.612968,53.4982,0,52.5,48.0012,52.5,0,0,0,0,0,0,0,0,0,3.612968,3.612968,42.12937,0,0,19.54527,0,19.54527,0,0,0,0,0,19.90022,19.90022,3.225839,3.225839,1.727273,0,4.435484,0,0,0,0,0,0,0,0,0,0,0,0,0,0,0,276.1364,276.1364,21.65122,45.18038,37.1949,14.45011,0.3478871,0,130.1867,0,0,123.505,0,0,0,0,0,0,0,0,0,0,0,0,0,0,0,0,0,0,0,0,0,0,0,0,0,0,0,0,78.42082,0,0,0,0,0,0,0,374.1562,374.7265,373.87,6.8176,12.5566,2.570996,0,0,0,0,0,0,0,0,0,0,0,0,0,0,0,0,0,0,0,0,0,0,0,0,0,0,0,0,0,0,0,0,0,0,0,0,0,0,0,0,0,0,0,0,0,0,0,0,0,0,0,0,0,0,0,0,0,0,0,0,0,0,0,0,0,0,0,0,0,0,0,0,0,0,0,0,0,0,0,0,0,0,0,0,0,0,0,0,0,0,0,0,0,0,0,0,0,0,0,0,0,0,0,0,0,0,0,0,0,0,0,0,0,0,0,0,0,0,0,0,0,0,0,0,0,0,0,0,0,0,0,0,0,0,0,0,0,0,0,0,0,0,0,0,0,0,0,0,0,0,0,0,0,0,0,0,0,0,0,0,0,0,0,0,0,0,0,0,0,0,0,0,0,0,0,0,0,0,0,0
2029,1,31,22,0,0,0,0,0,0,0,0,0,0,0,0,0,0,0,0,0,0,0,0,0,0,0,0,0,0,0,0,0,0,0,0,0,0,0,0,0,0,0,0,0,0,0,0,0,0,0,0,0,0,0,0,0,0,128.7091,128.7091,0,128.7091,128.7091,0,0,0,0,0,18.47826,46.19566,69.30102,0,0,0,0,0,0,0,0,0,0,0,0,0,0,0,3.612968,3.612968,53.4982,0,0,0,0,0,0,0,0,0,0,0,0,0,3.612968,3.612968,42.12937,0,0,19.54527,0,19.54527,0,0,0,0,0,19.90022,19.90022,3.225839,3.225839,1.727273,0,4.435484,0,0,0,0,0,0,0,0,0,0,0,0,0,0,0,276.1364,276.1364,23.6918,39.73249,32.83267,8.203933,3.625996,0,334.4993,0,0,68.01183,0,0,0,0,0,0,0,0,0,0,0,0,0,0,0,0,0,0,0,0,0,0,0,0,0,0,0,0,77.54093,0,0,0,0,0,0,0,374.1562,374.7265,373.87,6.8176,12.5566,2.570996,0,0,0,0,0,0,0,0,0,0,0,0,0,0,0,0,0,0,0,0,0,0,0,0,0,0,0,0,0,0,0,0,0,0,0,0,0,0,0,0,0,0,0,0,0,0,0,0,0,0,0,0,0,0,0,0,0,0,0,0,0,0,0,0,0,0,0,0,0,0,0,0,0,0,0,0,0,0,0,0,0,0,0,0,0,0,0,0,0,0,0,0,0,0,0,0,0,0,0,0,0,0,0,0,0,0,0,0,0,0,0,0,0,0,0,0,0,0,0,0,0,0,0,0,0,0,0,0,0,0,0,0,0,0,0,0,0,0,0,0,0,0,0,0,0,0,0,0,0,0,0,0,0,0,0,0,0,0,0,0,0,0,0,0,0,0,0,0,0,0,0,0,0,0,0,0,0,0,0,0
2029,1,31,23,0,0,0,0,0,0,0,0,0,0,0,0,0,0,0,0,0,0,0,0,0,0,0,0,0,0,0,0,0,0,0,0,0,0,0,0,0,0,0,0,0,0,0,0,0,0,0,0,0,0,0,0,0,0,128.7091,128.7091,0,128.7091,128.7091,0,0,0,0,0,18.47826,46.19566,69.30102,0,0,0,0,0,0,0,0,0,0,0,0,0,0,0,3.612968,3.612968,53.4982,0,0,0,0,0,0,0,0,0,0,0,0,0,3.612968,3.612968,42.12937,0,0,19.54527,0,19.54527,0,0,0,0,0,19.90022,19.90022,3.225839,3.225839,1.727273,0,4.435484,0,0,0,0,0,0,0,0,0,0,0,0,0,0,0,276.1364,276.1364,25.10879,11.01043,8.766618,6.432629,1.584205,0,466.7968,0,0,61.09705,0,0,0,0,0,0,0,0,0,0,0,0,0,0,0,0,0,0,0,0,0,0,0,0,0,0,0,0,76.34493,0,0,0,0,0,0,0,374.1562,374.7265,373.87,6.8176,12.5566,2.570996,0,0,0,0,0,0,0,0,0,0,0,0,0,0,0,0,0,0,0,0,0,0,0,0,0,0,0,0,0,0,0,0,0,0,0,0,0,0,0,0,0,0,0,0,0,0,0,0,0,0,0,0,0,0,0,0,0,0,0,0,0,0,0,0,0,0,0,0,0,0,0,0,0,0,0,0,0,0,0,0,0,0,0,0,0,0,0,0,0,0,0,0,0,0,0,0,0,0,0,0,0,0,0,0,0,0,0,0,0,0,0,0,0,0,0,0,0,0,0,0,0,0,0,0,0,0,0,0,0,0,0,0,0,0,0,0,0,0,0,0,0,0,0,0,0,0,0,0,0,0,0,0,0,0,0,0,0,0,0,0,0,0,0,0,0,0,0,0,0,0,0,0,0,0,0,0,0,0,0,0
2029,1,31,24,0,0,0,0,0,0,0,0,0,0,0,0,0,0,0,0,0,0,0,0,0,0,0,0,0,0,0,0,0,0,0,0,0,0,0,0,0,0,0,0,0,0,0,0,0,0,0,0,0,0,0,0,0,0,128.7091,128.7091,0,128.7091,128.7091,0,0,0,0,0,18.47826,46.19566,69.30102,0,0,0,0,0,0,0,0,0,0,0,0,0,0,0,3.612968,3.612968,53.4982,0,0,0,0,0,0,0,0,0,0,0,0,0,3.612968,3.612968,42.12937,0,0,19.54527,0,19.54527,0,0,0,0,0,19.90022,19.90022,3.225839,3.225839,1.727273,0,4.435484,0,0,0,0,0,0,0,0,0,0,0,0,0,0,0,276.1364,276.1364,13.55967,7.588342,5.668798,6.991988,0.8927295,0,444.9027,0,0,44.01215,0,0,0,0,0,0,0,0,0,0,0,0,0,0,0,0,0,0,0,0,0,0,0,0,0,0,0,0,75.06567,0,0,0,0,0,0,0,374.1562,374.7265,373.87,6.8176,12.5566,2.570996,0,0,0,0,0,0,0,0,0,0,0,0,0,0,0,0,0,0,0,0,0,0,0,0,0,0,0,0,0,0,0,0,0,0,0,0,0,0,0,0,0,0,0,0,0,0,0,0,0,0,0,0,0,0,0,0,0,0,0,0,0,0,0,0,0,0,0,0,0,0,0,0,0,0,0,0,0,0,0,0,0,0,0,0,0,0,0,0,0,0,0,0,0,0,0,0,0,0,0,0,0,0,0,0,0,0,0,0,0,0,0,0,0,0,0,0,0,0,0,0,0,0,0,0,0,0,0,0,0,0,0,0,0,0,0,0,0,0,0,0,0,0,0,0,0,0,0,0,0,0,0,0,0,0,0,0,0,0,0,0,0,0,0,0,0,0,0,0,0,0,0,0,0,0,0,0,0,0,0,0
