Year,Month,Douglas,Griffith A,Griffith B,Griffith DB,Ocotillo CT 1,Ocotillo CT 2,Ocotillo CT 3,Ocotillo CT 4,Ocotillo CT 5,Ocotillo CT 6,Ocotillo CT 7,Redhawk 1 A,Redhawk 1 B,Redhawk 1 DB,Redhawk 2 A,Redhawk 2 B,Redhawk 2 DB,Redhawk  CT1,Redhawk  CT2,Redhawk  CT3,Redhawk  CT4,Redhawk  CT5,Redhawk  CT6,Redhawk  CT7,Redhawk  CT8,Saguaro CT 1,Saguaro CT 2,Saguaro CT 3,Sundance CT 1,Sundance CT 10,Sundance CT 2,Sundance CT 3,Sundance CT 4,Sundance CT 5,Sundance CT 6,Sundance CT 7,Sundance CT 8,Sundance CT 9,Sundance CT11,Sundance CT12,West Phoenix CC1,West Phoenix CC2,West Phoenix CC3,West Phoenix CC4,West Phoenix CC5 A,West Phoenix CC5 B,West Phoenix CC5 DB,West Phoenix CT 1,West Phoenix CT 2,Yucca CT 1,Yucca CT 2,Yucca CT 3,Yucca CT 4,Yucca CT 5,Yucca CT 6,Arlington A,Arlington B,Arlington DB,South Point A,South Point B,South Point DB
2025,1,100,0,0,0,0,0,0.15,0,0,100,81.88,0.038733955,5.997927339,0.073496998,4.43734915,30.31146172,4.168695517,10.47,32.67,12.6,34.99,0,88.4,25.82,13.32,0,0,0,10.47,7.39,32.67,12.6,34.99,0,88.4,25.82,13.32,35.61,35.61,7.39,96.33,0,20.7,8.39,0.283484602,9.384171733,0.082871031,0,0,0,88.96,0,0,1.38,9.36,4.37079543,14.35539922,4.552401957,4.216295955,16.10611309,6.188048958
2025,2,99.48,0,0,0,0,0,0,9.07,1.54,100,0,4.6725,0,9.858120689,0,0,0,65.48,61.7,67.86,62.01,0,0,49.35,0,0,0,0,65.48,53.56,61.7,67.86,62.01,0,0,49.35,0,60.42,60.42,53.56,0,0.55,0.07,8.43,0,1.11,0,0,0,0,0,0,0,0,0,4.37079543,14.35539922,4.552401957,4.216295955,16.10611309,6.188048958
2025,3,0,0,0,0,0,0,2.22,0,0,100,39.16,0,2.66,0,62.56595388,99.90153269,37.54218945,0,0,0,0,0,36.35,26.44,3.61,0,0,63.61,0,4.83,0,0,0,0,36.35,26.44,3.61,4.93,4.93,4.83,0.3,17.79,6.9,20.61,0,0.54,0,0,0,0,0,0,0,66.77,6.26,4.37079543,14.35539922,4.552401957,4.216295955,16.10611309,6.188048958
2025,4,0,1.199546526,13.52914864,1.204951383,0,0,3.75,3.32,0,93.57,31.17,99.5458209,100,100,2.767221654,13.82789759,4.050559773,0,22.51,2.55,0,0,52.66,0.41,35.04,33.32,0,0,0,0.2,22.51,2.55,0,0,52.66,0.41,35.04,0,0,0.2,4.53,0,2.05,5.79,0,0,0,0,0,0,0,100,0,99.82,99.91,4.37079543,14.35539922,4.552401957,4.216295955,16.10611309,6.188048958
2025,5,85.14,0,0,0,0,0,0.79,1.77,1,67.44,4.7,9.162198648,35.88747171,7.734786316,0,0,0,0,0,0,5.92,0,6.57,34.39,0,69.77,0,2.8,0,0,0,0,5.92,0,6.57,34.39,0,0,0,0,0.47,0,11.44,0,37.47324684,77.62423129,18.8439999,85.49,0,0,0,34.65,0,0,93.46,1.688392554,6.574875374,1.952301156,2.128281996,9.221398341,3.221186985
2025,6,74.75,0,0,0,0,0,3.01,0,0,0,0,4.111479309,21.10462478,4.224046896,0,0.15,0,0,21.98,0,0,0,0,0,0,0,0,0.56,0,0.04,21.98,0,0,0,0,0,0,0,0,0.04,0,0,0,0.31,0.251429404,10.04636459,0.193557471,0,0,0,0,0,0,0,0,1.688392554,6.574875374,1.952301156,2.128281996,9.221398341,3.221186985
2025,7,90.47,0.150516553,0.289409284,0.160135108,0,0,95.33,1.18,1.77,91.37,2.14,8.957888698,3.363185734,16.87466091,0,0,0,6.09,1.48,15.02,4.15,0.49,0,0,0,0,76.9,0,6.09,0,1.48,15.02,4.15,0.49,0,0,0,9.27,9.27,0,0.3,0,2.21,20.03,0.058771186,0,0.131305984,0,0,0,0,0,0,0,0,1.688392554,6.574875374,1.952301156,2.128281996,9.221398341,3.221186985
2025,8,0,1.787702329,6.187880514,1.76704498,0,0,100,99.94,0,100,0,0,0,0,0,0,0,0,0,1.88,20.31,2.66,0,17.27,0,0,0,0.28,0,0,0,1.88,20.31,2.66,0,17.27,0,0,0,0,0.59,0.27,0,0.22,0.083696355,0.139771695,0.186638926,0,0,72.7,50.17,34.98,7.76,0,0,1.688392554,6.574875374,1.952301156,2.128281996,9.221398341,3.221186985
2025,9,0,0,0,0,0,0,100,100,0,100,49.87,0,0,0,0.089816934,0,0.160327067,0,0,0,0,0,0,0,0,0,0,0,0,0,0,0,0,0,0,0,0,0,0,0,1.49,0.56,0,0,0.028233282,3.527921049,0.048357928,0,29.25,27.98,0,8.08,13.24,1.73,0,1.688392554,6.574875374,1.952301156,2.128281996,9.221398341,3.221186985
2025,10,0,0,0,0,0,0,95.85,99.73,0,100,27.48,0,0.86,0,1.76E-03,1.256502114,0,0,67.74,0,0,0,0,90.79,80.92,0,0,0,0,59.62,67.74,0,0,0,0,90.79,80.92,81.17,81.17,59.62,18.8,7.23,21.07,5.01,0,0.11,0,0,0,0,0,0,0,0,0,1.688392554,6.574875374,1.952301156,2.128281996,9.221398341,3.221186985
2025,11,96.33,0,0,0,0,0,0,49.85,1.99,100,0,0,1.27,0,0,0.11,0,27.17,100,68.5,25.9,5.38,72.47,7.7,17.72,0,6.9,12.22,27.17,13.03,100,68.5,25.9,5.38,72.47,7.7,17.72,23.98,23.98,13.03,46.61,4.29,41.01,9.96,2.510364,89.05487348,0,0,88.35,8.61,0,9.3,0,0,1.07,4.37079543,14.35539922,4.552401957,4.216295955,16.10611309,6.188048958
2025,12,0,0.160232021,0.519559047,0.17048294,83.59,0,0.46,0,0,100,18.62,93.59552301,91.15627724,99.46196863,7.16765051,23.0419926,9.190933412,0,97.63,0,16.43,0,7.61,0,0.03,0,0,60.71,0,0,97.63,0,16.43,0,7.61,0,0.03,0,0,0,14.09,22.58,0,25.87,0,40.24,0,0,0,0,0,0,0,0,0,4.37079543,14.35539922,4.552401957,4.216295955,16.10611309,6.188048958
2026,1,7.21395166,4.047610361,12.74603441,3.696380662,7.21395166,7.21395166,13.16078293,16.3131644,12.14143216,23.25647388,12.48738692,1.848574355,8.52062228,3.09628524,2.452083293,9.854228364,4.050724598,15.49794391,18.96865374,14.41576229,17.30472687,10.98735507,13.86058528,11.7388329,9.873896821,7.21395166,7.21395166,4.697438085,15.49794391,10.70136116,18.96865374,14.41576229,17.30472687,10.98735507,13.86058528,11.7388329,9.873896821,13.89499934,13.89499934,10.70136116,6.688332058,5.998240468,6.923840368,7.286866333,2.115613021,10.76401111,3.607807533,7.21395166,7.21395166,7.21395166,7.21395166,7.5257045,7.21395166,8.642601065,8.757632169,4.37079543,14.35539922,4.552401957,4.216295955,16.10611309,6.188048958
2026,2,7.21395166,4.047610361,12.74603441,3.696380662,7.21395166,7.21395166,13.16078293,16.3131644,12.14143216,23.25647388,12.48738692,1.848574355,8.52062228,3.09628524,2.452083293,9.854228364,4.050724598,15.49794391,18.96865374,14.41576229,17.30472687,10.98735507,13.86058528,11.7388329,9.873896821,7.21395166,7.21395166,4.697438085,15.49794391,10.70136116,18.96865374,14.41576229,17.30472687,10.98735507,13.86058528,11.7388329,9.873896821,13.89499934,13.89499934,10.70136116,6.688332058,5.998240468,6.923840368,7.286866333,2.115613021,10.76401111,3.607807533,7.21395166,7.21395166,7.21395166,7.21395166,7.5257045,7.21395166,8.642601065,8.757632169,4.37079543,14.35539922,4.552401957,4.216295955,16.10611309,6.188048958
2026,3,7.21395166,4.047610361,12.74603441,3.696380662,7.21395166,7.21395166,13.16078293,16.3131644,12.14143216,23.25647388,12.48738692,1.848574355,8.52062228,3.09628524,2.452083293,9.854228364,4.050724598,15.49794391,18.96865374,14.41576229,17.30472687,10.98735507,13.86058528,11.7388329,9.873896821,7.21395166,7.21395166,4.697438085,15.49794391,10.70136116,18.96865374,14.41576229,17.30472687,10.98735507,13.86058528,11.7388329,9.873896821,13.89499934,13.89499934,10.70136116,6.688332058,5.998240468,6.923840368,7.286866333,2.115613021,10.76401111,3.607807533,7.21395166,7.21395166,7.21395166,7.21395166,7.5257045,7.21395166,8.642601065,8.757632169,4.37079543,14.35539922,4.552401957,4.216295955,16.10611309,6.188048958
2026,4,7.21395166,4.047610361,12.74603441,3.696380662,7.21395166,7.21395166,13.16078293,16.3131644,12.14143216,23.25647388,12.48738692,1.848574355,8.52062228,3.09628524,2.452083293,9.854228364,4.050724598,15.49794391,18.96865374,14.41576229,17.30472687,10.98735507,13.86058528,11.7388329,9.873896821,7.21395166,7.21395166,4.697438085,15.49794391,10.70136116,18.96865374,14.41576229,17.30472687,10.98735507,13.86058528,11.7388329,9.873896821,13.89499934,13.89499934,10.70136116,6.688332058,5.998240468,6.923840368,7.286866333,2.115613021,10.76401111,3.607807533,7.21395166,7.21395166,7.21395166,7.21395166,7.5257045,7.21395166,8.642601065,8.757632169,4.37079543,14.35539922,4.552401957,4.216295955,16.10611309,6.188048958
2026,5,9.113408746,1.603510464,5.837766242,1.586086259,9.113408746,9.113408746,13.78494464,15.15361631,12.78975371,15.74452243,12.12888801,0.844300323,4.597002836,1.361518606,0.776623299,4.01101177,1.27363577,2.712921167,2.712921167,2.712921167,4.56904689,2.712921167,2.712921167,2.712921167,2.712921167,9.113408746,9.113408746,2.374996746,2.712921167,2.712921167,2.712921167,2.712921167,4.56904689,2.712921167,2.712921167,2.712921167,2.712921167,2.712921167,2.712921167,2.712921167,2.74807894,2.606906303,2.393406159,3.873411833,1.165791236,7.775420096,2.075141639,25.23864998,18.23414384,9.113408746,9.113408746,10.05408187,9.113408746,2.712921167,2.712921167,1.688392554,6.574875374,1.952301156,2.128281996,9.221398341,3.221186985
2026,6,9.113408746,1.603510464,5.837766242,1.586086259,9.113408746,9.113408746,13.78494464,15.15361631,12.78975371,15.74452243,12.12888801,0.844300323,4.597002836,1.361518606,0.776623299,4.01101177,1.27363577,2.712921167,2.712921167,2.712921167,4.56904689,2.712921167,2.712921167,2.712921167,2.712921167,9.113408746,9.113408746,2.374996746,2.712921167,2.712921167,2.712921167,2.712921167,4.56904689,2.712921167,2.712921167,2.712921167,2.712921167,2.712921167,2.712921167,2.712921167,2.74807894,2.606906303,2.393406159,3.873411833,1.165791236,7.775420096,2.075141639,25.23864998,18.23414384,9.113408746,9.113408746,10.05408187,9.113408746,2.712921167,2.712921167,1.688392554,6.574875374,1.952301156,2.128281996,9.221398341,3.221186985
2026,7,9.113408746,1.603510464,5.837766242,1.586086259,9.113408746,9.113408746,13.78494464,15.15361631,12.78975371,15.74452243,12.12888801,0.844300323,4.597002836,1.361518606,0.776623299,4.01101177,1.27363577,2.712921167,2.712921167,2.712921167,4.56904689,2.712921167,2.712921167,2.712921167,2.712921167,9.113408746,9.113408746,2.374996746,2.712921167,2.712921167,2.712921167,2.712921167,4.56904689,2.712921167,2.712921167,2.712921167,2.712921167,2.712921167,2.712921167,2.712921167,2.74807894,2.606906303,2.393406159,3.873411833,1.165791236,7.775420096,2.075141639,25.23864998,18.23414384,9.113408746,9.113408746,10.05408187,9.113408746,2.712921167,2.712921167,1.688392554,6.574875374,1.952301156,2.128281996,9.221398341,3.221186985
2026,8,9.113408746,1.603510464,5.837766242,1.586086259,9.113408746,9.113408746,13.78494464,15.15361631,12.78975371,15.74452243,12.12888801,0.844300323,4.597002836,1.361518606,0.776623299,4.01101177,1.27363577,2.712921167,2.712921167,2.712921167,4.56904689,2.712921167,2.712921167,2.712921167,2.712921167,9.113408746,9.113408746,2.374996746,2.712921167,2.712921167,2.712921167,2.712921167,4.56904689,2.712921167,2.712921167,2.712921167,2.712921167,2.712921167,2.712921167,2.712921167,2.74807894,2.606906303,2.393406159,3.873411833,1.165791236,7.775420096,2.075141639,25.23864998,18.23414384,9.113408746,9.113408746,10.05408187,9.113408746,2.712921167,2.712921167,1.688392554,6.574875374,1.952301156,2.128281996,9.221398341,3.221186985
2026,9,9.113408746,1.603510464,5.837766242,1.586086259,9.113408746,9.113408746,13.78494464,15.15361631,12.78975371,15.74452243,12.12888801,0.844300323,4.597002836,1.361518606,0.776623299,4.01101177,1.27363577,2.712921167,2.712921167,2.712921167,4.56904689,2.712921167,2.712921167,2.712921167,2.712921167,9.113408746,9.113408746,2.374996746,2.712921167,2.712921167,2.712921167,2.712921167,4.56904689,2.712921167,2.712921167,2.712921167,2.712921167,2.712921167,2.712921167,2.712921167,2.74807894,2.606906303,2.393406159,3.873411833,1.165791236,7.775420096,2.075141639,25.23864998,18.23414384,9.113408746,9.113408746,10.05408187,9.113408746,2.712921167,2.712921167,1.688392554,6.574875374,1.952301156,2.128281996,9.221398341,3.221186985
2026,10,9.113408746,1.603510464,5.837766242,1.586086259,9.113408746,9.113408746,13.78494464,15.15361631,12.78975371,15.74452243,12.12888801,0.844300323,4.597002836,1.361518606,0.776623299,4.01101177,1.27363577,2.712921167,2.712921167,2.712921167,4.56904689,2.712921167,2.712921167,2.712921167,2.712921167,9.113408746,9.113408746,2.374996746,2.712921167,2.712921167,2.712921167,2.712921167,4.56904689,2.712921167,2.712921167,2.712921167,2.712921167,2.712921167,2.712921167,2.712921167,2.74807894,2.606906303,2.393406159,3.873411833,1.165791236,7.775420096,2.075141639,25.23864998,18.23414384,9.113408746,9.113408746,10.05408187,9.113408746,2.712921167,2.712921167,1.688392554,6.574875374,1.952301156,2.128281996,9.221398341,3.221186985
2026,11,7.21395166,4.047610361,12.74603441,3.696380662,7.21395166,7.21395166,13.16078293,16.3131644,12.14143216,23.25647388,12.48738692,1.848574355,8.52062228,3.09628524,2.452083293,9.854228364,4.050724598,15.49794391,18.96865374,14.41576229,17.30472687,10.98735507,13.86058528,11.7388329,9.873896821,7.21395166,7.21395166,4.697438085,15.49794391,10.70136116,18.96865374,14.41576229,17.30472687,10.98735507,13.86058528,11.7388329,9.873896821,13.89499934,13.89499934,10.70136116,6.688332058,5.998240468,6.923840368,7.286866333,2.115613021,10.76401111,3.607807533,7.21395166,7.21395166,7.21395166,7.21395166,7.5257045,7.21395166,8.642601065,8.757632169,4.37079543,14.35539922,4.552401957,4.216295955,16.10611309,6.188048958
2026,12,7.21395166,4.047610361,12.74603441,3.696380662,7.21395166,7.21395166,13.16078293,16.3131644,12.14143216,23.25647388,12.48738692,1.848574355,8.52062228,3.09628524,2.452083293,9.854228364,4.050724598,15.49794391,18.96865374,14.41576229,17.30472687,10.98735507,13.86058528,11.7388329,9.873896821,7.21395166,7.21395166,4.697438085,15.49794391,10.70136116,18.96865374,14.41576229,17.30472687,10.98735507,13.86058528,11.7388329,9.873896821,13.89499934,13.89499934,10.70136116,6.688332058,5.998240468,6.923840368,7.286866333,2.115613021,10.76401111,3.607807533,7.21395166,7.21395166,7.21395166,7.21395166,7.5257045,7.21395166,8.642601065,8.757632169,4.37079543,14.35539922,4.552401957,4.216295955,16.10611309,6.188048958
2027,1,7.21395166,4.047610361,12.74603441,3.696380662,7.21395166,7.21395166,13.16078293,16.3131644,12.14143216,23.25647388,12.48738692,1.848574355,8.52062228,3.09628524,2.452083293,9.854228364,4.050724598,15.49794391,18.96865374,14.41576229,17.30472687,10.98735507,13.86058528,11.7388329,9.873896821,7.21395166,7.21395166,4.697438085,15.49794391,10.70136116,18.96865374,14.41576229,17.30472687,10.98735507,13.86058528,11.7388329,9.873896821,13.89499934,13.89499934,10.70136116,6.688332058,5.998240468,6.923840368,7.286866333,2.115613021,10.76401111,3.607807533,7.21395166,7.21395166,7.21395166,7.21395166,7.5257045,7.21395166,8.642601065,8.757632169,4.37079543,14.35539922,4.552401957,4.216295955,16.10611309,6.188048958
2027,2,7.21395166,4.047610361,12.74603441,3.696380662,7.21395166,7.21395166,13.16078293,16.3131644,12.14143216,23.25647388,12.48738692,1.848574355,8.52062228,3.09628524,2.452083293,9.854228364,4.050724598,15.49794391,18.96865374,14.41576229,17.30472687,10.98735507,13.86058528,11.7388329,9.873896821,7.21395166,7.21395166,4.697438085,15.49794391,10.70136116,18.96865374,14.41576229,17.30472687,10.98735507,13.86058528,11.7388329,9.873896821,13.89499934,13.89499934,10.70136116,6.688332058,5.998240468,6.923840368,7.286866333,2.115613021,10.76401111,3.607807533,7.21395166,7.21395166,7.21395166,7.21395166,7.5257045,7.21395166,8.642601065,8.757632169,4.37079543,14.35539922,4.552401957,4.216295955,16.10611309,6.188048958
2027,3,7.21395166,4.047610361,12.74603441,3.696380662,7.21395166,7.21395166,13.16078293,16.3131644,12.14143216,23.25647388,12.48738692,1.848574355,8.52062228,3.09628524,2.452083293,9.854228364,4.050724598,15.49794391,18.96865374,14.41576229,17.30472687,10.98735507,13.86058528,11.7388329,9.873896821,7.21395166,7.21395166,4.697438085,15.49794391,10.70136116,18.96865374,14.41576229,17.30472687,10.98735507,13.86058528,11.7388329,9.873896821,13.89499934,13.89499934,10.70136116,6.688332058,5.998240468,6.923840368,7.286866333,2.115613021,10.76401111,3.607807533,7.21395166,7.21395166,7.21395166,7.21395166,7.5257045,7.21395166,8.642601065,8.757632169,4.37079543,14.35539922,4.552401957,4.216295955,16.10611309,6.188048958
2027,4,7.21395166,4.047610361,12.74603441,3.696380662,7.21395166,7.21395166,13.16078293,16.3131644,12.14143216,23.25647388,12.48738692,1.848574355,8.52062228,3.09628524,2.452083293,9.854228364,4.050724598,15.49794391,18.96865374,14.41576229,17.30472687,10.98735507,13.86058528,11.7388329,9.873896821,7.21395166,7.21395166,4.697438085,15.49794391,10.70136116,18.96865374,14.41576229,17.30472687,10.98735507,13.86058528,11.7388329,9.873896821,13.89499934,13.89499934,10.70136116,6.688332058,5.998240468,6.923840368,7.286866333,2.115613021,10.76401111,3.607807533,7.21395166,7.21395166,7.21395166,7.21395166,7.5257045,7.21395166,8.642601065,8.757632169,4.37079543,14.35539922,4.552401957,4.216295955,16.10611309,6.188048958
2027,5,9.113408746,1.603510464,5.837766242,1.586086259,9.113408746,9.113408746,13.78494464,15.15361631,12.78975371,15.74452243,12.12888801,0.844300323,4.597002836,1.361518606,0.776623299,4.01101177,1.27363577,2.712921167,2.712921167,2.712921167,4.56904689,2.712921167,2.712921167,2.712921167,2.712921167,9.113408746,9.113408746,2.374996746,2.712921167,2.712921167,2.712921167,2.712921167,4.56904689,2.712921167,2.712921167,2.712921167,2.712921167,2.712921167,2.712921167,2.712921167,2.74807894,2.606906303,2.393406159,3.873411833,1.165791236,7.775420096,2.075141639,25.23864998,18.23414384,9.113408746,9.113408746,10.05408187,9.113408746,2.712921167,2.712921167,1.688392554,6.574875374,1.952301156,2.128281996,9.221398341,3.221186985
2027,6,9.113408746,1.603510464,5.837766242,1.586086259,9.113408746,9.113408746,13.78494464,15.15361631,12.78975371,15.74452243,12.12888801,0.844300323,4.597002836,1.361518606,0.776623299,4.01101177,1.27363577,2.712921167,2.712921167,2.712921167,4.56904689,2.712921167,2.712921167,2.712921167,2.712921167,9.113408746,9.113408746,2.374996746,2.712921167,2.712921167,2.712921167,2.712921167,4.56904689,2.712921167,2.712921167,2.712921167,2.712921167,2.712921167,2.712921167,2.712921167,2.74807894,2.606906303,2.393406159,3.873411833,1.165791236,7.775420096,2.075141639,25.23864998,18.23414384,9.113408746,9.113408746,10.05408187,9.113408746,2.712921167,2.712921167,1.688392554,6.574875374,1.952301156,2.128281996,9.221398341,3.221186985
2027,7,9.113408746,1.603510464,5.837766242,1.586086259,9.113408746,9.113408746,13.78494464,15.15361631,12.78975371,15.74452243,12.12888801,0.844300323,4.597002836,1.361518606,0.776623299,4.01101177,1.27363577,2.712921167,2.712921167,2.712921167,4.56904689,2.712921167,2.712921167,2.712921167,2.712921167,9.113408746,9.113408746,2.374996746,2.712921167,2.712921167,2.712921167,2.712921167,4.56904689,2.712921167,2.712921167,2.712921167,2.712921167,2.712921167,2.712921167,2.712921167,2.74807894,2.606906303,2.393406159,3.873411833,1.165791236,7.775420096,2.075141639,25.23864998,18.23414384,9.113408746,9.113408746,10.05408187,9.113408746,2.712921167,2.712921167,1.688392554,6.574875374,1.952301156,2.128281996,9.221398341,3.221186985
2027,8,9.113408746,1.603510464,5.837766242,1.586086259,9.113408746,9.113408746,13.78494464,15.15361631,12.78975371,15.74452243,12.12888801,0.844300323,4.597002836,1.361518606,0.776623299,4.01101177,1.27363577,2.712921167,2.712921167,2.712921167,4.56904689,2.712921167,2.712921167,2.712921167,2.712921167,9.113408746,9.113408746,2.374996746,2.712921167,2.712921167,2.712921167,2.712921167,4.56904689,2.712921167,2.712921167,2.712921167,2.712921167,2.712921167,2.712921167,2.712921167,2.74807894,2.606906303,2.393406159,3.873411833,1.165791236,7.775420096,2.075141639,25.23864998,18.23414384,9.113408746,9.113408746,10.05408187,9.113408746,2.712921167,2.712921167,1.688392554,6.574875374,1.952301156,2.128281996,9.221398341,3.221186985
2027,9,9.113408746,1.603510464,5.837766242,1.586086259,9.113408746,9.113408746,13.78494464,15.15361631,12.78975371,15.74452243,12.12888801,0.844300323,4.597002836,1.361518606,0.776623299,4.01101177,1.27363577,2.712921167,2.712921167,2.712921167,4.56904689,2.712921167,2.712921167,2.712921167,2.712921167,9.113408746,9.113408746,2.374996746,2.712921167,2.712921167,2.712921167,2.712921167,4.56904689,2.712921167,2.712921167,2.712921167,2.712921167,2.712921167,2.712921167,2.712921167,2.74807894,2.606906303,2.393406159,3.873411833,1.165791236,7.775420096,2.075141639,25.23864998,18.23414384,9.113408746,9.113408746,10.05408187,9.113408746,2.712921167,2.712921167,1.688392554,6.574875374,1.952301156,2.128281996,9.221398341,3.221186985
2027,10,9.113408746,1.603510464,5.837766242,1.586086259,9.113408746,9.113408746,13.78494464,15.15361631,12.78975371,15.74452243,12.12888801,0.844300323,4.597002836,1.361518606,0.776623299,4.01101177,1.27363577,2.712921167,2.712921167,2.712921167,4.56904689,2.712921167,2.712921167,2.712921167,2.712921167,9.113408746,9.113408746,2.374996746,2.712921167,2.712921167,2.712921167,2.712921167,4.56904689,2.712921167,2.712921167,2.712921167,2.712921167,2.712921167,2.712921167,2.712921167,2.74807894,2.606906303,2.393406159,3.873411833,1.165791236,7.775420096,2.075141639,25.23864998,18.23414384,9.113408746,9.113408746,10.05408187,9.113408746,2.712921167,2.712921167,1.688392554,6.574875374,1.952301156,2.128281996,9.221398341,3.221186985
2027,11,7.21395166,4.047610361,12.74603441,3.696380662,7.21395166,7.21395166,13.16078293,16.3131644,12.14143216,23.25647388,12.48738692,1.848574355,8.52062228,3.09628524,2.452083293,9.854228364,4.050724598,15.49794391,18.96865374,14.41576229,17.30472687,10.98735507,13.86058528,11.7388329,9.873896821,7.21395166,7.21395166,4.697438085,15.49794391,10.70136116,18.96865374,14.41576229,17.30472687,10.98735507,13.86058528,11.7388329,9.873896821,13.89499934,13.89499934,10.70136116,6.688332058,5.998240468,6.923840368,7.286866333,2.115613021,10.76401111,3.607807533,7.21395166,7.21395166,7.21395166,7.21395166,7.5257045,7.21395166,8.642601065,8.757632169,4.37079543,14.35539922,4.552401957,4.216295955,16.10611309,6.188048958
2027,12,7.21395166,4.047610361,12.74603441,3.696380662,7.21395166,7.21395166,13.16078293,16.3131644,12.14143216,23.25647388,12.48738692,1.848574355,8.52062228,3.09628524,2.452083293,9.854228364,4.050724598,15.49794391,18.96865374,14.41576229,17.30472687,10.98735507,13.86058528,11.7388329,9.873896821,7.21395166,7.21395166,4.697438085,15.49794391,10.70136116,18.96865374,14.41576229,17.30472687,10.98735507,13.86058528,11.7388329,9.873896821,13.89499934,13.89499934,10.70136116,6.688332058,5.998240468,6.923840368,7.286866333,2.115613021,10.76401111,3.607807533,7.21395166,7.21395166,7.21395166,7.21395166,7.5257045,7.21395166,8.642601065,8.757632169,4.37079543,14.35539922,4.552401957,4.216295955,16.10611309,6.188048958
2028,1,7.21395166,4.047610361,12.74603441,3.696380662,7.21395166,7.21395166,13.16078293,16.3131644,12.14143216,23.25647388,12.48738692,1.848574355,8.52062228,3.09628524,2.452083293,9.854228364,4.050724598,15.49794391,18.96865374,14.41576229,17.30472687,10.98735507,13.86058528,11.7388329,9.873896821,7.21395166,7.21395166,4.697438085,15.49794391,10.70136116,18.96865374,14.41576229,17.30472687,10.98735507,13.86058528,11.7388329,9.873896821,13.89499934,13.89499934,10.70136116,6.688332058,5.998240468,6.923840368,7.286866333,2.115613021,10.76401111,3.607807533,7.21395166,7.21395166,7.21395166,7.21395166,7.5257045,7.21395166,8.642601065,8.757632169,4.37079543,14.35539922,4.552401957,4.216295955,16.10611309,6.188048958
2028,2,7.21395166,4.047610361,12.74603441,3.696380662,7.21395166,7.21395166,13.16078293,16.3131644,12.14143216,23.25647388,12.48738692,1.848574355,8.52062228,3.09628524,2.452083293,9.854228364,4.050724598,15.49794391,18.96865374,14.41576229,17.30472687,10.98735507,13.86058528,11.7388329,9.873896821,7.21395166,7.21395166,4.697438085,15.49794391,10.70136116,18.96865374,14.41576229,17.30472687,10.98735507,13.86058528,11.7388329,9.873896821,13.89499934,13.89499934,10.70136116,6.688332058,5.998240468,6.923840368,7.286866333,2.115613021,10.76401111,3.607807533,7.21395166,7.21395166,7.21395166,7.21395166,7.5257045,7.21395166,8.642601065,8.757632169,4.37079543,14.35539922,4.552401957,4.216295955,16.10611309,6.188048958
2028,3,7.21395166,4.047610361,12.74603441,3.696380662,7.21395166,7.21395166,13.16078293,16.3131644,12.14143216,23.25647388,12.48738692,1.848574355,8.52062228,3.09628524,2.452083293,9.854228364,4.050724598,15.49794391,18.96865374,14.41576229,17.30472687,10.98735507,13.86058528,11.7388329,9.873896821,7.21395166,7.21395166,4.697438085,15.49794391,10.70136116,18.96865374,14.41576229,17.30472687,10.98735507,13.86058528,11.7388329,9.873896821,13.89499934,13.89499934,10.70136116,6.688332058,5.998240468,6.923840368,7.286866333,2.115613021,10.76401111,3.607807533,7.21395166,7.21395166,7.21395166,7.21395166,7.5257045,7.21395166,8.642601065,8.757632169,4.37079543,14.35539922,4.552401957,4.216295955,16.10611309,6.188048958
2028,4,7.21395166,4.047610361,12.74603441,3.696380662,7.21395166,7.21395166,13.16078293,16.3131644,12.14143216,23.25647388,12.48738692,1.848574355,8.52062228,3.09628524,2.452083293,9.854228364,4.050724598,15.49794391,18.96865374,14.41576229,17.30472687,10.98735507,13.86058528,11.7388329,9.873896821,7.21395166,7.21395166,4.697438085,15.49794391,10.70136116,18.96865374,14.41576229,17.30472687,10.98735507,13.86058528,11.7388329,9.873896821,13.89499934,13.89499934,10.70136116,6.688332058,5.998240468,6.923840368,7.286866333,2.115613021,10.76401111,3.607807533,7.21395166,7.21395166,7.21395166,7.21395166,7.5257045,7.21395166,8.642601065,8.757632169,4.37079543,14.35539922,4.552401957,4.216295955,16.10611309,6.188048958
2028,5,9.113408746,1.603510464,5.837766242,1.586086259,9.113408746,9.113408746,13.78494464,15.15361631,12.78975371,15.74452243,12.12888801,0.844300323,4.597002836,1.361518606,0.776623299,4.01101177,1.27363577,2.712921167,2.712921167,2.712921167,4.56904689,2.712921167,2.712921167,2.712921167,2.712921167,9.113408746,9.113408746,2.374996746,2.712921167,2.712921167,2.712921167,2.712921167,4.56904689,2.712921167,2.712921167,2.712921167,2.712921167,2.712921167,2.712921167,2.712921167,2.74807894,2.606906303,2.393406159,3.873411833,1.165791236,7.775420096,2.075141639,25.23864998,18.23414384,9.113408746,9.113408746,10.05408187,9.113408746,2.712921167,2.712921167,1.688392554,6.574875374,1.952301156,2.128281996,9.221398341,3.221186985
2028,6,9.113408746,1.603510464,5.837766242,1.586086259,9.113408746,9.113408746,13.78494464,15.15361631,12.78975371,15.74452243,12.12888801,0.844300323,4.597002836,1.361518606,0.776623299,4.01101177,1.27363577,2.712921167,2.712921167,2.712921167,4.56904689,2.712921167,2.712921167,2.712921167,2.712921167,9.113408746,9.113408746,2.374996746,2.712921167,2.712921167,2.712921167,2.712921167,4.56904689,2.712921167,2.712921167,2.712921167,2.712921167,2.712921167,2.712921167,2.712921167,2.74807894,2.606906303,2.393406159,3.873411833,1.165791236,7.775420096,2.075141639,25.23864998,18.23414384,9.113408746,9.113408746,10.05408187,9.113408746,2.712921167,2.712921167,1.688392554,6.574875374,1.952301156,2.128281996,9.221398341,3.221186985
2028,7,9.113408746,1.603510464,5.837766242,1.586086259,9.113408746,9.113408746,13.78494464,15.15361631,12.78975371,15.74452243,12.12888801,0.844300323,4.597002836,1.361518606,0.776623299,4.01101177,1.27363577,2.712921167,2.712921167,2.712921167,4.56904689,2.712921167,2.712921167,2.712921167,2.712921167,9.113408746,9.113408746,2.374996746,2.712921167,2.712921167,2.712921167,2.712921167,4.56904689,2.712921167,2.712921167,2.712921167,2.712921167,2.712921167,2.712921167,2.712921167,2.74807894,2.606906303,2.393406159,3.873411833,1.165791236,7.775420096,2.075141639,25.23864998,18.23414384,9.113408746,9.113408746,10.05408187,9.113408746,2.712921167,2.712921167,1.688392554,6.574875374,1.952301156,2.128281996,9.221398341,3.221186985
2028,8,9.113408746,1.603510464,5.837766242,1.586086259,9.113408746,9.113408746,13.78494464,15.15361631,12.78975371,15.74452243,12.12888801,0.844300323,4.597002836,1.361518606,0.776623299,4.01101177,1.27363577,2.712921167,2.712921167,2.712921167,4.56904689,2.712921167,2.712921167,2.712921167,2.712921167,9.113408746,9.113408746,2.374996746,2.712921167,2.712921167,2.712921167,2.712921167,4.56904689,2.712921167,2.712921167,2.712921167,2.712921167,2.712921167,2.712921167,2.712921167,2.74807894,2.606906303,2.393406159,3.873411833,1.165791236,7.775420096,2.075141639,25.23864998,18.23414384,9.113408746,9.113408746,10.05408187,9.113408746,2.712921167,2.712921167,1.688392554,6.574875374,1.952301156,2.128281996,9.221398341,3.221186985
2028,9,9.113408746,1.603510464,5.837766242,1.586086259,9.113408746,9.113408746,13.78494464,15.15361631,12.78975371,15.74452243,12.12888801,0.844300323,4.597002836,1.361518606,0.776623299,4.01101177,1.27363577,2.712921167,2.712921167,2.712921167,4.56904689,2.712921167,2.712921167,2.712921167,2.712921167,9.113408746,9.113408746,2.374996746,2.712921167,2.712921167,2.712921167,2.712921167,4.56904689,2.712921167,2.712921167,2.712921167,2.712921167,2.712921167,2.712921167,2.712921167,2.74807894,2.606906303,2.393406159,3.873411833,1.165791236,7.775420096,2.075141639,25.23864998,18.23414384,9.113408746,9.113408746,10.05408187,9.113408746,2.712921167,2.712921167,1.688392554,6.574875374,1.952301156,2.128281996,9.221398341,3.221186985
2028,10,9.113408746,1.603510464,5.837766242,1.586086259,9.113408746,9.113408746,13.78494464,15.15361631,12.78975371,15.74452243,12.12888801,0.844300323,4.597002836,1.361518606,0.776623299,4.01101177,1.27363577,2.712921167,2.712921167,2.712921167,4.56904689,2.712921167,2.712921167,2.712921167,2.712921167,9.113408746,9.113408746,2.374996746,2.712921167,2.712921167,2.712921167,2.712921167,4.56904689,2.712921167,2.712921167,2.712921167,2.712921167,2.712921167,2.712921167,2.712921167,2.74807894,2.606906303,2.393406159,3.873411833,1.165791236,7.775420096,2.075141639,25.23864998,18.23414384,9.113408746,9.113408746,10.05408187,9.113408746,2.712921167,2.712921167,1.688392554,6.574875374,1.952301156,2.128281996,9.221398341,3.221186985
2028,11,7.21395166,4.047610361,12.74603441,3.696380662,7.21395166,7.21395166,13.16078293,16.3131644,12.14143216,23.25647388,12.48738692,1.848574355,8.52062228,3.09628524,2.452083293,9.854228364,4.050724598,15.49794391,18.96865374,14.41576229,17.30472687,10.98735507,13.86058528,11.7388329,9.873896821,7.21395166,7.21395166,4.697438085,15.49794391,10.70136116,18.96865374,14.41576229,17.30472687,10.98735507,13.86058528,11.7388329,9.873896821,13.89499934,13.89499934,10.70136116,6.688332058,5.998240468,6.923840368,7.286866333,2.115613021,10.76401111,3.607807533,7.21395166,7.21395166,7.21395166,7.21395166,7.5257045,7.21395166,8.642601065,8.757632169,4.37079543,14.35539922,4.552401957,4.216295955,16.10611309,6.188048958
2028,12,7.21395166,4.047610361,12.74603441,3.696380662,7.21395166,7.21395166,13.16078293,16.3131644,12.14143216,23.25647388,12.48738692,1.848574355,8.52062228,3.09628524,2.452083293,9.854228364,4.050724598,15.49794391,18.96865374,14.41576229,17.30472687,10.98735507,13.86058528,11.7388329,9.873896821,7.21395166,7.21395166,4.697438085,15.49794391,10.70136116,18.96865374,14.41576229,17.30472687,10.98735507,13.86058528,11.7388329,9.873896821,13.89499934,13.89499934,10.70136116,6.688332058,5.998240468,6.923840368,7.286866333,2.115613021,10.76401111,3.607807533,7.21395166,7.21395166,7.21395166,7.21395166,7.5257045,7.21395166,8.642601065,8.757632169,4.37079543,14.35539922,4.552401957,4.216295955,16.10611309,6.188048958
2029,1,7.21395166,4.047610361,12.74603441,3.696380662,7.21395166,7.21395166,13.16078293,16.3131644,12.14143216,23.25647388,12.48738692,1.848574355,8.52062228,3.09628524,2.452083293,9.854228364,4.050724598,15.49794391,18.96865374,14.41576229,17.30472687,10.98735507,13.86058528,11.7388329,9.873896821,7.21395166,7.21395166,4.697438085,15.49794391,10.70136116,18.96865374,14.41576229,17.30472687,10.98735507,13.86058528,11.7388329,9.873896821,13.89499934,13.89499934,10.70136116,6.688332058,5.998240468,6.923840368,7.286866333,2.115613021,10.76401111,3.607807533,7.21395166,7.21395166,7.21395166,7.21395166,7.5257045,7.21395166,8.642601065,8.757632169,4.37079543,14.35539922,4.552401957,4.216295955,16.10611309,6.188048958
2029,2,7.21395166,4.047610361,12.74603441,3.696380662,7.21395166,7.21395166,13.16078293,16.3131644,12.14143216,23.25647388,12.48738692,1.848574355,8.52062228,3.09628524,2.452083293,9.854228364,4.050724598,15.49794391,18.96865374,14.41576229,17.30472687,10.98735507,13.86058528,11.7388329,9.873896821,7.21395166,7.21395166,4.697438085,15.49794391,10.70136116,18.96865374,14.41576229,17.30472687,10.98735507,13.86058528,11.7388329,9.873896821,13.89499934,13.89499934,10.70136116,6.688332058,5.998240468,6.923840368,7.286866333,2.115613021,10.76401111,3.607807533,7.21395166,7.21395166,7.21395166,7.21395166,7.5257045,7.21395166,8.642601065,8.757632169,4.37079543,14.35539922,4.552401957,4.216295955,16.10611309,6.188048958
2029,3,7.21395166,4.047610361,12.74603441,3.696380662,7.21395166,7.21395166,13.16078293,16.3131644,12.14143216,23.25647388,12.48738692,1.848574355,8.52062228,3.09628524,2.452083293,9.854228364,4.050724598,15.49794391,18.96865374,14.41576229,17.30472687,10.98735507,13.86058528,11.7388329,9.873896821,7.21395166,7.21395166,4.697438085,15.49794391,10.70136116,18.96865374,14.41576229,17.30472687,10.98735507,13.86058528,11.7388329,9.873896821,13.89499934,13.89499934,10.70136116,6.688332058,5.998240468,6.923840368,7.286866333,2.115613021,10.76401111,3.607807533,7.21395166,7.21395166,7.21395166,7.21395166,7.5257045,7.21395166,8.642601065,8.757632169,4.37079543,14.35539922,4.552401957,4.216295955,16.10611309,6.188048958
2029,4,7.21395166,4.047610361,12.74603441,3.696380662,7.21395166,7.21395166,13.16078293,16.3131644,12.14143216,23.25647388,12.48738692,1.848574355,8.52062228,3.09628524,2.452083293,9.854228364,4.050724598,15.49794391,18.96865374,14.41576229,17.30472687,10.98735507,13.86058528,11.7388329,9.873896821,7.21395166,7.21395166,4.697438085,15.49794391,10.70136116,18.96865374,14.41576229,17.30472687,10.98735507,13.86058528,11.7388329,9.873896821,13.89499934,13.89499934,10.70136116,6.688332058,5.998240468,6.923840368,7.286866333,2.115613021,10.76401111,3.607807533,7.21395166,7.21395166,7.21395166,7.21395166,7.5257045,7.21395166,8.642601065,8.757632169,4.37079543,14.35539922,4.552401957,4.216295955,16.10611309,6.188048958
2029,5,9.113408746,1.603510464,5.837766242,1.586086259,9.113408746,9.113408746,13.78494464,15.15361631,12.78975371,15.74452243,12.12888801,0.844300323,4.597002836,1.361518606,0.776623299,4.01101177,1.27363577,2.712921167,2.712921167,2.712921167,4.56904689,2.712921167,2.712921167,2.712921167,2.712921167,9.113408746,9.113408746,2.374996746,2.712921167,2.712921167,2.712921167,2.712921167,4.56904689,2.712921167,2.712921167,2.712921167,2.712921167,2.712921167,2.712921167,2.712921167,2.74807894,2.606906303,2.393406159,3.873411833,1.165791236,7.775420096,2.075141639,25.23864998,18.23414384,9.113408746,9.113408746,10.05408187,9.113408746,2.712921167,2.712921167,1.688392554,6.574875374,1.952301156,2.128281996,9.221398341,3.221186985
2029,6,9.113408746,1.603510464,5.837766242,1.586086259,9.113408746,9.113408746,13.78494464,15.15361631,12.78975371,15.74452243,12.12888801,0.844300323,4.597002836,1.361518606,0.776623299,4.01101177,1.27363577,2.712921167,2.712921167,2.712921167,4.56904689,2.712921167,2.712921167,2.712921167,2.712921167,9.113408746,9.113408746,2.374996746,2.712921167,2.712921167,2.712921167,2.712921167,4.56904689,2.712921167,2.712921167,2.712921167,2.712921167,2.712921167,2.712921167,2.712921167,2.74807894,2.606906303,2.393406159,3.873411833,1.165791236,7.775420096,2.075141639,25.23864998,18.23414384,9.113408746,9.113408746,10.05408187,9.113408746,2.712921167,2.712921167,1.688392554,6.574875374,1.952301156,2.128281996,9.221398341,3.221186985
2029,7,9.113408746,1.603510464,5.837766242,1.586086259,9.113408746,9.113408746,13.78494464,15.15361631,12.78975371,15.74452243,12.12888801,0.844300323,4.597002836,1.361518606,0.776623299,4.01101177,1.27363577,2.712921167,2.712921167,2.712921167,4.56904689,2.712921167,2.712921167,2.712921167,2.712921167,9.113408746,9.113408746,2.374996746,2.712921167,2.712921167,2.712921167,2.712921167,4.56904689,2.712921167,2.712921167,2.712921167,2.712921167,2.712921167,2.712921167,2.712921167,2.74807894,2.606906303,2.393406159,3.873411833,1.165791236,7.775420096,2.075141639,25.23864998,18.23414384,9.113408746,9.113408746,10.05408187,9.113408746,2.712921167,2.712921167,1.688392554,6.574875374,1.952301156,2.128281996,9.221398341,3.221186985
2029,8,9.113408746,1.603510464,5.837766242,1.586086259,9.113408746,9.113408746,13.78494464,15.15361631,12.78975371,15.74452243,12.12888801,0.844300323,4.597002836,1.361518606,0.776623299,4.01101177,1.27363577,2.712921167,2.712921167,2.712921167,4.56904689,2.712921167,2.712921167,2.712921167,2.712921167,9.113408746,9.113408746,2.374996746,2.712921167,2.712921167,2.712921167,2.712921167,4.56904689,2.712921167,2.712921167,2.712921167,2.712921167,2.712921167,2.712921167,2.712921167,2.74807894,2.606906303,2.393406159,3.873411833,1.165791236,7.775420096,2.075141639,25.23864998,18.23414384,9.113408746,9.113408746,10.05408187,9.113408746,2.712921167,2.712921167,1.688392554,6.574875374,1.952301156,2.128281996,9.221398341,3.221186985
2029,9,9.113408746,1.603510464,5.837766242,1.586086259,9.113408746,9.113408746,13.78494464,15.15361631,12.78975371,15.74452243,12.12888801,0.844300323,4.597002836,1.361518606,0.776623299,4.01101177,1.27363577,2.712921167,2.712921167,2.712921167,4.56904689,2.712921167,2.712921167,2.712921167,2.712921167,9.113408746,9.113408746,2.374996746,2.712921167,2.712921167,2.712921167,2.712921167,4.56904689,2.712921167,2.712921167,2.712921167,2.712921167,2.712921167,2.712921167,2.712921167,2.74807894,2.606906303,2.393406159,3.873411833,1.165791236,7.775420096,2.075141639,25.23864998,18.23414384,9.113408746,9.113408746,10.05408187,9.113408746,2.712921167,2.712921167,1.688392554,6.574875374,1.952301156,2.128281996,9.221398341,3.221186985
2029,10,9.113408746,1.603510464,5.837766242,1.586086259,9.113408746,9.113408746,13.78494464,15.15361631,12.78975371,15.74452243,12.12888801,0.844300323,4.597002836,1.361518606,0.776623299,4.01101177,1.27363577,2.712921167,2.712921167,2.712921167,4.56904689,2.712921167,2.712921167,2.712921167,2.712921167,9.113408746,9.113408746,2.374996746,2.712921167,2.712921167,2.712921167,2.712921167,4.56904689,2.712921167,2.712921167,2.712921167,2.712921167,2.712921167,2.712921167,2.712921167,2.74807894,2.606906303,2.393406159,3.873411833,1.165791236,7.775420096,2.075141639,25.23864998,18.23414384,9.113408746,9.113408746,10.05408187,9.113408746,2.712921167,2.712921167,1.688392554,6.574875374,1.952301156,2.128281996,9.221398341,3.221186985
2029,11,7.21395166,4.047610361,12.74603441,3.696380662,7.21395166,7.21395166,13.16078293,16.3131644,12.14143216,23.25647388,12.48738692,1.848574355,8.52062228,3.09628524,2.452083293,9.854228364,4.050724598,15.49794391,18.96865374,14.41576229,17.30472687,10.98735507,13.86058528,11.7388329,9.873896821,7.21395166,7.21395166,4.697438085,15.49794391,10.70136116,18.96865374,14.41576229,17.30472687,10.98735507,13.86058528,11.7388329,9.873896821,13.89499934,13.89499934,10.70136116,6.688332058,5.998240468,6.923840368,7.286866333,2.115613021,10.76401111,3.607807533,7.21395166,7.21395166,7.21395166,7.21395166,7.5257045,7.21395166,8.642601065,8.757632169,4.37079543,14.35539922,4.552401957,4.216295955,16.10611309,6.188048958
2029,12,7.21395166,4.047610361,12.74603441,3.696380662,7.21395166,7.21395166,13.16078293,16.3131644,12.14143216,23.25647388,12.48738692,1.848574355,8.52062228,3.09628524,2.452083293,9.854228364,4.050724598,15.49794391,18.96865374,14.41576229,17.30472687,10.98735507,13.86058528,11.7388329,9.873896821,7.21395166,7.21395166,4.697438085,15.49794391,10.70136116,18.96865374,14.41576229,17.30472687,10.98735507,13.86058528,11.7388329,9.873896821,13.89499934,13.89499934,10.70136116,6.688332058,5.998240468,6.923840368,7.286866333,2.115613021,10.76401111,3.607807533,7.21395166,7.21395166,7.21395166,7.21395166,7.5257045,7.21395166,8.642601065,8.757632169,4.37079543,14.35539922,4.552401957,4.216295955,16.10611309,6.188048958
2030,1,7.21395166,4.047610361,12.74603441,3.696380662,7.21395166,7.21395166,13.16078293,16.3131644,12.14143216,23.25647388,12.48738692,1.848574355,8.52062228,3.09628524,2.452083293,9.854228364,4.050724598,15.49794391,18.96865374,14.41576229,17.30472687,10.98735507,13.86058528,11.7388329,9.873896821,7.21395166,7.21395166,4.697438085,15.49794391,10.70136116,18.96865374,14.41576229,17.30472687,10.98735507,13.86058528,11.7388329,9.873896821,13.89499934,13.89499934,10.70136116,6.688332058,5.998240468,6.923840368,7.286866333,2.115613021,10.76401111,3.607807533,7.21395166,7.21395166,7.21395166,7.21395166,7.5257045,7.21395166,8.642601065,8.757632169,4.37079543,14.35539922,4.552401957,4.216295955,16.10611309,6.188048958
2030,2,7.21395166,4.047610361,12.74603441,3.696380662,7.21395166,7.21395166,13.16078293,16.3131644,12.14143216,23.25647388,12.48738692,1.848574355,8.52062228,3.09628524,2.452083293,9.854228364,4.050724598,15.49794391,18.96865374,14.41576229,17.30472687,10.98735507,13.86058528,11.7388329,9.873896821,7.21395166,7.21395166,4.697438085,15.49794391,10.70136116,18.96865374,14.41576229,17.30472687,10.98735507,13.86058528,11.7388329,9.873896821,13.89499934,13.89499934,10.70136116,6.688332058,5.998240468,6.923840368,7.286866333,2.115613021,10.76401111,3.607807533,7.21395166,7.21395166,7.21395166,7.21395166,7.5257045,7.21395166,8.642601065,8.757632169,4.37079543,14.35539922,4.552401957,4.216295955,16.10611309,6.188048958
2030,3,7.21395166,4.047610361,12.74603441,3.696380662,7.21395166,7.21395166,13.16078293,16.3131644,12.14143216,23.25647388,12.48738692,1.848574355,8.52062228,3.09628524,2.452083293,9.854228364,4.050724598,15.49794391,18.96865374,14.41576229,17.30472687,10.98735507,13.86058528,11.7388329,9.873896821,7.21395166,7.21395166,4.697438085,15.49794391,10.70136116,18.96865374,14.41576229,17.30472687,10.98735507,13.86058528,11.7388329,9.873896821,13.89499934,13.89499934,10.70136116,6.688332058,5.998240468,6.923840368,7.286866333,2.115613021,10.76401111,3.607807533,7.21395166,7.21395166,7.21395166,7.21395166,7.5257045,7.21395166,8.642601065,8.757632169,4.37079543,14.35539922,4.552401957,4.216295955,16.10611309,6.188048958
2030,4,7.21395166,4.047610361,12.74603441,3.696380662,7.21395166,7.21395166,13.16078293,16.3131644,12.14143216,23.25647388,12.48738692,1.848574355,8.52062228,3.09628524,2.452083293,9.854228364,4.050724598,15.49794391,18.96865374,14.41576229,17.30472687,10.98735507,13.86058528,11.7388329,9.873896821,7.21395166,7.21395166,4.697438085,15.49794391,10.70136116,18.96865374,14.41576229,17.30472687,10.98735507,13.86058528,11.7388329,9.873896821,13.89499934,13.89499934,10.70136116,6.688332058,5.998240468,6.923840368,7.286866333,2.115613021,10.76401111,3.607807533,7.21395166,7.21395166,7.21395166,7.21395166,7.5257045,7.21395166,8.642601065,8.757632169,4.37079543,14.35539922,4.552401957,4.216295955,16.10611309,6.188048958
2030,5,9.113408746,1.603510464,5.837766242,1.586086259,9.113408746,9.113408746,13.78494464,15.15361631,12.78975371,15.74452243,12.12888801,0.844300323,4.597002836,1.361518606,0.776623299,4.01101177,1.27363577,2.712921167,2.712921167,2.712921167,4.56904689,2.712921167,2.712921167,2.712921167,2.712921167,9.113408746,9.113408746,2.374996746,2.712921167,2.712921167,2.712921167,2.712921167,4.56904689,2.712921167,2.712921167,2.712921167,2.712921167,2.712921167,2.712921167,2.712921167,2.74807894,2.606906303,2.393406159,3.873411833,1.165791236,7.775420096,2.075141639,25.23864998,18.23414384,9.113408746,9.113408746,10.05408187,9.113408746,2.712921167,2.712921167,1.688392554,6.574875374,1.952301156,2.128281996,9.221398341,3.221186985
2030,6,9.113408746,1.603510464,5.837766242,1.586086259,9.113408746,9.113408746,13.78494464,15.15361631,12.78975371,15.74452243,12.12888801,0.844300323,4.597002836,1.361518606,0.776623299,4.01101177,1.27363577,2.712921167,2.712921167,2.712921167,4.56904689,2.712921167,2.712921167,2.712921167,2.712921167,9.113408746,9.113408746,2.374996746,2.712921167,2.712921167,2.712921167,2.712921167,4.56904689,2.712921167,2.712921167,2.712921167,2.712921167,2.712921167,2.712921167,2.712921167,2.74807894,2.606906303,2.393406159,3.873411833,1.165791236,7.775420096,2.075141639,25.23864998,18.23414384,9.113408746,9.113408746,10.05408187,9.113408746,2.712921167,2.712921167,1.688392554,6.574875374,1.952301156,2.128281996,9.221398341,3.221186985
2030,7,9.113408746,1.603510464,5.837766242,1.586086259,9.113408746,9.113408746,13.78494464,15.15361631,12.78975371,15.74452243,12.12888801,0.844300323,4.597002836,1.361518606,0.776623299,4.01101177,1.27363577,2.712921167,2.712921167,2.712921167,4.56904689,2.712921167,2.712921167,2.712921167,2.712921167,9.113408746,9.113408746,2.374996746,2.712921167,2.712921167,2.712921167,2.712921167,4.56904689,2.712921167,2.712921167,2.712921167,2.712921167,2.712921167,2.712921167,2.712921167,2.74807894,2.606906303,2.393406159,3.873411833,1.165791236,7.775420096,2.075141639,25.23864998,18.23414384,9.113408746,9.113408746,10.05408187,9.113408746,2.712921167,2.712921167,1.688392554,6.574875374,1.952301156,2.128281996,9.221398341,3.221186985
2030,8,9.113408746,1.603510464,5.837766242,1.586086259,9.113408746,9.113408746,13.78494464,15.15361631,12.78975371,15.74452243,12.12888801,0.844300323,4.597002836,1.361518606,0.776623299,4.01101177,1.27363577,2.712921167,2.712921167,2.712921167,4.56904689,2.712921167,2.712921167,2.712921167,2.712921167,9.113408746,9.113408746,2.374996746,2.712921167,2.712921167,2.712921167,2.712921167,4.56904689,2.712921167,2.712921167,2.712921167,2.712921167,2.712921167,2.712921167,2.712921167,2.74807894,2.606906303,2.393406159,3.873411833,1.165791236,7.775420096,2.075141639,25.23864998,18.23414384,9.113408746,9.113408746,10.05408187,9.113408746,2.712921167,2.712921167,1.688392554,6.574875374,1.952301156,2.128281996,9.221398341,3.221186985
2030,9,9.113408746,1.603510464,5.837766242,1.586086259,9.113408746,9.113408746,13.78494464,15.15361631,12.78975371,15.74452243,12.12888801,0.844300323,4.597002836,1.361518606,0.776623299,4.01101177,1.27363577,2.712921167,2.712921167,2.712921167,4.56904689,2.712921167,2.712921167,2.712921167,2.712921167,9.113408746,9.113408746,2.374996746,2.712921167,2.712921167,2.712921167,2.712921167,4.56904689,2.712921167,2.712921167,2.712921167,2.712921167,2.712921167,2.712921167,2.712921167,2.74807894,2.606906303,2.393406159,3.873411833,1.165791236,7.775420096,2.075141639,25.23864998,18.23414384,9.113408746,9.113408746,10.05408187,9.113408746,2.712921167,2.712921167,1.688392554,6.574875374,1.952301156,2.128281996,9.221398341,3.221186985
2030,10,9.113408746,1.603510464,5.837766242,1.586086259,9.113408746,9.113408746,13.78494464,15.15361631,12.78975371,15.74452243,12.12888801,0.844300323,4.597002836,1.361518606,0.776623299,4.01101177,1.27363577,2.712921167,2.712921167,2.712921167,4.56904689,2.712921167,2.712921167,2.712921167,2.712921167,9.113408746,9.113408746,2.374996746,2.712921167,2.712921167,2.712921167,2.712921167,4.56904689,2.712921167,2.712921167,2.712921167,2.712921167,2.712921167,2.712921167,2.712921167,2.74807894,2.606906303,2.393406159,3.873411833,1.165791236,7.775420096,2.075141639,25.23864998,18.23414384,9.113408746,9.113408746,10.05408187,9.113408746,2.712921167,2.712921167,1.688392554,6.574875374,1.952301156,2.128281996,9.221398341,3.221186985
2030,11,7.21395166,4.047610361,12.74603441,3.696380662,7.21395166,7.21395166,13.16078293,16.3131644,12.14143216,23.25647388,12.48738692,1.848574355,8.52062228,3.09628524,2.452083293,9.854228364,4.050724598,15.49794391,18.96865374,14.41576229,17.30472687,10.98735507,13.86058528,11.7388329,9.873896821,7.21395166,7.21395166,4.697438085,15.49794391,10.70136116,18.96865374,14.41576229,17.30472687,10.98735507,13.86058528,11.7388329,9.873896821,13.89499934,13.89499934,10.70136116,6.688332058,5.998240468,6.923840368,7.286866333,2.115613021,10.76401111,3.607807533,7.21395166,7.21395166,7.21395166,7.21395166,7.5257045,7.21395166,8.642601065,8.757632169,4.37079543,14.35539922,4.552401957,4.216295955,16.10611309,6.188048958
2030,12,7.21395166,4.047610361,12.74603441,3.696380662,7.21395166,7.21395166,13.16078293,16.3131644,12.14143216,23.25647388,12.48738692,1.848574355,8.52062228,3.09628524,2.452083293,9.854228364,4.050724598,15.49794391,18.96865374,14.41576229,17.30472687,10.98735507,13.86058528,11.7388329,9.873896821,7.21395166,7.21395166,4.697438085,15.49794391,10.70136116,18.96865374,14.41576229,17.30472687,10.98735507,13.86058528,11.7388329,9.873896821,13.89499934,13.89499934,10.70136116,6.688332058,5.998240468,6.923840368,7.286866333,2.115613021,10.76401111,3.607807533,7.21395166,7.21395166,7.21395166,7.21395166,7.5257045,7.21395166,8.642601065,8.757632169,4.37079543,14.35539922,4.552401957,4.216295955,16.10611309,6.188048958
2031,1,7.21395166,4.047610361,12.74603441,3.696380662,7.21395166,7.21395166,13.16078293,16.3131644,12.14143216,23.25647388,12.48738692,1.848574355,8.52062228,3.09628524,2.452083293,9.854228364,4.050724598,15.49794391,18.96865374,14.41576229,17.30472687,10.98735507,13.86058528,11.7388329,9.873896821,7.21395166,7.21395166,4.697438085,15.49794391,10.70136116,18.96865374,14.41576229,17.30472687,10.98735507,13.86058528,11.7388329,9.873896821,13.89499934,13.89499934,10.70136116,6.688332058,5.998240468,6.923840368,7.286866333,2.115613021,10.76401111,3.607807533,7.21395166,7.21395166,7.21395166,7.21395166,7.5257045,7.21395166,8.642601065,8.757632169,4.37079543,14.35539922,4.552401957,4.216295955,16.10611309,6.188048958
2031,2,7.21395166,4.047610361,12.74603441,3.696380662,7.21395166,7.21395166,13.16078293,16.3131644,12.14143216,23.25647388,12.48738692,1.848574355,8.52062228,3.09628524,2.452083293,9.854228364,4.050724598,15.49794391,18.96865374,14.41576229,17.30472687,10.98735507,13.86058528,11.7388329,9.873896821,7.21395166,7.21395166,4.697438085,15.49794391,10.70136116,18.96865374,14.41576229,17.30472687,10.98735507,13.86058528,11.7388329,9.873896821,13.89499934,13.89499934,10.70136116,6.688332058,5.998240468,6.923840368,7.286866333,2.115613021,10.76401111,3.607807533,7.21395166,7.21395166,7.21395166,7.21395166,7.5257045,7.21395166,8.642601065,8.757632169,4.37079543,14.35539922,4.552401957,4.216295955,16.10611309,6.188048958
2031,3,7.21395166,4.047610361,12.74603441,3.696380662,7.21395166,7.21395166,13.16078293,16.3131644,12.14143216,23.25647388,12.48738692,1.848574355,8.52062228,3.09628524,2.452083293,9.854228364,4.050724598,15.49794391,18.96865374,14.41576229,17.30472687,10.98735507,13.86058528,11.7388329,9.873896821,7.21395166,7.21395166,4.697438085,15.49794391,10.70136116,18.96865374,14.41576229,17.30472687,10.98735507,13.86058528,11.7388329,9.873896821,13.89499934,13.89499934,10.70136116,6.688332058,5.998240468,6.923840368,7.286866333,2.115613021,10.76401111,3.607807533,7.21395166,7.21395166,7.21395166,7.21395166,7.5257045,7.21395166,8.642601065,8.757632169,4.37079543,14.35539922,4.552401957,4.216295955,16.10611309,6.188048958
2031,4,7.21395166,4.047610361,12.74603441,3.696380662,7.21395166,7.21395166,13.16078293,16.3131644,12.14143216,23.25647388,12.48738692,1.848574355,8.52062228,3.09628524,2.452083293,9.854228364,4.050724598,15.49794391,18.96865374,14.41576229,17.30472687,10.98735507,13.86058528,11.7388329,9.873896821,7.21395166,7.21395166,4.697438085,15.49794391,10.70136116,18.96865374,14.41576229,17.30472687,10.98735507,13.86058528,11.7388329,9.873896821,13.89499934,13.89499934,10.70136116,6.688332058,5.998240468,6.923840368,7.286866333,2.115613021,10.76401111,3.607807533,7.21395166,7.21395166,7.21395166,7.21395166,7.5257045,7.21395166,8.642601065,8.757632169,4.37079543,14.35539922,4.552401957,4.216295955,16.10611309,6.188048958
2031,5,9.113408746,1.603510464,5.837766242,1.586086259,9.113408746,9.113408746,13.78494464,15.15361631,12.78975371,15.74452243,12.12888801,0.844300323,4.597002836,1.361518606,0.776623299,4.01101177,1.27363577,2.712921167,2.712921167,2.712921167,4.56904689,2.712921167,2.712921167,2.712921167,2.712921167,9.113408746,9.113408746,2.374996746,2.712921167,2.712921167,2.712921167,2.712921167,4.56904689,2.712921167,2.712921167,2.712921167,2.712921167,2.712921167,2.712921167,2.712921167,2.74807894,2.606906303,2.393406159,3.873411833,1.165791236,7.775420096,2.075141639,25.23864998,18.23414384,9.113408746,9.113408746,10.05408187,9.113408746,2.712921167,2.712921167,1.688392554,6.574875374,1.952301156,2.128281996,9.221398341,3.221186985
2031,6,9.113408746,1.603510464,5.837766242,1.586086259,9.113408746,9.113408746,13.78494464,15.15361631,12.78975371,15.74452243,12.12888801,0.844300323,4.597002836,1.361518606,0.776623299,4.01101177,1.27363577,2.712921167,2.712921167,2.712921167,4.56904689,2.712921167,2.712921167,2.712921167,2.712921167,9.113408746,9.113408746,2.374996746,2.712921167,2.712921167,2.712921167,2.712921167,4.56904689,2.712921167,2.712921167,2.712921167,2.712921167,2.712921167,2.712921167,2.712921167,2.74807894,2.606906303,2.393406159,3.873411833,1.165791236,7.775420096,2.075141639,25.23864998,18.23414384,9.113408746,9.113408746,10.05408187,9.113408746,2.712921167,2.712921167,1.688392554,6.574875374,1.952301156,2.128281996,9.221398341,3.221186985
2031,7,9.113408746,1.603510464,5.837766242,1.586086259,9.113408746,9.113408746,13.78494464,15.15361631,12.78975371,15.74452243,12.12888801,0.844300323,4.597002836,1.361518606,0.776623299,4.01101177,1.27363577,2.712921167,2.712921167,2.712921167,4.56904689,2.712921167,2.712921167,2.712921167,2.712921167,9.113408746,9.113408746,2.374996746,2.712921167,2.712921167,2.712921167,2.712921167,4.56904689,2.712921167,2.712921167,2.712921167,2.712921167,2.712921167,2.712921167,2.712921167,2.74807894,2.606906303,2.393406159,3.873411833,1.165791236,7.775420096,2.075141639,25.23864998,18.23414384,9.113408746,9.113408746,10.05408187,9.113408746,2.712921167,2.712921167,1.688392554,6.574875374,1.952301156,2.128281996,9.221398341,3.221186985
2031,8,9.113408746,1.603510464,5.837766242,1.586086259,9.113408746,9.113408746,13.78494464,15.15361631,12.78975371,15.74452243,12.12888801,0.844300323,4.597002836,1.361518606,0.776623299,4.01101177,1.27363577,2.712921167,2.712921167,2.712921167,4.56904689,2.712921167,2.712921167,2.712921167,2.712921167,9.113408746,9.113408746,2.374996746,2.712921167,2.712921167,2.712921167,2.712921167,4.56904689,2.712921167,2.712921167,2.712921167,2.712921167,2.712921167,2.712921167,2.712921167,2.74807894,2.606906303,2.393406159,3.873411833,1.165791236,7.775420096,2.075141639,25.23864998,18.23414384,9.113408746,9.113408746,10.05408187,9.113408746,2.712921167,2.712921167,1.688392554,6.574875374,1.952301156,2.128281996,9.221398341,3.221186985
2031,9,9.113408746,1.603510464,5.837766242,1.586086259,9.113408746,9.113408746,13.78494464,15.15361631,12.78975371,15.74452243,12.12888801,0.844300323,4.597002836,1.361518606,0.776623299,4.01101177,1.27363577,2.712921167,2.712921167,2.712921167,4.56904689,2.712921167,2.712921167,2.712921167,2.712921167,9.113408746,9.113408746,2.374996746,2.712921167,2.712921167,2.712921167,2.712921167,4.56904689,2.712921167,2.712921167,2.712921167,2.712921167,2.712921167,2.712921167,2.712921167,2.74807894,2.606906303,2.393406159,3.873411833,1.165791236,7.775420096,2.075141639,25.23864998,18.23414384,9.113408746,9.113408746,10.05408187,9.113408746,2.712921167,2.712921167,1.688392554,6.574875374,1.952301156,2.128281996,9.221398341,3.221186985
2031,10,9.113408746,1.603510464,5.837766242,1.586086259,9.113408746,9.113408746,13.78494464,15.15361631,12.78975371,15.74452243,12.12888801,0.844300323,4.597002836,1.361518606,0.776623299,4.01101177,1.27363577,2.712921167,2.712921167,2.712921167,4.56904689,2.712921167,2.712921167,2.712921167,2.712921167,9.113408746,9.113408746,2.374996746,2.712921167,2.712921167,2.712921167,2.712921167,4.56904689,2.712921167,2.712921167,2.712921167,2.712921167,2.712921167,2.712921167,2.712921167,2.74807894,2.606906303,2.393406159,3.873411833,1.165791236,7.775420096,2.075141639,25.23864998,18.23414384,9.113408746,9.113408746,10.05408187,9.113408746,2.712921167,2.712921167,1.688392554,6.574875374,1.952301156,2.128281996,9.221398341,3.221186985
2031,11,7.21395166,4.047610361,12.74603441,3.696380662,7.21395166,7.21395166,13.16078293,16.3131644,12.14143216,23.25647388,12.48738692,1.848574355,8.52062228,3.09628524,2.452083293,9.854228364,4.050724598,15.49794391,18.96865374,14.41576229,17.30472687,10.98735507,13.86058528,11.7388329,9.873896821,7.21395166,7.21395166,4.697438085,15.49794391,10.70136116,18.96865374,14.41576229,17.30472687,10.98735507,13.86058528,11.7388329,9.873896821,13.89499934,13.89499934,10.70136116,6.688332058,5.998240468,6.923840368,7.286866333,2.115613021,10.76401111,3.607807533,7.21395166,7.21395166,7.21395166,7.21395166,7.5257045,7.21395166,8.642601065,8.757632169,4.37079543,14.35539922,4.552401957,4.216295955,16.10611309,6.188048958
2031,12,7.21395166,4.047610361,12.74603441,3.696380662,7.21395166,7.21395166,13.16078293,16.3131644,12.14143216,23.25647388,12.48738692,1.848574355,8.52062228,3.09628524,2.452083293,9.854228364,4.050724598,15.49794391,18.96865374,14.41576229,17.30472687,10.98735507,13.86058528,11.7388329,9.873896821,7.21395166,7.21395166,4.697438085,15.49794391,10.70136116,18.96865374,14.41576229,17.30472687,10.98735507,13.86058528,11.7388329,9.873896821,13.89499934,13.89499934,10.70136116,6.688332058,5.998240468,6.923840368,7.286866333,2.115613021,10.76401111,3.607807533,7.21395166,7.21395166,7.21395166,7.21395166,7.5257045,7.21395166,8.642601065,8.757632169,4.37079543,14.35539922,4.552401957,4.216295955,16.10611309,6.188048958
2032,1,7.21395166,4.047610361,12.74603441,3.696380662,7.21395166,7.21395166,13.16078293,16.3131644,12.14143216,23.25647388,12.48738692,1.848574355,8.52062228,3.09628524,2.452083293,9.854228364,4.050724598,15.49794391,18.96865374,14.41576229,17.30472687,10.98735507,13.86058528,11.7388329,9.873896821,7.21395166,7.21395166,4.697438085,15.49794391,10.70136116,18.96865374,14.41576229,17.30472687,10.98735507,13.86058528,11.7388329,9.873896821,13.89499934,13.89499934,10.70136116,6.688332058,5.998240468,6.923840368,7.286866333,2.115613021,10.76401111,3.607807533,7.21395166,7.21395166,7.21395166,7.21395166,7.5257045,7.21395166,8.642601065,8.757632169,4.37079543,14.35539922,4.552401957,4.216295955,16.10611309,6.188048958
2032,2,7.21395166,4.047610361,12.74603441,3.696380662,7.21395166,7.21395166,13.16078293,16.3131644,12.14143216,23.25647388,12.48738692,1.848574355,8.52062228,3.09628524,2.452083293,9.854228364,4.050724598,15.49794391,18.96865374,14.41576229,17.30472687,10.98735507,13.86058528,11.7388329,9.873896821,7.21395166,7.21395166,4.697438085,15.49794391,10.70136116,18.96865374,14.41576229,17.30472687,10.98735507,13.86058528,11.7388329,9.873896821,13.89499934,13.89499934,10.70136116,6.688332058,5.998240468,6.923840368,7.286866333,2.115613021,10.76401111,3.607807533,7.21395166,7.21395166,7.21395166,7.21395166,7.5257045,7.21395166,8.642601065,8.757632169,4.37079543,14.35539922,4.552401957,4.216295955,16.10611309,6.188048958
2032,3,7.21395166,4.047610361,12.74603441,3.696380662,7.21395166,7.21395166,13.16078293,16.3131644,12.14143216,23.25647388,12.48738692,1.848574355,8.52062228,3.09628524,2.452083293,9.854228364,4.050724598,15.49794391,18.96865374,14.41576229,17.30472687,10.98735507,13.86058528,11.7388329,9.873896821,7.21395166,7.21395166,4.697438085,15.49794391,10.70136116,18.96865374,14.41576229,17.30472687,10.98735507,13.86058528,11.7388329,9.873896821,13.89499934,13.89499934,10.70136116,6.688332058,5.998240468,6.923840368,7.286866333,2.115613021,10.76401111,3.607807533,7.21395166,7.21395166,7.21395166,7.21395166,7.5257045,7.21395166,8.642601065,8.757632169,4.37079543,14.35539922,4.552401957,4.216295955,16.10611309,6.188048958
2032,4,7.21395166,4.047610361,12.74603441,3.696380662,7.21395166,7.21395166,13.16078293,16.3131644,12.14143216,23.25647388,12.48738692,1.848574355,8.52062228,3.09628524,2.452083293,9.854228364,4.050724598,15.49794391,18.96865374,14.41576229,17.30472687,10.98735507,13.86058528,11.7388329,9.873896821,7.21395166,7.21395166,4.697438085,15.49794391,10.70136116,18.96865374,14.41576229,17.30472687,10.98735507,13.86058528,11.7388329,9.873896821,13.89499934,13.89499934,10.70136116,6.688332058,5.998240468,6.923840368,7.286866333,2.115613021,10.76401111,3.607807533,7.21395166,7.21395166,7.21395166,7.21395166,7.5257045,7.21395166,8.642601065,8.757632169,4.37079543,14.35539922,4.552401957,4.216295955,16.10611309,6.188048958
2032,5,9.113408746,1.603510464,5.837766242,1.586086259,9.113408746,9.113408746,13.78494464,15.15361631,12.78975371,15.74452243,12.12888801,0.844300323,4.597002836,1.361518606,0.776623299,4.01101177,1.27363577,2.712921167,2.712921167,2.712921167,4.56904689,2.712921167,2.712921167,2.712921167,2.712921167,9.113408746,9.113408746,2.374996746,2.712921167,2.712921167,2.712921167,2.712921167,4.56904689,2.712921167,2.712921167,2.712921167,2.712921167,2.712921167,2.712921167,2.712921167,2.74807894,2.606906303,2.393406159,3.873411833,1.165791236,7.775420096,2.075141639,25.23864998,18.23414384,9.113408746,9.113408746,10.05408187,9.113408746,2.712921167,2.712921167,1.688392554,6.574875374,1.952301156,2.128281996,9.221398341,3.221186985
2032,6,9.113408746,1.603510464,5.837766242,1.586086259,9.113408746,9.113408746,13.78494464,15.15361631,12.78975371,15.74452243,12.12888801,0.844300323,4.597002836,1.361518606,0.776623299,4.01101177,1.27363577,2.712921167,2.712921167,2.712921167,4.56904689,2.712921167,2.712921167,2.712921167,2.712921167,9.113408746,9.113408746,2.374996746,2.712921167,2.712921167,2.712921167,2.712921167,4.56904689,2.712921167,2.712921167,2.712921167,2.712921167,2.712921167,2.712921167,2.712921167,2.74807894,2.606906303,2.393406159,3.873411833,1.165791236,7.775420096,2.075141639,25.23864998,18.23414384,9.113408746,9.113408746,10.05408187,9.113408746,2.712921167,2.712921167,1.688392554,6.574875374,1.952301156,2.128281996,9.221398341,3.221186985
2032,7,9.113408746,1.603510464,5.837766242,1.586086259,9.113408746,9.113408746,13.78494464,15.15361631,12.78975371,15.74452243,12.12888801,0.844300323,4.597002836,1.361518606,0.776623299,4.01101177,1.27363577,2.712921167,2.712921167,2.712921167,4.56904689,2.712921167,2.712921167,2.712921167,2.712921167,9.113408746,9.113408746,2.374996746,2.712921167,2.712921167,2.712921167,2.712921167,4.56904689,2.712921167,2.712921167,2.712921167,2.712921167,2.712921167,2.712921167,2.712921167,2.74807894,2.606906303,2.393406159,3.873411833,1.165791236,7.775420096,2.075141639,25.23864998,18.23414384,9.113408746,9.113408746,10.05408187,9.113408746,2.712921167,2.712921167,1.688392554,6.574875374,1.952301156,2.128281996,9.221398341,3.221186985
2032,8,9.113408746,1.603510464,5.837766242,1.586086259,9.113408746,9.113408746,13.78494464,15.15361631,12.78975371,15.74452243,12.12888801,0.844300323,4.597002836,1.361518606,0.776623299,4.01101177,1.27363577,2.712921167,2.712921167,2.712921167,4.56904689,2.712921167,2.712921167,2.712921167,2.712921167,9.113408746,9.113408746,2.374996746,2.712921167,2.712921167,2.712921167,2.712921167,4.56904689,2.712921167,2.712921167,2.712921167,2.712921167,2.712921167,2.712921167,2.712921167,2.74807894,2.606906303,2.393406159,3.873411833,1.165791236,7.775420096,2.075141639,25.23864998,18.23414384,9.113408746,9.113408746,10.05408187,9.113408746,2.712921167,2.712921167,1.688392554,6.574875374,1.952301156,2.128281996,9.221398341,3.221186985
2032,9,9.113408746,1.603510464,5.837766242,1.586086259,9.113408746,9.113408746,13.78494464,15.15361631,12.78975371,15.74452243,12.12888801,0.844300323,4.597002836,1.361518606,0.776623299,4.01101177,1.27363577,2.712921167,2.712921167,2.712921167,4.56904689,2.712921167,2.712921167,2.712921167,2.712921167,9.113408746,9.113408746,2.374996746,2.712921167,2.712921167,2.712921167,2.712921167,4.56904689,2.712921167,2.712921167,2.712921167,2.712921167,2.712921167,2.712921167,2.712921167,2.74807894,2.606906303,2.393406159,3.873411833,1.165791236,7.775420096,2.075141639,25.23864998,18.23414384,9.113408746,9.113408746,10.05408187,9.113408746,2.712921167,2.712921167,1.688392554,6.574875374,1.952301156,2.128281996,9.221398341,3.221186985
2032,10,9.113408746,1.603510464,5.837766242,1.586086259,9.113408746,9.113408746,13.78494464,15.15361631,12.78975371,15.74452243,12.12888801,0.844300323,4.597002836,1.361518606,0.776623299,4.01101177,1.27363577,2.712921167,2.712921167,2.712921167,4.56904689,2.712921167,2.712921167,2.712921167,2.712921167,9.113408746,9.113408746,2.374996746,2.712921167,2.712921167,2.712921167,2.712921167,4.56904689,2.712921167,2.712921167,2.712921167,2.712921167,2.712921167,2.712921167,2.712921167,2.74807894,2.606906303,2.393406159,3.873411833,1.165791236,7.775420096,2.075141639,25.23864998,18.23414384,9.113408746,9.113408746,10.05408187,9.113408746,2.712921167,2.712921167,1.688392554,6.574875374,1.952301156,2.128281996,9.221398341,3.221186985
2032,11,7.21395166,4.047610361,12.74603441,3.696380662,7.21395166,7.21395166,13.16078293,16.3131644,12.14143216,23.25647388,12.48738692,1.848574355,8.52062228,3.09628524,2.452083293,9.854228364,4.050724598,15.49794391,18.96865374,14.41576229,17.30472687,10.98735507,13.86058528,11.7388329,9.873896821,7.21395166,7.21395166,4.697438085,15.49794391,10.70136116,18.96865374,14.41576229,17.30472687,10.98735507,13.86058528,11.7388329,9.873896821,13.89499934,13.89499934,10.70136116,6.688332058,5.998240468,6.923840368,7.286866333,2.115613021,10.76401111,3.607807533,7.21395166,7.21395166,7.21395166,7.21395166,7.5257045,7.21395166,8.642601065,8.757632169,4.37079543,14.35539922,4.552401957,4.216295955,16.10611309,6.188048958
2032,12,7.21395166,4.047610361,12.74603441,3.696380662,7.21395166,7.21395166,13.16078293,16.3131644,12.14143216,23.25647388,12.48738692,1.848574355,8.52062228,3.09628524,2.452083293,9.854228364,4.050724598,15.49794391,18.96865374,14.41576229,17.30472687,10.98735507,13.86058528,11.7388329,9.873896821,7.21395166,7.21395166,4.697438085,15.49794391,10.70136116,18.96865374,14.41576229,17.30472687,10.98735507,13.86058528,11.7388329,9.873896821,13.89499934,13.89499934,10.70136116,6.688332058,5.998240468,6.923840368,7.286866333,2.115613021,10.76401111,3.607807533,7.21395166,7.21395166,7.21395166,7.21395166,7.5257045,7.21395166,8.642601065,8.757632169,4.37079543,14.35539922,4.552401957,4.216295955,16.10611309,6.188048958
2033,1,7.21395166,4.047610361,12.74603441,3.696380662,7.21395166,7.21395166,13.16078293,16.3131644,12.14143216,23.25647388,12.48738692,1.848574355,8.52062228,3.09628524,2.452083293,9.854228364,4.050724598,15.49794391,18.96865374,14.41576229,17.30472687,10.98735507,13.86058528,11.7388329,9.873896821,7.21395166,7.21395166,4.697438085,15.49794391,10.70136116,18.96865374,14.41576229,17.30472687,10.98735507,13.86058528,11.7388329,9.873896821,13.89499934,13.89499934,10.70136116,6.688332058,5.998240468,6.923840368,7.286866333,2.115613021,10.76401111,3.607807533,7.21395166,7.21395166,7.21395166,7.21395166,7.5257045,7.21395166,8.642601065,8.757632169,4.37079543,14.35539922,4.552401957,4.216295955,16.10611309,6.188048958
2033,2,7.21395166,4.047610361,12.74603441,3.696380662,7.21395166,7.21395166,13.16078293,16.3131644,12.14143216,23.25647388,12.48738692,1.848574355,8.52062228,3.09628524,2.452083293,9.854228364,4.050724598,15.49794391,18.96865374,14.41576229,17.30472687,10.98735507,13.86058528,11.7388329,9.873896821,7.21395166,7.21395166,4.697438085,15.49794391,10.70136116,18.96865374,14.41576229,17.30472687,10.98735507,13.86058528,11.7388329,9.873896821,13.89499934,13.89499934,10.70136116,6.688332058,5.998240468,6.923840368,7.286866333,2.115613021,10.76401111,3.607807533,7.21395166,7.21395166,7.21395166,7.21395166,7.5257045,7.21395166,8.642601065,8.757632169,4.37079543,14.35539922,4.552401957,4.216295955,16.10611309,6.188048958
2033,3,7.21395166,4.047610361,12.74603441,3.696380662,7.21395166,7.21395166,13.16078293,16.3131644,12.14143216,23.25647388,12.48738692,1.848574355,8.52062228,3.09628524,2.452083293,9.854228364,4.050724598,15.49794391,18.96865374,14.41576229,17.30472687,10.98735507,13.86058528,11.7388329,9.873896821,7.21395166,7.21395166,4.697438085,15.49794391,10.70136116,18.96865374,14.41576229,17.30472687,10.98735507,13.86058528,11.7388329,9.873896821,13.89499934,13.89499934,10.70136116,6.688332058,5.998240468,6.923840368,7.286866333,2.115613021,10.76401111,3.607807533,7.21395166,7.21395166,7.21395166,7.21395166,7.5257045,7.21395166,8.642601065,8.757632169,4.37079543,14.35539922,4.552401957,4.216295955,16.10611309,6.188048958
2033,4,7.21395166,4.047610361,12.74603441,3.696380662,7.21395166,7.21395166,13.16078293,16.3131644,12.14143216,23.25647388,12.48738692,1.848574355,8.52062228,3.09628524,2.452083293,9.854228364,4.050724598,15.49794391,18.96865374,14.41576229,17.30472687,10.98735507,13.86058528,11.7388329,9.873896821,7.21395166,7.21395166,4.697438085,15.49794391,10.70136116,18.96865374,14.41576229,17.30472687,10.98735507,13.86058528,11.7388329,9.873896821,13.89499934,13.89499934,10.70136116,6.688332058,5.998240468,6.923840368,7.286866333,2.115613021,10.76401111,3.607807533,7.21395166,7.21395166,7.21395166,7.21395166,7.5257045,7.21395166,8.642601065,8.757632169,4.37079543,14.35539922,4.552401957,4.216295955,16.10611309,6.188048958
2033,5,9.113408746,1.603510464,5.837766242,1.586086259,9.113408746,9.113408746,13.78494464,15.15361631,12.78975371,15.74452243,12.12888801,0.844300323,4.597002836,1.361518606,0.776623299,4.01101177,1.27363577,2.712921167,2.712921167,2.712921167,4.56904689,2.712921167,2.712921167,2.712921167,2.712921167,9.113408746,9.113408746,2.374996746,2.712921167,2.712921167,2.712921167,2.712921167,4.56904689,2.712921167,2.712921167,2.712921167,2.712921167,2.712921167,2.712921167,2.712921167,2.74807894,2.606906303,2.393406159,3.873411833,1.165791236,7.775420096,2.075141639,25.23864998,18.23414384,9.113408746,9.113408746,10.05408187,9.113408746,2.712921167,2.712921167,1.688392554,6.574875374,1.952301156,2.128281996,9.221398341,3.221186985
2033,6,9.113408746,1.603510464,5.837766242,1.586086259,9.113408746,9.113408746,13.78494464,15.15361631,12.78975371,15.74452243,12.12888801,0.844300323,4.597002836,1.361518606,0.776623299,4.01101177,1.27363577,2.712921167,2.712921167,2.712921167,4.56904689,2.712921167,2.712921167,2.712921167,2.712921167,9.113408746,9.113408746,2.374996746,2.712921167,2.712921167,2.712921167,2.712921167,4.56904689,2.712921167,2.712921167,2.712921167,2.712921167,2.712921167,2.712921167,2.712921167,2.74807894,2.606906303,2.393406159,3.873411833,1.165791236,7.775420096,2.075141639,25.23864998,18.23414384,9.113408746,9.113408746,10.05408187,9.113408746,2.712921167,2.712921167,1.688392554,6.574875374,1.952301156,2.128281996,9.221398341,3.221186985
2033,7,9.113408746,1.603510464,5.837766242,1.586086259,9.113408746,9.113408746,13.78494464,15.15361631,12.78975371,15.74452243,12.12888801,0.844300323,4.597002836,1.361518606,0.776623299,4.01101177,1.27363577,2.712921167,2.712921167,2.712921167,4.56904689,2.712921167,2.712921167,2.712921167,2.712921167,9.113408746,9.113408746,2.374996746,2.712921167,2.712921167,2.712921167,2.712921167,4.56904689,2.712921167,2.712921167,2.712921167,2.712921167,2.712921167,2.712921167,2.712921167,2.74807894,2.606906303,2.393406159,3.873411833,1.165791236,7.775420096,2.075141639,25.23864998,18.23414384,9.113408746,9.113408746,10.05408187,9.113408746,2.712921167,2.712921167,1.688392554,6.574875374,1.952301156,2.128281996,9.221398341,3.221186985
2033,8,9.113408746,1.603510464,5.837766242,1.586086259,9.113408746,9.113408746,13.78494464,15.15361631,12.78975371,15.74452243,12.12888801,0.844300323,4.597002836,1.361518606,0.776623299,4.01101177,1.27363577,2.712921167,2.712921167,2.712921167,4.56904689,2.712921167,2.712921167,2.712921167,2.712921167,9.113408746,9.113408746,2.374996746,2.712921167,2.712921167,2.712921167,2.712921167,4.56904689,2.712921167,2.712921167,2.712921167,2.712921167,2.712921167,2.712921167,2.712921167,2.74807894,2.606906303,2.393406159,3.873411833,1.165791236,7.775420096,2.075141639,25.23864998,18.23414384,9.113408746,9.113408746,10.05408187,9.113408746,2.712921167,2.712921167,1.688392554,6.574875374,1.952301156,2.128281996,9.221398341,3.221186985
2033,9,9.113408746,1.603510464,5.837766242,1.586086259,9.113408746,9.113408746,13.78494464,15.15361631,12.78975371,15.74452243,12.12888801,0.844300323,4.597002836,1.361518606,0.776623299,4.01101177,1.27363577,2.712921167,2.712921167,2.712921167,4.56904689,2.712921167,2.712921167,2.712921167,2.712921167,9.113408746,9.113408746,2.374996746,2.712921167,2.712921167,2.712921167,2.712921167,4.56904689,2.712921167,2.712921167,2.712921167,2.712921167,2.712921167,2.712921167,2.712921167,2.74807894,2.606906303,2.393406159,3.873411833,1.165791236,7.775420096,2.075141639,25.23864998,18.23414384,9.113408746,9.113408746,10.05408187,9.113408746,2.712921167,2.712921167,1.688392554,6.574875374,1.952301156,2.128281996,9.221398341,3.221186985
2033,10,9.113408746,1.603510464,5.837766242,1.586086259,9.113408746,9.113408746,13.78494464,15.15361631,12.78975371,15.74452243,12.12888801,0.844300323,4.597002836,1.361518606,0.776623299,4.01101177,1.27363577,2.712921167,2.712921167,2.712921167,4.56904689,2.712921167,2.712921167,2.712921167,2.712921167,9.113408746,9.113408746,2.374996746,2.712921167,2.712921167,2.712921167,2.712921167,4.56904689,2.712921167,2.712921167,2.712921167,2.712921167,2.712921167,2.712921167,2.712921167,2.74807894,2.606906303,2.393406159,3.873411833,1.165791236,7.775420096,2.075141639,25.23864998,18.23414384,9.113408746,9.113408746,10.05408187,9.113408746,2.712921167,2.712921167,1.688392554,6.574875374,1.952301156,2.128281996,9.221398341,3.221186985
2033,11,7.21395166,4.047610361,12.74603441,3.696380662,7.21395166,7.21395166,13.16078293,16.3131644,12.14143216,23.25647388,12.48738692,1.848574355,8.52062228,3.09628524,2.452083293,9.854228364,4.050724598,15.49794391,18.96865374,14.41576229,17.30472687,10.98735507,13.86058528,11.7388329,9.873896821,7.21395166,7.21395166,4.697438085,15.49794391,10.70136116,18.96865374,14.41576229,17.30472687,10.98735507,13.86058528,11.7388329,9.873896821,13.89499934,13.89499934,10.70136116,6.688332058,5.998240468,6.923840368,7.286866333,2.115613021,10.76401111,3.607807533,7.21395166,7.21395166,7.21395166,7.21395166,7.5257045,7.21395166,8.642601065,8.757632169,4.37079543,14.35539922,4.552401957,4.216295955,16.10611309,6.188048958
2033,12,7.21395166,4.047610361,12.74603441,3.696380662,7.21395166,7.21395166,13.16078293,16.3131644,12.14143216,23.25647388,12.48738692,1.848574355,8.52062228,3.09628524,2.452083293,9.854228364,4.050724598,15.49794391,18.96865374,14.41576229,17.30472687,10.98735507,13.86058528,11.7388329,9.873896821,7.21395166,7.21395166,4.697438085,15.49794391,10.70136116,18.96865374,14.41576229,17.30472687,10.98735507,13.86058528,11.7388329,9.873896821,13.89499934,13.89499934,10.70136116,6.688332058,5.998240468,6.923840368,7.286866333,2.115613021,10.76401111,3.607807533,7.21395166,7.21395166,7.21395166,7.21395166,7.5257045,7.21395166,8.642601065,8.757632169,4.37079543,14.35539922,4.552401957,4.216295955,16.10611309,6.188048958
2034,1,7.21395166,4.047610361,12.74603441,3.696380662,7.21395166,7.21395166,13.16078293,16.3131644,12.14143216,23.25647388,12.48738692,1.848574355,8.52062228,3.09628524,2.452083293,9.854228364,4.050724598,15.49794391,18.96865374,14.41576229,17.30472687,10.98735507,13.86058528,11.7388329,9.873896821,7.21395166,7.21395166,4.697438085,15.49794391,10.70136116,18.96865374,14.41576229,17.30472687,10.98735507,13.86058528,11.7388329,9.873896821,13.89499934,13.89499934,10.70136116,6.688332058,5.998240468,6.923840368,7.286866333,2.115613021,10.76401111,3.607807533,7.21395166,7.21395166,7.21395166,7.21395166,7.5257045,7.21395166,8.642601065,8.757632169,4.37079543,14.35539922,4.552401957,4.216295955,16.10611309,6.188048958
2034,2,7.21395166,4.047610361,12.74603441,3.696380662,7.21395166,7.21395166,13.16078293,16.3131644,12.14143216,23.25647388,12.48738692,1.848574355,8.52062228,3.09628524,2.452083293,9.854228364,4.050724598,15.49794391,18.96865374,14.41576229,17.30472687,10.98735507,13.86058528,11.7388329,9.873896821,7.21395166,7.21395166,4.697438085,15.49794391,10.70136116,18.96865374,14.41576229,17.30472687,10.98735507,13.86058528,11.7388329,9.873896821,13.89499934,13.89499934,10.70136116,6.688332058,5.998240468,6.923840368,7.286866333,2.115613021,10.76401111,3.607807533,7.21395166,7.21395166,7.21395166,7.21395166,7.5257045,7.21395166,8.642601065,8.757632169,4.37079543,14.35539922,4.552401957,4.216295955,16.10611309,6.188048958
2034,3,7.21395166,4.047610361,12.74603441,3.696380662,7.21395166,7.21395166,13.16078293,16.3131644,12.14143216,23.25647388,12.48738692,1.848574355,8.52062228,3.09628524,2.452083293,9.854228364,4.050724598,15.49794391,18.96865374,14.41576229,17.30472687,10.98735507,13.86058528,11.7388329,9.873896821,7.21395166,7.21395166,4.697438085,15.49794391,10.70136116,18.96865374,14.41576229,17.30472687,10.98735507,13.86058528,11.7388329,9.873896821,13.89499934,13.89499934,10.70136116,6.688332058,5.998240468,6.923840368,7.286866333,2.115613021,10.76401111,3.607807533,7.21395166,7.21395166,7.21395166,7.21395166,7.5257045,7.21395166,8.642601065,8.757632169,4.37079543,14.35539922,4.552401957,4.216295955,16.10611309,6.188048958
2034,4,7.21395166,4.047610361,12.74603441,3.696380662,7.21395166,7.21395166,13.16078293,16.3131644,12.14143216,23.25647388,12.48738692,1.848574355,8.52062228,3.09628524,2.452083293,9.854228364,4.050724598,15.49794391,18.96865374,14.41576229,17.30472687,10.98735507,13.86058528,11.7388329,9.873896821,7.21395166,7.21395166,4.697438085,15.49794391,10.70136116,18.96865374,14.41576229,17.30472687,10.98735507,13.86058528,11.7388329,9.873896821,13.89499934,13.89499934,10.70136116,6.688332058,5.998240468,6.923840368,7.286866333,2.115613021,10.76401111,3.607807533,7.21395166,7.21395166,7.21395166,7.21395166,7.5257045,7.21395166,8.642601065,8.757632169,4.37079543,14.35539922,4.552401957,4.216295955,16.10611309,6.188048958
2034,5,9.113408746,1.603510464,5.837766242,1.586086259,9.113408746,9.113408746,13.78494464,15.15361631,12.78975371,15.74452243,12.12888801,0.844300323,4.597002836,1.361518606,0.776623299,4.01101177,1.27363577,2.712921167,2.712921167,2.712921167,4.56904689,2.712921167,2.712921167,2.712921167,2.712921167,9.113408746,9.113408746,2.374996746,2.712921167,2.712921167,2.712921167,2.712921167,4.56904689,2.712921167,2.712921167,2.712921167,2.712921167,2.712921167,2.712921167,2.712921167,2.74807894,2.606906303,2.393406159,3.873411833,1.165791236,7.775420096,2.075141639,25.23864998,18.23414384,9.113408746,9.113408746,10.05408187,9.113408746,2.712921167,2.712921167,1.688392554,6.574875374,1.952301156,2.128281996,9.221398341,3.221186985
2034,6,9.113408746,1.603510464,5.837766242,1.586086259,9.113408746,9.113408746,13.78494464,15.15361631,12.78975371,15.74452243,12.12888801,0.844300323,4.597002836,1.361518606,0.776623299,4.01101177,1.27363577,2.712921167,2.712921167,2.712921167,4.56904689,2.712921167,2.712921167,2.712921167,2.712921167,9.113408746,9.113408746,2.374996746,2.712921167,2.712921167,2.712921167,2.712921167,4.56904689,2.712921167,2.712921167,2.712921167,2.712921167,2.712921167,2.712921167,2.712921167,2.74807894,2.606906303,2.393406159,3.873411833,1.165791236,7.775420096,2.075141639,25.23864998,18.23414384,9.113408746,9.113408746,10.05408187,9.113408746,2.712921167,2.712921167,1.688392554,6.574875374,1.952301156,2.128281996,9.221398341,3.221186985
2034,7,9.113408746,1.603510464,5.837766242,1.586086259,9.113408746,9.113408746,13.78494464,15.15361631,12.78975371,15.74452243,12.12888801,0.844300323,4.597002836,1.361518606,0.776623299,4.01101177,1.27363577,2.712921167,2.712921167,2.712921167,4.56904689,2.712921167,2.712921167,2.712921167,2.712921167,9.113408746,9.113408746,2.374996746,2.712921167,2.712921167,2.712921167,2.712921167,4.56904689,2.712921167,2.712921167,2.712921167,2.712921167,2.712921167,2.712921167,2.712921167,2.74807894,2.606906303,2.393406159,3.873411833,1.165791236,7.775420096,2.075141639,25.23864998,18.23414384,9.113408746,9.113408746,10.05408187,9.113408746,2.712921167,2.712921167,1.688392554,6.574875374,1.952301156,2.128281996,9.221398341,3.221186985
2034,8,9.113408746,1.603510464,5.837766242,1.586086259,9.113408746,9.113408746,13.78494464,15.15361631,12.78975371,15.74452243,12.12888801,0.844300323,4.597002836,1.361518606,0.776623299,4.01101177,1.27363577,2.712921167,2.712921167,2.712921167,4.56904689,2.712921167,2.712921167,2.712921167,2.712921167,9.113408746,9.113408746,2.374996746,2.712921167,2.712921167,2.712921167,2.712921167,4.56904689,2.712921167,2.712921167,2.712921167,2.712921167,2.712921167,2.712921167,2.712921167,2.74807894,2.606906303,2.393406159,3.873411833,1.165791236,7.775420096,2.075141639,25.23864998,18.23414384,9.113408746,9.113408746,10.05408187,9.113408746,2.712921167,2.712921167,1.688392554,6.574875374,1.952301156,2.128281996,9.221398341,3.221186985
2034,9,9.113408746,1.603510464,5.837766242,1.586086259,9.113408746,9.113408746,13.78494464,15.15361631,12.78975371,15.74452243,12.12888801,0.844300323,4.597002836,1.361518606,0.776623299,4.01101177,1.27363577,2.712921167,2.712921167,2.712921167,4.56904689,2.712921167,2.712921167,2.712921167,2.712921167,9.113408746,9.113408746,2.374996746,2.712921167,2.712921167,2.712921167,2.712921167,4.56904689,2.712921167,2.712921167,2.712921167,2.712921167,2.712921167,2.712921167,2.712921167,2.74807894,2.606906303,2.393406159,3.873411833,1.165791236,7.775420096,2.075141639,25.23864998,18.23414384,9.113408746,9.113408746,10.05408187,9.113408746,2.712921167,2.712921167,1.688392554,6.574875374,1.952301156,2.128281996,9.221398341,3.221186985
2034,10,9.113408746,1.603510464,5.837766242,1.586086259,9.113408746,9.113408746,13.78494464,15.15361631,12.78975371,15.74452243,12.12888801,0.844300323,4.597002836,1.361518606,0.776623299,4.01101177,1.27363577,2.712921167,2.712921167,2.712921167,4.56904689,2.712921167,2.712921167,2.712921167,2.712921167,9.113408746,9.113408746,2.374996746,2.712921167,2.712921167,2.712921167,2.712921167,4.56904689,2.712921167,2.712921167,2.712921167,2.712921167,2.712921167,2.712921167,2.712921167,2.74807894,2.606906303,2.393406159,3.873411833,1.165791236,7.775420096,2.075141639,25.23864998,18.23414384,9.113408746,9.113408746,10.05408187,9.113408746,2.712921167,2.712921167,1.688392554,6.574875374,1.952301156,2.128281996,9.221398341,3.221186985
2034,11,7.21395166,4.047610361,12.74603441,3.696380662,7.21395166,7.21395166,13.16078293,16.3131644,12.14143216,23.25647388,12.48738692,1.848574355,8.52062228,3.09628524,2.452083293,9.854228364,4.050724598,15.49794391,18.96865374,14.41576229,17.30472687,10.98735507,13.86058528,11.7388329,9.873896821,7.21395166,7.21395166,4.697438085,15.49794391,10.70136116,18.96865374,14.41576229,17.30472687,10.98735507,13.86058528,11.7388329,9.873896821,13.89499934,13.89499934,10.70136116,6.688332058,5.998240468,6.923840368,7.286866333,2.115613021,10.76401111,3.607807533,7.21395166,7.21395166,7.21395166,7.21395166,7.5257045,7.21395166,8.642601065,8.757632169,4.37079543,14.35539922,4.552401957,4.216295955,16.10611309,6.188048958
2034,12,7.21395166,4.047610361,12.74603441,3.696380662,7.21395166,7.21395166,13.16078293,16.3131644,12.14143216,23.25647388,12.48738692,1.848574355,8.52062228,3.09628524,2.452083293,9.854228364,4.050724598,15.49794391,18.96865374,14.41576229,17.30472687,10.98735507,13.86058528,11.7388329,9.873896821,7.21395166,7.21395166,4.697438085,15.49794391,10.70136116,18.96865374,14.41576229,17.30472687,10.98735507,13.86058528,11.7388329,9.873896821,13.89499934,13.89499934,10.70136116,6.688332058,5.998240468,6.923840368,7.286866333,2.115613021,10.76401111,3.607807533,7.21395166,7.21395166,7.21395166,7.21395166,7.5257045,7.21395166,8.642601065,8.757632169,4.37079543,14.35539922,4.552401957,4.216295955,16.10611309,6.188048958
2035,1,7.21395166,4.047610361,12.74603441,3.696380662,7.21395166,7.21395166,13.16078293,16.3131644,12.14143216,23.25647388,12.48738692,1.848574355,8.52062228,3.09628524,2.452083293,9.854228364,4.050724598,15.49794391,18.96865374,14.41576229,17.30472687,10.98735507,13.86058528,11.7388329,9.873896821,7.21395166,7.21395166,4.697438085,15.49794391,10.70136116,18.96865374,14.41576229,17.30472687,10.98735507,13.86058528,11.7388329,9.873896821,13.89499934,13.89499934,10.70136116,6.688332058,5.998240468,6.923840368,7.286866333,2.115613021,10.76401111,3.607807533,7.21395166,7.21395166,7.21395166,7.21395166,7.5257045,7.21395166,8.642601065,8.757632169,4.37079543,14.35539922,4.552401957,4.216295955,16.10611309,6.188048958
2035,2,7.21395166,4.047610361,12.74603441,3.696380662,7.21395166,7.21395166,13.16078293,16.3131644,12.14143216,23.25647388,12.48738692,1.848574355,8.52062228,3.09628524,2.452083293,9.854228364,4.050724598,15.49794391,18.96865374,14.41576229,17.30472687,10.98735507,13.86058528,11.7388329,9.873896821,7.21395166,7.21395166,4.697438085,15.49794391,10.70136116,18.96865374,14.41576229,17.30472687,10.98735507,13.86058528,11.7388329,9.873896821,13.89499934,13.89499934,10.70136116,6.688332058,5.998240468,6.923840368,7.286866333,2.115613021,10.76401111,3.607807533,7.21395166,7.21395166,7.21395166,7.21395166,7.5257045,7.21395166,8.642601065,8.757632169,4.37079543,14.35539922,4.552401957,4.216295955,16.10611309,6.188048958
2035,3,7.21395166,4.047610361,12.74603441,3.696380662,7.21395166,7.21395166,13.16078293,16.3131644,12.14143216,23.25647388,12.48738692,1.848574355,8.52062228,3.09628524,2.452083293,9.854228364,4.050724598,15.49794391,18.96865374,14.41576229,17.30472687,10.98735507,13.86058528,11.7388329,9.873896821,7.21395166,7.21395166,4.697438085,15.49794391,10.70136116,18.96865374,14.41576229,17.30472687,10.98735507,13.86058528,11.7388329,9.873896821,13.89499934,13.89499934,10.70136116,6.688332058,5.998240468,6.923840368,7.286866333,2.115613021,10.76401111,3.607807533,7.21395166,7.21395166,7.21395166,7.21395166,7.5257045,7.21395166,8.642601065,8.757632169,4.37079543,14.35539922,4.552401957,4.216295955,16.10611309,6.188048958
2035,4,7.21395166,4.047610361,12.74603441,3.696380662,7.21395166,7.21395166,13.16078293,16.3131644,12.14143216,23.25647388,12.48738692,1.848574355,8.52062228,3.09628524,2.452083293,9.854228364,4.050724598,15.49794391,18.96865374,14.41576229,17.30472687,10.98735507,13.86058528,11.7388329,9.873896821,7.21395166,7.21395166,4.697438085,15.49794391,10.70136116,18.96865374,14.41576229,17.30472687,10.98735507,13.86058528,11.7388329,9.873896821,13.89499934,13.89499934,10.70136116,6.688332058,5.998240468,6.923840368,7.286866333,2.115613021,10.76401111,3.607807533,7.21395166,7.21395166,7.21395166,7.21395166,7.5257045,7.21395166,8.642601065,8.757632169,4.37079543,14.35539922,4.552401957,4.216295955,16.10611309,6.188048958
2035,5,9.113408746,1.603510464,5.837766242,1.586086259,9.113408746,9.113408746,13.78494464,15.15361631,12.78975371,15.74452243,12.12888801,0.844300323,4.597002836,1.361518606,0.776623299,4.01101177,1.27363577,2.712921167,2.712921167,2.712921167,4.56904689,2.712921167,2.712921167,2.712921167,2.712921167,9.113408746,9.113408746,2.374996746,2.712921167,2.712921167,2.712921167,2.712921167,4.56904689,2.712921167,2.712921167,2.712921167,2.712921167,2.712921167,2.712921167,2.712921167,2.74807894,2.606906303,2.393406159,3.873411833,1.165791236,7.775420096,2.075141639,25.23864998,18.23414384,9.113408746,9.113408746,10.05408187,9.113408746,2.712921167,2.712921167,1.688392554,6.574875374,1.952301156,2.128281996,9.221398341,3.221186985
2035,6,9.113408746,1.603510464,5.837766242,1.586086259,9.113408746,9.113408746,13.78494464,15.15361631,12.78975371,15.74452243,12.12888801,0.844300323,4.597002836,1.361518606,0.776623299,4.01101177,1.27363577,2.712921167,2.712921167,2.712921167,4.56904689,2.712921167,2.712921167,2.712921167,2.712921167,9.113408746,9.113408746,2.374996746,2.712921167,2.712921167,2.712921167,2.712921167,4.56904689,2.712921167,2.712921167,2.712921167,2.712921167,2.712921167,2.712921167,2.712921167,2.74807894,2.606906303,2.393406159,3.873411833,1.165791236,7.775420096,2.075141639,25.23864998,18.23414384,9.113408746,9.113408746,10.05408187,9.113408746,2.712921167,2.712921167,1.688392554,6.574875374,1.952301156,2.128281996,9.221398341,3.221186985
2035,7,9.113408746,1.603510464,5.837766242,1.586086259,9.113408746,9.113408746,13.78494464,15.15361631,12.78975371,15.74452243,12.12888801,0.844300323,4.597002836,1.361518606,0.776623299,4.01101177,1.27363577,2.712921167,2.712921167,2.712921167,4.56904689,2.712921167,2.712921167,2.712921167,2.712921167,9.113408746,9.113408746,2.374996746,2.712921167,2.712921167,2.712921167,2.712921167,4.56904689,2.712921167,2.712921167,2.712921167,2.712921167,2.712921167,2.712921167,2.712921167,2.74807894,2.606906303,2.393406159,3.873411833,1.165791236,7.775420096,2.075141639,25.23864998,18.23414384,9.113408746,9.113408746,10.05408187,9.113408746,2.712921167,2.712921167,1.688392554,6.574875374,1.952301156,2.128281996,9.221398341,3.221186985
2035,8,9.113408746,1.603510464,5.837766242,1.586086259,9.113408746,9.113408746,13.78494464,15.15361631,12.78975371,15.74452243,12.12888801,0.844300323,4.597002836,1.361518606,0.776623299,4.01101177,1.27363577,2.712921167,2.712921167,2.712921167,4.56904689,2.712921167,2.712921167,2.712921167,2.712921167,9.113408746,9.113408746,2.374996746,2.712921167,2.712921167,2.712921167,2.712921167,4.56904689,2.712921167,2.712921167,2.712921167,2.712921167,2.712921167,2.712921167,2.712921167,2.74807894,2.606906303,2.393406159,3.873411833,1.165791236,7.775420096,2.075141639,25.23864998,18.23414384,9.113408746,9.113408746,10.05408187,9.113408746,2.712921167,2.712921167,1.688392554,6.574875374,1.952301156,2.128281996,9.221398341,3.221186985
2035,9,9.113408746,1.603510464,5.837766242,1.586086259,9.113408746,9.113408746,13.78494464,15.15361631,12.78975371,15.74452243,12.12888801,0.844300323,4.597002836,1.361518606,0.776623299,4.01101177,1.27363577,2.712921167,2.712921167,2.712921167,4.56904689,2.712921167,2.712921167,2.712921167,2.712921167,9.113408746,9.113408746,2.374996746,2.712921167,2.712921167,2.712921167,2.712921167,4.56904689,2.712921167,2.712921167,2.712921167,2.712921167,2.712921167,2.712921167,2.712921167,2.74807894,2.606906303,2.393406159,3.873411833,1.165791236,7.775420096,2.075141639,25.23864998,18.23414384,9.113408746,9.113408746,10.05408187,9.113408746,2.712921167,2.712921167,1.688392554,6.574875374,1.952301156,2.128281996,9.221398341,3.221186985
2035,10,9.113408746,1.603510464,5.837766242,1.586086259,9.113408746,9.113408746,13.78494464,15.15361631,12.78975371,15.74452243,12.12888801,0.844300323,4.597002836,1.361518606,0.776623299,4.01101177,1.27363577,2.712921167,2.712921167,2.712921167,4.56904689,2.712921167,2.712921167,2.712921167,2.712921167,9.113408746,9.113408746,2.374996746,2.712921167,2.712921167,2.712921167,2.712921167,4.56904689,2.712921167,2.712921167,2.712921167,2.712921167,2.712921167,2.712921167,2.712921167,2.74807894,2.606906303,2.393406159,3.873411833,1.165791236,7.775420096,2.075141639,25.23864998,18.23414384,9.113408746,9.113408746,10.05408187,9.113408746,2.712921167,2.712921167,1.688392554,6.574875374,1.952301156,2.128281996,9.221398341,3.221186985
2035,11,7.21395166,4.047610361,12.74603441,3.696380662,7.21395166,7.21395166,13.16078293,16.3131644,12.14143216,23.25647388,12.48738692,1.848574355,8.52062228,3.09628524,2.452083293,9.854228364,4.050724598,15.49794391,18.96865374,14.41576229,17.30472687,10.98735507,13.86058528,11.7388329,9.873896821,7.21395166,7.21395166,4.697438085,15.49794391,10.70136116,18.96865374,14.41576229,17.30472687,10.98735507,13.86058528,11.7388329,9.873896821,13.89499934,13.89499934,10.70136116,6.688332058,5.998240468,6.923840368,7.286866333,2.115613021,10.76401111,3.607807533,7.21395166,7.21395166,7.21395166,7.21395166,7.5257045,7.21395166,8.642601065,8.757632169,4.37079543,14.35539922,4.552401957,4.216295955,16.10611309,6.188048958
2035,12,7.21395166,4.047610361,12.74603441,3.696380662,7.21395166,7.21395166,13.16078293,16.3131644,12.14143216,23.25647388,12.48738692,1.848574355,8.52062228,3.09628524,2.452083293,9.854228364,4.050724598,15.49794391,18.96865374,14.41576229,17.30472687,10.98735507,13.86058528,11.7388329,9.873896821,7.21395166,7.21395166,4.697438085,15.49794391,10.70136116,18.96865374,14.41576229,17.30472687,10.98735507,13.86058528,11.7388329,9.873896821,13.89499934,13.89499934,10.70136116,6.688332058,5.998240468,6.923840368,7.286866333,2.115613021,10.76401111,3.607807533,7.21395166,7.21395166,7.21395166,7.21395166,7.5257045,7.21395166,8.642601065,8.757632169,4.37079543,14.35539922,4.552401957,4.216295955,16.10611309,6.188048958
2036,1,7.21395166,4.047610361,12.74603441,3.696380662,7.21395166,7.21395166,13.16078293,16.3131644,12.14143216,23.25647388,12.48738692,1.848574355,8.52062228,3.09628524,2.452083293,9.854228364,4.050724598,15.49794391,18.96865374,14.41576229,17.30472687,10.98735507,13.86058528,11.7388329,9.873896821,7.21395166,7.21395166,4.697438085,15.49794391,10.70136116,18.96865374,14.41576229,17.30472687,10.98735507,13.86058528,11.7388329,9.873896821,13.89499934,13.89499934,10.70136116,6.688332058,5.998240468,6.923840368,7.286866333,2.115613021,10.76401111,3.607807533,7.21395166,7.21395166,7.21395166,7.21395166,7.5257045,7.21395166,8.642601065,8.757632169,4.37079543,14.35539922,4.552401957,4.216295955,16.10611309,6.188048958
2036,2,7.21395166,4.047610361,12.74603441,3.696380662,7.21395166,7.21395166,13.16078293,16.3131644,12.14143216,23.25647388,12.48738692,1.848574355,8.52062228,3.09628524,2.452083293,9.854228364,4.050724598,15.49794391,18.96865374,14.41576229,17.30472687,10.98735507,13.86058528,11.7388329,9.873896821,7.21395166,7.21395166,4.697438085,15.49794391,10.70136116,18.96865374,14.41576229,17.30472687,10.98735507,13.86058528,11.7388329,9.873896821,13.89499934,13.89499934,10.70136116,6.688332058,5.998240468,6.923840368,7.286866333,2.115613021,10.76401111,3.607807533,7.21395166,7.21395166,7.21395166,7.21395166,7.5257045,7.21395166,8.642601065,8.757632169,4.37079543,14.35539922,4.552401957,4.216295955,16.10611309,6.188048958
2036,3,7.21395166,4.047610361,12.74603441,3.696380662,7.21395166,7.21395166,13.16078293,16.3131644,12.14143216,23.25647388,12.48738692,1.848574355,8.52062228,3.09628524,2.452083293,9.854228364,4.050724598,15.49794391,18.96865374,14.41576229,17.30472687,10.98735507,13.86058528,11.7388329,9.873896821,7.21395166,7.21395166,4.697438085,15.49794391,10.70136116,18.96865374,14.41576229,17.30472687,10.98735507,13.86058528,11.7388329,9.873896821,13.89499934,13.89499934,10.70136116,6.688332058,5.998240468,6.923840368,7.286866333,2.115613021,10.76401111,3.607807533,7.21395166,7.21395166,7.21395166,7.21395166,7.5257045,7.21395166,8.642601065,8.757632169,4.37079543,14.35539922,4.552401957,4.216295955,16.10611309,6.188048958
2036,4,7.21395166,4.047610361,12.74603441,3.696380662,7.21395166,7.21395166,13.16078293,16.3131644,12.14143216,23.25647388,12.48738692,1.848574355,8.52062228,3.09628524,2.452083293,9.854228364,4.050724598,15.49794391,18.96865374,14.41576229,17.30472687,10.98735507,13.86058528,11.7388329,9.873896821,7.21395166,7.21395166,4.697438085,15.49794391,10.70136116,18.96865374,14.41576229,17.30472687,10.98735507,13.86058528,11.7388329,9.873896821,13.89499934,13.89499934,10.70136116,6.688332058,5.998240468,6.923840368,7.286866333,2.115613021,10.76401111,3.607807533,7.21395166,7.21395166,7.21395166,7.21395166,7.5257045,7.21395166,8.642601065,8.757632169,4.37079543,14.35539922,4.552401957,4.216295955,16.10611309,6.188048958
2036,5,9.113408746,1.603510464,5.837766242,1.586086259,9.113408746,9.113408746,13.78494464,15.15361631,12.78975371,15.74452243,12.12888801,0.844300323,4.597002836,1.361518606,0.776623299,4.01101177,1.27363577,2.712921167,2.712921167,2.712921167,4.56904689,2.712921167,2.712921167,2.712921167,2.712921167,9.113408746,9.113408746,2.374996746,2.712921167,2.712921167,2.712921167,2.712921167,4.56904689,2.712921167,2.712921167,2.712921167,2.712921167,2.712921167,2.712921167,2.712921167,2.74807894,2.606906303,2.393406159,3.873411833,1.165791236,7.775420096,2.075141639,25.23864998,18.23414384,9.113408746,9.113408746,10.05408187,9.113408746,2.712921167,2.712921167,1.688392554,6.574875374,1.952301156,2.128281996,9.221398341,3.221186985
2036,6,9.113408746,1.603510464,5.837766242,1.586086259,9.113408746,9.113408746,13.78494464,15.15361631,12.78975371,15.74452243,12.12888801,0.844300323,4.597002836,1.361518606,0.776623299,4.01101177,1.27363577,2.712921167,2.712921167,2.712921167,4.56904689,2.712921167,2.712921167,2.712921167,2.712921167,9.113408746,9.113408746,2.374996746,2.712921167,2.712921167,2.712921167,2.712921167,4.56904689,2.712921167,2.712921167,2.712921167,2.712921167,2.712921167,2.712921167,2.712921167,2.74807894,2.606906303,2.393406159,3.873411833,1.165791236,7.775420096,2.075141639,25.23864998,18.23414384,9.113408746,9.113408746,10.05408187,9.113408746,2.712921167,2.712921167,1.688392554,6.574875374,1.952301156,2.128281996,9.221398341,3.221186985
2036,7,9.113408746,1.603510464,5.837766242,1.586086259,9.113408746,9.113408746,13.78494464,15.15361631,12.78975371,15.74452243,12.12888801,0.844300323,4.597002836,1.361518606,0.776623299,4.01101177,1.27363577,2.712921167,2.712921167,2.712921167,4.56904689,2.712921167,2.712921167,2.712921167,2.712921167,9.113408746,9.113408746,2.374996746,2.712921167,2.712921167,2.712921167,2.712921167,4.56904689,2.712921167,2.712921167,2.712921167,2.712921167,2.712921167,2.712921167,2.712921167,2.74807894,2.606906303,2.393406159,3.873411833,1.165791236,7.775420096,2.075141639,25.23864998,18.23414384,9.113408746,9.113408746,10.05408187,9.113408746,2.712921167,2.712921167,1.688392554,6.574875374,1.952301156,2.128281996,9.221398341,3.221186985
2036,8,9.113408746,1.603510464,5.837766242,1.586086259,9.113408746,9.113408746,13.78494464,15.15361631,12.78975371,15.74452243,12.12888801,0.844300323,4.597002836,1.361518606,0.776623299,4.01101177,1.27363577,2.712921167,2.712921167,2.712921167,4.56904689,2.712921167,2.712921167,2.712921167,2.712921167,9.113408746,9.113408746,2.374996746,2.712921167,2.712921167,2.712921167,2.712921167,4.56904689,2.712921167,2.712921167,2.712921167,2.712921167,2.712921167,2.712921167,2.712921167,2.74807894,2.606906303,2.393406159,3.873411833,1.165791236,7.775420096,2.075141639,25.23864998,18.23414384,9.113408746,9.113408746,10.05408187,9.113408746,2.712921167,2.712921167,1.688392554,6.574875374,1.952301156,2.128281996,9.221398341,3.221186985
2036,9,9.113408746,1.603510464,5.837766242,1.586086259,9.113408746,9.113408746,13.78494464,15.15361631,12.78975371,15.74452243,12.12888801,0.844300323,4.597002836,1.361518606,0.776623299,4.01101177,1.27363577,2.712921167,2.712921167,2.712921167,4.56904689,2.712921167,2.712921167,2.712921167,2.712921167,9.113408746,9.113408746,2.374996746,2.712921167,2.712921167,2.712921167,2.712921167,4.56904689,2.712921167,2.712921167,2.712921167,2.712921167,2.712921167,2.712921167,2.712921167,2.74807894,2.606906303,2.393406159,3.873411833,1.165791236,7.775420096,2.075141639,25.23864998,18.23414384,9.113408746,9.113408746,10.05408187,9.113408746,2.712921167,2.712921167,1.688392554,6.574875374,1.952301156,2.128281996,9.221398341,3.221186985
2036,10,9.113408746,1.603510464,5.837766242,1.586086259,9.113408746,9.113408746,13.78494464,15.15361631,12.78975371,15.74452243,12.12888801,0.844300323,4.597002836,1.361518606,0.776623299,4.01101177,1.27363577,2.712921167,2.712921167,2.712921167,4.56904689,2.712921167,2.712921167,2.712921167,2.712921167,9.113408746,9.113408746,2.374996746,2.712921167,2.712921167,2.712921167,2.712921167,4.56904689,2.712921167,2.712921167,2.712921167,2.712921167,2.712921167,2.712921167,2.712921167,2.74807894,2.606906303,2.393406159,3.873411833,1.165791236,7.775420096,2.075141639,25.23864998,18.23414384,9.113408746,9.113408746,10.05408187,9.113408746,2.712921167,2.712921167,1.688392554,6.574875374,1.952301156,2.128281996,9.221398341,3.221186985
2036,11,7.21395166,4.047610361,12.74603441,3.696380662,7.21395166,7.21395166,13.16078293,16.3131644,12.14143216,23.25647388,12.48738692,1.848574355,8.52062228,3.09628524,2.452083293,9.854228364,4.050724598,15.49794391,18.96865374,14.41576229,17.30472687,10.98735507,13.86058528,11.7388329,9.873896821,7.21395166,7.21395166,4.697438085,15.49794391,10.70136116,18.96865374,14.41576229,17.30472687,10.98735507,13.86058528,11.7388329,9.873896821,13.89499934,13.89499934,10.70136116,6.688332058,5.998240468,6.923840368,7.286866333,2.115613021,10.76401111,3.607807533,7.21395166,7.21395166,7.21395166,7.21395166,7.5257045,7.21395166,8.642601065,8.757632169,4.37079543,14.35539922,4.552401957,4.216295955,16.10611309,6.188048958
2036,12,7.21395166,4.047610361,12.74603441,3.696380662,7.21395166,7.21395166,13.16078293,16.3131644,12.14143216,23.25647388,12.48738692,1.848574355,8.52062228,3.09628524,2.452083293,9.854228364,4.050724598,15.49794391,18.96865374,14.41576229,17.30472687,10.98735507,13.86058528,11.7388329,9.873896821,7.21395166,7.21395166,4.697438085,15.49794391,10.70136116,18.96865374,14.41576229,17.30472687,10.98735507,13.86058528,11.7388329,9.873896821,13.89499934,13.89499934,10.70136116,6.688332058,5.998240468,6.923840368,7.286866333,2.115613021,10.76401111,3.607807533,7.21395166,7.21395166,7.21395166,7.21395166,7.5257045,7.21395166,8.642601065,8.757632169,4.37079543,14.35539922,4.552401957,4.216295955,16.10611309,6.188048958
2037,1,7.21395166,4.047610361,12.74603441,3.696380662,7.21395166,7.21395166,13.16078293,16.3131644,12.14143216,23.25647388,12.48738692,1.848574355,8.52062228,3.09628524,2.452083293,9.854228364,4.050724598,15.49794391,18.96865374,14.41576229,17.30472687,10.98735507,13.86058528,11.7388329,9.873896821,7.21395166,7.21395166,4.697438085,15.49794391,10.70136116,18.96865374,14.41576229,17.30472687,10.98735507,13.86058528,11.7388329,9.873896821,13.89499934,13.89499934,10.70136116,6.688332058,5.998240468,6.923840368,7.286866333,2.115613021,10.76401111,3.607807533,7.21395166,7.21395166,7.21395166,7.21395166,7.5257045,7.21395166,8.642601065,8.757632169,4.37079543,14.35539922,4.552401957,4.216295955,16.10611309,6.188048958
2037,2,7.21395166,4.047610361,12.74603441,3.696380662,7.21395166,7.21395166,13.16078293,16.3131644,12.14143216,23.25647388,12.48738692,1.848574355,8.52062228,3.09628524,2.452083293,9.854228364,4.050724598,15.49794391,18.96865374,14.41576229,17.30472687,10.98735507,13.86058528,11.7388329,9.873896821,7.21395166,7.21395166,4.697438085,15.49794391,10.70136116,18.96865374,14.41576229,17.30472687,10.98735507,13.86058528,11.7388329,9.873896821,13.89499934,13.89499934,10.70136116,6.688332058,5.998240468,6.923840368,7.286866333,2.115613021,10.76401111,3.607807533,7.21395166,7.21395166,7.21395166,7.21395166,7.5257045,7.21395166,8.642601065,8.757632169,4.37079543,14.35539922,4.552401957,4.216295955,16.10611309,6.188048958
2037,3,7.21395166,4.047610361,12.74603441,3.696380662,7.21395166,7.21395166,13.16078293,16.3131644,12.14143216,23.25647388,12.48738692,1.848574355,8.52062228,3.09628524,2.452083293,9.854228364,4.050724598,15.49794391,18.96865374,14.41576229,17.30472687,10.98735507,13.86058528,11.7388329,9.873896821,7.21395166,7.21395166,4.697438085,15.49794391,10.70136116,18.96865374,14.41576229,17.30472687,10.98735507,13.86058528,11.7388329,9.873896821,13.89499934,13.89499934,10.70136116,6.688332058,5.998240468,6.923840368,7.286866333,2.115613021,10.76401111,3.607807533,7.21395166,7.21395166,7.21395166,7.21395166,7.5257045,7.21395166,8.642601065,8.757632169,4.37079543,14.35539922,4.552401957,4.216295955,16.10611309,6.188048958
2037,4,7.21395166,4.047610361,12.74603441,3.696380662,7.21395166,7.21395166,13.16078293,16.3131644,12.14143216,23.25647388,12.48738692,1.848574355,8.52062228,3.09628524,2.452083293,9.854228364,4.050724598,15.49794391,18.96865374,14.41576229,17.30472687,10.98735507,13.86058528,11.7388329,9.873896821,7.21395166,7.21395166,4.697438085,15.49794391,10.70136116,18.96865374,14.41576229,17.30472687,10.98735507,13.86058528,11.7388329,9.873896821,13.89499934,13.89499934,10.70136116,6.688332058,5.998240468,6.923840368,7.286866333,2.115613021,10.76401111,3.607807533,7.21395166,7.21395166,7.21395166,7.21395166,7.5257045,7.21395166,8.642601065,8.757632169,4.37079543,14.35539922,4.552401957,4.216295955,16.10611309,6.188048958
2037,5,9.113408746,1.603510464,5.837766242,1.586086259,9.113408746,9.113408746,13.78494464,15.15361631,12.78975371,15.74452243,12.12888801,0.844300323,4.597002836,1.361518606,0.776623299,4.01101177,1.27363577,2.712921167,2.712921167,2.712921167,4.56904689,2.712921167,2.712921167,2.712921167,2.712921167,9.113408746,9.113408746,2.374996746,2.712921167,2.712921167,2.712921167,2.712921167,4.56904689,2.712921167,2.712921167,2.712921167,2.712921167,2.712921167,2.712921167,2.712921167,2.74807894,2.606906303,2.393406159,3.873411833,1.165791236,7.775420096,2.075141639,25.23864998,18.23414384,9.113408746,9.113408746,10.05408187,9.113408746,2.712921167,2.712921167,1.688392554,6.574875374,1.952301156,2.128281996,9.221398341,3.221186985
2037,6,9.113408746,1.603510464,5.837766242,1.586086259,9.113408746,9.113408746,13.78494464,15.15361631,12.78975371,15.74452243,12.12888801,0.844300323,4.597002836,1.361518606,0.776623299,4.01101177,1.27363577,2.712921167,2.712921167,2.712921167,4.56904689,2.712921167,2.712921167,2.712921167,2.712921167,9.113408746,9.113408746,2.374996746,2.712921167,2.712921167,2.712921167,2.712921167,4.56904689,2.712921167,2.712921167,2.712921167,2.712921167,2.712921167,2.712921167,2.712921167,2.74807894,2.606906303,2.393406159,3.873411833,1.165791236,7.775420096,2.075141639,25.23864998,18.23414384,9.113408746,9.113408746,10.05408187,9.113408746,2.712921167,2.712921167,1.688392554,6.574875374,1.952301156,2.128281996,9.221398341,3.221186985
2037,7,9.113408746,1.603510464,5.837766242,1.586086259,9.113408746,9.113408746,13.78494464,15.15361631,12.78975371,15.74452243,12.12888801,0.844300323,4.597002836,1.361518606,0.776623299,4.01101177,1.27363577,2.712921167,2.712921167,2.712921167,4.56904689,2.712921167,2.712921167,2.712921167,2.712921167,9.113408746,9.113408746,2.374996746,2.712921167,2.712921167,2.712921167,2.712921167,4.56904689,2.712921167,2.712921167,2.712921167,2.712921167,2.712921167,2.712921167,2.712921167,2.74807894,2.606906303,2.393406159,3.873411833,1.165791236,7.775420096,2.075141639,25.23864998,18.23414384,9.113408746,9.113408746,10.05408187,9.113408746,2.712921167,2.712921167,1.688392554,6.574875374,1.952301156,2.128281996,9.221398341,3.221186985
2037,8,9.113408746,1.603510464,5.837766242,1.586086259,9.113408746,9.113408746,13.78494464,15.15361631,12.78975371,15.74452243,12.12888801,0.844300323,4.597002836,1.361518606,0.776623299,4.01101177,1.27363577,2.712921167,2.712921167,2.712921167,4.56904689,2.712921167,2.712921167,2.712921167,2.712921167,9.113408746,9.113408746,2.374996746,2.712921167,2.712921167,2.712921167,2.712921167,4.56904689,2.712921167,2.712921167,2.712921167,2.712921167,2.712921167,2.712921167,2.712921167,2.74807894,2.606906303,2.393406159,3.873411833,1.165791236,7.775420096,2.075141639,25.23864998,18.23414384,9.113408746,9.113408746,10.05408187,9.113408746,2.712921167,2.712921167,1.688392554,6.574875374,1.952301156,2.128281996,9.221398341,3.221186985
2037,9,9.113408746,1.603510464,5.837766242,1.586086259,9.113408746,9.113408746,13.78494464,15.15361631,12.78975371,15.74452243,12.12888801,0.844300323,4.597002836,1.361518606,0.776623299,4.01101177,1.27363577,2.712921167,2.712921167,2.712921167,4.56904689,2.712921167,2.712921167,2.712921167,2.712921167,9.113408746,9.113408746,2.374996746,2.712921167,2.712921167,2.712921167,2.712921167,4.56904689,2.712921167,2.712921167,2.712921167,2.712921167,2.712921167,2.712921167,2.712921167,2.74807894,2.606906303,2.393406159,3.873411833,1.165791236,7.775420096,2.075141639,25.23864998,18.23414384,9.113408746,9.113408746,10.05408187,9.113408746,2.712921167,2.712921167,1.688392554,6.574875374,1.952301156,2.128281996,9.221398341,3.221186985
2037,10,9.113408746,1.603510464,5.837766242,1.586086259,9.113408746,9.113408746,13.78494464,15.15361631,12.78975371,15.74452243,12.12888801,0.844300323,4.597002836,1.361518606,0.776623299,4.01101177,1.27363577,2.712921167,2.712921167,2.712921167,4.56904689,2.712921167,2.712921167,2.712921167,2.712921167,9.113408746,9.113408746,2.374996746,2.712921167,2.712921167,2.712921167,2.712921167,4.56904689,2.712921167,2.712921167,2.712921167,2.712921167,2.712921167,2.712921167,2.712921167,2.74807894,2.606906303,2.393406159,3.873411833,1.165791236,7.775420096,2.075141639,25.23864998,18.23414384,9.113408746,9.113408746,10.05408187,9.113408746,2.712921167,2.712921167,1.688392554,6.574875374,1.952301156,2.128281996,9.221398341,3.221186985
2037,11,7.21395166,4.047610361,12.74603441,3.696380662,7.21395166,7.21395166,13.16078293,16.3131644,12.14143216,23.25647388,12.48738692,1.848574355,8.52062228,3.09628524,2.452083293,9.854228364,4.050724598,15.49794391,18.96865374,14.41576229,17.30472687,10.98735507,13.86058528,11.7388329,9.873896821,7.21395166,7.21395166,4.697438085,15.49794391,10.70136116,18.96865374,14.41576229,17.30472687,10.98735507,13.86058528,11.7388329,9.873896821,13.89499934,13.89499934,10.70136116,6.688332058,5.998240468,6.923840368,7.286866333,2.115613021,10.76401111,3.607807533,7.21395166,7.21395166,7.21395166,7.21395166,7.5257045,7.21395166,8.642601065,8.757632169,4.37079543,14.35539922,4.552401957,4.216295955,16.10611309,6.188048958
2037,12,7.21395166,4.047610361,12.74603441,3.696380662,7.21395166,7.21395166,13.16078293,16.3131644,12.14143216,23.25647388,12.48738692,1.848574355,8.52062228,3.09628524,2.452083293,9.854228364,4.050724598,15.49794391,18.96865374,14.41576229,17.30472687,10.98735507,13.86058528,11.7388329,9.873896821,7.21395166,7.21395166,4.697438085,15.49794391,10.70136116,18.96865374,14.41576229,17.30472687,10.98735507,13.86058528,11.7388329,9.873896821,13.89499934,13.89499934,10.70136116,6.688332058,5.998240468,6.923840368,7.286866333,2.115613021,10.76401111,3.607807533,7.21395166,7.21395166,7.21395166,7.21395166,7.5257045,7.21395166,8.642601065,8.757632169,4.37079543,14.35539922,4.552401957,4.216295955,16.10611309,6.188048958
2038,1,7.21395166,4.047610361,12.74603441,3.696380662,7.21395166,7.21395166,13.16078293,16.3131644,12.14143216,23.25647388,12.48738692,1.848574355,8.52062228,3.09628524,2.452083293,9.854228364,4.050724598,15.49794391,18.96865374,14.41576229,17.30472687,10.98735507,13.86058528,11.7388329,9.873896821,7.21395166,7.21395166,4.697438085,15.49794391,10.70136116,18.96865374,14.41576229,17.30472687,10.98735507,13.86058528,11.7388329,9.873896821,13.89499934,13.89499934,10.70136116,6.688332058,5.998240468,6.923840368,7.286866333,2.115613021,10.76401111,3.607807533,7.21395166,7.21395166,7.21395166,7.21395166,7.5257045,7.21395166,8.642601065,8.757632169,4.37079543,14.35539922,4.552401957,4.216295955,16.10611309,6.188048958
2038,2,7.21395166,4.047610361,12.74603441,3.696380662,7.21395166,7.21395166,13.16078293,16.3131644,12.14143216,23.25647388,12.48738692,1.848574355,8.52062228,3.09628524,2.452083293,9.854228364,4.050724598,15.49794391,18.96865374,14.41576229,17.30472687,10.98735507,13.86058528,11.7388329,9.873896821,7.21395166,7.21395166,4.697438085,15.49794391,10.70136116,18.96865374,14.41576229,17.30472687,10.98735507,13.86058528,11.7388329,9.873896821,13.89499934,13.89499934,10.70136116,6.688332058,5.998240468,6.923840368,7.286866333,2.115613021,10.76401111,3.607807533,7.21395166,7.21395166,7.21395166,7.21395166,7.5257045,7.21395166,8.642601065,8.757632169,4.37079543,14.35539922,4.552401957,4.216295955,16.10611309,6.188048958
2038,3,7.21395166,4.047610361,12.74603441,3.696380662,7.21395166,7.21395166,13.16078293,16.3131644,12.14143216,23.25647388,12.48738692,1.848574355,8.52062228,3.09628524,2.452083293,9.854228364,4.050724598,15.49794391,18.96865374,14.41576229,17.30472687,10.98735507,13.86058528,11.7388329,9.873896821,7.21395166,7.21395166,4.697438085,15.49794391,10.70136116,18.96865374,14.41576229,17.30472687,10.98735507,13.86058528,11.7388329,9.873896821,13.89499934,13.89499934,10.70136116,6.688332058,5.998240468,6.923840368,7.286866333,2.115613021,10.76401111,3.607807533,7.21395166,7.21395166,7.21395166,7.21395166,7.5257045,7.21395166,8.642601065,8.757632169,4.37079543,14.35539922,4.552401957,4.216295955,16.10611309,6.188048958
2038,4,7.21395166,4.047610361,12.74603441,3.696380662,7.21395166,7.21395166,13.16078293,16.3131644,12.14143216,23.25647388,12.48738692,1.848574355,8.52062228,3.09628524,2.452083293,9.854228364,4.050724598,15.49794391,18.96865374,14.41576229,17.30472687,10.98735507,13.86058528,11.7388329,9.873896821,7.21395166,7.21395166,4.697438085,15.49794391,10.70136116,18.96865374,14.41576229,17.30472687,10.98735507,13.86058528,11.7388329,9.873896821,13.89499934,13.89499934,10.70136116,6.688332058,5.998240468,6.923840368,7.286866333,2.115613021,10.76401111,3.607807533,7.21395166,7.21395166,7.21395166,7.21395166,7.5257045,7.21395166,8.642601065,8.757632169,4.37079543,14.35539922,4.552401957,4.216295955,16.10611309,6.188048958
2038,5,9.113408746,1.603510464,5.837766242,1.586086259,9.113408746,9.113408746,13.78494464,15.15361631,12.78975371,15.74452243,12.12888801,0.844300323,4.597002836,1.361518606,0.776623299,4.01101177,1.27363577,2.712921167,2.712921167,2.712921167,4.56904689,2.712921167,2.712921167,2.712921167,2.712921167,9.113408746,9.113408746,2.374996746,2.712921167,2.712921167,2.712921167,2.712921167,4.56904689,2.712921167,2.712921167,2.712921167,2.712921167,2.712921167,2.712921167,2.712921167,2.74807894,2.606906303,2.393406159,3.873411833,1.165791236,7.775420096,2.075141639,25.23864998,18.23414384,9.113408746,9.113408746,10.05408187,9.113408746,2.712921167,2.712921167,1.688392554,6.574875374,1.952301156,2.128281996,9.221398341,3.221186985
2038,6,9.113408746,1.603510464,5.837766242,1.586086259,9.113408746,9.113408746,13.78494464,15.15361631,12.78975371,15.74452243,12.12888801,0.844300323,4.597002836,1.361518606,0.776623299,4.01101177,1.27363577,2.712921167,2.712921167,2.712921167,4.56904689,2.712921167,2.712921167,2.712921167,2.712921167,9.113408746,9.113408746,2.374996746,2.712921167,2.712921167,2.712921167,2.712921167,4.56904689,2.712921167,2.712921167,2.712921167,2.712921167,2.712921167,2.712921167,2.712921167,2.74807894,2.606906303,2.393406159,3.873411833,1.165791236,7.775420096,2.075141639,25.23864998,18.23414384,9.113408746,9.113408746,10.05408187,9.113408746,2.712921167,2.712921167,1.688392554,6.574875374,1.952301156,2.128281996,9.221398341,3.221186985
2038,7,9.113408746,1.603510464,5.837766242,1.586086259,9.113408746,9.113408746,13.78494464,15.15361631,12.78975371,15.74452243,12.12888801,0.844300323,4.597002836,1.361518606,0.776623299,4.01101177,1.27363577,2.712921167,2.712921167,2.712921167,4.56904689,2.712921167,2.712921167,2.712921167,2.712921167,9.113408746,9.113408746,2.374996746,2.712921167,2.712921167,2.712921167,2.712921167,4.56904689,2.712921167,2.712921167,2.712921167,2.712921167,2.712921167,2.712921167,2.712921167,2.74807894,2.606906303,2.393406159,3.873411833,1.165791236,7.775420096,2.075141639,25.23864998,18.23414384,9.113408746,9.113408746,10.05408187,9.113408746,2.712921167,2.712921167,1.688392554,6.574875374,1.952301156,2.128281996,9.221398341,3.221186985
2038,8,9.113408746,1.603510464,5.837766242,1.586086259,9.113408746,9.113408746,13.78494464,15.15361631,12.78975371,15.74452243,12.12888801,0.844300323,4.597002836,1.361518606,0.776623299,4.01101177,1.27363577,2.712921167,2.712921167,2.712921167,4.56904689,2.712921167,2.712921167,2.712921167,2.712921167,9.113408746,9.113408746,2.374996746,2.712921167,2.712921167,2.712921167,2.712921167,4.56904689,2.712921167,2.712921167,2.712921167,2.712921167,2.712921167,2.712921167,2.712921167,2.74807894,2.606906303,2.393406159,3.873411833,1.165791236,7.775420096,2.075141639,25.23864998,18.23414384,9.113408746,9.113408746,10.05408187,9.113408746,2.712921167,2.712921167,1.688392554,6.574875374,1.952301156,2.128281996,9.221398341,3.221186985
2038,9,9.113408746,1.603510464,5.837766242,1.586086259,9.113408746,9.113408746,13.78494464,15.15361631,12.78975371,15.74452243,12.12888801,0.844300323,4.597002836,1.361518606,0.776623299,4.01101177,1.27363577,2.712921167,2.712921167,2.712921167,4.56904689,2.712921167,2.712921167,2.712921167,2.712921167,9.113408746,9.113408746,2.374996746,2.712921167,2.712921167,2.712921167,2.712921167,4.56904689,2.712921167,2.712921167,2.712921167,2.712921167,2.712921167,2.712921167,2.712921167,2.74807894,2.606906303,2.393406159,3.873411833,1.165791236,7.775420096,2.075141639,25.23864998,18.23414384,9.113408746,9.113408746,10.05408187,9.113408746,2.712921167,2.712921167,1.688392554,6.574875374,1.952301156,2.128281996,9.221398341,3.221186985
2038,10,9.113408746,1.603510464,5.837766242,1.586086259,9.113408746,9.113408746,13.78494464,15.15361631,12.78975371,15.74452243,12.12888801,0.844300323,4.597002836,1.361518606,0.776623299,4.01101177,1.27363577,2.712921167,2.712921167,2.712921167,4.56904689,2.712921167,2.712921167,2.712921167,2.712921167,9.113408746,9.113408746,2.374996746,2.712921167,2.712921167,2.712921167,2.712921167,4.56904689,2.712921167,2.712921167,2.712921167,2.712921167,2.712921167,2.712921167,2.712921167,2.74807894,2.606906303,2.393406159,3.873411833,1.165791236,7.775420096,2.075141639,25.23864998,18.23414384,9.113408746,9.113408746,10.05408187,9.113408746,2.712921167,2.712921167,1.688392554,6.574875374,1.952301156,2.128281996,9.221398341,3.221186985
2038,11,7.21395166,4.047610361,12.74603441,3.696380662,7.21395166,7.21395166,13.16078293,16.3131644,12.14143216,23.25647388,12.48738692,1.848574355,8.52062228,3.09628524,2.452083293,9.854228364,4.050724598,15.49794391,18.96865374,14.41576229,17.30472687,10.98735507,13.86058528,11.7388329,9.873896821,7.21395166,7.21395166,4.697438085,15.49794391,10.70136116,18.96865374,14.41576229,17.30472687,10.98735507,13.86058528,11.7388329,9.873896821,13.89499934,13.89499934,10.70136116,6.688332058,5.998240468,6.923840368,7.286866333,2.115613021,10.76401111,3.607807533,7.21395166,7.21395166,7.21395166,7.21395166,7.5257045,7.21395166,8.642601065,8.757632169,4.37079543,14.35539922,4.552401957,4.216295955,16.10611309,6.188048958
2038,12,7.21395166,4.047610361,12.74603441,3.696380662,7.21395166,7.21395166,13.16078293,16.3131644,12.14143216,23.25647388,12.48738692,1.848574355,8.52062228,3.09628524,2.452083293,9.854228364,4.050724598,15.49794391,18.96865374,14.41576229,17.30472687,10.98735507,13.86058528,11.7388329,9.873896821,7.21395166,7.21395166,4.697438085,15.49794391,10.70136116,18.96865374,14.41576229,17.30472687,10.98735507,13.86058528,11.7388329,9.873896821,13.89499934,13.89499934,10.70136116,6.688332058,5.998240468,6.923840368,7.286866333,2.115613021,10.76401111,3.607807533,7.21395166,7.21395166,7.21395166,7.21395166,7.5257045,7.21395166,8.642601065,8.757632169,4.37079543,14.35539922,4.552401957,4.216295955,16.10611309,6.188048958
2039,1,7.21395166,4.047610361,12.74603441,3.696380662,7.21395166,7.21395166,13.16078293,16.3131644,12.14143216,23.25647388,12.48738692,1.848574355,8.52062228,3.09628524,2.452083293,9.854228364,4.050724598,15.49794391,18.96865374,14.41576229,17.30472687,10.98735507,13.86058528,11.7388329,9.873896821,7.21395166,7.21395166,4.697438085,15.49794391,10.70136116,18.96865374,14.41576229,17.30472687,10.98735507,13.86058528,11.7388329,9.873896821,13.89499934,13.89499934,10.70136116,6.688332058,5.998240468,6.923840368,7.286866333,2.115613021,10.76401111,3.607807533,7.21395166,7.21395166,7.21395166,7.21395166,7.5257045,7.21395166,8.642601065,8.757632169,4.37079543,14.35539922,4.552401957,4.216295955,16.10611309,6.188048958
2039,2,7.21395166,4.047610361,12.74603441,3.696380662,7.21395166,7.21395166,13.16078293,16.3131644,12.14143216,23.25647388,12.48738692,1.848574355,8.52062228,3.09628524,2.452083293,9.854228364,4.050724598,15.49794391,18.96865374,14.41576229,17.30472687,10.98735507,13.86058528,11.7388329,9.873896821,7.21395166,7.21395166,4.697438085,15.49794391,10.70136116,18.96865374,14.41576229,17.30472687,10.98735507,13.86058528,11.7388329,9.873896821,13.89499934,13.89499934,10.70136116,6.688332058,5.998240468,6.923840368,7.286866333,2.115613021,10.76401111,3.607807533,7.21395166,7.21395166,7.21395166,7.21395166,7.5257045,7.21395166,8.642601065,8.757632169,4.37079543,14.35539922,4.552401957,4.216295955,16.10611309,6.188048958
2039,3,7.21395166,4.047610361,12.74603441,3.696380662,7.21395166,7.21395166,13.16078293,16.3131644,12.14143216,23.25647388,12.48738692,1.848574355,8.52062228,3.09628524,2.452083293,9.854228364,4.050724598,15.49794391,18.96865374,14.41576229,17.30472687,10.98735507,13.86058528,11.7388329,9.873896821,7.21395166,7.21395166,4.697438085,15.49794391,10.70136116,18.96865374,14.41576229,17.30472687,10.98735507,13.86058528,11.7388329,9.873896821,13.89499934,13.89499934,10.70136116,6.688332058,5.998240468,6.923840368,7.286866333,2.115613021,10.76401111,3.607807533,7.21395166,7.21395166,7.21395166,7.21395166,7.5257045,7.21395166,8.642601065,8.757632169,4.37079543,14.35539922,4.552401957,4.216295955,16.10611309,6.188048958
2039,4,7.21395166,4.047610361,12.74603441,3.696380662,7.21395166,7.21395166,13.16078293,16.3131644,12.14143216,23.25647388,12.48738692,1.848574355,8.52062228,3.09628524,2.452083293,9.854228364,4.050724598,15.49794391,18.96865374,14.41576229,17.30472687,10.98735507,13.86058528,11.7388329,9.873896821,7.21395166,7.21395166,4.697438085,15.49794391,10.70136116,18.96865374,14.41576229,17.30472687,10.98735507,13.86058528,11.7388329,9.873896821,13.89499934,13.89499934,10.70136116,6.688332058,5.998240468,6.923840368,7.286866333,2.115613021,10.76401111,3.607807533,7.21395166,7.21395166,7.21395166,7.21395166,7.5257045,7.21395166,8.642601065,8.757632169,4.37079543,14.35539922,4.552401957,4.216295955,16.10611309,6.188048958
2039,5,9.113408746,1.603510464,5.837766242,1.586086259,9.113408746,9.113408746,13.78494464,15.15361631,12.78975371,15.74452243,12.12888801,0.844300323,4.597002836,1.361518606,0.776623299,4.01101177,1.27363577,2.712921167,2.712921167,2.712921167,4.56904689,2.712921167,2.712921167,2.712921167,2.712921167,9.113408746,9.113408746,2.374996746,2.712921167,2.712921167,2.712921167,2.712921167,4.56904689,2.712921167,2.712921167,2.712921167,2.712921167,2.712921167,2.712921167,2.712921167,2.74807894,2.606906303,2.393406159,3.873411833,1.165791236,7.775420096,2.075141639,25.23864998,18.23414384,9.113408746,9.113408746,10.05408187,9.113408746,2.712921167,2.712921167,1.688392554,6.574875374,1.952301156,2.128281996,9.221398341,3.221186985
2039,6,9.113408746,1.603510464,5.837766242,1.586086259,9.113408746,9.113408746,13.78494464,15.15361631,12.78975371,15.74452243,12.12888801,0.844300323,4.597002836,1.361518606,0.776623299,4.01101177,1.27363577,2.712921167,2.712921167,2.712921167,4.56904689,2.712921167,2.712921167,2.712921167,2.712921167,9.113408746,9.113408746,2.374996746,2.712921167,2.712921167,2.712921167,2.712921167,4.56904689,2.712921167,2.712921167,2.712921167,2.712921167,2.712921167,2.712921167,2.712921167,2.74807894,2.606906303,2.393406159,3.873411833,1.165791236,7.775420096,2.075141639,25.23864998,18.23414384,9.113408746,9.113408746,10.05408187,9.113408746,2.712921167,2.712921167,1.688392554,6.574875374,1.952301156,2.128281996,9.221398341,3.221186985
2039,7,9.113408746,1.603510464,5.837766242,1.586086259,9.113408746,9.113408746,13.78494464,15.15361631,12.78975371,15.74452243,12.12888801,0.844300323,4.597002836,1.361518606,0.776623299,4.01101177,1.27363577,2.712921167,2.712921167,2.712921167,4.56904689,2.712921167,2.712921167,2.712921167,2.712921167,9.113408746,9.113408746,2.374996746,2.712921167,2.712921167,2.712921167,2.712921167,4.56904689,2.712921167,2.712921167,2.712921167,2.712921167,2.712921167,2.712921167,2.712921167,2.74807894,2.606906303,2.393406159,3.873411833,1.165791236,7.775420096,2.075141639,25.23864998,18.23414384,9.113408746,9.113408746,10.05408187,9.113408746,2.712921167,2.712921167,1.688392554,6.574875374,1.952301156,2.128281996,9.221398341,3.221186985
2039,8,9.113408746,1.603510464,5.837766242,1.586086259,9.113408746,9.113408746,13.78494464,15.15361631,12.78975371,15.74452243,12.12888801,0.844300323,4.597002836,1.361518606,0.776623299,4.01101177,1.27363577,2.712921167,2.712921167,2.712921167,4.56904689,2.712921167,2.712921167,2.712921167,2.712921167,9.113408746,9.113408746,2.374996746,2.712921167,2.712921167,2.712921167,2.712921167,4.56904689,2.712921167,2.712921167,2.712921167,2.712921167,2.712921167,2.712921167,2.712921167,2.74807894,2.606906303,2.393406159,3.873411833,1.165791236,7.775420096,2.075141639,25.23864998,18.23414384,9.113408746,9.113408746,10.05408187,9.113408746,2.712921167,2.712921167,1.688392554,6.574875374,1.952301156,2.128281996,9.221398341,3.221186985
2039,9,9.113408746,1.603510464,5.837766242,1.586086259,9.113408746,9.113408746,13.78494464,15.15361631,12.78975371,15.74452243,12.12888801,0.844300323,4.597002836,1.361518606,0.776623299,4.01101177,1.27363577,2.712921167,2.712921167,2.712921167,4.56904689,2.712921167,2.712921167,2.712921167,2.712921167,9.113408746,9.113408746,2.374996746,2.712921167,2.712921167,2.712921167,2.712921167,4.56904689,2.712921167,2.712921167,2.712921167,2.712921167,2.712921167,2.712921167,2.712921167,2.74807894,2.606906303,2.393406159,3.873411833,1.165791236,7.775420096,2.075141639,25.23864998,18.23414384,9.113408746,9.113408746,10.05408187,9.113408746,2.712921167,2.712921167,1.688392554,6.574875374,1.952301156,2.128281996,9.221398341,3.221186985
2039,10,9.113408746,1.603510464,5.837766242,1.586086259,9.113408746,9.113408746,13.78494464,15.15361631,12.78975371,15.74452243,12.12888801,0.844300323,4.597002836,1.361518606,0.776623299,4.01101177,1.27363577,2.712921167,2.712921167,2.712921167,4.56904689,2.712921167,2.712921167,2.712921167,2.712921167,9.113408746,9.113408746,2.374996746,2.712921167,2.712921167,2.712921167,2.712921167,4.56904689,2.712921167,2.712921167,2.712921167,2.712921167,2.712921167,2.712921167,2.712921167,2.74807894,2.606906303,2.393406159,3.873411833,1.165791236,7.775420096,2.075141639,25.23864998,18.23414384,9.113408746,9.113408746,10.05408187,9.113408746,2.712921167,2.712921167,1.688392554,6.574875374,1.952301156,2.128281996,9.221398341,3.221186985
2039,11,7.21395166,4.047610361,12.74603441,3.696380662,7.21395166,7.21395166,13.16078293,16.3131644,12.14143216,23.25647388,12.48738692,1.848574355,8.52062228,3.09628524,2.452083293,9.854228364,4.050724598,15.49794391,18.96865374,14.41576229,17.30472687,10.98735507,13.86058528,11.7388329,9.873896821,7.21395166,7.21395166,4.697438085,15.49794391,10.70136116,18.96865374,14.41576229,17.30472687,10.98735507,13.86058528,11.7388329,9.873896821,13.89499934,13.89499934,10.70136116,6.688332058,5.998240468,6.923840368,7.286866333,2.115613021,10.76401111,3.607807533,7.21395166,7.21395166,7.21395166,7.21395166,7.5257045,7.21395166,8.642601065,8.757632169,4.37079543,14.35539922,4.552401957,4.216295955,16.10611309,6.188048958
2039,12,7.21395166,4.047610361,12.74603441,3.696380662,7.21395166,7.21395166,13.16078293,16.3131644,12.14143216,23.25647388,12.48738692,1.848574355,8.52062228,3.09628524,2.452083293,9.854228364,4.050724598,15.49794391,18.96865374,14.41576229,17.30472687,10.98735507,13.86058528,11.7388329,9.873896821,7.21395166,7.21395166,4.697438085,15.49794391,10.70136116,18.96865374,14.41576229,17.30472687,10.98735507,13.86058528,11.7388329,9.873896821,13.89499934,13.89499934,10.70136116,6.688332058,5.998240468,6.923840368,7.286866333,2.115613021,10.76401111,3.607807533,7.21395166,7.21395166,7.21395166,7.21395166,7.5257045,7.21395166,8.642601065,8.757632169,4.37079543,14.35539922,4.552401957,4.216295955,16.10611309,6.188048958
2040,1,7.21395166,4.047610361,12.74603441,3.696380662,7.21395166,7.21395166,13.16078293,16.3131644,12.14143216,23.25647388,12.48738692,1.848574355,8.52062228,3.09628524,2.452083293,9.854228364,4.050724598,15.49794391,18.96865374,14.41576229,17.30472687,10.98735507,13.86058528,11.7388329,9.873896821,7.21395166,7.21395166,4.697438085,15.49794391,10.70136116,18.96865374,14.41576229,17.30472687,10.98735507,13.86058528,11.7388329,9.873896821,13.89499934,13.89499934,10.70136116,6.688332058,5.998240468,6.923840368,7.286866333,2.115613021,10.76401111,3.607807533,7.21395166,7.21395166,7.21395166,7.21395166,7.5257045,7.21395166,8.642601065,8.757632169,4.37079543,14.35539922,4.552401957,4.216295955,16.10611309,6.188048958
2040,2,7.21395166,4.047610361,12.74603441,3.696380662,7.21395166,7.21395166,13.16078293,16.3131644,12.14143216,23.25647388,12.48738692,1.848574355,8.52062228,3.09628524,2.452083293,9.854228364,4.050724598,15.49794391,18.96865374,14.41576229,17.30472687,10.98735507,13.86058528,11.7388329,9.873896821,7.21395166,7.21395166,4.697438085,15.49794391,10.70136116,18.96865374,14.41576229,17.30472687,10.98735507,13.86058528,11.7388329,9.873896821,13.89499934,13.89499934,10.70136116,6.688332058,5.998240468,6.923840368,7.286866333,2.115613021,10.76401111,3.607807533,7.21395166,7.21395166,7.21395166,7.21395166,7.5257045,7.21395166,8.642601065,8.757632169,4.37079543,14.35539922,4.552401957,4.216295955,16.10611309,6.188048958
2040,3,7.21395166,4.047610361,12.74603441,3.696380662,7.21395166,7.21395166,13.16078293,16.3131644,12.14143216,23.25647388,12.48738692,1.848574355,8.52062228,3.09628524,2.452083293,9.854228364,4.050724598,15.49794391,18.96865374,14.41576229,17.30472687,10.98735507,13.86058528,11.7388329,9.873896821,7.21395166,7.21395166,4.697438085,15.49794391,10.70136116,18.96865374,14.41576229,17.30472687,10.98735507,13.86058528,11.7388329,9.873896821,13.89499934,13.89499934,10.70136116,6.688332058,5.998240468,6.923840368,7.286866333,2.115613021,10.76401111,3.607807533,7.21395166,7.21395166,7.21395166,7.21395166,7.5257045,7.21395166,8.642601065,8.757632169,4.37079543,14.35539922,4.552401957,4.216295955,16.10611309,6.188048958
2040,4,7.21395166,4.047610361,12.74603441,3.696380662,7.21395166,7.21395166,13.16078293,16.3131644,12.14143216,23.25647388,12.48738692,1.848574355,8.52062228,3.09628524,2.452083293,9.854228364,4.050724598,15.49794391,18.96865374,14.41576229,17.30472687,10.98735507,13.86058528,11.7388329,9.873896821,7.21395166,7.21395166,4.697438085,15.49794391,10.70136116,18.96865374,14.41576229,17.30472687,10.98735507,13.86058528,11.7388329,9.873896821,13.89499934,13.89499934,10.70136116,6.688332058,5.998240468,6.923840368,7.286866333,2.115613021,10.76401111,3.607807533,7.21395166,7.21395166,7.21395166,7.21395166,7.5257045,7.21395166,8.642601065,8.757632169,4.37079543,14.35539922,4.552401957,4.216295955,16.10611309,6.188048958
2040,5,9.113408746,1.603510464,5.837766242,1.586086259,9.113408746,9.113408746,13.78494464,15.15361631,12.78975371,15.74452243,12.12888801,0.844300323,4.597002836,1.361518606,0.776623299,4.01101177,1.27363577,2.712921167,2.712921167,2.712921167,4.56904689,2.712921167,2.712921167,2.712921167,2.712921167,9.113408746,9.113408746,2.374996746,2.712921167,2.712921167,2.712921167,2.712921167,4.56904689,2.712921167,2.712921167,2.712921167,2.712921167,2.712921167,2.712921167,2.712921167,2.74807894,2.606906303,2.393406159,3.873411833,1.165791236,7.775420096,2.075141639,25.23864998,18.23414384,9.113408746,9.113408746,10.05408187,9.113408746,2.712921167,2.712921167,1.688392554,6.574875374,1.952301156,2.128281996,9.221398341,3.221186985
2040,6,9.113408746,1.603510464,5.837766242,1.586086259,9.113408746,9.113408746,13.78494464,15.15361631,12.78975371,15.74452243,12.12888801,0.844300323,4.597002836,1.361518606,0.776623299,4.01101177,1.27363577,2.712921167,2.712921167,2.712921167,4.56904689,2.712921167,2.712921167,2.712921167,2.712921167,9.113408746,9.113408746,2.374996746,2.712921167,2.712921167,2.712921167,2.712921167,4.56904689,2.712921167,2.712921167,2.712921167,2.712921167,2.712921167,2.712921167,2.712921167,2.74807894,2.606906303,2.393406159,3.873411833,1.165791236,7.775420096,2.075141639,25.23864998,18.23414384,9.113408746,9.113408746,10.05408187,9.113408746,2.712921167,2.712921167,1.688392554,6.574875374,1.952301156,2.128281996,9.221398341,3.221186985
2040,7,9.113408746,1.603510464,5.837766242,1.586086259,9.113408746,9.113408746,13.78494464,15.15361631,12.78975371,15.74452243,12.12888801,0.844300323,4.597002836,1.361518606,0.776623299,4.01101177,1.27363577,2.712921167,2.712921167,2.712921167,4.56904689,2.712921167,2.712921167,2.712921167,2.712921167,9.113408746,9.113408746,2.374996746,2.712921167,2.712921167,2.712921167,2.712921167,4.56904689,2.712921167,2.712921167,2.712921167,2.712921167,2.712921167,2.712921167,2.712921167,2.74807894,2.606906303,2.393406159,3.873411833,1.165791236,7.775420096,2.075141639,25.23864998,18.23414384,9.113408746,9.113408746,10.05408187,9.113408746,2.712921167,2.712921167,1.688392554,6.574875374,1.952301156,2.128281996,9.221398341,3.221186985
2040,8,9.113408746,1.603510464,5.837766242,1.586086259,9.113408746,9.113408746,13.78494464,15.15361631,12.78975371,15.74452243,12.12888801,0.844300323,4.597002836,1.361518606,0.776623299,4.01101177,1.27363577,2.712921167,2.712921167,2.712921167,4.56904689,2.712921167,2.712921167,2.712921167,2.712921167,9.113408746,9.113408746,2.374996746,2.712921167,2.712921167,2.712921167,2.712921167,4.56904689,2.712921167,2.712921167,2.712921167,2.712921167,2.712921167,2.712921167,2.712921167,2.74807894,2.606906303,2.393406159,3.873411833,1.165791236,7.775420096,2.075141639,25.23864998,18.23414384,9.113408746,9.113408746,10.05408187,9.113408746,2.712921167,2.712921167,1.688392554,6.574875374,1.952301156,2.128281996,9.221398341,3.221186985
2040,9,9.113408746,1.603510464,5.837766242,1.586086259,9.113408746,9.113408746,13.78494464,15.15361631,12.78975371,15.74452243,12.12888801,0.844300323,4.597002836,1.361518606,0.776623299,4.01101177,1.27363577,2.712921167,2.712921167,2.712921167,4.56904689,2.712921167,2.712921167,2.712921167,2.712921167,9.113408746,9.113408746,2.374996746,2.712921167,2.712921167,2.712921167,2.712921167,4.56904689,2.712921167,2.712921167,2.712921167,2.712921167,2.712921167,2.712921167,2.712921167,2.74807894,2.606906303,2.393406159,3.873411833,1.165791236,7.775420096,2.075141639,25.23864998,18.23414384,9.113408746,9.113408746,10.05408187,9.113408746,2.712921167,2.712921167,1.688392554,6.574875374,1.952301156,2.128281996,9.221398341,3.221186985
2040,10,9.113408746,1.603510464,5.837766242,1.586086259,9.113408746,9.113408746,13.78494464,15.15361631,12.78975371,15.74452243,12.12888801,0.844300323,4.597002836,1.361518606,0.776623299,4.01101177,1.27363577,2.712921167,2.712921167,2.712921167,4.56904689,2.712921167,2.712921167,2.712921167,2.712921167,9.113408746,9.113408746,2.374996746,2.712921167,2.712921167,2.712921167,2.712921167,4.56904689,2.712921167,2.712921167,2.712921167,2.712921167,2.712921167,2.712921167,2.712921167,2.74807894,2.606906303,2.393406159,3.873411833,1.165791236,7.775420096,2.075141639,25.23864998,18.23414384,9.113408746,9.113408746,10.05408187,9.113408746,2.712921167,2.712921167,1.688392554,6.574875374,1.952301156,2.128281996,9.221398341,3.221186985
2040,11,7.21395166,4.047610361,12.74603441,3.696380662,7.21395166,7.21395166,13.16078293,16.3131644,12.14143216,23.25647388,12.48738692,1.848574355,8.52062228,3.09628524,2.452083293,9.854228364,4.050724598,15.49794391,18.96865374,14.41576229,17.30472687,10.98735507,13.86058528,11.7388329,9.873896821,7.21395166,7.21395166,4.697438085,15.49794391,10.70136116,18.96865374,14.41576229,17.30472687,10.98735507,13.86058528,11.7388329,9.873896821,13.89499934,13.89499934,10.70136116,6.688332058,5.998240468,6.923840368,7.286866333,2.115613021,10.76401111,3.607807533,7.21395166,7.21395166,7.21395166,7.21395166,7.5257045,7.21395166,8.642601065,8.757632169,4.37079543,14.35539922,4.552401957,4.216295955,16.10611309,6.188048958
2040,12,7.21395166,4.047610361,12.74603441,3.696380662,7.21395166,7.21395166,13.16078293,16.3131644,12.14143216,23.25647388,12.48738692,1.848574355,8.52062228,3.09628524,2.452083293,9.854228364,4.050724598,15.49794391,18.96865374,14.41576229,17.30472687,10.98735507,13.86058528,11.7388329,9.873896821,7.21395166,7.21395166,4.697438085,15.49794391,10.70136116,18.96865374,14.41576229,17.30472687,10.98735507,13.86058528,11.7388329,9.873896821,13.89499934,13.89499934,10.70136116,6.688332058,5.998240468,6.923840368,7.286866333,2.115613021,10.76401111,3.607807533,7.21395166,7.21395166,7.21395166,7.21395166,7.5257045,7.21395166,8.642601065,8.757632169,4.37079543,14.35539922,4.552401957,4.216295955,16.10611309,6.188048958
2041,1,7.21395166,4.047610361,12.74603441,3.696380662,7.21395166,7.21395166,13.16078293,16.3131644,12.14143216,23.25647388,12.48738692,1.848574355,8.52062228,3.09628524,2.452083293,9.854228364,4.050724598,15.49794391,18.96865374,14.41576229,17.30472687,10.98735507,13.86058528,11.7388329,9.873896821,7.21395166,7.21395166,4.697438085,15.49794391,10.70136116,18.96865374,14.41576229,17.30472687,10.98735507,13.86058528,11.7388329,9.873896821,13.89499934,13.89499934,10.70136116,6.688332058,5.998240468,6.923840368,7.286866333,2.115613021,10.76401111,3.607807533,7.21395166,7.21395166,7.21395166,7.21395166,7.5257045,7.21395166,8.642601065,8.757632169,4.37079543,14.35539922,4.552401957,4.216295955,16.10611309,6.188048958
2041,2,7.21395166,4.047610361,12.74603441,3.696380662,7.21395166,7.21395166,13.16078293,16.3131644,12.14143216,23.25647388,12.48738692,1.848574355,8.52062228,3.09628524,2.452083293,9.854228364,4.050724598,15.49794391,18.96865374,14.41576229,17.30472687,10.98735507,13.86058528,11.7388329,9.873896821,7.21395166,7.21395166,4.697438085,15.49794391,10.70136116,18.96865374,14.41576229,17.30472687,10.98735507,13.86058528,11.7388329,9.873896821,13.89499934,13.89499934,10.70136116,6.688332058,5.998240468,6.923840368,7.286866333,2.115613021,10.76401111,3.607807533,7.21395166,7.21395166,7.21395166,7.21395166,7.5257045,7.21395166,8.642601065,8.757632169,4.37079543,14.35539922,4.552401957,4.216295955,16.10611309,6.188048958
2041,3,7.21395166,4.047610361,12.74603441,3.696380662,7.21395166,7.21395166,13.16078293,16.3131644,12.14143216,23.25647388,12.48738692,1.848574355,8.52062228,3.09628524,2.452083293,9.854228364,4.050724598,15.49794391,18.96865374,14.41576229,17.30472687,10.98735507,13.86058528,11.7388329,9.873896821,7.21395166,7.21395166,4.697438085,15.49794391,10.70136116,18.96865374,14.41576229,17.30472687,10.98735507,13.86058528,11.7388329,9.873896821,13.89499934,13.89499934,10.70136116,6.688332058,5.998240468,6.923840368,7.286866333,2.115613021,10.76401111,3.607807533,7.21395166,7.21395166,7.21395166,7.21395166,7.5257045,7.21395166,8.642601065,8.757632169,4.37079543,14.35539922,4.552401957,4.216295955,16.10611309,6.188048958
2041,4,7.21395166,4.047610361,12.74603441,3.696380662,7.21395166,7.21395166,13.16078293,16.3131644,12.14143216,23.25647388,12.48738692,1.848574355,8.52062228,3.09628524,2.452083293,9.854228364,4.050724598,15.49794391,18.96865374,14.41576229,17.30472687,10.98735507,13.86058528,11.7388329,9.873896821,7.21395166,7.21395166,4.697438085,15.49794391,10.70136116,18.96865374,14.41576229,17.30472687,10.98735507,13.86058528,11.7388329,9.873896821,13.89499934,13.89499934,10.70136116,6.688332058,5.998240468,6.923840368,7.286866333,2.115613021,10.76401111,3.607807533,7.21395166,7.21395166,7.21395166,7.21395166,7.5257045,7.21395166,8.642601065,8.757632169,4.37079543,14.35539922,4.552401957,4.216295955,16.10611309,6.188048958
2041,5,9.113408746,1.603510464,5.837766242,1.586086259,9.113408746,9.113408746,13.78494464,15.15361631,12.78975371,15.74452243,12.12888801,0.844300323,4.597002836,1.361518606,0.776623299,4.01101177,1.27363577,2.712921167,2.712921167,2.712921167,4.56904689,2.712921167,2.712921167,2.712921167,2.712921167,9.113408746,9.113408746,2.374996746,2.712921167,2.712921167,2.712921167,2.712921167,4.56904689,2.712921167,2.712921167,2.712921167,2.712921167,2.712921167,2.712921167,2.712921167,2.74807894,2.606906303,2.393406159,3.873411833,1.165791236,7.775420096,2.075141639,25.23864998,18.23414384,9.113408746,9.113408746,10.05408187,9.113408746,2.712921167,2.712921167,1.688392554,6.574875374,1.952301156,2.128281996,9.221398341,3.221186985
2041,6,9.113408746,1.603510464,5.837766242,1.586086259,9.113408746,9.113408746,13.78494464,15.15361631,12.78975371,15.74452243,12.12888801,0.844300323,4.597002836,1.361518606,0.776623299,4.01101177,1.27363577,2.712921167,2.712921167,2.712921167,4.56904689,2.712921167,2.712921167,2.712921167,2.712921167,9.113408746,9.113408746,2.374996746,2.712921167,2.712921167,2.712921167,2.712921167,4.56904689,2.712921167,2.712921167,2.712921167,2.712921167,2.712921167,2.712921167,2.712921167,2.74807894,2.606906303,2.393406159,3.873411833,1.165791236,7.775420096,2.075141639,25.23864998,18.23414384,9.113408746,9.113408746,10.05408187,9.113408746,2.712921167,2.712921167,1.688392554,6.574875374,1.952301156,2.128281996,9.221398341,3.221186985
2041,7,9.113408746,1.603510464,5.837766242,1.586086259,9.113408746,9.113408746,13.78494464,15.15361631,12.78975371,15.74452243,12.12888801,0.844300323,4.597002836,1.361518606,0.776623299,4.01101177,1.27363577,2.712921167,2.712921167,2.712921167,4.56904689,2.712921167,2.712921167,2.712921167,2.712921167,9.113408746,9.113408746,2.374996746,2.712921167,2.712921167,2.712921167,2.712921167,4.56904689,2.712921167,2.712921167,2.712921167,2.712921167,2.712921167,2.712921167,2.712921167,2.74807894,2.606906303,2.393406159,3.873411833,1.165791236,7.775420096,2.075141639,25.23864998,18.23414384,9.113408746,9.113408746,10.05408187,9.113408746,2.712921167,2.712921167,1.688392554,6.574875374,1.952301156,2.128281996,9.221398341,3.221186985
2041,8,9.113408746,1.603510464,5.837766242,1.586086259,9.113408746,9.113408746,13.78494464,15.15361631,12.78975371,15.74452243,12.12888801,0.844300323,4.597002836,1.361518606,0.776623299,4.01101177,1.27363577,2.712921167,2.712921167,2.712921167,4.56904689,2.712921167,2.712921167,2.712921167,2.712921167,9.113408746,9.113408746,2.374996746,2.712921167,2.712921167,2.712921167,2.712921167,4.56904689,2.712921167,2.712921167,2.712921167,2.712921167,2.712921167,2.712921167,2.712921167,2.74807894,2.606906303,2.393406159,3.873411833,1.165791236,7.775420096,2.075141639,25.23864998,18.23414384,9.113408746,9.113408746,10.05408187,9.113408746,2.712921167,2.712921167,1.688392554,6.574875374,1.952301156,2.128281996,9.221398341,3.221186985
2041,9,9.113408746,1.603510464,5.837766242,1.586086259,9.113408746,9.113408746,13.78494464,15.15361631,12.78975371,15.74452243,12.12888801,0.844300323,4.597002836,1.361518606,0.776623299,4.01101177,1.27363577,2.712921167,2.712921167,2.712921167,4.56904689,2.712921167,2.712921167,2.712921167,2.712921167,9.113408746,9.113408746,2.374996746,2.712921167,2.712921167,2.712921167,2.712921167,4.56904689,2.712921167,2.712921167,2.712921167,2.712921167,2.712921167,2.712921167,2.712921167,2.74807894,2.606906303,2.393406159,3.873411833,1.165791236,7.775420096,2.075141639,25.23864998,18.23414384,9.113408746,9.113408746,10.05408187,9.113408746,2.712921167,2.712921167,1.688392554,6.574875374,1.952301156,2.128281996,9.221398341,3.221186985
2041,10,9.113408746,1.603510464,5.837766242,1.586086259,9.113408746,9.113408746,13.78494464,15.15361631,12.78975371,15.74452243,12.12888801,0.844300323,4.597002836,1.361518606,0.776623299,4.01101177,1.27363577,2.712921167,2.712921167,2.712921167,4.56904689,2.712921167,2.712921167,2.712921167,2.712921167,9.113408746,9.113408746,2.374996746,2.712921167,2.712921167,2.712921167,2.712921167,4.56904689,2.712921167,2.712921167,2.712921167,2.712921167,2.712921167,2.712921167,2.712921167,2.74807894,2.606906303,2.393406159,3.873411833,1.165791236,7.775420096,2.075141639,25.23864998,18.23414384,9.113408746,9.113408746,10.05408187,9.113408746,2.712921167,2.712921167,1.688392554,6.574875374,1.952301156,2.128281996,9.221398341,3.221186985
2041,11,7.21395166,4.047610361,12.74603441,3.696380662,7.21395166,7.21395166,13.16078293,16.3131644,12.14143216,23.25647388,12.48738692,1.848574355,8.52062228,3.09628524,2.452083293,9.854228364,4.050724598,15.49794391,18.96865374,14.41576229,17.30472687,10.98735507,13.86058528,11.7388329,9.873896821,7.21395166,7.21395166,4.697438085,15.49794391,10.70136116,18.96865374,14.41576229,17.30472687,10.98735507,13.86058528,11.7388329,9.873896821,13.89499934,13.89499934,10.70136116,6.688332058,5.998240468,6.923840368,7.286866333,2.115613021,10.76401111,3.607807533,7.21395166,7.21395166,7.21395166,7.21395166,7.5257045,7.21395166,8.642601065,8.757632169,4.37079543,14.35539922,4.552401957,4.216295955,16.10611309,6.188048958
2041,12,7.21395166,4.047610361,12.74603441,3.696380662,7.21395166,7.21395166,13.16078293,16.3131644,12.14143216,23.25647388,12.48738692,1.848574355,8.52062228,3.09628524,2.452083293,9.854228364,4.050724598,15.49794391,18.96865374,14.41576229,17.30472687,10.98735507,13.86058528,11.7388329,9.873896821,7.21395166,7.21395166,4.697438085,15.49794391,10.70136116,18.96865374,14.41576229,17.30472687,10.98735507,13.86058528,11.7388329,9.873896821,13.89499934,13.89499934,10.70136116,6.688332058,5.998240468,6.923840368,7.286866333,2.115613021,10.76401111,3.607807533,7.21395166,7.21395166,7.21395166,7.21395166,7.5257045,7.21395166,8.642601065,8.757632169,4.37079543,14.35539922,4.552401957,4.216295955,16.10611309,6.188048958
2042,1,7.21395166,4.047610361,12.74603441,3.696380662,7.21395166,7.21395166,13.16078293,16.3131644,12.14143216,23.25647388,12.48738692,1.848574355,8.52062228,3.09628524,2.452083293,9.854228364,4.050724598,15.49794391,18.96865374,14.41576229,17.30472687,10.98735507,13.86058528,11.7388329,9.873896821,7.21395166,7.21395166,4.697438085,15.49794391,10.70136116,18.96865374,14.41576229,17.30472687,10.98735507,13.86058528,11.7388329,9.873896821,13.89499934,13.89499934,10.70136116,6.688332058,5.998240468,6.923840368,7.286866333,2.115613021,10.76401111,3.607807533,7.21395166,7.21395166,7.21395166,7.21395166,7.5257045,7.21395166,8.642601065,8.757632169,4.37079543,14.35539922,4.552401957,4.216295955,16.10611309,6.188048958
2042,2,7.21395166,4.047610361,12.74603441,3.696380662,7.21395166,7.21395166,13.16078293,16.3131644,12.14143216,23.25647388,12.48738692,1.848574355,8.52062228,3.09628524,2.452083293,9.854228364,4.050724598,15.49794391,18.96865374,14.41576229,17.30472687,10.98735507,13.86058528,11.7388329,9.873896821,7.21395166,7.21395166,4.697438085,15.49794391,10.70136116,18.96865374,14.41576229,17.30472687,10.98735507,13.86058528,11.7388329,9.873896821,13.89499934,13.89499934,10.70136116,6.688332058,5.998240468,6.923840368,7.286866333,2.115613021,10.76401111,3.607807533,7.21395166,7.21395166,7.21395166,7.21395166,7.5257045,7.21395166,8.642601065,8.757632169,4.37079543,14.35539922,4.552401957,4.216295955,16.10611309,6.188048958
2042,3,7.21395166,4.047610361,12.74603441,3.696380662,7.21395166,7.21395166,13.16078293,16.3131644,12.14143216,23.25647388,12.48738692,1.848574355,8.52062228,3.09628524,2.452083293,9.854228364,4.050724598,15.49794391,18.96865374,14.41576229,17.30472687,10.98735507,13.86058528,11.7388329,9.873896821,7.21395166,7.21395166,4.697438085,15.49794391,10.70136116,18.96865374,14.41576229,17.30472687,10.98735507,13.86058528,11.7388329,9.873896821,13.89499934,13.89499934,10.70136116,6.688332058,5.998240468,6.923840368,7.286866333,2.115613021,10.76401111,3.607807533,7.21395166,7.21395166,7.21395166,7.21395166,7.5257045,7.21395166,8.642601065,8.757632169,4.37079543,14.35539922,4.552401957,4.216295955,16.10611309,6.188048958
2042,4,7.21395166,4.047610361,12.74603441,3.696380662,7.21395166,7.21395166,13.16078293,16.3131644,12.14143216,23.25647388,12.48738692,1.848574355,8.52062228,3.09628524,2.452083293,9.854228364,4.050724598,15.49794391,18.96865374,14.41576229,17.30472687,10.98735507,13.86058528,11.7388329,9.873896821,7.21395166,7.21395166,4.697438085,15.49794391,10.70136116,18.96865374,14.41576229,17.30472687,10.98735507,13.86058528,11.7388329,9.873896821,13.89499934,13.89499934,10.70136116,6.688332058,5.998240468,6.923840368,7.286866333,2.115613021,10.76401111,3.607807533,7.21395166,7.21395166,7.21395166,7.21395166,7.5257045,7.21395166,8.642601065,8.757632169,4.37079543,14.35539922,4.552401957,4.216295955,16.10611309,6.188048958
2042,5,9.113408746,1.603510464,5.837766242,1.586086259,9.113408746,9.113408746,13.78494464,15.15361631,12.78975371,15.74452243,12.12888801,0.844300323,4.597002836,1.361518606,0.776623299,4.01101177,1.27363577,2.712921167,2.712921167,2.712921167,4.56904689,2.712921167,2.712921167,2.712921167,2.712921167,9.113408746,9.113408746,2.374996746,2.712921167,2.712921167,2.712921167,2.712921167,4.56904689,2.712921167,2.712921167,2.712921167,2.712921167,2.712921167,2.712921167,2.712921167,2.74807894,2.606906303,2.393406159,3.873411833,1.165791236,7.775420096,2.075141639,25.23864998,18.23414384,9.113408746,9.113408746,10.05408187,9.113408746,2.712921167,2.712921167,1.688392554,6.574875374,1.952301156,2.128281996,9.221398341,3.221186985
2042,6,9.113408746,1.603510464,5.837766242,1.586086259,9.113408746,9.113408746,13.78494464,15.15361631,12.78975371,15.74452243,12.12888801,0.844300323,4.597002836,1.361518606,0.776623299,4.01101177,1.27363577,2.712921167,2.712921167,2.712921167,4.56904689,2.712921167,2.712921167,2.712921167,2.712921167,9.113408746,9.113408746,2.374996746,2.712921167,2.712921167,2.712921167,2.712921167,4.56904689,2.712921167,2.712921167,2.712921167,2.712921167,2.712921167,2.712921167,2.712921167,2.74807894,2.606906303,2.393406159,3.873411833,1.165791236,7.775420096,2.075141639,25.23864998,18.23414384,9.113408746,9.113408746,10.05408187,9.113408746,2.712921167,2.712921167,1.688392554,6.574875374,1.952301156,2.128281996,9.221398341,3.221186985
2042,7,9.113408746,1.603510464,5.837766242,1.586086259,9.113408746,9.113408746,13.78494464,15.15361631,12.78975371,15.74452243,12.12888801,0.844300323,4.597002836,1.361518606,0.776623299,4.01101177,1.27363577,2.712921167,2.712921167,2.712921167,4.56904689,2.712921167,2.712921167,2.712921167,2.712921167,9.113408746,9.113408746,2.374996746,2.712921167,2.712921167,2.712921167,2.712921167,4.56904689,2.712921167,2.712921167,2.712921167,2.712921167,2.712921167,2.712921167,2.712921167,2.74807894,2.606906303,2.393406159,3.873411833,1.165791236,7.775420096,2.075141639,25.23864998,18.23414384,9.113408746,9.113408746,10.05408187,9.113408746,2.712921167,2.712921167,1.688392554,6.574875374,1.952301156,2.128281996,9.221398341,3.221186985
2042,8,9.113408746,1.603510464,5.837766242,1.586086259,9.113408746,9.113408746,13.78494464,15.15361631,12.78975371,15.74452243,12.12888801,0.844300323,4.597002836,1.361518606,0.776623299,4.01101177,1.27363577,2.712921167,2.712921167,2.712921167,4.56904689,2.712921167,2.712921167,2.712921167,2.712921167,9.113408746,9.113408746,2.374996746,2.712921167,2.712921167,2.712921167,2.712921167,4.56904689,2.712921167,2.712921167,2.712921167,2.712921167,2.712921167,2.712921167,2.712921167,2.74807894,2.606906303,2.393406159,3.873411833,1.165791236,7.775420096,2.075141639,25.23864998,18.23414384,9.113408746,9.113408746,10.05408187,9.113408746,2.712921167,2.712921167,1.688392554,6.574875374,1.952301156,2.128281996,9.221398341,3.221186985
2042,9,9.113408746,1.603510464,5.837766242,1.586086259,9.113408746,9.113408746,13.78494464,15.15361631,12.78975371,15.74452243,12.12888801,0.844300323,4.597002836,1.361518606,0.776623299,4.01101177,1.27363577,2.712921167,2.712921167,2.712921167,4.56904689,2.712921167,2.712921167,2.712921167,2.712921167,9.113408746,9.113408746,2.374996746,2.712921167,2.712921167,2.712921167,2.712921167,4.56904689,2.712921167,2.712921167,2.712921167,2.712921167,2.712921167,2.712921167,2.712921167,2.74807894,2.606906303,2.393406159,3.873411833,1.165791236,7.775420096,2.075141639,25.23864998,18.23414384,9.113408746,9.113408746,10.05408187,9.113408746,2.712921167,2.712921167,1.688392554,6.574875374,1.952301156,2.128281996,9.221398341,3.221186985
2042,10,9.113408746,1.603510464,5.837766242,1.586086259,9.113408746,9.113408746,13.78494464,15.15361631,12.78975371,15.74452243,12.12888801,0.844300323,4.597002836,1.361518606,0.776623299,4.01101177,1.27363577,2.712921167,2.712921167,2.712921167,4.56904689,2.712921167,2.712921167,2.712921167,2.712921167,9.113408746,9.113408746,2.374996746,2.712921167,2.712921167,2.712921167,2.712921167,4.56904689,2.712921167,2.712921167,2.712921167,2.712921167,2.712921167,2.712921167,2.712921167,2.74807894,2.606906303,2.393406159,3.873411833,1.165791236,7.775420096,2.075141639,25.23864998,18.23414384,9.113408746,9.113408746,10.05408187,9.113408746,2.712921167,2.712921167,1.688392554,6.574875374,1.952301156,2.128281996,9.221398341,3.221186985
2042,11,7.21395166,4.047610361,12.74603441,3.696380662,7.21395166,7.21395166,13.16078293,16.3131644,12.14143216,23.25647388,12.48738692,1.848574355,8.52062228,3.09628524,2.452083293,9.854228364,4.050724598,15.49794391,18.96865374,14.41576229,17.30472687,10.98735507,13.86058528,11.7388329,9.873896821,7.21395166,7.21395166,4.697438085,15.49794391,10.70136116,18.96865374,14.41576229,17.30472687,10.98735507,13.86058528,11.7388329,9.873896821,13.89499934,13.89499934,10.70136116,6.688332058,5.998240468,6.923840368,7.286866333,2.115613021,10.76401111,3.607807533,7.21395166,7.21395166,7.21395166,7.21395166,7.5257045,7.21395166,8.642601065,8.757632169,4.37079543,14.35539922,4.552401957,4.216295955,16.10611309,6.188048958
2042,12,7.21395166,4.047610361,12.74603441,3.696380662,7.21395166,7.21395166,13.16078293,16.3131644,12.14143216,23.25647388,12.48738692,1.848574355,8.52062228,3.09628524,2.452083293,9.854228364,4.050724598,15.49794391,18.96865374,14.41576229,17.30472687,10.98735507,13.86058528,11.7388329,9.873896821,7.21395166,7.21395166,4.697438085,15.49794391,10.70136116,18.96865374,14.41576229,17.30472687,10.98735507,13.86058528,11.7388329,9.873896821,13.89499934,13.89499934,10.70136116,6.688332058,5.998240468,6.923840368,7.286866333,2.115613021,10.76401111,3.607807533,7.21395166,7.21395166,7.21395166,7.21395166,7.5257045,7.21395166,8.642601065,8.757632169,4.37079543,14.35539922,4.552401957,4.216295955,16.10611309,6.188048958
2043,1,7.21395166,4.047610361,12.74603441,3.696380662,7.21395166,7.21395166,13.16078293,16.3131644,12.14143216,23.25647388,12.48738692,1.848574355,8.52062228,3.09628524,2.452083293,9.854228364,4.050724598,15.49794391,18.96865374,14.41576229,17.30472687,10.98735507,13.86058528,11.7388329,9.873896821,7.21395166,7.21395166,4.697438085,15.49794391,10.70136116,18.96865374,14.41576229,17.30472687,10.98735507,13.86058528,11.7388329,9.873896821,13.89499934,13.89499934,10.70136116,6.688332058,5.998240468,6.923840368,7.286866333,2.115613021,10.76401111,3.607807533,7.21395166,7.21395166,7.21395166,7.21395166,7.5257045,7.21395166,8.642601065,8.757632169,4.37079543,14.35539922,4.552401957,4.216295955,16.10611309,6.188048958
2043,2,7.21395166,4.047610361,12.74603441,3.696380662,7.21395166,7.21395166,13.16078293,16.3131644,12.14143216,23.25647388,12.48738692,1.848574355,8.52062228,3.09628524,2.452083293,9.854228364,4.050724598,15.49794391,18.96865374,14.41576229,17.30472687,10.98735507,13.86058528,11.7388329,9.873896821,7.21395166,7.21395166,4.697438085,15.49794391,10.70136116,18.96865374,14.41576229,17.30472687,10.98735507,13.86058528,11.7388329,9.873896821,13.89499934,13.89499934,10.70136116,6.688332058,5.998240468,6.923840368,7.286866333,2.115613021,10.76401111,3.607807533,7.21395166,7.21395166,7.21395166,7.21395166,7.5257045,7.21395166,8.642601065,8.757632169,4.37079543,14.35539922,4.552401957,4.216295955,16.10611309,6.188048958
2043,3,7.21395166,4.047610361,12.74603441,3.696380662,7.21395166,7.21395166,13.16078293,16.3131644,12.14143216,23.25647388,12.48738692,1.848574355,8.52062228,3.09628524,2.452083293,9.854228364,4.050724598,15.49794391,18.96865374,14.41576229,17.30472687,10.98735507,13.86058528,11.7388329,9.873896821,7.21395166,7.21395166,4.697438085,15.49794391,10.70136116,18.96865374,14.41576229,17.30472687,10.98735507,13.86058528,11.7388329,9.873896821,13.89499934,13.89499934,10.70136116,6.688332058,5.998240468,6.923840368,7.286866333,2.115613021,10.76401111,3.607807533,7.21395166,7.21395166,7.21395166,7.21395166,7.5257045,7.21395166,8.642601065,8.757632169,4.37079543,14.35539922,4.552401957,4.216295955,16.10611309,6.188048958
2043,4,7.21395166,4.047610361,12.74603441,3.696380662,7.21395166,7.21395166,13.16078293,16.3131644,12.14143216,23.25647388,12.48738692,1.848574355,8.52062228,3.09628524,2.452083293,9.854228364,4.050724598,15.49794391,18.96865374,14.41576229,17.30472687,10.98735507,13.86058528,11.7388329,9.873896821,7.21395166,7.21395166,4.697438085,15.49794391,10.70136116,18.96865374,14.41576229,17.30472687,10.98735507,13.86058528,11.7388329,9.873896821,13.89499934,13.89499934,10.70136116,6.688332058,5.998240468,6.923840368,7.286866333,2.115613021,10.76401111,3.607807533,7.21395166,7.21395166,7.21395166,7.21395166,7.5257045,7.21395166,8.642601065,8.757632169,4.37079543,14.35539922,4.552401957,4.216295955,16.10611309,6.188048958
2043,5,9.113408746,1.603510464,5.837766242,1.586086259,9.113408746,9.113408746,13.78494464,15.15361631,12.78975371,15.74452243,12.12888801,0.844300323,4.597002836,1.361518606,0.776623299,4.01101177,1.27363577,2.712921167,2.712921167,2.712921167,4.56904689,2.712921167,2.712921167,2.712921167,2.712921167,9.113408746,9.113408746,2.374996746,2.712921167,2.712921167,2.712921167,2.712921167,4.56904689,2.712921167,2.712921167,2.712921167,2.712921167,2.712921167,2.712921167,2.712921167,2.74807894,2.606906303,2.393406159,3.873411833,1.165791236,7.775420096,2.075141639,25.23864998,18.23414384,9.113408746,9.113408746,10.05408187,9.113408746,2.712921167,2.712921167,1.688392554,6.574875374,1.952301156,2.128281996,9.221398341,3.221186985
2043,6,9.113408746,1.603510464,5.837766242,1.586086259,9.113408746,9.113408746,13.78494464,15.15361631,12.78975371,15.74452243,12.12888801,0.844300323,4.597002836,1.361518606,0.776623299,4.01101177,1.27363577,2.712921167,2.712921167,2.712921167,4.56904689,2.712921167,2.712921167,2.712921167,2.712921167,9.113408746,9.113408746,2.374996746,2.712921167,2.712921167,2.712921167,2.712921167,4.56904689,2.712921167,2.712921167,2.712921167,2.712921167,2.712921167,2.712921167,2.712921167,2.74807894,2.606906303,2.393406159,3.873411833,1.165791236,7.775420096,2.075141639,25.23864998,18.23414384,9.113408746,9.113408746,10.05408187,9.113408746,2.712921167,2.712921167,1.688392554,6.574875374,1.952301156,2.128281996,9.221398341,3.221186985
2043,7,9.113408746,1.603510464,5.837766242,1.586086259,9.113408746,9.113408746,13.78494464,15.15361631,12.78975371,15.74452243,12.12888801,0.844300323,4.597002836,1.361518606,0.776623299,4.01101177,1.27363577,2.712921167,2.712921167,2.712921167,4.56904689,2.712921167,2.712921167,2.712921167,2.712921167,9.113408746,9.113408746,2.374996746,2.712921167,2.712921167,2.712921167,2.712921167,4.56904689,2.712921167,2.712921167,2.712921167,2.712921167,2.712921167,2.712921167,2.712921167,2.74807894,2.606906303,2.393406159,3.873411833,1.165791236,7.775420096,2.075141639,25.23864998,18.23414384,9.113408746,9.113408746,10.05408187,9.113408746,2.712921167,2.712921167,1.688392554,6.574875374,1.952301156,2.128281996,9.221398341,3.221186985
2043,8,9.113408746,1.603510464,5.837766242,1.586086259,9.113408746,9.113408746,13.78494464,15.15361631,12.78975371,15.74452243,12.12888801,0.844300323,4.597002836,1.361518606,0.776623299,4.01101177,1.27363577,2.712921167,2.712921167,2.712921167,4.56904689,2.712921167,2.712921167,2.712921167,2.712921167,9.113408746,9.113408746,2.374996746,2.712921167,2.712921167,2.712921167,2.712921167,4.56904689,2.712921167,2.712921167,2.712921167,2.712921167,2.712921167,2.712921167,2.712921167,2.74807894,2.606906303,2.393406159,3.873411833,1.165791236,7.775420096,2.075141639,25.23864998,18.23414384,9.113408746,9.113408746,10.05408187,9.113408746,2.712921167,2.712921167,1.688392554,6.574875374,1.952301156,2.128281996,9.221398341,3.221186985
2043,9,9.113408746,1.603510464,5.837766242,1.586086259,9.113408746,9.113408746,13.78494464,15.15361631,12.78975371,15.74452243,12.12888801,0.844300323,4.597002836,1.361518606,0.776623299,4.01101177,1.27363577,2.712921167,2.712921167,2.712921167,4.56904689,2.712921167,2.712921167,2.712921167,2.712921167,9.113408746,9.113408746,2.374996746,2.712921167,2.712921167,2.712921167,2.712921167,4.56904689,2.712921167,2.712921167,2.712921167,2.712921167,2.712921167,2.712921167,2.712921167,2.74807894,2.606906303,2.393406159,3.873411833,1.165791236,7.775420096,2.075141639,25.23864998,18.23414384,9.113408746,9.113408746,10.05408187,9.113408746,2.712921167,2.712921167,1.688392554,6.574875374,1.952301156,2.128281996,9.221398341,3.221186985
2043,10,9.113408746,1.603510464,5.837766242,1.586086259,9.113408746,9.113408746,13.78494464,15.15361631,12.78975371,15.74452243,12.12888801,0.844300323,4.597002836,1.361518606,0.776623299,4.01101177,1.27363577,2.712921167,2.712921167,2.712921167,4.56904689,2.712921167,2.712921167,2.712921167,2.712921167,9.113408746,9.113408746,2.374996746,2.712921167,2.712921167,2.712921167,2.712921167,4.56904689,2.712921167,2.712921167,2.712921167,2.712921167,2.712921167,2.712921167,2.712921167,2.74807894,2.606906303,2.393406159,3.873411833,1.165791236,7.775420096,2.075141639,25.23864998,18.23414384,9.113408746,9.113408746,10.05408187,9.113408746,2.712921167,2.712921167,1.688392554,6.574875374,1.952301156,2.128281996,9.221398341,3.221186985
2043,11,7.21395166,4.047610361,12.74603441,3.696380662,7.21395166,7.21395166,13.16078293,16.3131644,12.14143216,23.25647388,12.48738692,1.848574355,8.52062228,3.09628524,2.452083293,9.854228364,4.050724598,15.49794391,18.96865374,14.41576229,17.30472687,10.98735507,13.86058528,11.7388329,9.873896821,7.21395166,7.21395166,4.697438085,15.49794391,10.70136116,18.96865374,14.41576229,17.30472687,10.98735507,13.86058528,11.7388329,9.873896821,13.89499934,13.89499934,10.70136116,6.688332058,5.998240468,6.923840368,7.286866333,2.115613021,10.76401111,3.607807533,7.21395166,7.21395166,7.21395166,7.21395166,7.5257045,7.21395166,8.642601065,8.757632169,4.37079543,14.35539922,4.552401957,4.216295955,16.10611309,6.188048958
2043,12,7.21395166,4.047610361,12.74603441,3.696380662,7.21395166,7.21395166,13.16078293,16.3131644,12.14143216,23.25647388,12.48738692,1.848574355,8.52062228,3.09628524,2.452083293,9.854228364,4.050724598,15.49794391,18.96865374,14.41576229,17.30472687,10.98735507,13.86058528,11.7388329,9.873896821,7.21395166,7.21395166,4.697438085,15.49794391,10.70136116,18.96865374,14.41576229,17.30472687,10.98735507,13.86058528,11.7388329,9.873896821,13.89499934,13.89499934,10.70136116,6.688332058,5.998240468,6.923840368,7.286866333,2.115613021,10.76401111,3.607807533,7.21395166,7.21395166,7.21395166,7.21395166,7.5257045,7.21395166,8.642601065,8.757632169,4.37079543,14.35539922,4.552401957,4.216295955,16.10611309,6.188048958
2044,1,7.21395166,4.047610361,12.74603441,3.696380662,7.21395166,7.21395166,13.16078293,16.3131644,12.14143216,23.25647388,12.48738692,1.848574355,8.52062228,3.09628524,2.452083293,9.854228364,4.050724598,15.49794391,18.96865374,14.41576229,17.30472687,10.98735507,13.86058528,11.7388329,9.873896821,7.21395166,7.21395166,4.697438085,15.49794391,10.70136116,18.96865374,14.41576229,17.30472687,10.98735507,13.86058528,11.7388329,9.873896821,13.89499934,13.89499934,10.70136116,6.688332058,5.998240468,6.923840368,7.286866333,2.115613021,10.76401111,3.607807533,7.21395166,7.21395166,7.21395166,7.21395166,7.5257045,7.21395166,8.642601065,8.757632169,4.37079543,14.35539922,4.552401957,4.216295955,16.10611309,6.188048958
2044,2,7.21395166,4.047610361,12.74603441,3.696380662,7.21395166,7.21395166,13.16078293,16.3131644,12.14143216,23.25647388,12.48738692,1.848574355,8.52062228,3.09628524,2.452083293,9.854228364,4.050724598,15.49794391,18.96865374,14.41576229,17.30472687,10.98735507,13.86058528,11.7388329,9.873896821,7.21395166,7.21395166,4.697438085,15.49794391,10.70136116,18.96865374,14.41576229,17.30472687,10.98735507,13.86058528,11.7388329,9.873896821,13.89499934,13.89499934,10.70136116,6.688332058,5.998240468,6.923840368,7.286866333,2.115613021,10.76401111,3.607807533,7.21395166,7.21395166,7.21395166,7.21395166,7.5257045,7.21395166,8.642601065,8.757632169,4.37079543,14.35539922,4.552401957,4.216295955,16.10611309,6.188048958
2044,3,7.21395166,4.047610361,12.74603441,3.696380662,7.21395166,7.21395166,13.16078293,16.3131644,12.14143216,23.25647388,12.48738692,1.848574355,8.52062228,3.09628524,2.452083293,9.854228364,4.050724598,15.49794391,18.96865374,14.41576229,17.30472687,10.98735507,13.86058528,11.7388329,9.873896821,7.21395166,7.21395166,4.697438085,15.49794391,10.70136116,18.96865374,14.41576229,17.30472687,10.98735507,13.86058528,11.7388329,9.873896821,13.89499934,13.89499934,10.70136116,6.688332058,5.998240468,6.923840368,7.286866333,2.115613021,10.76401111,3.607807533,7.21395166,7.21395166,7.21395166,7.21395166,7.5257045,7.21395166,8.642601065,8.757632169,4.37079543,14.35539922,4.552401957,4.216295955,16.10611309,6.188048958
2044,4,7.21395166,4.047610361,12.74603441,3.696380662,7.21395166,7.21395166,13.16078293,16.3131644,12.14143216,23.25647388,12.48738692,1.848574355,8.52062228,3.09628524,2.452083293,9.854228364,4.050724598,15.49794391,18.96865374,14.41576229,17.30472687,10.98735507,13.86058528,11.7388329,9.873896821,7.21395166,7.21395166,4.697438085,15.49794391,10.70136116,18.96865374,14.41576229,17.30472687,10.98735507,13.86058528,11.7388329,9.873896821,13.89499934,13.89499934,10.70136116,6.688332058,5.998240468,6.923840368,7.286866333,2.115613021,10.76401111,3.607807533,7.21395166,7.21395166,7.21395166,7.21395166,7.5257045,7.21395166,8.642601065,8.757632169,4.37079543,14.35539922,4.552401957,4.216295955,16.10611309,6.188048958
2044,5,9.113408746,1.603510464,5.837766242,1.586086259,9.113408746,9.113408746,13.78494464,15.15361631,12.78975371,15.74452243,12.12888801,0.844300323,4.597002836,1.361518606,0.776623299,4.01101177,1.27363577,2.712921167,2.712921167,2.712921167,4.56904689,2.712921167,2.712921167,2.712921167,2.712921167,9.113408746,9.113408746,2.374996746,2.712921167,2.712921167,2.712921167,2.712921167,4.56904689,2.712921167,2.712921167,2.712921167,2.712921167,2.712921167,2.712921167,2.712921167,2.74807894,2.606906303,2.393406159,3.873411833,1.165791236,7.775420096,2.075141639,25.23864998,18.23414384,9.113408746,9.113408746,10.05408187,9.113408746,2.712921167,2.712921167,1.688392554,6.574875374,1.952301156,2.128281996,9.221398341,3.221186985
2044,6,9.113408746,1.603510464,5.837766242,1.586086259,9.113408746,9.113408746,13.78494464,15.15361631,12.78975371,15.74452243,12.12888801,0.844300323,4.597002836,1.361518606,0.776623299,4.01101177,1.27363577,2.712921167,2.712921167,2.712921167,4.56904689,2.712921167,2.712921167,2.712921167,2.712921167,9.113408746,9.113408746,2.374996746,2.712921167,2.712921167,2.712921167,2.712921167,4.56904689,2.712921167,2.712921167,2.712921167,2.712921167,2.712921167,2.712921167,2.712921167,2.74807894,2.606906303,2.393406159,3.873411833,1.165791236,7.775420096,2.075141639,25.23864998,18.23414384,9.113408746,9.113408746,10.05408187,9.113408746,2.712921167,2.712921167,1.688392554,6.574875374,1.952301156,2.128281996,9.221398341,3.221186985
2044,7,9.113408746,1.603510464,5.837766242,1.586086259,9.113408746,9.113408746,13.78494464,15.15361631,12.78975371,15.74452243,12.12888801,0.844300323,4.597002836,1.361518606,0.776623299,4.01101177,1.27363577,2.712921167,2.712921167,2.712921167,4.56904689,2.712921167,2.712921167,2.712921167,2.712921167,9.113408746,9.113408746,2.374996746,2.712921167,2.712921167,2.712921167,2.712921167,4.56904689,2.712921167,2.712921167,2.712921167,2.712921167,2.712921167,2.712921167,2.712921167,2.74807894,2.606906303,2.393406159,3.873411833,1.165791236,7.775420096,2.075141639,25.23864998,18.23414384,9.113408746,9.113408746,10.05408187,9.113408746,2.712921167,2.712921167,1.688392554,6.574875374,1.952301156,2.128281996,9.221398341,3.221186985
2044,8,9.113408746,1.603510464,5.837766242,1.586086259,9.113408746,9.113408746,13.78494464,15.15361631,12.78975371,15.74452243,12.12888801,0.844300323,4.597002836,1.361518606,0.776623299,4.01101177,1.27363577,2.712921167,2.712921167,2.712921167,4.56904689,2.712921167,2.712921167,2.712921167,2.712921167,9.113408746,9.113408746,2.374996746,2.712921167,2.712921167,2.712921167,2.712921167,4.56904689,2.712921167,2.712921167,2.712921167,2.712921167,2.712921167,2.712921167,2.712921167,2.74807894,2.606906303,2.393406159,3.873411833,1.165791236,7.775420096,2.075141639,25.23864998,18.23414384,9.113408746,9.113408746,10.05408187,9.113408746,2.712921167,2.712921167,1.688392554,6.574875374,1.952301156,2.128281996,9.221398341,3.221186985
2044,9,9.113408746,1.603510464,5.837766242,1.586086259,9.113408746,9.113408746,13.78494464,15.15361631,12.78975371,15.74452243,12.12888801,0.844300323,4.597002836,1.361518606,0.776623299,4.01101177,1.27363577,2.712921167,2.712921167,2.712921167,4.56904689,2.712921167,2.712921167,2.712921167,2.712921167,9.113408746,9.113408746,2.374996746,2.712921167,2.712921167,2.712921167,2.712921167,4.56904689,2.712921167,2.712921167,2.712921167,2.712921167,2.712921167,2.712921167,2.712921167,2.74807894,2.606906303,2.393406159,3.873411833,1.165791236,7.775420096,2.075141639,25.23864998,18.23414384,9.113408746,9.113408746,10.05408187,9.113408746,2.712921167,2.712921167,1.688392554,6.574875374,1.952301156,2.128281996,9.221398341,3.221186985
2044,10,9.113408746,1.603510464,5.837766242,1.586086259,9.113408746,9.113408746,13.78494464,15.15361631,12.78975371,15.74452243,12.12888801,0.844300323,4.597002836,1.361518606,0.776623299,4.01101177,1.27363577,2.712921167,2.712921167,2.712921167,4.56904689,2.712921167,2.712921167,2.712921167,2.712921167,9.113408746,9.113408746,2.374996746,2.712921167,2.712921167,2.712921167,2.712921167,4.56904689,2.712921167,2.712921167,2.712921167,2.712921167,2.712921167,2.712921167,2.712921167,2.74807894,2.606906303,2.393406159,3.873411833,1.165791236,7.775420096,2.075141639,25.23864998,18.23414384,9.113408746,9.113408746,10.05408187,9.113408746,2.712921167,2.712921167,1.688392554,6.574875374,1.952301156,2.128281996,9.221398341,3.221186985
2044,11,7.21395166,4.047610361,12.74603441,3.696380662,7.21395166,7.21395166,13.16078293,16.3131644,12.14143216,23.25647388,12.48738692,1.848574355,8.52062228,3.09628524,2.452083293,9.854228364,4.050724598,15.49794391,18.96865374,14.41576229,17.30472687,10.98735507,13.86058528,11.7388329,9.873896821,7.21395166,7.21395166,4.697438085,15.49794391,10.70136116,18.96865374,14.41576229,17.30472687,10.98735507,13.86058528,11.7388329,9.873896821,13.89499934,13.89499934,10.70136116,6.688332058,5.998240468,6.923840368,7.286866333,2.115613021,10.76401111,3.607807533,7.21395166,7.21395166,7.21395166,7.21395166,7.5257045,7.21395166,8.642601065,8.757632169,4.37079543,14.35539922,4.552401957,4.216295955,16.10611309,6.188048958
2044,12,7.21395166,4.047610361,12.74603441,3.696380662,7.21395166,7.21395166,13.16078293,16.3131644,12.14143216,23.25647388,12.48738692,1.848574355,8.52062228,3.09628524,2.452083293,9.854228364,4.050724598,15.49794391,18.96865374,14.41576229,17.30472687,10.98735507,13.86058528,11.7388329,9.873896821,7.21395166,7.21395166,4.697438085,15.49794391,10.70136116,18.96865374,14.41576229,17.30472687,10.98735507,13.86058528,11.7388329,9.873896821,13.89499934,13.89499934,10.70136116,6.688332058,5.998240468,6.923840368,7.286866333,2.115613021,10.76401111,3.607807533,7.21395166,7.21395166,7.21395166,7.21395166,7.5257045,7.21395166,8.642601065,8.757632169,4.37079543,14.35539922,4.552401957,4.216295955,16.10611309,6.188048958
2045,1,7.21395166,4.047610361,12.74603441,3.696380662,7.21395166,7.21395166,13.16078293,16.3131644,12.14143216,23.25647388,12.48738692,1.848574355,8.52062228,3.09628524,2.452083293,9.854228364,4.050724598,15.49794391,18.96865374,14.41576229,17.30472687,10.98735507,13.86058528,11.7388329,9.873896821,7.21395166,7.21395166,4.697438085,15.49794391,10.70136116,18.96865374,14.41576229,17.30472687,10.98735507,13.86058528,11.7388329,9.873896821,13.89499934,13.89499934,10.70136116,6.688332058,5.998240468,6.923840368,7.286866333,2.115613021,10.76401111,3.607807533,7.21395166,7.21395166,7.21395166,7.21395166,7.5257045,7.21395166,8.642601065,8.757632169,4.37079543,14.35539922,4.552401957,4.216295955,16.10611309,6.188048958
2045,2,7.21395166,4.047610361,12.74603441,3.696380662,7.21395166,7.21395166,13.16078293,16.3131644,12.14143216,23.25647388,12.48738692,1.848574355,8.52062228,3.09628524,2.452083293,9.854228364,4.050724598,15.49794391,18.96865374,14.41576229,17.30472687,10.98735507,13.86058528,11.7388329,9.873896821,7.21395166,7.21395166,4.697438085,15.49794391,10.70136116,18.96865374,14.41576229,17.30472687,10.98735507,13.86058528,11.7388329,9.873896821,13.89499934,13.89499934,10.70136116,6.688332058,5.998240468,6.923840368,7.286866333,2.115613021,10.76401111,3.607807533,7.21395166,7.21395166,7.21395166,7.21395166,7.5257045,7.21395166,8.642601065,8.757632169,4.37079543,14.35539922,4.552401957,4.216295955,16.10611309,6.188048958
2045,3,7.21395166,4.047610361,12.74603441,3.696380662,7.21395166,7.21395166,13.16078293,16.3131644,12.14143216,23.25647388,12.48738692,1.848574355,8.52062228,3.09628524,2.452083293,9.854228364,4.050724598,15.49794391,18.96865374,14.41576229,17.30472687,10.98735507,13.86058528,11.7388329,9.873896821,7.21395166,7.21395166,4.697438085,15.49794391,10.70136116,18.96865374,14.41576229,17.30472687,10.98735507,13.86058528,11.7388329,9.873896821,13.89499934,13.89499934,10.70136116,6.688332058,5.998240468,6.923840368,7.286866333,2.115613021,10.76401111,3.607807533,7.21395166,7.21395166,7.21395166,7.21395166,7.5257045,7.21395166,8.642601065,8.757632169,4.37079543,14.35539922,4.552401957,4.216295955,16.10611309,6.188048958
2045,4,7.21395166,4.047610361,12.74603441,3.696380662,7.21395166,7.21395166,13.16078293,16.3131644,12.14143216,23.25647388,12.48738692,1.848574355,8.52062228,3.09628524,2.452083293,9.854228364,4.050724598,15.49794391,18.96865374,14.41576229,17.30472687,10.98735507,13.86058528,11.7388329,9.873896821,7.21395166,7.21395166,4.697438085,15.49794391,10.70136116,18.96865374,14.41576229,17.30472687,10.98735507,13.86058528,11.7388329,9.873896821,13.89499934,13.89499934,10.70136116,6.688332058,5.998240468,6.923840368,7.286866333,2.115613021,10.76401111,3.607807533,7.21395166,7.21395166,7.21395166,7.21395166,7.5257045,7.21395166,8.642601065,8.757632169,4.37079543,14.35539922,4.552401957,4.216295955,16.10611309,6.188048958
2045,5,9.113408746,1.603510464,5.837766242,1.586086259,9.113408746,9.113408746,13.78494464,15.15361631,12.78975371,15.74452243,12.12888801,0.844300323,4.597002836,1.361518606,0.776623299,4.01101177,1.27363577,2.712921167,2.712921167,2.712921167,4.56904689,2.712921167,2.712921167,2.712921167,2.712921167,9.113408746,9.113408746,2.374996746,2.712921167,2.712921167,2.712921167,2.712921167,4.56904689,2.712921167,2.712921167,2.712921167,2.712921167,2.712921167,2.712921167,2.712921167,2.74807894,2.606906303,2.393406159,3.873411833,1.165791236,7.775420096,2.075141639,25.23864998,18.23414384,9.113408746,9.113408746,10.05408187,9.113408746,2.712921167,2.712921167,1.688392554,6.574875374,1.952301156,2.128281996,9.221398341,3.221186985
2045,6,9.113408746,1.603510464,5.837766242,1.586086259,9.113408746,9.113408746,13.78494464,15.15361631,12.78975371,15.74452243,12.12888801,0.844300323,4.597002836,1.361518606,0.776623299,4.01101177,1.27363577,2.712921167,2.712921167,2.712921167,4.56904689,2.712921167,2.712921167,2.712921167,2.712921167,9.113408746,9.113408746,2.374996746,2.712921167,2.712921167,2.712921167,2.712921167,4.56904689,2.712921167,2.712921167,2.712921167,2.712921167,2.712921167,2.712921167,2.712921167,2.74807894,2.606906303,2.393406159,3.873411833,1.165791236,7.775420096,2.075141639,25.23864998,18.23414384,9.113408746,9.113408746,10.05408187,9.113408746,2.712921167,2.712921167,1.688392554,6.574875374,1.952301156,2.128281996,9.221398341,3.221186985
2045,7,9.113408746,1.603510464,5.837766242,1.586086259,9.113408746,9.113408746,13.78494464,15.15361631,12.78975371,15.74452243,12.12888801,0.844300323,4.597002836,1.361518606,0.776623299,4.01101177,1.27363577,2.712921167,2.712921167,2.712921167,4.56904689,2.712921167,2.712921167,2.712921167,2.712921167,9.113408746,9.113408746,2.374996746,2.712921167,2.712921167,2.712921167,2.712921167,4.56904689,2.712921167,2.712921167,2.712921167,2.712921167,2.712921167,2.712921167,2.712921167,2.74807894,2.606906303,2.393406159,3.873411833,1.165791236,7.775420096,2.075141639,25.23864998,18.23414384,9.113408746,9.113408746,10.05408187,9.113408746,2.712921167,2.712921167,1.688392554,6.574875374,1.952301156,2.128281996,9.221398341,3.221186985
2045,8,9.113408746,1.603510464,5.837766242,1.586086259,9.113408746,9.113408746,13.78494464,15.15361631,12.78975371,15.74452243,12.12888801,0.844300323,4.597002836,1.361518606,0.776623299,4.01101177,1.27363577,2.712921167,2.712921167,2.712921167,4.56904689,2.712921167,2.712921167,2.712921167,2.712921167,9.113408746,9.113408746,2.374996746,2.712921167,2.712921167,2.712921167,2.712921167,4.56904689,2.712921167,2.712921167,2.712921167,2.712921167,2.712921167,2.712921167,2.712921167,2.74807894,2.606906303,2.393406159,3.873411833,1.165791236,7.775420096,2.075141639,25.23864998,18.23414384,9.113408746,9.113408746,10.05408187,9.113408746,2.712921167,2.712921167,1.688392554,6.574875374,1.952301156,2.128281996,9.221398341,3.221186985
2045,9,9.113408746,1.603510464,5.837766242,1.586086259,9.113408746,9.113408746,13.78494464,15.15361631,12.78975371,15.74452243,12.12888801,0.844300323,4.597002836,1.361518606,0.776623299,4.01101177,1.27363577,2.712921167,2.712921167,2.712921167,4.56904689,2.712921167,2.712921167,2.712921167,2.712921167,9.113408746,9.113408746,2.374996746,2.712921167,2.712921167,2.712921167,2.712921167,4.56904689,2.712921167,2.712921167,2.712921167,2.712921167,2.712921167,2.712921167,2.712921167,2.74807894,2.606906303,2.393406159,3.873411833,1.165791236,7.775420096,2.075141639,25.23864998,18.23414384,9.113408746,9.113408746,10.05408187,9.113408746,2.712921167,2.712921167,1.688392554,6.574875374,1.952301156,2.128281996,9.221398341,3.221186985
2045,10,9.113408746,1.603510464,5.837766242,1.586086259,9.113408746,9.113408746,13.78494464,15.15361631,12.78975371,15.74452243,12.12888801,0.844300323,4.597002836,1.361518606,0.776623299,4.01101177,1.27363577,2.712921167,2.712921167,2.712921167,4.56904689,2.712921167,2.712921167,2.712921167,2.712921167,9.113408746,9.113408746,2.374996746,2.712921167,2.712921167,2.712921167,2.712921167,4.56904689,2.712921167,2.712921167,2.712921167,2.712921167,2.712921167,2.712921167,2.712921167,2.74807894,2.606906303,2.393406159,3.873411833,1.165791236,7.775420096,2.075141639,25.23864998,18.23414384,9.113408746,9.113408746,10.05408187,9.113408746,2.712921167,2.712921167,1.688392554,6.574875374,1.952301156,2.128281996,9.221398341,3.221186985
2045,11,7.21395166,4.047610361,12.74603441,3.696380662,7.21395166,7.21395166,13.16078293,16.3131644,12.14143216,23.25647388,12.48738692,1.848574355,8.52062228,3.09628524,2.452083293,9.854228364,4.050724598,15.49794391,18.96865374,14.41576229,17.30472687,10.98735507,13.86058528,11.7388329,9.873896821,7.21395166,7.21395166,4.697438085,15.49794391,10.70136116,18.96865374,14.41576229,17.30472687,10.98735507,13.86058528,11.7388329,9.873896821,13.89499934,13.89499934,10.70136116,6.688332058,5.998240468,6.923840368,7.286866333,2.115613021,10.76401111,3.607807533,7.21395166,7.21395166,7.21395166,7.21395166,7.5257045,7.21395166,8.642601065,8.757632169,4.37079543,14.35539922,4.552401957,4.216295955,16.10611309,6.188048958
2045,12,7.21395166,4.047610361,12.74603441,3.696380662,7.21395166,7.21395166,13.16078293,16.3131644,12.14143216,23.25647388,12.48738692,1.848574355,8.52062228,3.09628524,2.452083293,9.854228364,4.050724598,15.49794391,18.96865374,14.41576229,17.30472687,10.98735507,13.86058528,11.7388329,9.873896821,7.21395166,7.21395166,4.697438085,15.49794391,10.70136116,18.96865374,14.41576229,17.30472687,10.98735507,13.86058528,11.7388329,9.873896821,13.89499934,13.89499934,10.70136116,6.688332058,5.998240468,6.923840368,7.286866333,2.115613021,10.76401111,3.607807533,7.21395166,7.21395166,7.21395166,7.21395166,7.5257045,7.21395166,8.642601065,8.757632169,4.37079543,14.35539922,4.552401957,4.216295955,16.10611309,6.188048958
2046,1,7.21395166,4.047610361,12.74603441,3.696380662,7.21395166,7.21395166,13.16078293,16.3131644,12.14143216,23.25647388,12.48738692,1.848574355,8.52062228,3.09628524,2.452083293,9.854228364,4.050724598,15.49794391,18.96865374,14.41576229,17.30472687,10.98735507,13.86058528,11.7388329,9.873896821,7.21395166,7.21395166,4.697438085,15.49794391,10.70136116,18.96865374,14.41576229,17.30472687,10.98735507,13.86058528,11.7388329,9.873896821,13.89499934,13.89499934,10.70136116,6.688332058,5.998240468,6.923840368,7.286866333,2.115613021,10.76401111,3.607807533,7.21395166,7.21395166,7.21395166,7.21395166,7.5257045,7.21395166,8.642601065,8.757632169,4.37079543,14.35539922,4.552401957,4.216295955,16.10611309,6.188048958
2046,2,7.21395166,4.047610361,12.74603441,3.696380662,7.21395166,7.21395166,13.16078293,16.3131644,12.14143216,23.25647388,12.48738692,1.848574355,8.52062228,3.09628524,2.452083293,9.854228364,4.050724598,15.49794391,18.96865374,14.41576229,17.30472687,10.98735507,13.86058528,11.7388329,9.873896821,7.21395166,7.21395166,4.697438085,15.49794391,10.70136116,18.96865374,14.41576229,17.30472687,10.98735507,13.86058528,11.7388329,9.873896821,13.89499934,13.89499934,10.70136116,6.688332058,5.998240468,6.923840368,7.286866333,2.115613021,10.76401111,3.607807533,7.21395166,7.21395166,7.21395166,7.21395166,7.5257045,7.21395166,8.642601065,8.757632169,4.37079543,14.35539922,4.552401957,4.216295955,16.10611309,6.188048958
2046,3,7.21395166,4.047610361,12.74603441,3.696380662,7.21395166,7.21395166,13.16078293,16.3131644,12.14143216,23.25647388,12.48738692,1.848574355,8.52062228,3.09628524,2.452083293,9.854228364,4.050724598,15.49794391,18.96865374,14.41576229,17.30472687,10.98735507,13.86058528,11.7388329,9.873896821,7.21395166,7.21395166,4.697438085,15.49794391,10.70136116,18.96865374,14.41576229,17.30472687,10.98735507,13.86058528,11.7388329,9.873896821,13.89499934,13.89499934,10.70136116,6.688332058,5.998240468,6.923840368,7.286866333,2.115613021,10.76401111,3.607807533,7.21395166,7.21395166,7.21395166,7.21395166,7.5257045,7.21395166,8.642601065,8.757632169,4.37079543,14.35539922,4.552401957,4.216295955,16.10611309,6.188048958
2046,4,7.21395166,4.047610361,12.74603441,3.696380662,7.21395166,7.21395166,13.16078293,16.3131644,12.14143216,23.25647388,12.48738692,1.848574355,8.52062228,3.09628524,2.452083293,9.854228364,4.050724598,15.49794391,18.96865374,14.41576229,17.30472687,10.98735507,13.86058528,11.7388329,9.873896821,7.21395166,7.21395166,4.697438085,15.49794391,10.70136116,18.96865374,14.41576229,17.30472687,10.98735507,13.86058528,11.7388329,9.873896821,13.89499934,13.89499934,10.70136116,6.688332058,5.998240468,6.923840368,7.286866333,2.115613021,10.76401111,3.607807533,7.21395166,7.21395166,7.21395166,7.21395166,7.5257045,7.21395166,8.642601065,8.757632169,4.37079543,14.35539922,4.552401957,4.216295955,16.10611309,6.188048958
2046,5,9.113408746,1.603510464,5.837766242,1.586086259,9.113408746,9.113408746,13.78494464,15.15361631,12.78975371,15.74452243,12.12888801,0.844300323,4.597002836,1.361518606,0.776623299,4.01101177,1.27363577,2.712921167,2.712921167,2.712921167,4.56904689,2.712921167,2.712921167,2.712921167,2.712921167,9.113408746,9.113408746,2.374996746,2.712921167,2.712921167,2.712921167,2.712921167,4.56904689,2.712921167,2.712921167,2.712921167,2.712921167,2.712921167,2.712921167,2.712921167,2.74807894,2.606906303,2.393406159,3.873411833,1.165791236,7.775420096,2.075141639,25.23864998,18.23414384,9.113408746,9.113408746,10.05408187,9.113408746,2.712921167,2.712921167,1.688392554,6.574875374,1.952301156,2.128281996,9.221398341,3.221186985
2046,6,9.113408746,1.603510464,5.837766242,1.586086259,9.113408746,9.113408746,13.78494464,15.15361631,12.78975371,15.74452243,12.12888801,0.844300323,4.597002836,1.361518606,0.776623299,4.01101177,1.27363577,2.712921167,2.712921167,2.712921167,4.56904689,2.712921167,2.712921167,2.712921167,2.712921167,9.113408746,9.113408746,2.374996746,2.712921167,2.712921167,2.712921167,2.712921167,4.56904689,2.712921167,2.712921167,2.712921167,2.712921167,2.712921167,2.712921167,2.712921167,2.74807894,2.606906303,2.393406159,3.873411833,1.165791236,7.775420096,2.075141639,25.23864998,18.23414384,9.113408746,9.113408746,10.05408187,9.113408746,2.712921167,2.712921167,1.688392554,6.574875374,1.952301156,2.128281996,9.221398341,3.221186985
2046,7,9.113408746,1.603510464,5.837766242,1.586086259,9.113408746,9.113408746,13.78494464,15.15361631,12.78975371,15.74452243,12.12888801,0.844300323,4.597002836,1.361518606,0.776623299,4.01101177,1.27363577,2.712921167,2.712921167,2.712921167,4.56904689,2.712921167,2.712921167,2.712921167,2.712921167,9.113408746,9.113408746,2.374996746,2.712921167,2.712921167,2.712921167,2.712921167,4.56904689,2.712921167,2.712921167,2.712921167,2.712921167,2.712921167,2.712921167,2.712921167,2.74807894,2.606906303,2.393406159,3.873411833,1.165791236,7.775420096,2.075141639,25.23864998,18.23414384,9.113408746,9.113408746,10.05408187,9.113408746,2.712921167,2.712921167,1.688392554,6.574875374,1.952301156,2.128281996,9.221398341,3.221186985
2046,8,9.113408746,1.603510464,5.837766242,1.586086259,9.113408746,9.113408746,13.78494464,15.15361631,12.78975371,15.74452243,12.12888801,0.844300323,4.597002836,1.361518606,0.776623299,4.01101177,1.27363577,2.712921167,2.712921167,2.712921167,4.56904689,2.712921167,2.712921167,2.712921167,2.712921167,9.113408746,9.113408746,2.374996746,2.712921167,2.712921167,2.712921167,2.712921167,4.56904689,2.712921167,2.712921167,2.712921167,2.712921167,2.712921167,2.712921167,2.712921167,2.74807894,2.606906303,2.393406159,3.873411833,1.165791236,7.775420096,2.075141639,25.23864998,18.23414384,9.113408746,9.113408746,10.05408187,9.113408746,2.712921167,2.712921167,1.688392554,6.574875374,1.952301156,2.128281996,9.221398341,3.221186985
2046,9,9.113408746,1.603510464,5.837766242,1.586086259,9.113408746,9.113408746,13.78494464,15.15361631,12.78975371,15.74452243,12.12888801,0.844300323,4.597002836,1.361518606,0.776623299,4.01101177,1.27363577,2.712921167,2.712921167,2.712921167,4.56904689,2.712921167,2.712921167,2.712921167,2.712921167,9.113408746,9.113408746,2.374996746,2.712921167,2.712921167,2.712921167,2.712921167,4.56904689,2.712921167,2.712921167,2.712921167,2.712921167,2.712921167,2.712921167,2.712921167,2.74807894,2.606906303,2.393406159,3.873411833,1.165791236,7.775420096,2.075141639,25.23864998,18.23414384,9.113408746,9.113408746,10.05408187,9.113408746,2.712921167,2.712921167,1.688392554,6.574875374,1.952301156,2.128281996,9.221398341,3.221186985
2046,10,9.113408746,1.603510464,5.837766242,1.586086259,9.113408746,9.113408746,13.78494464,15.15361631,12.78975371,15.74452243,12.12888801,0.844300323,4.597002836,1.361518606,0.776623299,4.01101177,1.27363577,2.712921167,2.712921167,2.712921167,4.56904689,2.712921167,2.712921167,2.712921167,2.712921167,9.113408746,9.113408746,2.374996746,2.712921167,2.712921167,2.712921167,2.712921167,4.56904689,2.712921167,2.712921167,2.712921167,2.712921167,2.712921167,2.712921167,2.712921167,2.74807894,2.606906303,2.393406159,3.873411833,1.165791236,7.775420096,2.075141639,25.23864998,18.23414384,9.113408746,9.113408746,10.05408187,9.113408746,2.712921167,2.712921167,1.688392554,6.574875374,1.952301156,2.128281996,9.221398341,3.221186985
2046,11,7.21395166,4.047610361,12.74603441,3.696380662,7.21395166,7.21395166,13.16078293,16.3131644,12.14143216,23.25647388,12.48738692,1.848574355,8.52062228,3.09628524,2.452083293,9.854228364,4.050724598,15.49794391,18.96865374,14.41576229,17.30472687,10.98735507,13.86058528,11.7388329,9.873896821,7.21395166,7.21395166,4.697438085,15.49794391,10.70136116,18.96865374,14.41576229,17.30472687,10.98735507,13.86058528,11.7388329,9.873896821,13.89499934,13.89499934,10.70136116,6.688332058,5.998240468,6.923840368,7.286866333,2.115613021,10.76401111,3.607807533,7.21395166,7.21395166,7.21395166,7.21395166,7.5257045,7.21395166,8.642601065,8.757632169,4.37079543,14.35539922,4.552401957,4.216295955,16.10611309,6.188048958
2046,12,7.21395166,4.047610361,12.74603441,3.696380662,7.21395166,7.21395166,13.16078293,16.3131644,12.14143216,23.25647388,12.48738692,1.848574355,8.52062228,3.09628524,2.452083293,9.854228364,4.050724598,15.49794391,18.96865374,14.41576229,17.30472687,10.98735507,13.86058528,11.7388329,9.873896821,7.21395166,7.21395166,4.697438085,15.49794391,10.70136116,18.96865374,14.41576229,17.30472687,10.98735507,13.86058528,11.7388329,9.873896821,13.89499934,13.89499934,10.70136116,6.688332058,5.998240468,6.923840368,7.286866333,2.115613021,10.76401111,3.607807533,7.21395166,7.21395166,7.21395166,7.21395166,7.5257045,7.21395166,8.642601065,8.757632169,4.37079543,14.35539922,4.552401957,4.216295955,16.10611309,6.188048958
2047,1,7.21395166,4.047610361,12.74603441,3.696380662,7.21395166,7.21395166,13.16078293,16.3131644,12.14143216,23.25647388,12.48738692,1.848574355,8.52062228,3.09628524,2.452083293,9.854228364,4.050724598,15.49794391,18.96865374,14.41576229,17.30472687,10.98735507,13.86058528,11.7388329,9.873896821,7.21395166,7.21395166,4.697438085,15.49794391,10.70136116,18.96865374,14.41576229,17.30472687,10.98735507,13.86058528,11.7388329,9.873896821,13.89499934,13.89499934,10.70136116,6.688332058,5.998240468,6.923840368,7.286866333,2.115613021,10.76401111,3.607807533,7.21395166,7.21395166,7.21395166,7.21395166,7.5257045,7.21395166,8.642601065,8.757632169,4.37079543,14.35539922,4.552401957,4.216295955,16.10611309,6.188048958
2047,2,7.21395166,4.047610361,12.74603441,3.696380662,7.21395166,7.21395166,13.16078293,16.3131644,12.14143216,23.25647388,12.48738692,1.848574355,8.52062228,3.09628524,2.452083293,9.854228364,4.050724598,15.49794391,18.96865374,14.41576229,17.30472687,10.98735507,13.86058528,11.7388329,9.873896821,7.21395166,7.21395166,4.697438085,15.49794391,10.70136116,18.96865374,14.41576229,17.30472687,10.98735507,13.86058528,11.7388329,9.873896821,13.89499934,13.89499934,10.70136116,6.688332058,5.998240468,6.923840368,7.286866333,2.115613021,10.76401111,3.607807533,7.21395166,7.21395166,7.21395166,7.21395166,7.5257045,7.21395166,8.642601065,8.757632169,4.37079543,14.35539922,4.552401957,4.216295955,16.10611309,6.188048958
2047,3,7.21395166,4.047610361,12.74603441,3.696380662,7.21395166,7.21395166,13.16078293,16.3131644,12.14143216,23.25647388,12.48738692,1.848574355,8.52062228,3.09628524,2.452083293,9.854228364,4.050724598,15.49794391,18.96865374,14.41576229,17.30472687,10.98735507,13.86058528,11.7388329,9.873896821,7.21395166,7.21395166,4.697438085,15.49794391,10.70136116,18.96865374,14.41576229,17.30472687,10.98735507,13.86058528,11.7388329,9.873896821,13.89499934,13.89499934,10.70136116,6.688332058,5.998240468,6.923840368,7.286866333,2.115613021,10.76401111,3.607807533,7.21395166,7.21395166,7.21395166,7.21395166,7.5257045,7.21395166,8.642601065,8.757632169,4.37079543,14.35539922,4.552401957,4.216295955,16.10611309,6.188048958
2047,4,7.21395166,4.047610361,12.74603441,3.696380662,7.21395166,7.21395166,13.16078293,16.3131644,12.14143216,23.25647388,12.48738692,1.848574355,8.52062228,3.09628524,2.452083293,9.854228364,4.050724598,15.49794391,18.96865374,14.41576229,17.30472687,10.98735507,13.86058528,11.7388329,9.873896821,7.21395166,7.21395166,4.697438085,15.49794391,10.70136116,18.96865374,14.41576229,17.30472687,10.98735507,13.86058528,11.7388329,9.873896821,13.89499934,13.89499934,10.70136116,6.688332058,5.998240468,6.923840368,7.286866333,2.115613021,10.76401111,3.607807533,7.21395166,7.21395166,7.21395166,7.21395166,7.5257045,7.21395166,8.642601065,8.757632169,4.37079543,14.35539922,4.552401957,4.216295955,16.10611309,6.188048958
2047,5,9.113408746,1.603510464,5.837766242,1.586086259,9.113408746,9.113408746,13.78494464,15.15361631,12.78975371,15.74452243,12.12888801,0.844300323,4.597002836,1.361518606,0.776623299,4.01101177,1.27363577,2.712921167,2.712921167,2.712921167,4.56904689,2.712921167,2.712921167,2.712921167,2.712921167,9.113408746,9.113408746,2.374996746,2.712921167,2.712921167,2.712921167,2.712921167,4.56904689,2.712921167,2.712921167,2.712921167,2.712921167,2.712921167,2.712921167,2.712921167,2.74807894,2.606906303,2.393406159,3.873411833,1.165791236,7.775420096,2.075141639,25.23864998,18.23414384,9.113408746,9.113408746,10.05408187,9.113408746,2.712921167,2.712921167,1.688392554,6.574875374,1.952301156,2.128281996,9.221398341,3.221186985
2047,6,9.113408746,1.603510464,5.837766242,1.586086259,9.113408746,9.113408746,13.78494464,15.15361631,12.78975371,15.74452243,12.12888801,0.844300323,4.597002836,1.361518606,0.776623299,4.01101177,1.27363577,2.712921167,2.712921167,2.712921167,4.56904689,2.712921167,2.712921167,2.712921167,2.712921167,9.113408746,9.113408746,2.374996746,2.712921167,2.712921167,2.712921167,2.712921167,4.56904689,2.712921167,2.712921167,2.712921167,2.712921167,2.712921167,2.712921167,2.712921167,2.74807894,2.606906303,2.393406159,3.873411833,1.165791236,7.775420096,2.075141639,25.23864998,18.23414384,9.113408746,9.113408746,10.05408187,9.113408746,2.712921167,2.712921167,1.688392554,6.574875374,1.952301156,2.128281996,9.221398341,3.221186985
2047,7,9.113408746,1.603510464,5.837766242,1.586086259,9.113408746,9.113408746,13.78494464,15.15361631,12.78975371,15.74452243,12.12888801,0.844300323,4.597002836,1.361518606,0.776623299,4.01101177,1.27363577,2.712921167,2.712921167,2.712921167,4.56904689,2.712921167,2.712921167,2.712921167,2.712921167,9.113408746,9.113408746,2.374996746,2.712921167,2.712921167,2.712921167,2.712921167,4.56904689,2.712921167,2.712921167,2.712921167,2.712921167,2.712921167,2.712921167,2.712921167,2.74807894,2.606906303,2.393406159,3.873411833,1.165791236,7.775420096,2.075141639,25.23864998,18.23414384,9.113408746,9.113408746,10.05408187,9.113408746,2.712921167,2.712921167,1.688392554,6.574875374,1.952301156,2.128281996,9.221398341,3.221186985
2047,8,9.113408746,1.603510464,5.837766242,1.586086259,9.113408746,9.113408746,13.78494464,15.15361631,12.78975371,15.74452243,12.12888801,0.844300323,4.597002836,1.361518606,0.776623299,4.01101177,1.27363577,2.712921167,2.712921167,2.712921167,4.56904689,2.712921167,2.712921167,2.712921167,2.712921167,9.113408746,9.113408746,2.374996746,2.712921167,2.712921167,2.712921167,2.712921167,4.56904689,2.712921167,2.712921167,2.712921167,2.712921167,2.712921167,2.712921167,2.712921167,2.74807894,2.606906303,2.393406159,3.873411833,1.165791236,7.775420096,2.075141639,25.23864998,18.23414384,9.113408746,9.113408746,10.05408187,9.113408746,2.712921167,2.712921167,1.688392554,6.574875374,1.952301156,2.128281996,9.221398341,3.221186985
2047,9,9.113408746,1.603510464,5.837766242,1.586086259,9.113408746,9.113408746,13.78494464,15.15361631,12.78975371,15.74452243,12.12888801,0.844300323,4.597002836,1.361518606,0.776623299,4.01101177,1.27363577,2.712921167,2.712921167,2.712921167,4.56904689,2.712921167,2.712921167,2.712921167,2.712921167,9.113408746,9.113408746,2.374996746,2.712921167,2.712921167,2.712921167,2.712921167,4.56904689,2.712921167,2.712921167,2.712921167,2.712921167,2.712921167,2.712921167,2.712921167,2.74807894,2.606906303,2.393406159,3.873411833,1.165791236,7.775420096,2.075141639,25.23864998,18.23414384,9.113408746,9.113408746,10.05408187,9.113408746,2.712921167,2.712921167,1.688392554,6.574875374,1.952301156,2.128281996,9.221398341,3.221186985
2047,10,9.113408746,1.603510464,5.837766242,1.586086259,9.113408746,9.113408746,13.78494464,15.15361631,12.78975371,15.74452243,12.12888801,0.844300323,4.597002836,1.361518606,0.776623299,4.01101177,1.27363577,2.712921167,2.712921167,2.712921167,4.56904689,2.712921167,2.712921167,2.712921167,2.712921167,9.113408746,9.113408746,2.374996746,2.712921167,2.712921167,2.712921167,2.712921167,4.56904689,2.712921167,2.712921167,2.712921167,2.712921167,2.712921167,2.712921167,2.712921167,2.74807894,2.606906303,2.393406159,3.873411833,1.165791236,7.775420096,2.075141639,25.23864998,18.23414384,9.113408746,9.113408746,10.05408187,9.113408746,2.712921167,2.712921167,1.688392554,6.574875374,1.952301156,2.128281996,9.221398341,3.221186985
2047,11,7.21395166,4.047610361,12.74603441,3.696380662,7.21395166,7.21395166,13.16078293,16.3131644,12.14143216,23.25647388,12.48738692,1.848574355,8.52062228,3.09628524,2.452083293,9.854228364,4.050724598,15.49794391,18.96865374,14.41576229,17.30472687,10.98735507,13.86058528,11.7388329,9.873896821,7.21395166,7.21395166,4.697438085,15.49794391,10.70136116,18.96865374,14.41576229,17.30472687,10.98735507,13.86058528,11.7388329,9.873896821,13.89499934,13.89499934,10.70136116,6.688332058,5.998240468,6.923840368,7.286866333,2.115613021,10.76401111,3.607807533,7.21395166,7.21395166,7.21395166,7.21395166,7.5257045,7.21395166,8.642601065,8.757632169,4.37079543,14.35539922,4.552401957,4.216295955,16.10611309,6.188048958
2047,12,7.21395166,4.047610361,12.74603441,3.696380662,7.21395166,7.21395166,13.16078293,16.3131644,12.14143216,23.25647388,12.48738692,1.848574355,8.52062228,3.09628524,2.452083293,9.854228364,4.050724598,15.49794391,18.96865374,14.41576229,17.30472687,10.98735507,13.86058528,11.7388329,9.873896821,7.21395166,7.21395166,4.697438085,15.49794391,10.70136116,18.96865374,14.41576229,17.30472687,10.98735507,13.86058528,11.7388329,9.873896821,13.89499934,13.89499934,10.70136116,6.688332058,5.998240468,6.923840368,7.286866333,2.115613021,10.76401111,3.607807533,7.21395166,7.21395166,7.21395166,7.21395166,7.5257045,7.21395166,8.642601065,8.757632169,4.37079543,14.35539922,4.552401957,4.216295955,16.10611309,6.188048958
2048,1,7.21395166,4.047610361,12.74603441,3.696380662,7.21395166,7.21395166,13.16078293,16.3131644,12.14143216,23.25647388,12.48738692,1.848574355,8.52062228,3.09628524,2.452083293,9.854228364,4.050724598,15.49794391,18.96865374,14.41576229,17.30472687,10.98735507,13.86058528,11.7388329,9.873896821,7.21395166,7.21395166,4.697438085,15.49794391,10.70136116,18.96865374,14.41576229,17.30472687,10.98735507,13.86058528,11.7388329,9.873896821,13.89499934,13.89499934,10.70136116,6.688332058,5.998240468,6.923840368,7.286866333,2.115613021,10.76401111,3.607807533,7.21395166,7.21395166,7.21395166,7.21395166,7.5257045,7.21395166,8.642601065,8.757632169,4.37079543,14.35539922,4.552401957,4.216295955,16.10611309,6.188048958
2048,2,7.21395166,4.047610361,12.74603441,3.696380662,7.21395166,7.21395166,13.16078293,16.3131644,12.14143216,23.25647388,12.48738692,1.848574355,8.52062228,3.09628524,2.452083293,9.854228364,4.050724598,15.49794391,18.96865374,14.41576229,17.30472687,10.98735507,13.86058528,11.7388329,9.873896821,7.21395166,7.21395166,4.697438085,15.49794391,10.70136116,18.96865374,14.41576229,17.30472687,10.98735507,13.86058528,11.7388329,9.873896821,13.89499934,13.89499934,10.70136116,6.688332058,5.998240468,6.923840368,7.286866333,2.115613021,10.76401111,3.607807533,7.21395166,7.21395166,7.21395166,7.21395166,7.5257045,7.21395166,8.642601065,8.757632169,4.37079543,14.35539922,4.552401957,4.216295955,16.10611309,6.188048958
2048,3,7.21395166,4.047610361,12.74603441,3.696380662,7.21395166,7.21395166,13.16078293,16.3131644,12.14143216,23.25647388,12.48738692,1.848574355,8.52062228,3.09628524,2.452083293,9.854228364,4.050724598,15.49794391,18.96865374,14.41576229,17.30472687,10.98735507,13.86058528,11.7388329,9.873896821,7.21395166,7.21395166,4.697438085,15.49794391,10.70136116,18.96865374,14.41576229,17.30472687,10.98735507,13.86058528,11.7388329,9.873896821,13.89499934,13.89499934,10.70136116,6.688332058,5.998240468,6.923840368,7.286866333,2.115613021,10.76401111,3.607807533,7.21395166,7.21395166,7.21395166,7.21395166,7.5257045,7.21395166,8.642601065,8.757632169,4.37079543,14.35539922,4.552401957,4.216295955,16.10611309,6.188048958
2048,4,7.21395166,4.047610361,12.74603441,3.696380662,7.21395166,7.21395166,13.16078293,16.3131644,12.14143216,23.25647388,12.48738692,1.848574355,8.52062228,3.09628524,2.452083293,9.854228364,4.050724598,15.49794391,18.96865374,14.41576229,17.30472687,10.98735507,13.86058528,11.7388329,9.873896821,7.21395166,7.21395166,4.697438085,15.49794391,10.70136116,18.96865374,14.41576229,17.30472687,10.98735507,13.86058528,11.7388329,9.873896821,13.89499934,13.89499934,10.70136116,6.688332058,5.998240468,6.923840368,7.286866333,2.115613021,10.76401111,3.607807533,7.21395166,7.21395166,7.21395166,7.21395166,7.5257045,7.21395166,8.642601065,8.757632169,4.37079543,14.35539922,4.552401957,4.216295955,16.10611309,6.188048958
2048,5,9.113408746,1.603510464,5.837766242,1.586086259,9.113408746,9.113408746,13.78494464,15.15361631,12.78975371,15.74452243,12.12888801,0.844300323,4.597002836,1.361518606,0.776623299,4.01101177,1.27363577,2.712921167,2.712921167,2.712921167,4.56904689,2.712921167,2.712921167,2.712921167,2.712921167,9.113408746,9.113408746,2.374996746,2.712921167,2.712921167,2.712921167,2.712921167,4.56904689,2.712921167,2.712921167,2.712921167,2.712921167,2.712921167,2.712921167,2.712921167,2.74807894,2.606906303,2.393406159,3.873411833,1.165791236,7.775420096,2.075141639,25.23864998,18.23414384,9.113408746,9.113408746,10.05408187,9.113408746,2.712921167,2.712921167,1.688392554,6.574875374,1.952301156,2.128281996,9.221398341,3.221186985
2048,6,9.113408746,1.603510464,5.837766242,1.586086259,9.113408746,9.113408746,13.78494464,15.15361631,12.78975371,15.74452243,12.12888801,0.844300323,4.597002836,1.361518606,0.776623299,4.01101177,1.27363577,2.712921167,2.712921167,2.712921167,4.56904689,2.712921167,2.712921167,2.712921167,2.712921167,9.113408746,9.113408746,2.374996746,2.712921167,2.712921167,2.712921167,2.712921167,4.56904689,2.712921167,2.712921167,2.712921167,2.712921167,2.712921167,2.712921167,2.712921167,2.74807894,2.606906303,2.393406159,3.873411833,1.165791236,7.775420096,2.075141639,25.23864998,18.23414384,9.113408746,9.113408746,10.05408187,9.113408746,2.712921167,2.712921167,1.688392554,6.574875374,1.952301156,2.128281996,9.221398341,3.221186985
2048,7,9.113408746,1.603510464,5.837766242,1.586086259,9.113408746,9.113408746,13.78494464,15.15361631,12.78975371,15.74452243,12.12888801,0.844300323,4.597002836,1.361518606,0.776623299,4.01101177,1.27363577,2.712921167,2.712921167,2.712921167,4.56904689,2.712921167,2.712921167,2.712921167,2.712921167,9.113408746,9.113408746,2.374996746,2.712921167,2.712921167,2.712921167,2.712921167,4.56904689,2.712921167,2.712921167,2.712921167,2.712921167,2.712921167,2.712921167,2.712921167,2.74807894,2.606906303,2.393406159,3.873411833,1.165791236,7.775420096,2.075141639,25.23864998,18.23414384,9.113408746,9.113408746,10.05408187,9.113408746,2.712921167,2.712921167,1.688392554,6.574875374,1.952301156,2.128281996,9.221398341,3.221186985
2048,8,9.113408746,1.603510464,5.837766242,1.586086259,9.113408746,9.113408746,13.78494464,15.15361631,12.78975371,15.74452243,12.12888801,0.844300323,4.597002836,1.361518606,0.776623299,4.01101177,1.27363577,2.712921167,2.712921167,2.712921167,4.56904689,2.712921167,2.712921167,2.712921167,2.712921167,9.113408746,9.113408746,2.374996746,2.712921167,2.712921167,2.712921167,2.712921167,4.56904689,2.712921167,2.712921167,2.712921167,2.712921167,2.712921167,2.712921167,2.712921167,2.74807894,2.606906303,2.393406159,3.873411833,1.165791236,7.775420096,2.075141639,25.23864998,18.23414384,9.113408746,9.113408746,10.05408187,9.113408746,2.712921167,2.712921167,1.688392554,6.574875374,1.952301156,2.128281996,9.221398341,3.221186985
2048,9,9.113408746,1.603510464,5.837766242,1.586086259,9.113408746,9.113408746,13.78494464,15.15361631,12.78975371,15.74452243,12.12888801,0.844300323,4.597002836,1.361518606,0.776623299,4.01101177,1.27363577,2.712921167,2.712921167,2.712921167,4.56904689,2.712921167,2.712921167,2.712921167,2.712921167,9.113408746,9.113408746,2.374996746,2.712921167,2.712921167,2.712921167,2.712921167,4.56904689,2.712921167,2.712921167,2.712921167,2.712921167,2.712921167,2.712921167,2.712921167,2.74807894,2.606906303,2.393406159,3.873411833,1.165791236,7.775420096,2.075141639,25.23864998,18.23414384,9.113408746,9.113408746,10.05408187,9.113408746,2.712921167,2.712921167,1.688392554,6.574875374,1.952301156,2.128281996,9.221398341,3.221186985
2048,10,9.113408746,1.603510464,5.837766242,1.586086259,9.113408746,9.113408746,13.78494464,15.15361631,12.78975371,15.74452243,12.12888801,0.844300323,4.597002836,1.361518606,0.776623299,4.01101177,1.27363577,2.712921167,2.712921167,2.712921167,4.56904689,2.712921167,2.712921167,2.712921167,2.712921167,9.113408746,9.113408746,2.374996746,2.712921167,2.712921167,2.712921167,2.712921167,4.56904689,2.712921167,2.712921167,2.712921167,2.712921167,2.712921167,2.712921167,2.712921167,2.74807894,2.606906303,2.393406159,3.873411833,1.165791236,7.775420096,2.075141639,25.23864998,18.23414384,9.113408746,9.113408746,10.05408187,9.113408746,2.712921167,2.712921167,1.688392554,6.574875374,1.952301156,2.128281996,9.221398341,3.221186985
2048,11,7.21395166,4.047610361,12.74603441,3.696380662,7.21395166,7.21395166,13.16078293,16.3131644,12.14143216,23.25647388,12.48738692,1.848574355,8.52062228,3.09628524,2.452083293,9.854228364,4.050724598,15.49794391,18.96865374,14.41576229,17.30472687,10.98735507,13.86058528,11.7388329,9.873896821,7.21395166,7.21395166,4.697438085,15.49794391,10.70136116,18.96865374,14.41576229,17.30472687,10.98735507,13.86058528,11.7388329,9.873896821,13.89499934,13.89499934,10.70136116,6.688332058,5.998240468,6.923840368,7.286866333,2.115613021,10.76401111,3.607807533,7.21395166,7.21395166,7.21395166,7.21395166,7.5257045,7.21395166,8.642601065,8.757632169,4.37079543,14.35539922,4.552401957,4.216295955,16.10611309,6.188048958
2048,12,7.21395166,4.047610361,12.74603441,3.696380662,7.21395166,7.21395166,13.16078293,16.3131644,12.14143216,23.25647388,12.48738692,1.848574355,8.52062228,3.09628524,2.452083293,9.854228364,4.050724598,15.49794391,18.96865374,14.41576229,17.30472687,10.98735507,13.86058528,11.7388329,9.873896821,7.21395166,7.21395166,4.697438085,15.49794391,10.70136116,18.96865374,14.41576229,17.30472687,10.98735507,13.86058528,11.7388329,9.873896821,13.89499934,13.89499934,10.70136116,6.688332058,5.998240468,6.923840368,7.286866333,2.115613021,10.76401111,3.607807533,7.21395166,7.21395166,7.21395166,7.21395166,7.5257045,7.21395166,8.642601065,8.757632169,4.37079543,14.35539922,4.552401957,4.216295955,16.10611309,6.188048958
2049,1,7.21395166,4.047610361,12.74603441,3.696380662,7.21395166,7.21395166,13.16078293,16.3131644,12.14143216,23.25647388,12.48738692,1.848574355,8.52062228,3.09628524,2.452083293,9.854228364,4.050724598,15.49794391,18.96865374,14.41576229,17.30472687,10.98735507,13.86058528,11.7388329,9.873896821,7.21395166,7.21395166,4.697438085,15.49794391,10.70136116,18.96865374,14.41576229,17.30472687,10.98735507,13.86058528,11.7388329,9.873896821,13.89499934,13.89499934,10.70136116,6.688332058,5.998240468,6.923840368,7.286866333,2.115613021,10.76401111,3.607807533,7.21395166,7.21395166,7.21395166,7.21395166,7.5257045,7.21395166,8.642601065,8.757632169,4.37079543,14.35539922,4.552401957,4.216295955,16.10611309,6.188048958
2049,2,7.21395166,4.047610361,12.74603441,3.696380662,7.21395166,7.21395166,13.16078293,16.3131644,12.14143216,23.25647388,12.48738692,1.848574355,8.52062228,3.09628524,2.452083293,9.854228364,4.050724598,15.49794391,18.96865374,14.41576229,17.30472687,10.98735507,13.86058528,11.7388329,9.873896821,7.21395166,7.21395166,4.697438085,15.49794391,10.70136116,18.96865374,14.41576229,17.30472687,10.98735507,13.86058528,11.7388329,9.873896821,13.89499934,13.89499934,10.70136116,6.688332058,5.998240468,6.923840368,7.286866333,2.115613021,10.76401111,3.607807533,7.21395166,7.21395166,7.21395166,7.21395166,7.5257045,7.21395166,8.642601065,8.757632169,4.37079543,14.35539922,4.552401957,4.216295955,16.10611309,6.188048958
2049,3,7.21395166,4.047610361,12.74603441,3.696380662,7.21395166,7.21395166,13.16078293,16.3131644,12.14143216,23.25647388,12.48738692,1.848574355,8.52062228,3.09628524,2.452083293,9.854228364,4.050724598,15.49794391,18.96865374,14.41576229,17.30472687,10.98735507,13.86058528,11.7388329,9.873896821,7.21395166,7.21395166,4.697438085,15.49794391,10.70136116,18.96865374,14.41576229,17.30472687,10.98735507,13.86058528,11.7388329,9.873896821,13.89499934,13.89499934,10.70136116,6.688332058,5.998240468,6.923840368,7.286866333,2.115613021,10.76401111,3.607807533,7.21395166,7.21395166,7.21395166,7.21395166,7.5257045,7.21395166,8.642601065,8.757632169,4.37079543,14.35539922,4.552401957,4.216295955,16.10611309,6.188048958
2049,4,7.21395166,4.047610361,12.74603441,3.696380662,7.21395166,7.21395166,13.16078293,16.3131644,12.14143216,23.25647388,12.48738692,1.848574355,8.52062228,3.09628524,2.452083293,9.854228364,4.050724598,15.49794391,18.96865374,14.41576229,17.30472687,10.98735507,13.86058528,11.7388329,9.873896821,7.21395166,7.21395166,4.697438085,15.49794391,10.70136116,18.96865374,14.41576229,17.30472687,10.98735507,13.86058528,11.7388329,9.873896821,13.89499934,13.89499934,10.70136116,6.688332058,5.998240468,6.923840368,7.286866333,2.115613021,10.76401111,3.607807533,7.21395166,7.21395166,7.21395166,7.21395166,7.5257045,7.21395166,8.642601065,8.757632169,4.37079543,14.35539922,4.552401957,4.216295955,16.10611309,6.188048958
2049,5,9.113408746,1.603510464,5.837766242,1.586086259,9.113408746,9.113408746,13.78494464,15.15361631,12.78975371,15.74452243,12.12888801,0.844300323,4.597002836,1.361518606,0.776623299,4.01101177,1.27363577,2.712921167,2.712921167,2.712921167,4.56904689,2.712921167,2.712921167,2.712921167,2.712921167,9.113408746,9.113408746,2.374996746,2.712921167,2.712921167,2.712921167,2.712921167,4.56904689,2.712921167,2.712921167,2.712921167,2.712921167,2.712921167,2.712921167,2.712921167,2.74807894,2.606906303,2.393406159,3.873411833,1.165791236,7.775420096,2.075141639,25.23864998,18.23414384,9.113408746,9.113408746,10.05408187,9.113408746,2.712921167,2.712921167,1.688392554,6.574875374,1.952301156,2.128281996,9.221398341,3.221186985
2049,6,9.113408746,1.603510464,5.837766242,1.586086259,9.113408746,9.113408746,13.78494464,15.15361631,12.78975371,15.74452243,12.12888801,0.844300323,4.597002836,1.361518606,0.776623299,4.01101177,1.27363577,2.712921167,2.712921167,2.712921167,4.56904689,2.712921167,2.712921167,2.712921167,2.712921167,9.113408746,9.113408746,2.374996746,2.712921167,2.712921167,2.712921167,2.712921167,4.56904689,2.712921167,2.712921167,2.712921167,2.712921167,2.712921167,2.712921167,2.712921167,2.74807894,2.606906303,2.393406159,3.873411833,1.165791236,7.775420096,2.075141639,25.23864998,18.23414384,9.113408746,9.113408746,10.05408187,9.113408746,2.712921167,2.712921167,1.688392554,6.574875374,1.952301156,2.128281996,9.221398341,3.221186985
2049,7,9.113408746,1.603510464,5.837766242,1.586086259,9.113408746,9.113408746,13.78494464,15.15361631,12.78975371,15.74452243,12.12888801,0.844300323,4.597002836,1.361518606,0.776623299,4.01101177,1.27363577,2.712921167,2.712921167,2.712921167,4.56904689,2.712921167,2.712921167,2.712921167,2.712921167,9.113408746,9.113408746,2.374996746,2.712921167,2.712921167,2.712921167,2.712921167,4.56904689,2.712921167,2.712921167,2.712921167,2.712921167,2.712921167,2.712921167,2.712921167,2.74807894,2.606906303,2.393406159,3.873411833,1.165791236,7.775420096,2.075141639,25.23864998,18.23414384,9.113408746,9.113408746,10.05408187,9.113408746,2.712921167,2.712921167,1.688392554,6.574875374,1.952301156,2.128281996,9.221398341,3.221186985
2049,8,9.113408746,1.603510464,5.837766242,1.586086259,9.113408746,9.113408746,13.78494464,15.15361631,12.78975371,15.74452243,12.12888801,0.844300323,4.597002836,1.361518606,0.776623299,4.01101177,1.27363577,2.712921167,2.712921167,2.712921167,4.56904689,2.712921167,2.712921167,2.712921167,2.712921167,9.113408746,9.113408746,2.374996746,2.712921167,2.712921167,2.712921167,2.712921167,4.56904689,2.712921167,2.712921167,2.712921167,2.712921167,2.712921167,2.712921167,2.712921167,2.74807894,2.606906303,2.393406159,3.873411833,1.165791236,7.775420096,2.075141639,25.23864998,18.23414384,9.113408746,9.113408746,10.05408187,9.113408746,2.712921167,2.712921167,1.688392554,6.574875374,1.952301156,2.128281996,9.221398341,3.221186985
2049,9,9.113408746,1.603510464,5.837766242,1.586086259,9.113408746,9.113408746,13.78494464,15.15361631,12.78975371,15.74452243,12.12888801,0.844300323,4.597002836,1.361518606,0.776623299,4.01101177,1.27363577,2.712921167,2.712921167,2.712921167,4.56904689,2.712921167,2.712921167,2.712921167,2.712921167,9.113408746,9.113408746,2.374996746,2.712921167,2.712921167,2.712921167,2.712921167,4.56904689,2.712921167,2.712921167,2.712921167,2.712921167,2.712921167,2.712921167,2.712921167,2.74807894,2.606906303,2.393406159,3.873411833,1.165791236,7.775420096,2.075141639,25.23864998,18.23414384,9.113408746,9.113408746,10.05408187,9.113408746,2.712921167,2.712921167,1.688392554,6.574875374,1.952301156,2.128281996,9.221398341,3.221186985
2049,10,9.113408746,1.603510464,5.837766242,1.586086259,9.113408746,9.113408746,13.78494464,15.15361631,12.78975371,15.74452243,12.12888801,0.844300323,4.597002836,1.361518606,0.776623299,4.01101177,1.27363577,2.712921167,2.712921167,2.712921167,4.56904689,2.712921167,2.712921167,2.712921167,2.712921167,9.113408746,9.113408746,2.374996746,2.712921167,2.712921167,2.712921167,2.712921167,4.56904689,2.712921167,2.712921167,2.712921167,2.712921167,2.712921167,2.712921167,2.712921167,2.74807894,2.606906303,2.393406159,3.873411833,1.165791236,7.775420096,2.075141639,25.23864998,18.23414384,9.113408746,9.113408746,10.05408187,9.113408746,2.712921167,2.712921167,1.688392554,6.574875374,1.952301156,2.128281996,9.221398341,3.221186985
2049,11,7.21395166,4.047610361,12.74603441,3.696380662,7.21395166,7.21395166,13.16078293,16.3131644,12.14143216,23.25647388,12.48738692,1.848574355,8.52062228,3.09628524,2.452083293,9.854228364,4.050724598,15.49794391,18.96865374,14.41576229,17.30472687,10.98735507,13.86058528,11.7388329,9.873896821,7.21395166,7.21395166,4.697438085,15.49794391,10.70136116,18.96865374,14.41576229,17.30472687,10.98735507,13.86058528,11.7388329,9.873896821,13.89499934,13.89499934,10.70136116,6.688332058,5.998240468,6.923840368,7.286866333,2.115613021,10.76401111,3.607807533,7.21395166,7.21395166,7.21395166,7.21395166,7.5257045,7.21395166,8.642601065,8.757632169,4.37079543,14.35539922,4.552401957,4.216295955,16.10611309,6.188048958
2049,12,7.21395166,4.047610361,12.74603441,3.696380662,7.21395166,7.21395166,13.16078293,16.3131644,12.14143216,23.25647388,12.48738692,1.848574355,8.52062228,3.09628524,2.452083293,9.854228364,4.050724598,15.49794391,18.96865374,14.41576229,17.30472687,10.98735507,13.86058528,11.7388329,9.873896821,7.21395166,7.21395166,4.697438085,15.49794391,10.70136116,18.96865374,14.41576229,17.30472687,10.98735507,13.86058528,11.7388329,9.873896821,13.89499934,13.89499934,10.70136116,6.688332058,5.998240468,6.923840368,7.286866333,2.115613021,10.76401111,3.607807533,7.21395166,7.21395166,7.21395166,7.21395166,7.5257045,7.21395166,8.642601065,8.757632169,4.37079543,14.35539922,4.552401957,4.216295955,16.10611309,6.188048958
2050,1,7.21395166,4.047610361,12.74603441,3.696380662,7.21395166,7.21395166,13.16078293,16.3131644,12.14143216,23.25647388,12.48738692,1.848574355,8.52062228,3.09628524,2.452083293,9.854228364,4.050724598,15.49794391,18.96865374,14.41576229,17.30472687,10.98735507,13.86058528,11.7388329,9.873896821,7.21395166,7.21395166,4.697438085,15.49794391,10.70136116,18.96865374,14.41576229,17.30472687,10.98735507,13.86058528,11.7388329,9.873896821,13.89499934,13.89499934,10.70136116,6.688332058,5.998240468,6.923840368,7.286866333,2.115613021,10.76401111,3.607807533,7.21395166,7.21395166,7.21395166,7.21395166,7.5257045,7.21395166,8.642601065,8.757632169,4.37079543,14.35539922,4.552401957,4.216295955,16.10611309,6.188048958
2050,2,7.21395166,4.047610361,12.74603441,3.696380662,7.21395166,7.21395166,13.16078293,16.3131644,12.14143216,23.25647388,12.48738692,1.848574355,8.52062228,3.09628524,2.452083293,9.854228364,4.050724598,15.49794391,18.96865374,14.41576229,17.30472687,10.98735507,13.86058528,11.7388329,9.873896821,7.21395166,7.21395166,4.697438085,15.49794391,10.70136116,18.96865374,14.41576229,17.30472687,10.98735507,13.86058528,11.7388329,9.873896821,13.89499934,13.89499934,10.70136116,6.688332058,5.998240468,6.923840368,7.286866333,2.115613021,10.76401111,3.607807533,7.21395166,7.21395166,7.21395166,7.21395166,7.5257045,7.21395166,8.642601065,8.757632169,4.37079543,14.35539922,4.552401957,4.216295955,16.10611309,6.188048958
2050,3,7.21395166,4.047610361,12.74603441,3.696380662,7.21395166,7.21395166,13.16078293,16.3131644,12.14143216,23.25647388,12.48738692,1.848574355,8.52062228,3.09628524,2.452083293,9.854228364,4.050724598,15.49794391,18.96865374,14.41576229,17.30472687,10.98735507,13.86058528,11.7388329,9.873896821,7.21395166,7.21395166,4.697438085,15.49794391,10.70136116,18.96865374,14.41576229,17.30472687,10.98735507,13.86058528,11.7388329,9.873896821,13.89499934,13.89499934,10.70136116,6.688332058,5.998240468,6.923840368,7.286866333,2.115613021,10.76401111,3.607807533,7.21395166,7.21395166,7.21395166,7.21395166,7.5257045,7.21395166,8.642601065,8.757632169,4.37079543,14.35539922,4.552401957,4.216295955,16.10611309,6.188048958
2050,4,7.21395166,4.047610361,12.74603441,3.696380662,7.21395166,7.21395166,13.16078293,16.3131644,12.14143216,23.25647388,12.48738692,1.848574355,8.52062228,3.09628524,2.452083293,9.854228364,4.050724598,15.49794391,18.96865374,14.41576229,17.30472687,10.98735507,13.86058528,11.7388329,9.873896821,7.21395166,7.21395166,4.697438085,15.49794391,10.70136116,18.96865374,14.41576229,17.30472687,10.98735507,13.86058528,11.7388329,9.873896821,13.89499934,13.89499934,10.70136116,6.688332058,5.998240468,6.923840368,7.286866333,2.115613021,10.76401111,3.607807533,7.21395166,7.21395166,7.21395166,7.21395166,7.5257045,7.21395166,8.642601065,8.757632169,4.37079543,14.35539922,4.552401957,4.216295955,16.10611309,6.188048958
2050,5,9.113408746,1.603510464,5.837766242,1.586086259,9.113408746,9.113408746,13.78494464,15.15361631,12.78975371,15.74452243,12.12888801,0.844300323,4.597002836,1.361518606,0.776623299,4.01101177,1.27363577,2.712921167,2.712921167,2.712921167,4.56904689,2.712921167,2.712921167,2.712921167,2.712921167,9.113408746,9.113408746,2.374996746,2.712921167,2.712921167,2.712921167,2.712921167,4.56904689,2.712921167,2.712921167,2.712921167,2.712921167,2.712921167,2.712921167,2.712921167,2.74807894,2.606906303,2.393406159,3.873411833,1.165791236,7.775420096,2.075141639,25.23864998,18.23414384,9.113408746,9.113408746,10.05408187,9.113408746,2.712921167,2.712921167,1.688392554,6.574875374,1.952301156,2.128281996,9.221398341,3.221186985
2050,6,9.113408746,1.603510464,5.837766242,1.586086259,9.113408746,9.113408746,13.78494464,15.15361631,12.78975371,15.74452243,12.12888801,0.844300323,4.597002836,1.361518606,0.776623299,4.01101177,1.27363577,2.712921167,2.712921167,2.712921167,4.56904689,2.712921167,2.712921167,2.712921167,2.712921167,9.113408746,9.113408746,2.374996746,2.712921167,2.712921167,2.712921167,2.712921167,4.56904689,2.712921167,2.712921167,2.712921167,2.712921167,2.712921167,2.712921167,2.712921167,2.74807894,2.606906303,2.393406159,3.873411833,1.165791236,7.775420096,2.075141639,25.23864998,18.23414384,9.113408746,9.113408746,10.05408187,9.113408746,2.712921167,2.712921167,1.688392554,6.574875374,1.952301156,2.128281996,9.221398341,3.221186985
2050,7,9.113408746,1.603510464,5.837766242,1.586086259,9.113408746,9.113408746,13.78494464,15.15361631,12.78975371,15.74452243,12.12888801,0.844300323,4.597002836,1.361518606,0.776623299,4.01101177,1.27363577,2.712921167,2.712921167,2.712921167,4.56904689,2.712921167,2.712921167,2.712921167,2.712921167,9.113408746,9.113408746,2.374996746,2.712921167,2.712921167,2.712921167,2.712921167,4.56904689,2.712921167,2.712921167,2.712921167,2.712921167,2.712921167,2.712921167,2.712921167,2.74807894,2.606906303,2.393406159,3.873411833,1.165791236,7.775420096,2.075141639,25.23864998,18.23414384,9.113408746,9.113408746,10.05408187,9.113408746,2.712921167,2.712921167,1.688392554,6.574875374,1.952301156,2.128281996,9.221398341,3.221186985
2050,8,9.113408746,1.603510464,5.837766242,1.586086259,9.113408746,9.113408746,13.78494464,15.15361631,12.78975371,15.74452243,12.12888801,0.844300323,4.597002836,1.361518606,0.776623299,4.01101177,1.27363577,2.712921167,2.712921167,2.712921167,4.56904689,2.712921167,2.712921167,2.712921167,2.712921167,9.113408746,9.113408746,2.374996746,2.712921167,2.712921167,2.712921167,2.712921167,4.56904689,2.712921167,2.712921167,2.712921167,2.712921167,2.712921167,2.712921167,2.712921167,2.74807894,2.606906303,2.393406159,3.873411833,1.165791236,7.775420096,2.075141639,25.23864998,18.23414384,9.113408746,9.113408746,10.05408187,9.113408746,2.712921167,2.712921167,1.688392554,6.574875374,1.952301156,2.128281996,9.221398341,3.221186985
2050,9,9.113408746,1.603510464,5.837766242,1.586086259,9.113408746,9.113408746,13.78494464,15.15361631,12.78975371,15.74452243,12.12888801,0.844300323,4.597002836,1.361518606,0.776623299,4.01101177,1.27363577,2.712921167,2.712921167,2.712921167,4.56904689,2.712921167,2.712921167,2.712921167,2.712921167,9.113408746,9.113408746,2.374996746,2.712921167,2.712921167,2.712921167,2.712921167,4.56904689,2.712921167,2.712921167,2.712921167,2.712921167,2.712921167,2.712921167,2.712921167,2.74807894,2.606906303,2.393406159,3.873411833,1.165791236,7.775420096,2.075141639,25.23864998,18.23414384,9.113408746,9.113408746,10.05408187,9.113408746,2.712921167,2.712921167,1.688392554,6.574875374,1.952301156,2.128281996,9.221398341,3.221186985
2050,10,9.113408746,1.603510464,5.837766242,1.586086259,9.113408746,9.113408746,13.78494464,15.15361631,12.78975371,15.74452243,12.12888801,0.844300323,4.597002836,1.361518606,0.776623299,4.01101177,1.27363577,2.712921167,2.712921167,2.712921167,4.56904689,2.712921167,2.712921167,2.712921167,2.712921167,9.113408746,9.113408746,2.374996746,2.712921167,2.712921167,2.712921167,2.712921167,4.56904689,2.712921167,2.712921167,2.712921167,2.712921167,2.712921167,2.712921167,2.712921167,2.74807894,2.606906303,2.393406159,3.873411833,1.165791236,7.775420096,2.075141639,25.23864998,18.23414384,9.113408746,9.113408746,10.05408187,9.113408746,2.712921167,2.712921167,1.688392554,6.574875374,1.952301156,2.128281996,9.221398341,3.221186985
2050,11,7.21395166,4.047610361,12.74603441,3.696380662,7.21395166,7.21395166,13.16078293,16.3131644,12.14143216,23.25647388,12.48738692,1.848574355,8.52062228,3.09628524,2.452083293,9.854228364,4.050724598,15.49794391,18.96865374,14.41576229,17.30472687,10.98735507,13.86058528,11.7388329,9.873896821,7.21395166,7.21395166,4.697438085,15.49794391,10.70136116,18.96865374,14.41576229,17.30472687,10.98735507,13.86058528,11.7388329,9.873896821,13.89499934,13.89499934,10.70136116,6.688332058,5.998240468,6.923840368,7.286866333,2.115613021,10.76401111,3.607807533,7.21395166,7.21395166,7.21395166,7.21395166,7.5257045,7.21395166,8.642601065,8.757632169,4.37079543,14.35539922,4.552401957,4.216295955,16.10611309,6.188048958
2050,12,7.21395166,4.047610361,12.74603441,3.696380662,7.21395166,7.21395166,13.16078293,16.3131644,12.14143216,23.25647388,12.48738692,1.848574355,8.52062228,3.09628524,2.452083293,9.854228364,4.050724598,15.49794391,18.96865374,14.41576229,17.30472687,10.98735507,13.86058528,11.7388329,9.873896821,7.21395166,7.21395166,4.697438085,15.49794391,10.70136116,18.96865374,14.41576229,17.30472687,10.98735507,13.86058528,11.7388329,9.873896821,13.89499934,13.89499934,10.70136116,6.688332058,5.998240468,6.923840368,7.286866333,2.115613021,10.76401111,3.607807533,7.21395166,7.21395166,7.21395166,7.21395166,7.5257045,7.21395166,8.642601065,8.757632169,4.37079543,14.35539922,4.552401957,4.216295955,16.10611309,6.188048958
2051,1,7.21395166,4.047610361,12.74603441,3.696380662,7.21395166,7.21395166,13.16078293,16.3131644,12.14143216,23.25647388,12.48738692,1.848574355,8.52062228,3.09628524,2.452083293,9.854228364,4.050724598,15.49794391,18.96865374,14.41576229,17.30472687,10.98735507,13.86058528,11.7388329,9.873896821,7.21395166,7.21395166,4.697438085,15.49794391,10.70136116,18.96865374,14.41576229,17.30472687,10.98735507,13.86058528,11.7388329,9.873896821,13.89499934,13.89499934,10.70136116,6.688332058,5.998240468,6.923840368,7.286866333,2.115613021,10.76401111,3.607807533,7.21395166,7.21395166,7.21395166,7.21395166,7.5257045,7.21395166,8.642601065,8.757632169,4.37079543,14.35539922,4.552401957,4.216295955,16.10611309,6.188048958
2051,2,7.21395166,4.047610361,12.74603441,3.696380662,7.21395166,7.21395166,13.16078293,16.3131644,12.14143216,23.25647388,12.48738692,1.848574355,8.52062228,3.09628524,2.452083293,9.854228364,4.050724598,15.49794391,18.96865374,14.41576229,17.30472687,10.98735507,13.86058528,11.7388329,9.873896821,7.21395166,7.21395166,4.697438085,15.49794391,10.70136116,18.96865374,14.41576229,17.30472687,10.98735507,13.86058528,11.7388329,9.873896821,13.89499934,13.89499934,10.70136116,6.688332058,5.998240468,6.923840368,7.286866333,2.115613021,10.76401111,3.607807533,7.21395166,7.21395166,7.21395166,7.21395166,7.5257045,7.21395166,8.642601065,8.757632169,4.37079543,14.35539922,4.552401957,4.216295955,16.10611309,6.188048958
2051,3,7.21395166,4.047610361,12.74603441,3.696380662,7.21395166,7.21395166,13.16078293,16.3131644,12.14143216,23.25647388,12.48738692,1.848574355,8.52062228,3.09628524,2.452083293,9.854228364,4.050724598,15.49794391,18.96865374,14.41576229,17.30472687,10.98735507,13.86058528,11.7388329,9.873896821,7.21395166,7.21395166,4.697438085,15.49794391,10.70136116,18.96865374,14.41576229,17.30472687,10.98735507,13.86058528,11.7388329,9.873896821,13.89499934,13.89499934,10.70136116,6.688332058,5.998240468,6.923840368,7.286866333,2.115613021,10.76401111,3.607807533,7.21395166,7.21395166,7.21395166,7.21395166,7.5257045,7.21395166,8.642601065,8.757632169,4.37079543,14.35539922,4.552401957,4.216295955,16.10611309,6.188048958
2051,4,7.21395166,4.047610361,12.74603441,3.696380662,7.21395166,7.21395166,13.16078293,16.3131644,12.14143216,23.25647388,12.48738692,1.848574355,8.52062228,3.09628524,2.452083293,9.854228364,4.050724598,15.49794391,18.96865374,14.41576229,17.30472687,10.98735507,13.86058528,11.7388329,9.873896821,7.21395166,7.21395166,4.697438085,15.49794391,10.70136116,18.96865374,14.41576229,17.30472687,10.98735507,13.86058528,11.7388329,9.873896821,13.89499934,13.89499934,10.70136116,6.688332058,5.998240468,6.923840368,7.286866333,2.115613021,10.76401111,3.607807533,7.21395166,7.21395166,7.21395166,7.21395166,7.5257045,7.21395166,8.642601065,8.757632169,4.37079543,14.35539922,4.552401957,4.216295955,16.10611309,6.188048958
2051,5,9.113408746,1.603510464,5.837766242,1.586086259,9.113408746,9.113408746,13.78494464,15.15361631,12.78975371,15.74452243,12.12888801,0.844300323,4.597002836,1.361518606,0.776623299,4.01101177,1.27363577,2.712921167,2.712921167,2.712921167,4.56904689,2.712921167,2.712921167,2.712921167,2.712921167,9.113408746,9.113408746,2.374996746,2.712921167,2.712921167,2.712921167,2.712921167,4.56904689,2.712921167,2.712921167,2.712921167,2.712921167,2.712921167,2.712921167,2.712921167,2.74807894,2.606906303,2.393406159,3.873411833,1.165791236,7.775420096,2.075141639,25.23864998,18.23414384,9.113408746,9.113408746,10.05408187,9.113408746,2.712921167,2.712921167,1.688392554,6.574875374,1.952301156,2.128281996,9.221398341,3.221186985
2051,6,9.113408746,1.603510464,5.837766242,1.586086259,9.113408746,9.113408746,13.78494464,15.15361631,12.78975371,15.74452243,12.12888801,0.844300323,4.597002836,1.361518606,0.776623299,4.01101177,1.27363577,2.712921167,2.712921167,2.712921167,4.56904689,2.712921167,2.712921167,2.712921167,2.712921167,9.113408746,9.113408746,2.374996746,2.712921167,2.712921167,2.712921167,2.712921167,4.56904689,2.712921167,2.712921167,2.712921167,2.712921167,2.712921167,2.712921167,2.712921167,2.74807894,2.606906303,2.393406159,3.873411833,1.165791236,7.775420096,2.075141639,25.23864998,18.23414384,9.113408746,9.113408746,10.05408187,9.113408746,2.712921167,2.712921167,1.688392554,6.574875374,1.952301156,2.128281996,9.221398341,3.221186985
2051,7,9.113408746,1.603510464,5.837766242,1.586086259,9.113408746,9.113408746,13.78494464,15.15361631,12.78975371,15.74452243,12.12888801,0.844300323,4.597002836,1.361518606,0.776623299,4.01101177,1.27363577,2.712921167,2.712921167,2.712921167,4.56904689,2.712921167,2.712921167,2.712921167,2.712921167,9.113408746,9.113408746,2.374996746,2.712921167,2.712921167,2.712921167,2.712921167,4.56904689,2.712921167,2.712921167,2.712921167,2.712921167,2.712921167,2.712921167,2.712921167,2.74807894,2.606906303,2.393406159,3.873411833,1.165791236,7.775420096,2.075141639,25.23864998,18.23414384,9.113408746,9.113408746,10.05408187,9.113408746,2.712921167,2.712921167,1.688392554,6.574875374,1.952301156,2.128281996,9.221398341,3.221186985
2051,8,9.113408746,1.603510464,5.837766242,1.586086259,9.113408746,9.113408746,13.78494464,15.15361631,12.78975371,15.74452243,12.12888801,0.844300323,4.597002836,1.361518606,0.776623299,4.01101177,1.27363577,2.712921167,2.712921167,2.712921167,4.56904689,2.712921167,2.712921167,2.712921167,2.712921167,9.113408746,9.113408746,2.374996746,2.712921167,2.712921167,2.712921167,2.712921167,4.56904689,2.712921167,2.712921167,2.712921167,2.712921167,2.712921167,2.712921167,2.712921167,2.74807894,2.606906303,2.393406159,3.873411833,1.165791236,7.775420096,2.075141639,25.23864998,18.23414384,9.113408746,9.113408746,10.05408187,9.113408746,2.712921167,2.712921167,1.688392554,6.574875374,1.952301156,2.128281996,9.221398341,3.221186985
2051,9,9.113408746,1.603510464,5.837766242,1.586086259,9.113408746,9.113408746,13.78494464,15.15361631,12.78975371,15.74452243,12.12888801,0.844300323,4.597002836,1.361518606,0.776623299,4.01101177,1.27363577,2.712921167,2.712921167,2.712921167,4.56904689,2.712921167,2.712921167,2.712921167,2.712921167,9.113408746,9.113408746,2.374996746,2.712921167,2.712921167,2.712921167,2.712921167,4.56904689,2.712921167,2.712921167,2.712921167,2.712921167,2.712921167,2.712921167,2.712921167,2.74807894,2.606906303,2.393406159,3.873411833,1.165791236,7.775420096,2.075141639,25.23864998,18.23414384,9.113408746,9.113408746,10.05408187,9.113408746,2.712921167,2.712921167,1.688392554,6.574875374,1.952301156,2.128281996,9.221398341,3.221186985
2051,10,9.113408746,1.603510464,5.837766242,1.586086259,9.113408746,9.113408746,13.78494464,15.15361631,12.78975371,15.74452243,12.12888801,0.844300323,4.597002836,1.361518606,0.776623299,4.01101177,1.27363577,2.712921167,2.712921167,2.712921167,4.56904689,2.712921167,2.712921167,2.712921167,2.712921167,9.113408746,9.113408746,2.374996746,2.712921167,2.712921167,2.712921167,2.712921167,4.56904689,2.712921167,2.712921167,2.712921167,2.712921167,2.712921167,2.712921167,2.712921167,2.74807894,2.606906303,2.393406159,3.873411833,1.165791236,7.775420096,2.075141639,25.23864998,18.23414384,9.113408746,9.113408746,10.05408187,9.113408746,2.712921167,2.712921167,1.688392554,6.574875374,1.952301156,2.128281996,9.221398341,3.221186985
2051,11,7.21395166,4.047610361,12.74603441,3.696380662,7.21395166,7.21395166,13.16078293,16.3131644,12.14143216,23.25647388,12.48738692,1.848574355,8.52062228,3.09628524,2.452083293,9.854228364,4.050724598,15.49794391,18.96865374,14.41576229,17.30472687,10.98735507,13.86058528,11.7388329,9.873896821,7.21395166,7.21395166,4.697438085,15.49794391,10.70136116,18.96865374,14.41576229,17.30472687,10.98735507,13.86058528,11.7388329,9.873896821,13.89499934,13.89499934,10.70136116,6.688332058,5.998240468,6.923840368,7.286866333,2.115613021,10.76401111,3.607807533,7.21395166,7.21395166,7.21395166,7.21395166,7.5257045,7.21395166,8.642601065,8.757632169,4.37079543,14.35539922,4.552401957,4.216295955,16.10611309,6.188048958
2051,12,7.21395166,4.047610361,12.74603441,3.696380662,7.21395166,7.21395166,13.16078293,16.3131644,12.14143216,23.25647388,12.48738692,1.848574355,8.52062228,3.09628524,2.452083293,9.854228364,4.050724598,15.49794391,18.96865374,14.41576229,17.30472687,10.98735507,13.86058528,11.7388329,9.873896821,7.21395166,7.21395166,4.697438085,15.49794391,10.70136116,18.96865374,14.41576229,17.30472687,10.98735507,13.86058528,11.7388329,9.873896821,13.89499934,13.89499934,10.70136116,6.688332058,5.998240468,6.923840368,7.286866333,2.115613021,10.76401111,3.607807533,7.21395166,7.21395166,7.21395166,7.21395166,7.5257045,7.21395166,8.642601065,8.757632169,4.37079543,14.35539922,4.552401957,4.216295955,16.10611309,6.188048958
2052,1,7.21395166,4.047610361,12.74603441,3.696380662,7.21395166,7.21395166,13.16078293,16.3131644,12.14143216,23.25647388,12.48738692,1.848574355,8.52062228,3.09628524,2.452083293,9.854228364,4.050724598,15.49794391,18.96865374,14.41576229,17.30472687,10.98735507,13.86058528,11.7388329,9.873896821,7.21395166,7.21395166,4.697438085,15.49794391,10.70136116,18.96865374,14.41576229,17.30472687,10.98735507,13.86058528,11.7388329,9.873896821,13.89499934,13.89499934,10.70136116,6.688332058,5.998240468,6.923840368,7.286866333,2.115613021,10.76401111,3.607807533,7.21395166,7.21395166,7.21395166,7.21395166,7.5257045,7.21395166,8.642601065,8.757632169,4.37079543,14.35539922,4.552401957,4.216295955,16.10611309,6.188048958
2052,2,7.21395166,4.047610361,12.74603441,3.696380662,7.21395166,7.21395166,13.16078293,16.3131644,12.14143216,23.25647388,12.48738692,1.848574355,8.52062228,3.09628524,2.452083293,9.854228364,4.050724598,15.49794391,18.96865374,14.41576229,17.30472687,10.98735507,13.86058528,11.7388329,9.873896821,7.21395166,7.21395166,4.697438085,15.49794391,10.70136116,18.96865374,14.41576229,17.30472687,10.98735507,13.86058528,11.7388329,9.873896821,13.89499934,13.89499934,10.70136116,6.688332058,5.998240468,6.923840368,7.286866333,2.115613021,10.76401111,3.607807533,7.21395166,7.21395166,7.21395166,7.21395166,7.5257045,7.21395166,8.642601065,8.757632169,4.37079543,14.35539922,4.552401957,4.216295955,16.10611309,6.188048958
2052,3,7.21395166,4.047610361,12.74603441,3.696380662,7.21395166,7.21395166,13.16078293,16.3131644,12.14143216,23.25647388,12.48738692,1.848574355,8.52062228,3.09628524,2.452083293,9.854228364,4.050724598,15.49794391,18.96865374,14.41576229,17.30472687,10.98735507,13.86058528,11.7388329,9.873896821,7.21395166,7.21395166,4.697438085,15.49794391,10.70136116,18.96865374,14.41576229,17.30472687,10.98735507,13.86058528,11.7388329,9.873896821,13.89499934,13.89499934,10.70136116,6.688332058,5.998240468,6.923840368,7.286866333,2.115613021,10.76401111,3.607807533,7.21395166,7.21395166,7.21395166,7.21395166,7.5257045,7.21395166,8.642601065,8.757632169,4.37079543,14.35539922,4.552401957,4.216295955,16.10611309,6.188048958
2052,4,7.21395166,4.047610361,12.74603441,3.696380662,7.21395166,7.21395166,13.16078293,16.3131644,12.14143216,23.25647388,12.48738692,1.848574355,8.52062228,3.09628524,2.452083293,9.854228364,4.050724598,15.49794391,18.96865374,14.41576229,17.30472687,10.98735507,13.86058528,11.7388329,9.873896821,7.21395166,7.21395166,4.697438085,15.49794391,10.70136116,18.96865374,14.41576229,17.30472687,10.98735507,13.86058528,11.7388329,9.873896821,13.89499934,13.89499934,10.70136116,6.688332058,5.998240468,6.923840368,7.286866333,2.115613021,10.76401111,3.607807533,7.21395166,7.21395166,7.21395166,7.21395166,7.5257045,7.21395166,8.642601065,8.757632169,4.37079543,14.35539922,4.552401957,4.216295955,16.10611309,6.188048958
2052,5,9.113408746,1.603510464,5.837766242,1.586086259,9.113408746,9.113408746,13.78494464,15.15361631,12.78975371,15.74452243,12.12888801,0.844300323,4.597002836,1.361518606,0.776623299,4.01101177,1.27363577,2.712921167,2.712921167,2.712921167,4.56904689,2.712921167,2.712921167,2.712921167,2.712921167,9.113408746,9.113408746,2.374996746,2.712921167,2.712921167,2.712921167,2.712921167,4.56904689,2.712921167,2.712921167,2.712921167,2.712921167,2.712921167,2.712921167,2.712921167,2.74807894,2.606906303,2.393406159,3.873411833,1.165791236,7.775420096,2.075141639,25.23864998,18.23414384,9.113408746,9.113408746,10.05408187,9.113408746,2.712921167,2.712921167,1.688392554,6.574875374,1.952301156,2.128281996,9.221398341,3.221186985
2052,6,9.113408746,1.603510464,5.837766242,1.586086259,9.113408746,9.113408746,13.78494464,15.15361631,12.78975371,15.74452243,12.12888801,0.844300323,4.597002836,1.361518606,0.776623299,4.01101177,1.27363577,2.712921167,2.712921167,2.712921167,4.56904689,2.712921167,2.712921167,2.712921167,2.712921167,9.113408746,9.113408746,2.374996746,2.712921167,2.712921167,2.712921167,2.712921167,4.56904689,2.712921167,2.712921167,2.712921167,2.712921167,2.712921167,2.712921167,2.712921167,2.74807894,2.606906303,2.393406159,3.873411833,1.165791236,7.775420096,2.075141639,25.23864998,18.23414384,9.113408746,9.113408746,10.05408187,9.113408746,2.712921167,2.712921167,1.688392554,6.574875374,1.952301156,2.128281996,9.221398341,3.221186985
2052,7,9.113408746,1.603510464,5.837766242,1.586086259,9.113408746,9.113408746,13.78494464,15.15361631,12.78975371,15.74452243,12.12888801,0.844300323,4.597002836,1.361518606,0.776623299,4.01101177,1.27363577,2.712921167,2.712921167,2.712921167,4.56904689,2.712921167,2.712921167,2.712921167,2.712921167,9.113408746,9.113408746,2.374996746,2.712921167,2.712921167,2.712921167,2.712921167,4.56904689,2.712921167,2.712921167,2.712921167,2.712921167,2.712921167,2.712921167,2.712921167,2.74807894,2.606906303,2.393406159,3.873411833,1.165791236,7.775420096,2.075141639,25.23864998,18.23414384,9.113408746,9.113408746,10.05408187,9.113408746,2.712921167,2.712921167,1.688392554,6.574875374,1.952301156,2.128281996,9.221398341,3.221186985
2052,8,9.113408746,1.603510464,5.837766242,1.586086259,9.113408746,9.113408746,13.78494464,15.15361631,12.78975371,15.74452243,12.12888801,0.844300323,4.597002836,1.361518606,0.776623299,4.01101177,1.27363577,2.712921167,2.712921167,2.712921167,4.56904689,2.712921167,2.712921167,2.712921167,2.712921167,9.113408746,9.113408746,2.374996746,2.712921167,2.712921167,2.712921167,2.712921167,4.56904689,2.712921167,2.712921167,2.712921167,2.712921167,2.712921167,2.712921167,2.712921167,2.74807894,2.606906303,2.393406159,3.873411833,1.165791236,7.775420096,2.075141639,25.23864998,18.23414384,9.113408746,9.113408746,10.05408187,9.113408746,2.712921167,2.712921167,1.688392554,6.574875374,1.952301156,2.128281996,9.221398341,3.221186985
2052,9,9.113408746,1.603510464,5.837766242,1.586086259,9.113408746,9.113408746,13.78494464,15.15361631,12.78975371,15.74452243,12.12888801,0.844300323,4.597002836,1.361518606,0.776623299,4.01101177,1.27363577,2.712921167,2.712921167,2.712921167,4.56904689,2.712921167,2.712921167,2.712921167,2.712921167,9.113408746,9.113408746,2.374996746,2.712921167,2.712921167,2.712921167,2.712921167,4.56904689,2.712921167,2.712921167,2.712921167,2.712921167,2.712921167,2.712921167,2.712921167,2.74807894,2.606906303,2.393406159,3.873411833,1.165791236,7.775420096,2.075141639,25.23864998,18.23414384,9.113408746,9.113408746,10.05408187,9.113408746,2.712921167,2.712921167,1.688392554,6.574875374,1.952301156,2.128281996,9.221398341,3.221186985
2052,10,9.113408746,1.603510464,5.837766242,1.586086259,9.113408746,9.113408746,13.78494464,15.15361631,12.78975371,15.74452243,12.12888801,0.844300323,4.597002836,1.361518606,0.776623299,4.01101177,1.27363577,2.712921167,2.712921167,2.712921167,4.56904689,2.712921167,2.712921167,2.712921167,2.712921167,9.113408746,9.113408746,2.374996746,2.712921167,2.712921167,2.712921167,2.712921167,4.56904689,2.712921167,2.712921167,2.712921167,2.712921167,2.712921167,2.712921167,2.712921167,2.74807894,2.606906303,2.393406159,3.873411833,1.165791236,7.775420096,2.075141639,25.23864998,18.23414384,9.113408746,9.113408746,10.05408187,9.113408746,2.712921167,2.712921167,1.688392554,6.574875374,1.952301156,2.128281996,9.221398341,3.221186985
2052,11,7.21395166,4.047610361,12.74603441,3.696380662,7.21395166,7.21395166,13.16078293,16.3131644,12.14143216,23.25647388,12.48738692,1.848574355,8.52062228,3.09628524,2.452083293,9.854228364,4.050724598,15.49794391,18.96865374,14.41576229,17.30472687,10.98735507,13.86058528,11.7388329,9.873896821,7.21395166,7.21395166,4.697438085,15.49794391,10.70136116,18.96865374,14.41576229,17.30472687,10.98735507,13.86058528,11.7388329,9.873896821,13.89499934,13.89499934,10.70136116,6.688332058,5.998240468,6.923840368,7.286866333,2.115613021,10.76401111,3.607807533,7.21395166,7.21395166,7.21395166,7.21395166,7.5257045,7.21395166,8.642601065,8.757632169,4.37079543,14.35539922,4.552401957,4.216295955,16.10611309,6.188048958
2052,12,7.21395166,4.047610361,12.74603441,3.696380662,7.21395166,7.21395166,13.16078293,16.3131644,12.14143216,23.25647388,12.48738692,1.848574355,8.52062228,3.09628524,2.452083293,9.854228364,4.050724598,15.49794391,18.96865374,14.41576229,17.30472687,10.98735507,13.86058528,11.7388329,9.873896821,7.21395166,7.21395166,4.697438085,15.49794391,10.70136116,18.96865374,14.41576229,17.30472687,10.98735507,13.86058528,11.7388329,9.873896821,13.89499934,13.89499934,10.70136116,6.688332058,5.998240468,6.923840368,7.286866333,2.115613021,10.76401111,3.607807533,7.21395166,7.21395166,7.21395166,7.21395166,7.5257045,7.21395166,8.642601065,8.757632169,4.37079543,14.35539922,4.552401957,4.216295955,16.10611309,6.188048958
2053,1,7.21395166,4.047610361,12.74603441,3.696380662,7.21395166,7.21395166,13.16078293,16.3131644,12.14143216,23.25647388,12.48738692,1.848574355,8.52062228,3.09628524,2.452083293,9.854228364,4.050724598,15.49794391,18.96865374,14.41576229,17.30472687,10.98735507,13.86058528,11.7388329,9.873896821,7.21395166,7.21395166,4.697438085,15.49794391,10.70136116,18.96865374,14.41576229,17.30472687,10.98735507,13.86058528,11.7388329,9.873896821,13.89499934,13.89499934,10.70136116,6.688332058,5.998240468,6.923840368,7.286866333,2.115613021,10.76401111,3.607807533,7.21395166,7.21395166,7.21395166,7.21395166,7.5257045,7.21395166,8.642601065,8.757632169,4.37079543,14.35539922,4.552401957,4.216295955,16.10611309,6.188048958
2053,2,7.21395166,4.047610361,12.74603441,3.696380662,7.21395166,7.21395166,13.16078293,16.3131644,12.14143216,23.25647388,12.48738692,1.848574355,8.52062228,3.09628524,2.452083293,9.854228364,4.050724598,15.49794391,18.96865374,14.41576229,17.30472687,10.98735507,13.86058528,11.7388329,9.873896821,7.21395166,7.21395166,4.697438085,15.49794391,10.70136116,18.96865374,14.41576229,17.30472687,10.98735507,13.86058528,11.7388329,9.873896821,13.89499934,13.89499934,10.70136116,6.688332058,5.998240468,6.923840368,7.286866333,2.115613021,10.76401111,3.607807533,7.21395166,7.21395166,7.21395166,7.21395166,7.5257045,7.21395166,8.642601065,8.757632169,4.37079543,14.35539922,4.552401957,4.216295955,16.10611309,6.188048958
2053,3,7.21395166,4.047610361,12.74603441,3.696380662,7.21395166,7.21395166,13.16078293,16.3131644,12.14143216,23.25647388,12.48738692,1.848574355,8.52062228,3.09628524,2.452083293,9.854228364,4.050724598,15.49794391,18.96865374,14.41576229,17.30472687,10.98735507,13.86058528,11.7388329,9.873896821,7.21395166,7.21395166,4.697438085,15.49794391,10.70136116,18.96865374,14.41576229,17.30472687,10.98735507,13.86058528,11.7388329,9.873896821,13.89499934,13.89499934,10.70136116,6.688332058,5.998240468,6.923840368,7.286866333,2.115613021,10.76401111,3.607807533,7.21395166,7.21395166,7.21395166,7.21395166,7.5257045,7.21395166,8.642601065,8.757632169,4.37079543,14.35539922,4.552401957,4.216295955,16.10611309,6.188048958
2053,4,7.21395166,4.047610361,12.74603441,3.696380662,7.21395166,7.21395166,13.16078293,16.3131644,12.14143216,23.25647388,12.48738692,1.848574355,8.52062228,3.09628524,2.452083293,9.854228364,4.050724598,15.49794391,18.96865374,14.41576229,17.30472687,10.98735507,13.86058528,11.7388329,9.873896821,7.21395166,7.21395166,4.697438085,15.49794391,10.70136116,18.96865374,14.41576229,17.30472687,10.98735507,13.86058528,11.7388329,9.873896821,13.89499934,13.89499934,10.70136116,6.688332058,5.998240468,6.923840368,7.286866333,2.115613021,10.76401111,3.607807533,7.21395166,7.21395166,7.21395166,7.21395166,7.5257045,7.21395166,8.642601065,8.757632169,4.37079543,14.35539922,4.552401957,4.216295955,16.10611309,6.188048958
2053,5,9.113408746,1.603510464,5.837766242,1.586086259,9.113408746,9.113408746,13.78494464,15.15361631,12.78975371,15.74452243,12.12888801,0.844300323,4.597002836,1.361518606,0.776623299,4.01101177,1.27363577,2.712921167,2.712921167,2.712921167,4.56904689,2.712921167,2.712921167,2.712921167,2.712921167,9.113408746,9.113408746,2.374996746,2.712921167,2.712921167,2.712921167,2.712921167,4.56904689,2.712921167,2.712921167,2.712921167,2.712921167,2.712921167,2.712921167,2.712921167,2.74807894,2.606906303,2.393406159,3.873411833,1.165791236,7.775420096,2.075141639,25.23864998,18.23414384,9.113408746,9.113408746,10.05408187,9.113408746,2.712921167,2.712921167,1.688392554,6.574875374,1.952301156,2.128281996,9.221398341,3.221186985
2053,6,9.113408746,1.603510464,5.837766242,1.586086259,9.113408746,9.113408746,13.78494464,15.15361631,12.78975371,15.74452243,12.12888801,0.844300323,4.597002836,1.361518606,0.776623299,4.01101177,1.27363577,2.712921167,2.712921167,2.712921167,4.56904689,2.712921167,2.712921167,2.712921167,2.712921167,9.113408746,9.113408746,2.374996746,2.712921167,2.712921167,2.712921167,2.712921167,4.56904689,2.712921167,2.712921167,2.712921167,2.712921167,2.712921167,2.712921167,2.712921167,2.74807894,2.606906303,2.393406159,3.873411833,1.165791236,7.775420096,2.075141639,25.23864998,18.23414384,9.113408746,9.113408746,10.05408187,9.113408746,2.712921167,2.712921167,1.688392554,6.574875374,1.952301156,2.128281996,9.221398341,3.221186985
2053,7,9.113408746,1.603510464,5.837766242,1.586086259,9.113408746,9.113408746,13.78494464,15.15361631,12.78975371,15.74452243,12.12888801,0.844300323,4.597002836,1.361518606,0.776623299,4.01101177,1.27363577,2.712921167,2.712921167,2.712921167,4.56904689,2.712921167,2.712921167,2.712921167,2.712921167,9.113408746,9.113408746,2.374996746,2.712921167,2.712921167,2.712921167,2.712921167,4.56904689,2.712921167,2.712921167,2.712921167,2.712921167,2.712921167,2.712921167,2.712921167,2.74807894,2.606906303,2.393406159,3.873411833,1.165791236,7.775420096,2.075141639,25.23864998,18.23414384,9.113408746,9.113408746,10.05408187,9.113408746,2.712921167,2.712921167,1.688392554,6.574875374,1.952301156,2.128281996,9.221398341,3.221186985
2053,8,9.113408746,1.603510464,5.837766242,1.586086259,9.113408746,9.113408746,13.78494464,15.15361631,12.78975371,15.74452243,12.12888801,0.844300323,4.597002836,1.361518606,0.776623299,4.01101177,1.27363577,2.712921167,2.712921167,2.712921167,4.56904689,2.712921167,2.712921167,2.712921167,2.712921167,9.113408746,9.113408746,2.374996746,2.712921167,2.712921167,2.712921167,2.712921167,4.56904689,2.712921167,2.712921167,2.712921167,2.712921167,2.712921167,2.712921167,2.712921167,2.74807894,2.606906303,2.393406159,3.873411833,1.165791236,7.775420096,2.075141639,25.23864998,18.23414384,9.113408746,9.113408746,10.05408187,9.113408746,2.712921167,2.712921167,1.688392554,6.574875374,1.952301156,2.128281996,9.221398341,3.221186985
2053,9,9.113408746,1.603510464,5.837766242,1.586086259,9.113408746,9.113408746,13.78494464,15.15361631,12.78975371,15.74452243,12.12888801,0.844300323,4.597002836,1.361518606,0.776623299,4.01101177,1.27363577,2.712921167,2.712921167,2.712921167,4.56904689,2.712921167,2.712921167,2.712921167,2.712921167,9.113408746,9.113408746,2.374996746,2.712921167,2.712921167,2.712921167,2.712921167,4.56904689,2.712921167,2.712921167,2.712921167,2.712921167,2.712921167,2.712921167,2.712921167,2.74807894,2.606906303,2.393406159,3.873411833,1.165791236,7.775420096,2.075141639,25.23864998,18.23414384,9.113408746,9.113408746,10.05408187,9.113408746,2.712921167,2.712921167,1.688392554,6.574875374,1.952301156,2.128281996,9.221398341,3.221186985
2053,10,9.113408746,1.603510464,5.837766242,1.586086259,9.113408746,9.113408746,13.78494464,15.15361631,12.78975371,15.74452243,12.12888801,0.844300323,4.597002836,1.361518606,0.776623299,4.01101177,1.27363577,2.712921167,2.712921167,2.712921167,4.56904689,2.712921167,2.712921167,2.712921167,2.712921167,9.113408746,9.113408746,2.374996746,2.712921167,2.712921167,2.712921167,2.712921167,4.56904689,2.712921167,2.712921167,2.712921167,2.712921167,2.712921167,2.712921167,2.712921167,2.74807894,2.606906303,2.393406159,3.873411833,1.165791236,7.775420096,2.075141639,25.23864998,18.23414384,9.113408746,9.113408746,10.05408187,9.113408746,2.712921167,2.712921167,1.688392554,6.574875374,1.952301156,2.128281996,9.221398341,3.221186985
2053,11,7.21395166,4.047610361,12.74603441,3.696380662,7.21395166,7.21395166,13.16078293,16.3131644,12.14143216,23.25647388,12.48738692,1.848574355,8.52062228,3.09628524,2.452083293,9.854228364,4.050724598,15.49794391,18.96865374,14.41576229,17.30472687,10.98735507,13.86058528,11.7388329,9.873896821,7.21395166,7.21395166,4.697438085,15.49794391,10.70136116,18.96865374,14.41576229,17.30472687,10.98735507,13.86058528,11.7388329,9.873896821,13.89499934,13.89499934,10.70136116,6.688332058,5.998240468,6.923840368,7.286866333,2.115613021,10.76401111,3.607807533,7.21395166,7.21395166,7.21395166,7.21395166,7.5257045,7.21395166,8.642601065,8.757632169,4.37079543,14.35539922,4.552401957,4.216295955,16.10611309,6.188048958
2053,12,7.21395166,4.047610361,12.74603441,3.696380662,7.21395166,7.21395166,13.16078293,16.3131644,12.14143216,23.25647388,12.48738692,1.848574355,8.52062228,3.09628524,2.452083293,9.854228364,4.050724598,15.49794391,18.96865374,14.41576229,17.30472687,10.98735507,13.86058528,11.7388329,9.873896821,7.21395166,7.21395166,4.697438085,15.49794391,10.70136116,18.96865374,14.41576229,17.30472687,10.98735507,13.86058528,11.7388329,9.873896821,13.89499934,13.89499934,10.70136116,6.688332058,5.998240468,6.923840368,7.286866333,2.115613021,10.76401111,3.607807533,7.21395166,7.21395166,7.21395166,7.21395166,7.5257045,7.21395166,8.642601065,8.757632169,4.37079543,14.35539922,4.552401957,4.216295955,16.10611309,6.188048958
