Year,Month,NM Wind FC,(RETIRED) New WindNMWC,NM Wind Tranche 4,Solar Tranche 1 Metro,Solar Tranche 2 Metro,Solar Tranche 3 Metro,Solar Tranche 1 Pinal,Solar Tranche 2 Pinal,Solar Tranche 3 Pinal,Solar Tranche 1 Northern,Solar Tranche 2 Northern,Solar Tranche 3 Northern,Solar Tranche 1 Palo Verde,Solar Tranche 2 Palo Verde,Solar Tranche 3 Palo Verde,Solar Tranche 4 Metro,Solar Tranche 5 Metro,Solar Tranche 6 Metro,Solar Tranche 4 Pinal,Solar Tranche 5 Pinal,Solar Tranche 6 Pinal,Solar Tranche 4 Northern,Solar Tranche 5 Northern,Solar Tranche 6 Northern,Solar Tranche 4 Palo Verde,Solar Tranche 5 Palo Verde,Solar Tranche 6 Palo Verde,Solar Tranche 4,ESS_6H_T1,ESS_6H_T2,ESS_6H_T3,ESS_8H_T1,ESS_8H_T2,ESS_8H_T3,AZ Wind Tranche 1,Cedarvale Wind Project (Agua Fria) WindNM,Pyramid Mountain Wind (EDF Renewables),(RETIRED) NMWindTranche2_NEW,Solar Tranche 5,(RETIRED) ESS_5H_T5,Generic FC LgFrameCT,(RETIRED) New_FC_CCS_F,(RETIRED) New_FC_CCS_H,Updated_LgFrameCT,Updated_LgFrameCT_TL,Updated_CCS_F,Updated_CCS_F_TL,Updated_CCS_H,Updated_CCS_H_TL,SMR Palo Verde,SMR Pinal,AdvNuc Palo Verde,AdvNuc Pinal,Eagle PumpHydro ,Generic PumpHydro Phase 1,Generic PumpHydro Phase 2,Solar Tranche 6,NM Wind Hidalgo,New CT Pinal,New CT Palo Verde,New CT Pinal 1,New CT Pinal 2,New CT Pinal 3,New CT Pinal 4,New CT Pinal 5,New CT Pinal 6,New CT Pinal 7,New CT Pinal 8,New CT Pinal 9,New CT Pinal 10,New CT Pinal 11,Generic LgFrameCT TL Palo Verde,Generic LgFrameCT TL Pinal,Generic H Frame Tolls,Generic H Frame TL Palo Verde,Generic H Frame TL Pinal,Generic FC H Frame,Coal EXT 1,Coal EXT 2,Saguaro DS CT1,Saguaro DS CT2,Cholla 1 Repower Gas,Cholla 3 Repower Gas,New Bio Metro,New Bio Northern,Generic Bio Pinal,Generic Bio Palo Verde,Generic Bio TL Metro,Generic Bio TL Northern,Generic Bio TL Pinal,Generic Bio TL Palo Verde,Generic Bio TL,New Geothermal,Generic Geo TL,NM Wind Tranche 1,NM Wind Tranche 2,NM Wind Tranche 3,Generic SMR TL Palo Verde,Generic SMR TL Pinal,Generic AdvNuc TL Palo Verde,Generic AdvNuc TL Pinal,Newest Updated_LgFrameCT (Southline) (RETIRED),Desert Sun CCH 1,Desert Sun CCH 2,New CC Palo Verde,New CC Pinal,Desert Sun CCH 1 DB,Desert Sun CCH 2 DB,New CC Palo Verde DB,New CC Pinal DB,BESS_6H_T1 Metro,BESS_6H_T2 Metro,BESS_6H_T3 Metro,ESS_6H_T1 Pinal,ESS_6H_T2 Pinal,ESS_6H_T3 Pinal,BESS_6H_T1 Northern,BESS_6H_T2 Northern,BESS_6H_T3 Northern,ESS_6H_T1 Palo Verde,ESS_6H_T2 Palo Verde,ESS_6H_T3 Palo Verde,BESS_8H_T1 Metro,BESS_8H_T2 Metro,BESS_8H_T3 Metro,ESS_8H_T1 Pinal,ESS_8H_T2 Pinal,ESS_8H_T3 Pinal,BESS_8H_T1 Northern,BESS_8H_T2 Northern,BESS_8H_T3 Northern,ESS_8H_T1 Palo Verde,ESS_8H_T2 Palo Verde,ESS_8H_T3 Palo Verde,CSP Metro,CSP Northern
2025,1,180,204,900,500,500,500,500,500,500,500,500,500,500,500,500,500,500,500,500,500,500,500,500,500,500,500,500,500,485,470.547,470.547,485,485,485,500,475,396,150,500,727.5,310.7,535.6,733.9,222.5,222.5,617.6,617.6,846.3,846.3,100,100,500,500,315.25,291,242.5,500,250,359.7,359.7,359.7,359.7,359.7,359.7,359.7,359.7,359.7,359.7,359.7,359.7,359.7,323.5,323.5,512.5,512.5,512.5,452.9,472.5,472.5,359.7,359.7,116,271,50,50,50,50,50,50,50,50,50,50,50,500,500,500,100,100,500,500,323.5,522.3,522.3,522.3,522.3,101.3,101.3,101.3,101.3,485,470.547,470.547,485,485,485,485,470.547,470.547,485,485,485,485,470.547,470.547,485,485,485,485,470.547,470.547,485,485,485,250,250
2025,2,180,204,900,500,500,500,500,500,500,500,500,500,500,500,500,500,500,500,500,500,500,500,500,500,500,500,500,500,485,470.547,470.547,485,485,485,500,475,396,150,500,727.5,310.7,535.6,733.9,222.5,222.5,617.6,617.6,846.3,846.3,100,100,500,500,315.25,291,242.5,500,250,359.7,359.7,359.7,359.7,359.7,359.7,359.7,359.7,359.7,359.7,359.7,359.7,359.7,323.5,323.5,512.5,512.5,512.5,452.9,472.5,472.5,359.7,359.7,116,271,50,50,50,50,50,50,50,50,50,50,50,500,500,500,100,100,500,500,323.5,522.3,522.3,522.3,522.3,101.3,101.3,101.3,101.3,485,470.547,470.547,485,485,485,485,470.547,470.547,485,485,485,485,470.547,470.547,485,485,485,485,470.547,470.547,485,485,485,250,250
2025,3,180,204,900,500,500,500,500,500,500,500,500,500,500,500,500,500,500,500,500,500,500,500,500,500,500,500,500,500,485,470.547,470.547,485,485,485,500,475,396,150,500,727.5,306.7,530.244,726.561,218.05,218.05,611.424,611.424,837.837,837.837,100,100,500,500,315.25,291,242.5,500,250,355,355,355,355,355,355,355,355,355,355,355,355,355,323.5,323.5,507.375,507.375,507.375,450.5,472.5,472.5,355,355,116,271,50,50,50,50,50,50,50,50,50,50,50,500,500,500,100,100,500,500,323.5,519.5,519.5,519.5,519.5,100.6,100.6,100.6,100.6,485,470.547,470.547,485,485,485,485,470.547,470.547,485,485,485,485,470.547,470.547,485,485,485,485,470.547,470.547,485,485,485,250,250
2025,4,180,204,900,500,500,500,500,500,500,500,500,500,500,500,500,500,500,500,500,500,500,500,500,500,500,500,500,500,485,470.547,470.547,485,485,485,500,475,396,150,500,727.5,306.7,530.244,726.561,218.05,218.05,611.424,611.424,837.837,837.837,100,100,500,500,315.25,291,242.5,500,250,355,355,355,355,355,355,355,355,355,355,355,355,355,323.5,323.5,507.375,507.375,507.375,448.2,472.5,472.5,355,355,116,271,50,50,50,50,50,50,50,50,50,50,50,500,500,500,100,100,500,500,323.5,516.8,516.8,516.8,516.8,102.2,102.2,102.2,102.2,485,470.547,470.547,485,485,485,485,470.547,470.547,485,485,485,485,470.547,470.547,485,485,485,485,470.547,470.547,485,485,485,250,250
2025,5,180,204,900,500,500,500,500,500,500,500,500,500,500,500,500,500,500,500,500,500,500,500,500,500,500,500,500,500,500,485.1,485.1,500,500,500,500,475,396,150,500,750,302.6,530.244,726.561,218.05,218.05,611.424,611.424,837.837,837.837,100,100,500,500,325,300,250,500,250,350.2,350.2,350.2,350.2,350.2,350.2,350.2,350.2,350.2,350.2,350.2,350.2,350.2,323.5,323.5,507.375,507.375,507.375,432.8,472.5,472.5,350.2,350.2,116,271,50,50,50,50,50,50,50,50,50,50,50,500,500,500,100,100,500,500,323.5,499.1,499.1,499.1,499.1,102.6,102.6,102.6,102.6,500,485.1,485.1,500,500,500,500,485.1,485.1,500,500,500,500,485.1,485.1,500,500,500,500,485.1,485.1,500,500,500,250,250
2025,6,180,204,900,500,500,500,500,500,500,500,500,500,500,500,500,500,500,500,500,500,500,500,500,500,500,500,500,500,500,485.1,485.1,500,500,500,500,475,396,150,500,750,301.5,503.464,689.866,211.375,211.375,580.544,580.544,795.522,795.522,100,100,500,500,325,300,250,500,250,349,349,349,349,349,349,349,349,349,349,349,349,349,323.5,323.5,481.75,481.75,481.75,399.5,472.5,472.5,349,349,116,271,50,50,50,50,50,50,50,50,50,50,50,500,500,500,100,100,500,500,323.5,460.7,460.7,460.7,460.7,96.1,96.1,96.1,96.1,500,485.1,485.1,500,500,500,500,485.1,485.1,500,500,500,500,485.1,485.1,500,500,500,500,485.1,485.1,500,500,500,250,250
2025,7,180,204,900,500,500,500,500,500,500,500,500,500,500,500,500,500,500,500,500,500,500,500,500,500,500,500,500,500,500,485.1,485.1,500,500,500,500,475,396,150,500,750,301.5,503.464,689.866,211.375,211.375,580.544,580.544,795.522,795.522,100,100,500,500,325,300,250,500,250,349,349,349,349,349,349,349,349,349,349,349,349,349,323.5,323.5,481.75,481.75,481.75,399.5,485.1,485.1,349,349,116,271,50,50,50,50,50,50,50,50,50,50,50,500,500,500,100,100,500,500,323.5,460.7,460.7,460.7,460.7,96.1,96.1,96.1,96.1,500,485.1,485.1,500,500,500,500,485.1,485.1,500,500,500,500,485.1,485.1,500,500,500,500,485.1,485.1,500,500,500,250,250
2025,8,180,204,900,500,500,500,500,500,500,500,500,500,500,500,500,500,500,500,500,500,500,500,500,500,500,500,500,500,500,485.1,485.1,500,500,500,500,475,396,150,500,750,301.5,503.464,689.866,211.375,211.375,580.544,580.544,795.522,795.522,100,100,500,500,325,300,250,500,250,349,349,349,349,349,349,349,349,349,349,349,349,349,323.5,323.5,481.75,481.75,481.75,399.5,485.1,485.1,349,349,116,271,50,50,50,50,50,50,50,50,50,50,50,500,500,500,100,100,500,500,323.5,460.7,460.7,460.7,460.7,96.1,96.1,96.1,96.1,500,485.1,485.1,500,500,500,500,485.1,485.1,500,500,500,500,485.1,485.1,500,500,500,500,485.1,485.1,500,500,500,250,250
2025,9,180,204,900,500,500,500,500,500,500,500,500,500,500,500,500,500,500,500,500,500,500,500,500,500,500,500,500,500,500,485.1,485.1,500,500,500,500,475,396,150,500,750,302.6,503.464,689.866,211.375,211.375,580.544,580.544,795.522,795.522,100,100,500,500,325,300,250,500,250,350.2,350.2,350.2,350.2,350.2,350.2,350.2,350.2,350.2,350.2,350.2,350.2,350.2,323.5,323.5,481.75,481.75,481.75,432.8,472.5,472.5,350.2,350.2,116,271,50,50,50,50,50,50,50,50,50,50,50,500,500,500,100,100,500,500,323.5,499.1,499.1,499.1,499.1,102.6,102.6,102.6,102.6,500,485.1,485.1,500,500,500,500,485.1,485.1,500,500,500,500,485.1,485.1,500,500,500,500,485.1,485.1,500,500,500,250,250
2025,10,180,204,900,500,500,500,500,500,500,500,500,500,500,500,500,500,500,500,500,500,500,500,500,500,500,500,500,500,500,485.1,485.1,500,500,500,500,475,396,150,500,750,306.7,530.244,726.561,218.05,218.05,611.424,611.424,837.837,837.837,100,100,500,500,325,300,250,500,250,355,355,355,355,355,355,355,355,355,355,355,355,355,323.5,323.5,507.375,507.375,507.375,448.2,472.5,472.5,355,355,116,271,50,50,50,50,50,50,50,50,50,50,50,500,500,500,100,100,500,500,323.5,516.8,516.8,516.8,516.8,102.2,102.2,102.2,102.2,500,485.1,485.1,500,500,500,500,485.1,485.1,500,500,500,500,485.1,485.1,500,500,500,500,485.1,485.1,500,500,500,250,250
2025,11,180,204,900,500,500,500,500,500,500,500,500,500,500,500,500,500,500,500,500,500,500,500,500,500,500,500,500,500,485,470.547,470.547,485,485,485,500,475,396,150,500,727.5,310.7,535.6,733.9,222.5,222.5,617.6,617.6,846.3,846.3,100,100,500,500,315.25,291,242.5,500,250,359.7,359.7,359.7,359.7,359.7,359.7,359.7,359.7,359.7,359.7,359.7,359.7,359.7,323.5,323.5,512.5,512.5,512.5,450.5,472.5,472.5,359.7,359.7,116,271,50,50,50,50,50,50,50,50,50,50,50,500,500,500,100,100,500,500,323.5,519.5,519.5,519.5,519.5,100.6,100.6,100.6,100.6,485,470.547,470.547,485,485,485,485,470.547,470.547,485,485,485,485,470.547,470.547,485,485,485,485,470.547,470.547,485,485,485,250,250
2025,12,180,204,900,500,500,500,500,500,500,500,500,500,500,500,500,500,500,500,500,500,500,500,500,500,500,500,500,500,485,470.547,470.547,485,485,485,500,475,396,150,500,727.5,310.7,535.6,733.9,222.5,222.5,617.6,617.6,846.3,846.3,100,100,500,500,315.25,291,242.5,500,250,359.7,359.7,359.7,359.7,359.7,359.7,359.7,359.7,359.7,359.7,359.7,359.7,359.7,323.5,323.5,512.5,512.5,512.5,452.9,472.5,472.5,359.7,359.7,116,271,50,50,50,50,50,50,50,50,50,50,50,500,500,500,100,100,500,500,323.5,522.3,522.3,522.3,522.3,101.3,101.3,101.3,101.3,485,470.547,470.547,485,485,485,485,470.547,470.547,485,485,485,485,470.547,470.547,485,485,485,485,470.547,470.547,485,485,485,250,250
2026,1,180,204,900,500,500,500,500,500,500,500,500,500,500,500,500,500,500,500,500,500,500,500,500,500,500,500,500,500,485,470.547,470.547,485,485,485,500,475,396,150,500,727.5,310.7,535.6,733.9,222.5,222.5,617.6,617.6,846.3,846.3,100,100,500,500,315.25,291,242.5,500,250,359.7,359.7,359.7,359.7,359.7,359.7,359.7,359.7,359.7,359.7,359.7,359.7,359.7,323.5,323.5,512.5,512.5,512.5,452.9,472.5,472.5,359.7,359.7,116,271,50,50,50,50,50,50,50,50,50,50,50,500,500,500,100,100,500,500,323.5,522.3,522.3,522.3,522.3,101.3,101.3,101.3,101.3,485,470.547,470.547,485,485,485,485,470.547,470.547,485,485,485,485,470.547,470.547,485,485,485,485,470.547,470.547,485,485,485,250,250
2026,2,180,204,900,500,500,500,500,500,500,500,500,500,500,500,500,500,500,500,500,500,500,500,500,500,500,500,500,500,485,470.547,470.547,485,485,485,500,475,396,150,500,727.5,310.7,535.6,733.9,222.5,222.5,617.6,617.6,846.3,846.3,100,100,500,500,315.25,291,242.5,500,250,359.7,359.7,359.7,359.7,359.7,359.7,359.7,359.7,359.7,359.7,359.7,359.7,359.7,323.5,323.5,512.5,512.5,512.5,452.9,472.5,472.5,359.7,359.7,116,271,50,50,50,50,50,50,50,50,50,50,50,500,500,500,100,100,500,500,323.5,522.3,522.3,522.3,522.3,101.3,101.3,101.3,101.3,485,470.547,470.547,485,485,485,485,470.547,470.547,485,485,485,485,470.547,470.547,485,485,485,485,470.547,470.547,485,485,485,250,250
2026,3,180,204,900,500,500,500,500,500,500,500,500,500,500,500,500,500,500,500,500,500,500,500,500,500,500,500,500,500,485,470.547,470.547,485,485,485,500,475,396,150,500,727.5,306.7,530.244,726.561,218.05,218.05,611.424,611.424,837.837,837.837,100,100,500,500,315.25,291,242.5,500,250,355,355,355,355,355,355,355,355,355,355,355,355,355,323.5,323.5,507.375,507.375,507.375,450.5,472.5,472.5,355,355,116,271,50,50,50,50,50,50,50,50,50,50,50,500,500,500,100,100,500,500,323.5,519.5,519.5,519.5,519.5,100.6,100.6,100.6,100.6,485,470.547,470.547,485,485,485,485,470.547,470.547,485,485,485,485,470.547,470.547,485,485,485,485,470.547,470.547,485,485,485,250,250
2026,4,180,204,900,500,500,500,500,500,500,500,500,500,500,500,500,500,500,500,500,500,500,500,500,500,500,500,500,500,485,470.547,470.547,485,485,485,500,475,396,150,500,727.5,306.7,530.244,726.561,218.05,218.05,611.424,611.424,837.837,837.837,100,100,500,500,315.25,291,242.5,500,250,355,355,355,355,355,355,355,355,355,355,355,355,355,323.5,323.5,507.375,507.375,507.375,448.2,472.5,472.5,355,355,116,271,50,50,50,50,50,50,50,50,50,50,50,500,500,500,100,100,500,500,323.5,516.8,516.8,516.8,516.8,102.2,102.2,102.2,102.2,485,470.547,470.547,485,485,485,485,470.547,470.547,485,485,485,485,470.547,470.547,485,485,485,485,470.547,470.547,485,485,485,250,250
2026,5,180,204,900,500,500,500,500,500,500,500,500,500,500,500,500,500,500,500,500,500,500,500,500,500,500,500,500,500,500,485.1,485.1,500,500,500,500,475,396,150,500,750,302.6,530.244,726.561,218.05,218.05,611.424,611.424,837.837,837.837,100,100,500,500,325,300,250,500,250,350.2,350.2,350.2,350.2,350.2,350.2,350.2,350.2,350.2,350.2,350.2,350.2,350.2,323.5,323.5,507.375,507.375,507.375,432.8,472.5,472.5,350.2,350.2,116,271,50,50,50,50,50,50,50,50,50,50,50,500,500,500,100,100,500,500,323.5,499.1,499.1,499.1,499.1,102.6,102.6,102.6,102.6,500,485.1,485.1,500,500,500,500,485.1,485.1,500,500,500,500,485.1,485.1,500,500,500,500,485.1,485.1,500,500,500,250,250
2026,6,180,204,900,500,500,500,500,500,500,500,500,500,500,500,500,500,500,500,500,500,500,500,500,500,500,500,500,500,500,485.1,485.1,500,500,500,500,475,396,150,500,750,301.5,503.464,689.866,211.375,211.375,580.544,580.544,795.522,795.522,100,100,500,500,325,300,250,500,250,349,349,349,349,349,349,349,349,349,349,349,349,349,323.5,323.5,481.75,481.75,481.75,399.5,472.5,472.5,349,349,116,271,50,50,50,50,50,50,50,50,50,50,50,500,500,500,100,100,500,500,323.5,460.7,460.7,460.7,460.7,96.1,96.1,96.1,96.1,500,485.1,485.1,500,500,500,500,485.1,485.1,500,500,500,500,485.1,485.1,500,500,500,500,485.1,485.1,500,500,500,250,250
2026,7,180,204,900,500,500,500,500,500,500,500,500,500,500,500,500,500,500,500,500,500,500,500,500,500,500,500,500,500,500,485.1,485.1,500,500,500,500,475,396,150,500,750,301.5,503.464,689.866,211.375,211.375,580.544,580.544,795.522,795.522,100,100,500,500,325,300,250,500,250,349,349,349,349,349,349,349,349,349,349,349,349,349,323.5,323.5,481.75,481.75,481.75,399.5,485.1,485.1,349,349,116,271,50,50,50,50,50,50,50,50,50,50,50,500,500,500,100,100,500,500,323.5,460.7,460.7,460.7,460.7,96.1,96.1,96.1,96.1,500,485.1,485.1,500,500,500,500,485.1,485.1,500,500,500,500,485.1,485.1,500,500,500,500,485.1,485.1,500,500,500,250,250
2026,8,180,204,900,500,500,500,500,500,500,500,500,500,500,500,500,500,500,500,500,500,500,500,500,500,500,500,500,500,500,485.1,485.1,500,500,500,500,475,396,150,500,750,301.5,503.464,689.866,211.375,211.375,580.544,580.544,795.522,795.522,100,100,500,500,325,300,250,500,250,349,349,349,349,349,349,349,349,349,349,349,349,349,323.5,323.5,481.75,481.75,481.75,399.5,485.1,485.1,349,349,116,271,50,50,50,50,50,50,50,50,50,50,50,500,500,500,100,100,500,500,323.5,460.7,460.7,460.7,460.7,96.1,96.1,96.1,96.1,500,485.1,485.1,500,500,500,500,485.1,485.1,500,500,500,500,485.1,485.1,500,500,500,500,485.1,485.1,500,500,500,250,250
2026,9,180,204,900,500,500,500,500,500,500,500,500,500,500,500,500,500,500,500,500,500,500,500,500,500,500,500,500,500,500,485.1,485.1,500,500,500,500,475,396,150,500,750,302.6,503.464,689.866,211.375,211.375,580.544,580.544,795.522,795.522,100,100,500,500,325,300,250,500,250,350.2,350.2,350.2,350.2,350.2,350.2,350.2,350.2,350.2,350.2,350.2,350.2,350.2,323.5,323.5,481.75,481.75,481.75,432.8,472.5,472.5,350.2,350.2,116,271,50,50,50,50,50,50,50,50,50,50,50,500,500,500,100,100,500,500,323.5,499.1,499.1,499.1,499.1,102.6,102.6,102.6,102.6,500,485.1,485.1,500,500,500,500,485.1,485.1,500,500,500,500,485.1,485.1,500,500,500,500,485.1,485.1,500,500,500,250,250
2026,10,180,204,900,500,500,500,500,500,500,500,500,500,500,500,500,500,500,500,500,500,500,500,500,500,500,500,500,500,500,485.1,485.1,500,500,500,500,475,396,150,500,750,306.7,530.244,726.561,218.05,218.05,611.424,611.424,837.837,837.837,100,100,500,500,325,300,250,500,250,355,355,355,355,355,355,355,355,355,355,355,355,355,323.5,323.5,507.375,507.375,507.375,448.2,472.5,472.5,355,355,116,271,50,50,50,50,50,50,50,50,50,50,50,500,500,500,100,100,500,500,323.5,516.8,516.8,516.8,516.8,102.2,102.2,102.2,102.2,500,485.1,485.1,500,500,500,500,485.1,485.1,500,500,500,500,485.1,485.1,500,500,500,500,485.1,485.1,500,500,500,250,250
2026,11,180,204,900,500,500,500,500,500,500,500,500,500,500,500,500,500,500,500,500,500,500,500,500,500,500,500,500,500,485,470.547,470.547,485,485,485,500,475,396,150,500,727.5,310.7,535.6,733.9,222.5,222.5,617.6,617.6,846.3,846.3,100,100,500,500,315.25,291,242.5,500,250,359.7,359.7,359.7,359.7,359.7,359.7,359.7,359.7,359.7,359.7,359.7,359.7,359.7,323.5,323.5,512.5,512.5,512.5,450.5,472.5,472.5,359.7,359.7,116,271,50,50,50,50,50,50,50,50,50,50,50,500,500,500,100,100,500,500,323.5,519.5,519.5,519.5,519.5,100.6,100.6,100.6,100.6,485,470.547,470.547,485,485,485,485,470.547,470.547,485,485,485,485,470.547,470.547,485,485,485,485,470.547,470.547,485,485,485,250,250
2026,12,180,204,900,500,500,500,500,500,500,500,500,500,500,500,500,500,500,500,500,500,500,500,500,500,500,500,500,500,485,470.547,470.547,485,485,485,500,475,396,150,500,727.5,310.7,535.6,733.9,222.5,222.5,617.6,617.6,846.3,846.3,100,100,500,500,315.25,291,242.5,500,250,359.7,359.7,359.7,359.7,359.7,359.7,359.7,359.7,359.7,359.7,359.7,359.7,359.7,323.5,323.5,512.5,512.5,512.5,452.9,472.5,472.5,359.7,359.7,116,271,50,50,50,50,50,50,50,50,50,50,50,500,500,500,100,100,500,500,323.5,522.3,522.3,522.3,522.3,101.3,101.3,101.3,101.3,485,470.547,470.547,485,485,485,485,470.547,470.547,485,485,485,485,470.547,470.547,485,485,485,485,470.547,470.547,485,485,485,250,250
2027,1,180,204,900,500,500,500,500,500,500,500,500,500,500,500,500,500,500,500,500,500,500,500,500,500,500,500,500,500,485,470.547,470.547,485,485,485,500,475,396,150,500,727.5,310.7,535.6,733.9,222.5,222.5,617.6,617.6,846.3,846.3,100,100,500,500,315.25,291,242.5,500,250,359.7,359.7,359.7,359.7,359.7,359.7,359.7,359.7,359.7,359.7,359.7,359.7,359.7,323.5,323.5,512.5,512.5,512.5,452.9,472.5,472.5,359.7,359.7,116,271,50,50,50,50,50,50,50,50,50,50,50,500,500,500,100,100,500,500,323.5,522.3,522.3,522.3,522.3,101.3,101.3,101.3,101.3,485,470.547,470.547,485,485,485,485,470.547,470.547,485,485,485,485,470.547,470.547,485,485,485,485,470.547,470.547,485,485,485,250,250
2027,2,180,204,900,500,500,500,500,500,500,500,500,500,500,500,500,500,500,500,500,500,500,500,500,500,500,500,500,500,485,470.547,470.547,485,485,485,500,475,396,150,500,727.5,310.7,535.6,733.9,222.5,222.5,617.6,617.6,846.3,846.3,100,100,500,500,315.25,291,242.5,500,250,359.7,359.7,359.7,359.7,359.7,359.7,359.7,359.7,359.7,359.7,359.7,359.7,359.7,323.5,323.5,512.5,512.5,512.5,452.9,472.5,472.5,359.7,359.7,116,271,50,50,50,50,50,50,50,50,50,50,50,500,500,500,100,100,500,500,323.5,522.3,522.3,522.3,522.3,101.3,101.3,101.3,101.3,485,470.547,470.547,485,485,485,485,470.547,470.547,485,485,485,485,470.547,470.547,485,485,485,485,470.547,470.547,485,485,485,250,250
2027,3,180,204,900,500,500,500,500,500,500,500,500,500,500,500,500,500,500,500,500,500,500,500,500,500,500,500,500,500,485,470.547,470.547,485,485,485,500,475,396,150,500,727.5,306.7,530.244,726.561,218.05,218.05,611.424,611.424,837.837,837.837,100,100,500,500,315.25,291,242.5,500,250,355,355,355,355,355,355,355,355,355,355,355,355,355,323.5,323.5,507.375,507.375,507.375,450.5,472.5,472.5,355,355,116,271,50,50,50,50,50,50,50,50,50,50,50,500,500,500,100,100,500,500,323.5,519.5,519.5,519.5,519.5,100.6,100.6,100.6,100.6,485,470.547,470.547,485,485,485,485,470.547,470.547,485,485,485,485,470.547,470.547,485,485,485,485,470.547,470.547,485,485,485,250,250
2027,4,180,204,900,500,500,500,500,500,500,500,500,500,500,500,500,500,500,500,500,500,500,500,500,500,500,500,500,500,485,470.547,470.547,485,485,485,500,475,396,150,500,727.5,306.7,530.244,726.561,218.05,218.05,611.424,611.424,837.837,837.837,100,100,500,500,315.25,291,242.5,500,250,355,355,355,355,355,355,355,355,355,355,355,355,355,323.5,323.5,507.375,507.375,507.375,448.2,472.5,472.5,355,355,116,271,50,50,50,50,50,50,50,50,50,50,50,500,500,500,100,100,500,500,323.5,516.8,516.8,516.8,516.8,102.2,102.2,102.2,102.2,485,470.547,470.547,485,485,485,485,470.547,470.547,485,485,485,485,470.547,470.547,485,485,485,485,470.547,470.547,485,485,485,250,250
2027,5,180,204,900,500,500,500,500,500,500,500,500,500,500,500,500,500,500,500,500,500,500,500,500,500,500,500,500,500,500,485.1,485.1,500,500,500,500,475,396,150,500,750,302.6,530.244,726.561,218.05,218.05,611.424,611.424,837.837,837.837,100,100,500,500,325,300,250,500,250,350.2,350.2,350.2,350.2,350.2,350.2,350.2,350.2,350.2,350.2,350.2,350.2,350.2,323.5,323.5,507.375,507.375,507.375,432.8,472.5,472.5,350.2,350.2,116,271,50,50,50,50,50,50,50,50,50,50,50,500,500,500,100,100,500,500,323.5,499.1,499.1,499.1,499.1,102.6,102.6,102.6,102.6,500,485.1,485.1,500,500,500,500,485.1,485.1,500,500,500,500,485.1,485.1,500,500,500,500,485.1,485.1,500,500,500,250,250
2027,6,180,204,900,500,500,500,500,500,500,500,500,500,500,500,500,500,500,500,500,500,500,500,500,500,500,500,500,500,500,485.1,485.1,500,500,500,500,475,396,150,500,750,301.5,503.464,689.866,211.375,211.375,580.544,580.544,795.522,795.522,100,100,500,500,325,300,250,500,250,349,349,349,349,349,349,349,349,349,349,349,349,349,323.5,323.5,481.75,481.75,481.75,399.5,472.5,472.5,349,349,116,271,50,50,50,50,50,50,50,50,50,50,50,500,500,500,100,100,500,500,323.5,460.7,460.7,460.7,460.7,96.1,96.1,96.1,96.1,500,485.1,485.1,500,500,500,500,485.1,485.1,500,500,500,500,485.1,485.1,500,500,500,500,485.1,485.1,500,500,500,250,250
2027,7,180,204,900,500,500,500,500,500,500,500,500,500,500,500,500,500,500,500,500,500,500,500,500,500,500,500,500,500,500,485.1,485.1,500,500,500,500,475,396,150,500,750,301.5,503.464,689.866,211.375,211.375,580.544,580.544,795.522,795.522,100,100,500,500,325,300,250,500,250,349,349,349,349,349,349,349,349,349,349,349,349,349,323.5,323.5,481.75,481.75,481.75,399.5,485.1,485.1,349,349,116,271,50,50,50,50,50,50,50,50,50,50,50,500,500,500,100,100,500,500,323.5,460.7,460.7,460.7,460.7,96.1,96.1,96.1,96.1,500,485.1,485.1,500,500,500,500,485.1,485.1,500,500,500,500,485.1,485.1,500,500,500,500,485.1,485.1,500,500,500,250,250
2027,8,180,204,900,500,500,500,500,500,500,500,500,500,500,500,500,500,500,500,500,500,500,500,500,500,500,500,500,500,500,485.1,485.1,500,500,500,500,475,396,150,500,750,301.5,503.464,689.866,211.375,211.375,580.544,580.544,795.522,795.522,100,100,500,500,325,300,250,500,250,349,349,349,349,349,349,349,349,349,349,349,349,349,323.5,323.5,481.75,481.75,481.75,399.5,485.1,485.1,349,349,116,271,50,50,50,50,50,50,50,50,50,50,50,500,500,500,100,100,500,500,323.5,460.7,460.7,460.7,460.7,96.1,96.1,96.1,96.1,500,485.1,485.1,500,500,500,500,485.1,485.1,500,500,500,500,485.1,485.1,500,500,500,500,485.1,485.1,500,500,500,250,250
2027,9,180,204,900,500,500,500,500,500,500,500,500,500,500,500,500,500,500,500,500,500,500,500,500,500,500,500,500,500,500,485.1,485.1,500,500,500,500,475,396,150,500,750,302.6,503.464,689.866,211.375,211.375,580.544,580.544,795.522,795.522,100,100,500,500,325,300,250,500,250,350.2,350.2,350.2,350.2,350.2,350.2,350.2,350.2,350.2,350.2,350.2,350.2,350.2,323.5,323.5,481.75,481.75,481.75,432.8,472.5,472.5,350.2,350.2,116,271,50,50,50,50,50,50,50,50,50,50,50,500,500,500,100,100,500,500,323.5,499.1,499.1,499.1,499.1,102.6,102.6,102.6,102.6,500,485.1,485.1,500,500,500,500,485.1,485.1,500,500,500,500,485.1,485.1,500,500,500,500,485.1,485.1,500,500,500,250,250
2027,10,180,204,900,500,500,500,500,500,500,500,500,500,500,500,500,500,500,500,500,500,500,500,500,500,500,500,500,500,500,485.1,485.1,500,500,500,500,475,396,150,500,750,306.7,530.244,726.561,218.05,218.05,611.424,611.424,837.837,837.837,100,100,500,500,325,300,250,500,250,355,355,355,355,355,355,355,355,355,355,355,355,355,323.5,323.5,507.375,507.375,507.375,448.2,472.5,472.5,355,355,116,271,50,50,50,50,50,50,50,50,50,50,50,500,500,500,100,100,500,500,323.5,516.8,516.8,516.8,516.8,102.2,102.2,102.2,102.2,500,485.1,485.1,500,500,500,500,485.1,485.1,500,500,500,500,485.1,485.1,500,500,500,500,485.1,485.1,500,500,500,250,250
2027,11,180,204,900,500,500,500,500,500,500,500,500,500,500,500,500,500,500,500,500,500,500,500,500,500,500,500,500,500,485,470.547,470.547,485,485,485,500,475,396,150,500,727.5,310.7,535.6,733.9,222.5,222.5,617.6,617.6,846.3,846.3,100,100,500,500,315.25,291,242.5,500,250,359.7,359.7,359.7,359.7,359.7,359.7,359.7,359.7,359.7,359.7,359.7,359.7,359.7,323.5,323.5,512.5,512.5,512.5,450.5,472.5,472.5,359.7,359.7,116,271,50,50,50,50,50,50,50,50,50,50,50,500,500,500,100,100,500,500,323.5,519.5,519.5,519.5,519.5,100.6,100.6,100.6,100.6,485,470.547,470.547,485,485,485,485,470.547,470.547,485,485,485,485,470.547,470.547,485,485,485,485,470.547,470.547,485,485,485,250,250
2027,12,180,204,900,500,500,500,500,500,500,500,500,500,500,500,500,500,500,500,500,500,500,500,500,500,500,500,500,500,485,470.547,470.547,485,485,485,500,475,396,150,500,727.5,310.7,535.6,733.9,222.5,222.5,617.6,617.6,846.3,846.3,100,100,500,500,315.25,291,242.5,500,250,359.7,359.7,359.7,359.7,359.7,359.7,359.7,359.7,359.7,359.7,359.7,359.7,359.7,323.5,323.5,512.5,512.5,512.5,452.9,472.5,472.5,359.7,359.7,116,271,50,50,50,50,50,50,50,50,50,50,50,500,500,500,100,100,500,500,323.5,522.3,522.3,522.3,522.3,101.3,101.3,101.3,101.3,485,470.547,470.547,485,485,485,485,470.547,470.547,485,485,485,485,470.547,470.547,485,485,485,485,470.547,470.547,485,485,485,250,250
2028,1,180,204,900,500,500,500,500,500,500,500,500,500,500,500,500,500,500,500,500,500,500,500,500,500,500,500,500,500,485,470.547,470.547,485,485,485,500,475,396,150,500,727.5,310.7,535.6,733.9,222.5,222.5,617.6,617.6,846.3,846.3,100,100,500,500,315.25,291,242.5,500,250,359.7,359.7,359.7,359.7,359.7,359.7,359.7,359.7,359.7,359.7,359.7,359.7,359.7,323.5,323.5,512.5,512.5,512.5,452.9,472.5,472.5,359.7,359.7,116,271,50,50,50,50,50,50,50,50,50,50,50,500,500,500,100,100,500,500,323.5,522.3,522.3,522.3,522.3,101.3,101.3,101.3,101.3,485,470.547,470.547,485,485,485,485,470.547,470.547,485,485,485,485,470.547,470.547,485,485,485,485,470.547,470.547,485,485,485,250,250
2028,2,180,204,900,500,500,500,500,500,500,500,500,500,500,500,500,500,500,500,500,500,500,500,500,500,500,500,500,500,485,470.547,470.547,485,485,485,500,475,396,150,500,727.5,310.7,535.6,733.9,222.5,222.5,617.6,617.6,846.3,846.3,100,100,500,500,315.25,291,242.5,500,250,359.7,359.7,359.7,359.7,359.7,359.7,359.7,359.7,359.7,359.7,359.7,359.7,359.7,323.5,323.5,512.5,512.5,512.5,452.9,472.5,472.5,359.7,359.7,116,271,50,50,50,50,50,50,50,50,50,50,50,500,500,500,100,100,500,500,323.5,522.3,522.3,522.3,522.3,101.3,101.3,101.3,101.3,485,470.547,470.547,485,485,485,485,470.547,470.547,485,485,485,485,470.547,470.547,485,485,485,485,470.547,470.547,485,485,485,250,250
2028,3,180,204,900,500,500,500,500,500,500,500,500,500,500,500,500,500,500,500,500,500,500,500,500,500,500,500,500,500,485,470.547,470.547,485,485,485,500,475,396,150,500,727.5,306.7,530.244,726.561,218.05,218.05,611.424,611.424,837.837,837.837,100,100,500,500,315.25,291,242.5,500,250,355,355,355,355,355,355,355,355,355,355,355,355,355,323.5,323.5,507.375,507.375,507.375,450.5,472.5,472.5,355,355,116,271,50,50,50,50,50,50,50,50,50,50,50,500,500,500,100,100,500,500,323.5,519.5,519.5,519.5,519.5,100.6,100.6,100.6,100.6,485,470.547,470.547,485,485,485,485,470.547,470.547,485,485,485,485,470.547,470.547,485,485,485,485,470.547,470.547,485,485,485,250,250
2028,4,180,204,900,500,500,500,500,500,500,500,500,500,500,500,500,500,500,500,500,500,500,500,500,500,500,500,500,500,485,470.547,470.547,485,485,485,500,475,396,150,500,727.5,306.7,530.244,726.561,218.05,218.05,611.424,611.424,837.837,837.837,100,100,500,500,315.25,291,242.5,500,250,355,355,355,355,355,355,355,355,355,355,355,355,355,323.5,323.5,507.375,507.375,507.375,448.2,472.5,472.5,355,355,116,271,50,50,50,50,50,50,50,50,50,50,50,500,500,500,100,100,500,500,323.5,516.8,516.8,516.8,516.8,102.2,102.2,102.2,102.2,485,470.547,470.547,485,485,485,485,470.547,470.547,485,485,485,485,470.547,470.547,485,485,485,485,470.547,470.547,485,485,485,250,250
2028,5,180,204,900,500,500,500,500,500,500,500,500,500,500,500,500,500,500,500,500,500,500,500,500,500,500,500,500,500,500,485.1,485.1,500,500,500,500,475,396,150,500,750,302.6,530.244,726.561,218.05,218.05,611.424,611.424,837.837,837.837,100,100,500,500,325,300,250,500,250,350.2,350.2,350.2,350.2,350.2,350.2,350.2,350.2,350.2,350.2,350.2,350.2,350.2,323.5,323.5,507.375,507.375,507.375,432.8,472.5,472.5,350.2,350.2,116,271,50,50,50,50,50,50,50,50,50,50,50,500,500,500,100,100,500,500,323.5,499.1,499.1,499.1,499.1,102.6,102.6,102.6,102.6,500,485.1,485.1,500,500,500,500,485.1,485.1,500,500,500,500,485.1,485.1,500,500,500,500,485.1,485.1,500,500,500,250,250
2028,6,180,204,900,500,500,500,500,500,500,500,500,500,500,500,500,500,500,500,500,500,500,500,500,500,500,500,500,500,500,485.1,485.1,500,500,500,500,475,396,150,500,750,301.5,503.464,689.866,211.375,211.375,580.544,580.544,795.522,795.522,100,100,500,500,325,300,250,500,250,349,349,349,349,349,349,349,349,349,349,349,349,349,323.5,323.5,481.75,481.75,481.75,399.5,472.5,472.5,349,349,116,271,50,50,50,50,50,50,50,50,50,50,50,500,500,500,100,100,500,500,323.5,460.7,460.7,460.7,460.7,96.1,96.1,96.1,96.1,500,485.1,485.1,500,500,500,500,485.1,485.1,500,500,500,500,485.1,485.1,500,500,500,500,485.1,485.1,500,500,500,250,250
2028,7,180,204,900,500,500,500,500,500,500,500,500,500,500,500,500,500,500,500,500,500,500,500,500,500,500,500,500,500,500,485.1,485.1,500,500,500,500,475,396,150,500,750,301.5,503.464,689.866,211.375,211.375,580.544,580.544,795.522,795.522,100,100,500,500,325,300,250,500,250,349,349,349,349,349,349,349,349,349,349,349,349,349,323.5,323.5,481.75,481.75,481.75,399.5,485.1,485.1,349,349,116,271,50,50,50,50,50,50,50,50,50,50,50,500,500,500,100,100,500,500,323.5,460.7,460.7,460.7,460.7,96.1,96.1,96.1,96.1,500,485.1,485.1,500,500,500,500,485.1,485.1,500,500,500,500,485.1,485.1,500,500,500,500,485.1,485.1,500,500,500,250,250
2028,8,180,204,900,500,500,500,500,500,500,500,500,500,500,500,500,500,500,500,500,500,500,500,500,500,500,500,500,500,500,485.1,485.1,500,500,500,500,475,396,150,500,750,301.5,503.464,689.866,211.375,211.375,580.544,580.544,795.522,795.522,100,100,500,500,325,300,250,500,250,349,349,349,349,349,349,349,349,349,349,349,349,349,323.5,323.5,481.75,481.75,481.75,399.5,485.1,485.1,349,349,116,271,50,50,50,50,50,50,50,50,50,50,50,500,500,500,100,100,500,500,323.5,460.7,460.7,460.7,460.7,96.1,96.1,96.1,96.1,500,485.1,485.1,500,500,500,500,485.1,485.1,500,500,500,500,485.1,485.1,500,500,500,500,485.1,485.1,500,500,500,250,250
2028,9,180,204,900,500,500,500,500,500,500,500,500,500,500,500,500,500,500,500,500,500,500,500,500,500,500,500,500,500,500,485.1,485.1,500,500,500,500,475,396,150,500,750,302.6,503.464,689.866,211.375,211.375,580.544,580.544,795.522,795.522,100,100,500,500,325,300,250,500,250,350.2,350.2,350.2,350.2,350.2,350.2,350.2,350.2,350.2,350.2,350.2,350.2,350.2,323.5,323.5,481.75,481.75,481.75,432.8,472.5,472.5,350.2,350.2,116,271,50,50,50,50,50,50,50,50,50,50,50,500,500,500,100,100,500,500,323.5,499.1,499.1,499.1,499.1,102.6,102.6,102.6,102.6,500,485.1,485.1,500,500,500,500,485.1,485.1,500,500,500,500,485.1,485.1,500,500,500,500,485.1,485.1,500,500,500,250,250
2028,10,180,204,900,500,500,500,500,500,500,500,500,500,500,500,500,500,500,500,500,500,500,500,500,500,500,500,500,500,500,485.1,485.1,500,500,500,500,475,396,150,500,750,306.7,530.244,726.561,218.05,218.05,611.424,611.424,837.837,837.837,100,100,500,500,325,300,250,500,250,355,355,355,355,355,355,355,355,355,355,355,355,355,323.5,323.5,507.375,507.375,507.375,448.2,472.5,472.5,355,355,116,271,50,50,50,50,50,50,50,50,50,50,50,500,500,500,100,100,500,500,323.5,516.8,516.8,516.8,516.8,102.2,102.2,102.2,102.2,500,485.1,485.1,500,500,500,500,485.1,485.1,500,500,500,500,485.1,485.1,500,500,500,500,485.1,485.1,500,500,500,250,250
2028,11,180,204,900,500,500,500,500,500,500,500,500,500,500,500,500,500,500,500,500,500,500,500,500,500,500,500,500,500,485,470.547,470.547,485,485,485,500,475,396,150,500,727.5,310.7,535.6,733.9,222.5,222.5,617.6,617.6,846.3,846.3,100,100,500,500,315.25,291,242.5,500,250,359.7,359.7,359.7,359.7,359.7,359.7,359.7,359.7,359.7,359.7,359.7,359.7,359.7,323.5,323.5,512.5,512.5,512.5,450.5,472.5,472.5,359.7,359.7,116,271,50,50,50,50,50,50,50,50,50,50,50,500,500,500,100,100,500,500,323.5,519.5,519.5,519.5,519.5,100.6,100.6,100.6,100.6,485,470.547,470.547,485,485,485,485,470.547,470.547,485,485,485,485,470.547,470.547,485,485,485,485,470.547,470.547,485,485,485,250,250
2028,12,180,204,900,500,500,500,500,500,500,500,500,500,500,500,500,500,500,500,500,500,500,500,500,500,500,500,500,500,485,470.547,470.547,485,485,485,500,475,396,150,500,727.5,310.7,535.6,733.9,222.5,222.5,617.6,617.6,846.3,846.3,100,100,500,500,315.25,291,242.5,500,250,359.7,359.7,359.7,359.7,359.7,359.7,359.7,359.7,359.7,359.7,359.7,359.7,359.7,323.5,323.5,512.5,512.5,512.5,452.9,472.5,472.5,359.7,359.7,116,271,50,50,50,50,50,50,50,50,50,50,50,500,500,500,100,100,500,500,323.5,522.3,522.3,522.3,522.3,101.3,101.3,101.3,101.3,485,470.547,470.547,485,485,485,485,470.547,470.547,485,485,485,485,470.547,470.547,485,485,485,485,470.547,470.547,485,485,485,250,250
2029,1,180,204,900,500,500,500,500,500,500,500,500,500,500,500,500,500,500,500,500,500,500,500,500,500,500,500,500,500,485,470.547,470.547,485,485,485,500,475,396,150,500,727.5,310.7,535.6,733.9,222.5,222.5,617.6,617.6,846.3,846.3,100,100,500,500,315.25,291,242.5,500,250,359.7,359.7,359.7,359.7,359.7,359.7,359.7,359.7,359.7,359.7,359.7,359.7,359.7,323.5,323.5,512.5,512.5,512.5,452.9,472.5,472.5,359.7,359.7,116,271,50,50,50,50,50,50,50,50,50,50,50,500,500,500,100,100,500,500,323.5,522.3,522.3,522.3,522.3,101.3,101.3,101.3,101.3,485,470.547,470.547,485,485,485,485,470.547,470.547,485,485,485,485,470.547,470.547,485,485,485,485,470.547,470.547,485,485,485,250,250
2029,2,180,204,900,500,500,500,500,500,500,500,500,500,500,500,500,500,500,500,500,500,500,500,500,500,500,500,500,500,485,470.547,470.547,485,485,485,500,475,396,150,500,727.5,310.7,535.6,733.9,222.5,222.5,617.6,617.6,846.3,846.3,100,100,500,500,315.25,291,242.5,500,250,359.7,359.7,359.7,359.7,359.7,359.7,359.7,359.7,359.7,359.7,359.7,359.7,359.7,323.5,323.5,512.5,512.5,512.5,452.9,472.5,472.5,359.7,359.7,116,271,50,50,50,50,50,50,50,50,50,50,50,500,500,500,100,100,500,500,323.5,522.3,522.3,522.3,522.3,101.3,101.3,101.3,101.3,485,470.547,470.547,485,485,485,485,470.547,470.547,485,485,485,485,470.547,470.547,485,485,485,485,470.547,470.547,485,485,485,250,250
2029,3,180,204,900,500,500,500,500,500,500,500,500,500,500,500,500,500,500,500,500,500,500,500,500,500,500,500,500,500,485,470.547,470.547,485,485,485,500,475,396,150,500,727.5,306.7,530.244,726.561,218.05,218.05,611.424,611.424,837.837,837.837,100,100,500,500,315.25,291,242.5,500,250,355,355,355,355,355,355,355,355,355,355,355,355,355,323.5,323.5,507.375,507.375,507.375,450.5,472.5,472.5,355,355,116,271,50,50,50,50,50,50,50,50,50,50,50,500,500,500,100,100,500,500,323.5,519.5,519.5,519.5,519.5,100.6,100.6,100.6,100.6,485,470.547,470.547,485,485,485,485,470.547,470.547,485,485,485,485,470.547,470.547,485,485,485,485,470.547,470.547,485,485,485,250,250
2029,4,180,204,900,500,500,500,500,500,500,500,500,500,500,500,500,500,500,500,500,500,500,500,500,500,500,500,500,500,485,470.547,470.547,485,485,485,500,475,396,150,500,727.5,306.7,530.244,726.561,218.05,218.05,611.424,611.424,837.837,837.837,100,100,500,500,315.25,291,242.5,500,250,355,355,355,355,355,355,355,355,355,355,355,355,355,323.5,323.5,507.375,507.375,507.375,448.2,472.5,472.5,355,355,116,271,50,50,50,50,50,50,50,50,50,50,50,500,500,500,100,100,500,500,323.5,516.8,516.8,516.8,516.8,102.2,102.2,102.2,102.2,485,470.547,470.547,485,485,485,485,470.547,470.547,485,485,485,485,470.547,470.547,485,485,485,485,470.547,470.547,485,485,485,250,250
2029,5,180,204,900,500,500,500,500,500,500,500,500,500,500,500,500,500,500,500,500,500,500,500,500,500,500,500,500,500,500,485.1,485.1,500,500,500,500,475,396,150,500,750,302.6,530.244,726.561,218.05,218.05,611.424,611.424,837.837,837.837,100,100,500,500,325,300,250,500,250,350.2,350.2,350.2,350.2,350.2,350.2,350.2,350.2,350.2,350.2,350.2,350.2,350.2,323.5,323.5,507.375,507.375,507.375,432.8,472.5,472.5,350.2,350.2,116,271,50,50,50,50,50,50,50,50,50,50,50,500,500,500,100,100,500,500,323.5,499.1,499.1,499.1,499.1,102.6,102.6,102.6,102.6,500,485.1,485.1,500,500,500,500,485.1,485.1,500,500,500,500,485.1,485.1,500,500,500,500,485.1,485.1,500,500,500,250,250
2029,6,180,204,900,500,500,500,500,500,500,500,500,500,500,500,500,500,500,500,500,500,500,500,500,500,500,500,500,500,500,485.1,485.1,500,500,500,500,475,396,150,500,750,301.5,503.464,689.866,211.375,211.375,580.544,580.544,795.522,795.522,100,100,500,500,325,300,250,500,250,349,349,349,349,349,349,349,349,349,349,349,349,349,323.5,323.5,481.75,481.75,481.75,399.5,472.5,472.5,349,349,116,271,50,50,50,50,50,50,50,50,50,50,50,500,500,500,100,100,500,500,323.5,460.7,460.7,460.7,460.7,96.1,96.1,96.1,96.1,500,485.1,485.1,500,500,500,500,485.1,485.1,500,500,500,500,485.1,485.1,500,500,500,500,485.1,485.1,500,500,500,250,250
2029,7,180,204,900,500,500,500,500,500,500,500,500,500,500,500,500,500,500,500,500,500,500,500,500,500,500,500,500,500,500,485.1,485.1,500,500,500,500,475,396,150,500,750,301.5,503.464,689.866,211.375,211.375,580.544,580.544,795.522,795.522,100,100,500,500,325,300,250,500,250,349,349,349,349,349,349,349,349,349,349,349,349,349,323.5,323.5,481.75,481.75,481.75,399.5,485.1,485.1,349,349,116,271,50,50,50,50,50,50,50,50,50,50,50,500,500,500,100,100,500,500,323.5,460.7,460.7,460.7,460.7,96.1,96.1,96.1,96.1,500,485.1,485.1,500,500,500,500,485.1,485.1,500,500,500,500,485.1,485.1,500,500,500,500,485.1,485.1,500,500,500,250,250
2029,8,180,204,900,500,500,500,500,500,500,500,500,500,500,500,500,500,500,500,500,500,500,500,500,500,500,500,500,500,500,485.1,485.1,500,500,500,500,475,396,150,500,750,301.5,503.464,689.866,211.375,211.375,580.544,580.544,795.522,795.522,100,100,500,500,325,300,250,500,250,349,349,349,349,349,349,349,349,349,349,349,349,349,323.5,323.5,481.75,481.75,481.75,399.5,485.1,485.1,349,349,116,271,50,50,50,50,50,50,50,50,50,50,50,500,500,500,100,100,500,500,323.5,460.7,460.7,460.7,460.7,96.1,96.1,96.1,96.1,500,485.1,485.1,500,500,500,500,485.1,485.1,500,500,500,500,485.1,485.1,500,500,500,500,485.1,485.1,500,500,500,250,250
2029,9,180,204,900,500,500,500,500,500,500,500,500,500,500,500,500,500,500,500,500,500,500,500,500,500,500,500,500,500,500,485.1,485.1,500,500,500,500,475,396,150,500,750,302.6,503.464,689.866,211.375,211.375,580.544,580.544,795.522,795.522,100,100,500,500,325,300,250,500,250,350.2,350.2,350.2,350.2,350.2,350.2,350.2,350.2,350.2,350.2,350.2,350.2,350.2,323.5,323.5,481.75,481.75,481.75,432.8,472.5,472.5,350.2,350.2,116,271,50,50,50,50,50,50,50,50,50,50,50,500,500,500,100,100,500,500,323.5,499.1,499.1,499.1,499.1,102.6,102.6,102.6,102.6,500,485.1,485.1,500,500,500,500,485.1,485.1,500,500,500,500,485.1,485.1,500,500,500,500,485.1,485.1,500,500,500,250,250
2029,10,180,204,900,500,500,500,500,500,500,500,500,500,500,500,500,500,500,500,500,500,500,500,500,500,500,500,500,500,500,485.1,485.1,500,500,500,500,475,396,150,500,750,306.7,530.244,726.561,218.05,218.05,611.424,611.424,837.837,837.837,100,100,500,500,325,300,250,500,250,355,355,355,355,355,355,355,355,355,355,355,355,355,323.5,323.5,507.375,507.375,507.375,448.2,472.5,472.5,355,355,116,271,50,50,50,50,50,50,50,50,50,50,50,500,500,500,100,100,500,500,323.5,516.8,516.8,516.8,516.8,102.2,102.2,102.2,102.2,500,485.1,485.1,500,500,500,500,485.1,485.1,500,500,500,500,485.1,485.1,500,500,500,500,485.1,485.1,500,500,500,250,250
2029,11,180,204,900,500,500,500,500,500,500,500,500,500,500,500,500,500,500,500,500,500,500,500,500,500,500,500,500,500,485,470.547,470.547,485,485,485,500,475,396,150,500,727.5,310.7,535.6,733.9,222.5,222.5,617.6,617.6,846.3,846.3,100,100,500,500,315.25,291,242.5,500,250,359.7,359.7,359.7,359.7,359.7,359.7,359.7,359.7,359.7,359.7,359.7,359.7,359.7,323.5,323.5,512.5,512.5,512.5,450.5,472.5,472.5,359.7,359.7,116,271,50,50,50,50,50,50,50,50,50,50,50,500,500,500,100,100,500,500,323.5,519.5,519.5,519.5,519.5,100.6,100.6,100.6,100.6,485,470.547,470.547,485,485,485,485,470.547,470.547,485,485,485,485,470.547,470.547,485,485,485,485,470.547,470.547,485,485,485,250,250
2029,12,180,204,900,500,500,500,500,500,500,500,500,500,500,500,500,500,500,500,500,500,500,500,500,500,500,500,500,500,485,470.547,470.547,485,485,485,500,475,396,150,500,727.5,310.7,535.6,733.9,222.5,222.5,617.6,617.6,846.3,846.3,100,100,500,500,315.25,291,242.5,500,250,359.7,359.7,359.7,359.7,359.7,359.7,359.7,359.7,359.7,359.7,359.7,359.7,359.7,323.5,323.5,512.5,512.5,512.5,452.9,472.5,472.5,359.7,359.7,116,271,50,50,50,50,50,50,50,50,50,50,50,500,500,500,100,100,500,500,323.5,522.3,522.3,522.3,522.3,101.3,101.3,101.3,101.3,485,470.547,470.547,485,485,485,485,470.547,470.547,485,485,485,485,470.547,470.547,485,485,485,485,470.547,470.547,485,485,485,250,250
2030,1,180,204,900,500,500,500,500,500,500,500,500,500,500,500,500,500,500,500,500,500,500,500,500,500,500,500,500,500,485,470.547,470.547,485,485,485,500,475,396,150,500,727.5,310.7,535.6,733.9,222.5,222.5,617.6,617.6,846.3,846.3,100,100,500,500,315.25,291,242.5,500,250,359.7,359.7,359.7,359.7,359.7,359.7,359.7,359.7,359.7,359.7,359.7,359.7,359.7,323.5,323.5,512.5,512.5,512.5,452.9,472.5,472.5,359.7,359.7,116,271,50,50,50,50,50,50,50,50,50,50,50,500,500,500,100,100,500,500,323.5,522.3,522.3,522.3,522.3,101.3,101.3,101.3,101.3,485,470.547,470.547,485,485,485,485,470.547,470.547,485,485,485,485,470.547,470.547,485,485,485,485,470.547,470.547,485,485,485,250,250
2030,2,180,204,900,500,500,500,500,500,500,500,500,500,500,500,500,500,500,500,500,500,500,500,500,500,500,500,500,500,485,470.547,470.547,485,485,485,500,475,396,150,500,727.5,310.7,535.6,733.9,222.5,222.5,617.6,617.6,846.3,846.3,100,100,500,500,315.25,291,242.5,500,250,359.7,359.7,359.7,359.7,359.7,359.7,359.7,359.7,359.7,359.7,359.7,359.7,359.7,323.5,323.5,512.5,512.5,512.5,452.9,472.5,472.5,359.7,359.7,116,271,50,50,50,50,50,50,50,50,50,50,50,500,500,500,100,100,500,500,323.5,522.3,522.3,522.3,522.3,101.3,101.3,101.3,101.3,485,470.547,470.547,485,485,485,485,470.547,470.547,485,485,485,485,470.547,470.547,485,485,485,485,470.547,470.547,485,485,485,250,250
2030,3,180,204,900,500,500,500,500,500,500,500,500,500,500,500,500,500,500,500,500,500,500,500,500,500,500,500,500,500,485,470.547,470.547,485,485,485,500,475,396,150,500,727.5,306.7,530.244,726.561,218.05,218.05,611.424,611.424,837.837,837.837,100,100,500,500,315.25,291,242.5,500,250,355,355,355,355,355,355,355,355,355,355,355,355,355,323.5,323.5,507.375,507.375,507.375,450.5,472.5,472.5,355,355,116,271,50,50,50,50,50,50,50,50,50,50,50,500,500,500,100,100,500,500,323.5,519.5,519.5,519.5,519.5,100.6,100.6,100.6,100.6,485,470.547,470.547,485,485,485,485,470.547,470.547,485,485,485,485,470.547,470.547,485,485,485,485,470.547,470.547,485,485,485,250,250
2030,4,180,204,900,500,500,500,500,500,500,500,500,500,500,500,500,500,500,500,500,500,500,500,500,500,500,500,500,500,485,470.547,470.547,485,485,485,500,475,396,150,500,727.5,306.7,530.244,726.561,218.05,218.05,611.424,611.424,837.837,837.837,100,100,500,500,315.25,291,242.5,500,250,355,355,355,355,355,355,355,355,355,355,355,355,355,323.5,323.5,507.375,507.375,507.375,448.2,472.5,472.5,355,355,116,271,50,50,50,50,50,50,50,50,50,50,50,500,500,500,100,100,500,500,323.5,516.8,516.8,516.8,516.8,102.2,102.2,102.2,102.2,485,470.547,470.547,485,485,485,485,470.547,470.547,485,485,485,485,470.547,470.547,485,485,485,485,470.547,470.547,485,485,485,250,250
2030,5,180,204,900,500,500,500,500,500,500,500,500,500,500,500,500,500,500,500,500,500,500,500,500,500,500,500,500,500,500,485.1,485.1,500,500,500,500,475,396,150,500,750,302.6,530.244,726.561,218.05,218.05,611.424,611.424,837.837,837.837,100,100,500,500,325,300,250,500,250,350.2,350.2,350.2,350.2,350.2,350.2,350.2,350.2,350.2,350.2,350.2,350.2,350.2,323.5,323.5,507.375,507.375,507.375,432.8,472.5,472.5,350.2,350.2,116,271,50,50,50,50,50,50,50,50,50,50,50,500,500,500,100,100,500,500,323.5,499.1,499.1,499.1,499.1,102.6,102.6,102.6,102.6,500,485.1,485.1,500,500,500,500,485.1,485.1,500,500,500,500,485.1,485.1,500,500,500,500,485.1,485.1,500,500,500,250,250
2030,6,180,204,900,500,500,500,500,500,500,500,500,500,500,500,500,500,500,500,500,500,500,500,500,500,500,500,500,500,500,485.1,485.1,500,500,500,500,475,396,150,500,750,301.5,503.464,689.866,211.375,211.375,580.544,580.544,795.522,795.522,100,100,500,500,325,300,250,500,250,349,349,349,349,349,349,349,349,349,349,349,349,349,323.5,323.5,481.75,481.75,481.75,399.5,472.5,472.5,349,349,116,271,50,50,50,50,50,50,50,50,50,50,50,500,500,500,100,100,500,500,323.5,460.7,460.7,460.7,460.7,96.1,96.1,96.1,96.1,500,485.1,485.1,500,500,500,500,485.1,485.1,500,500,500,500,485.1,485.1,500,500,500,500,485.1,485.1,500,500,500,250,250
2030,7,180,204,900,500,500,500,500,500,500,500,500,500,500,500,500,500,500,500,500,500,500,500,500,500,500,500,500,500,500,485.1,485.1,500,500,500,500,475,396,150,500,750,301.5,503.464,689.866,211.375,211.375,580.544,580.544,795.522,795.522,100,100,500,500,325,300,250,500,250,349,349,349,349,349,349,349,349,349,349,349,349,349,323.5,323.5,481.75,481.75,481.75,399.5,485.1,485.1,349,349,116,271,50,50,50,50,50,50,50,50,50,50,50,500,500,500,100,100,500,500,323.5,460.7,460.7,460.7,460.7,96.1,96.1,96.1,96.1,500,485.1,485.1,500,500,500,500,485.1,485.1,500,500,500,500,485.1,485.1,500,500,500,500,485.1,485.1,500,500,500,250,250
2030,8,180,204,900,500,500,500,500,500,500,500,500,500,500,500,500,500,500,500,500,500,500,500,500,500,500,500,500,500,500,485.1,485.1,500,500,500,500,475,396,150,500,750,301.5,503.464,689.866,211.375,211.375,580.544,580.544,795.522,795.522,100,100,500,500,325,300,250,500,250,349,349,349,349,349,349,349,349,349,349,349,349,349,323.5,323.5,481.75,481.75,481.75,399.5,485.1,485.1,349,349,116,271,50,50,50,50,50,50,50,50,50,50,50,500,500,500,100,100,500,500,323.5,460.7,460.7,460.7,460.7,96.1,96.1,96.1,96.1,500,485.1,485.1,500,500,500,500,485.1,485.1,500,500,500,500,485.1,485.1,500,500,500,500,485.1,485.1,500,500,500,250,250
2030,9,180,204,900,500,500,500,500,500,500,500,500,500,500,500,500,500,500,500,500,500,500,500,500,500,500,500,500,500,500,485.1,485.1,500,500,500,500,475,396,150,500,750,302.6,503.464,689.866,211.375,211.375,580.544,580.544,795.522,795.522,100,100,500,500,325,300,250,500,250,350.2,350.2,350.2,350.2,350.2,350.2,350.2,350.2,350.2,350.2,350.2,350.2,350.2,323.5,323.5,481.75,481.75,481.75,432.8,472.5,472.5,350.2,350.2,116,271,50,50,50,50,50,50,50,50,50,50,50,500,500,500,100,100,500,500,323.5,499.1,499.1,499.1,499.1,102.6,102.6,102.6,102.6,500,485.1,485.1,500,500,500,500,485.1,485.1,500,500,500,500,485.1,485.1,500,500,500,500,485.1,485.1,500,500,500,250,250
2030,10,180,204,900,500,500,500,500,500,500,500,500,500,500,500,500,500,500,500,500,500,500,500,500,500,500,500,500,500,500,485.1,485.1,500,500,500,500,475,396,150,500,750,306.7,530.244,726.561,218.05,218.05,611.424,611.424,837.837,837.837,100,100,500,500,325,300,250,500,250,355,355,355,355,355,355,355,355,355,355,355,355,355,323.5,323.5,507.375,507.375,507.375,448.2,472.5,472.5,355,355,116,271,50,50,50,50,50,50,50,50,50,50,50,500,500,500,100,100,500,500,323.5,516.8,516.8,516.8,516.8,102.2,102.2,102.2,102.2,500,485.1,485.1,500,500,500,500,485.1,485.1,500,500,500,500,485.1,485.1,500,500,500,500,485.1,485.1,500,500,500,250,250
2030,11,180,204,900,500,500,500,500,500,500,500,500,500,500,500,500,500,500,500,500,500,500,500,500,500,500,500,500,500,485,470.547,470.547,485,485,485,500,475,396,150,500,727.5,310.7,535.6,733.9,222.5,222.5,617.6,617.6,846.3,846.3,100,100,500,500,315.25,291,242.5,500,250,359.7,359.7,359.7,359.7,359.7,359.7,359.7,359.7,359.7,359.7,359.7,359.7,359.7,323.5,323.5,512.5,512.5,512.5,450.5,472.5,472.5,359.7,359.7,116,271,50,50,50,50,50,50,50,50,50,50,50,500,500,500,100,100,500,500,323.5,519.5,519.5,519.5,519.5,100.6,100.6,100.6,100.6,485,470.547,470.547,485,485,485,485,470.547,470.547,485,485,485,485,470.547,470.547,485,485,485,485,470.547,470.547,485,485,485,250,250
2030,12,180,204,900,500,500,500,500,500,500,500,500,500,500,500,500,500,500,500,500,500,500,500,500,500,500,500,500,500,485,470.547,470.547,485,485,485,500,475,396,150,500,727.5,310.7,535.6,733.9,222.5,222.5,617.6,617.6,846.3,846.3,100,100,500,500,315.25,291,242.5,500,250,359.7,359.7,359.7,359.7,359.7,359.7,359.7,359.7,359.7,359.7,359.7,359.7,359.7,323.5,323.5,512.5,512.5,512.5,452.9,472.5,472.5,359.7,359.7,116,271,50,50,50,50,50,50,50,50,50,50,50,500,500,500,100,100,500,500,323.5,522.3,522.3,522.3,522.3,101.3,101.3,101.3,101.3,485,470.547,470.547,485,485,485,485,470.547,470.547,485,485,485,485,470.547,470.547,485,485,485,485,470.547,470.547,485,485,485,250,250
2031,1,180,204,900,500,500,500,500,500,500,500,500,500,500,500,500,500,500,500,500,500,500,500,500,500,500,500,500,500,485,470.547,470.547,485,485,485,500,475,396,150,500,727.5,310.7,535.6,733.9,222.5,222.5,617.6,617.6,846.3,846.3,100,100,500,500,315.25,291,242.5,500,250,359.7,359.7,359.7,359.7,359.7,359.7,359.7,359.7,359.7,359.7,359.7,359.7,359.7,323.5,323.5,512.5,512.5,512.5,452.9,472.5,472.5,359.7,359.7,116,271,50,50,50,50,50,50,50,50,50,50,50,500,500,500,100,100,500,500,323.5,522.3,522.3,522.3,522.3,101.3,101.3,101.3,101.3,485,470.547,470.547,485,485,485,485,470.547,470.547,485,485,485,485,470.547,470.547,485,485,485,485,470.547,470.547,485,485,485,250,250
2031,2,180,204,900,500,500,500,500,500,500,500,500,500,500,500,500,500,500,500,500,500,500,500,500,500,500,500,500,500,485,470.547,470.547,485,485,485,500,475,396,150,500,727.5,310.7,535.6,733.9,222.5,222.5,617.6,617.6,846.3,846.3,100,100,500,500,315.25,291,242.5,500,250,359.7,359.7,359.7,359.7,359.7,359.7,359.7,359.7,359.7,359.7,359.7,359.7,359.7,323.5,323.5,512.5,512.5,512.5,452.9,472.5,472.5,359.7,359.7,116,271,50,50,50,50,50,50,50,50,50,50,50,500,500,500,100,100,500,500,323.5,522.3,522.3,522.3,522.3,101.3,101.3,101.3,101.3,485,470.547,470.547,485,485,485,485,470.547,470.547,485,485,485,485,470.547,470.547,485,485,485,485,470.547,470.547,485,485,485,250,250
2031,3,180,204,900,500,500,500,500,500,500,500,500,500,500,500,500,500,500,500,500,500,500,500,500,500,500,500,500,500,485,470.547,470.547,485,485,485,500,475,396,150,500,727.5,306.7,530.244,726.561,218.05,218.05,611.424,611.424,837.837,837.837,100,100,500,500,315.25,291,242.5,500,250,355,355,355,355,355,355,355,355,355,355,355,355,355,323.5,323.5,507.375,507.375,507.375,450.5,472.5,472.5,355,355,116,271,50,50,50,50,50,50,50,50,50,50,50,500,500,500,100,100,500,500,323.5,519.5,519.5,519.5,519.5,100.6,100.6,100.6,100.6,485,470.547,470.547,485,485,485,485,470.547,470.547,485,485,485,485,470.547,470.547,485,485,485,485,470.547,470.547,485,485,485,250,250
2031,4,180,204,900,500,500,500,500,500,500,500,500,500,500,500,500,500,500,500,500,500,500,500,500,500,500,500,500,500,485,470.547,470.547,485,485,485,500,475,396,150,500,727.5,306.7,530.244,726.561,218.05,218.05,611.424,611.424,837.837,837.837,100,100,500,500,315.25,291,242.5,500,250,355,355,355,355,355,355,355,355,355,355,355,355,355,323.5,323.5,507.375,507.375,507.375,448.2,472.5,472.5,355,355,116,271,50,50,50,50,50,50,50,50,50,50,50,500,500,500,100,100,500,500,323.5,516.8,516.8,516.8,516.8,102.2,102.2,102.2,102.2,485,470.547,470.547,485,485,485,485,470.547,470.547,485,485,485,485,470.547,470.547,485,485,485,485,470.547,470.547,485,485,485,250,250
2031,5,180,204,900,500,500,500,500,500,500,500,500,500,500,500,500,500,500,500,500,500,500,500,500,500,500,500,500,500,500,485.1,485.1,500,500,500,500,475,396,150,500,750,302.6,530.244,726.561,218.05,218.05,611.424,611.424,837.837,837.837,100,100,500,500,325,300,250,500,250,350.2,350.2,350.2,350.2,350.2,350.2,350.2,350.2,350.2,350.2,350.2,350.2,350.2,323.5,323.5,507.375,507.375,507.375,432.8,472.5,472.5,350.2,350.2,116,271,50,50,50,50,50,50,50,50,50,50,50,500,500,500,100,100,500,500,323.5,499.1,499.1,499.1,499.1,102.6,102.6,102.6,102.6,500,485.1,485.1,500,500,500,500,485.1,485.1,500,500,500,500,485.1,485.1,500,500,500,500,485.1,485.1,500,500,500,250,250
2031,6,180,204,900,500,500,500,500,500,500,500,500,500,500,500,500,500,500,500,500,500,500,500,500,500,500,500,500,500,500,485.1,485.1,500,500,500,500,475,396,150,500,750,301.5,503.464,689.866,211.375,211.375,580.544,580.544,795.522,795.522,100,100,500,500,325,300,250,500,250,349,349,349,349,349,349,349,349,349,349,349,349,349,323.5,323.5,481.75,481.75,481.75,399.5,472.5,472.5,349,349,116,271,50,50,50,50,50,50,50,50,50,50,50,500,500,500,100,100,500,500,323.5,460.7,460.7,460.7,460.7,96.1,96.1,96.1,96.1,500,485.1,485.1,500,500,500,500,485.1,485.1,500,500,500,500,485.1,485.1,500,500,500,500,485.1,485.1,500,500,500,250,250
2031,7,180,204,900,500,500,500,500,500,500,500,500,500,500,500,500,500,500,500,500,500,500,500,500,500,500,500,500,500,500,485.1,485.1,500,500,500,500,475,396,150,500,750,301.5,503.464,689.866,211.375,211.375,580.544,580.544,795.522,795.522,100,100,500,500,325,300,250,500,250,349,349,349,349,349,349,349,349,349,349,349,349,349,323.5,323.5,481.75,481.75,481.75,399.5,485.1,485.1,349,349,116,271,50,50,50,50,50,50,50,50,50,50,50,500,500,500,100,100,500,500,323.5,460.7,460.7,460.7,460.7,96.1,96.1,96.1,96.1,500,485.1,485.1,500,500,500,500,485.1,485.1,500,500,500,500,485.1,485.1,500,500,500,500,485.1,485.1,500,500,500,250,250
2031,8,180,204,900,500,500,500,500,500,500,500,500,500,500,500,500,500,500,500,500,500,500,500,500,500,500,500,500,500,500,485.1,485.1,500,500,500,500,475,396,150,500,750,301.5,503.464,689.866,211.375,211.375,580.544,580.544,795.522,795.522,100,100,500,500,325,300,250,500,250,349,349,349,349,349,349,349,349,349,349,349,349,349,323.5,323.5,481.75,481.75,481.75,399.5,485.1,485.1,349,349,116,271,50,50,50,50,50,50,50,50,50,50,50,500,500,500,100,100,500,500,323.5,460.7,460.7,460.7,460.7,96.1,96.1,96.1,96.1,500,485.1,485.1,500,500,500,500,485.1,485.1,500,500,500,500,485.1,485.1,500,500,500,500,485.1,485.1,500,500,500,250,250
2031,9,180,204,900,500,500,500,500,500,500,500,500,500,500,500,500,500,500,500,500,500,500,500,500,500,500,500,500,500,500,485.1,485.1,500,500,500,500,475,396,150,500,750,302.6,503.464,689.866,211.375,211.375,580.544,580.544,795.522,795.522,100,100,500,500,325,300,250,500,250,350.2,350.2,350.2,350.2,350.2,350.2,350.2,350.2,350.2,350.2,350.2,350.2,350.2,323.5,323.5,481.75,481.75,481.75,432.8,472.5,472.5,350.2,350.2,116,271,50,50,50,50,50,50,50,50,50,50,50,500,500,500,100,100,500,500,323.5,499.1,499.1,499.1,499.1,102.6,102.6,102.6,102.6,500,485.1,485.1,500,500,500,500,485.1,485.1,500,500,500,500,485.1,485.1,500,500,500,500,485.1,485.1,500,500,500,250,250
2031,10,180,204,900,500,500,500,500,500,500,500,500,500,500,500,500,500,500,500,500,500,500,500,500,500,500,500,500,500,500,485.1,485.1,500,500,500,500,475,396,150,500,750,306.7,530.244,726.561,218.05,218.05,611.424,611.424,837.837,837.837,100,100,500,500,325,300,250,500,250,355,355,355,355,355,355,355,355,355,355,355,355,355,323.5,323.5,507.375,507.375,507.375,448.2,472.5,472.5,355,355,116,271,50,50,50,50,50,50,50,50,50,50,50,500,500,500,100,100,500,500,323.5,516.8,516.8,516.8,516.8,102.2,102.2,102.2,102.2,500,485.1,485.1,500,500,500,500,485.1,485.1,500,500,500,500,485.1,485.1,500,500,500,500,485.1,485.1,500,500,500,250,250
2031,11,180,204,900,500,500,500,500,500,500,500,500,500,500,500,500,500,500,500,500,500,500,500,500,500,500,500,500,500,485,470.547,470.547,485,485,485,500,475,396,150,500,727.5,310.7,535.6,733.9,222.5,222.5,617.6,617.6,846.3,846.3,100,100,500,500,315.25,291,242.5,500,250,359.7,359.7,359.7,359.7,359.7,359.7,359.7,359.7,359.7,359.7,359.7,359.7,359.7,323.5,323.5,512.5,512.5,512.5,450.5,472.5,472.5,359.7,359.7,116,271,50,50,50,50,50,50,50,50,50,50,50,500,500,500,100,100,500,500,323.5,519.5,519.5,519.5,519.5,100.6,100.6,100.6,100.6,485,470.547,470.547,485,485,485,485,470.547,470.547,485,485,485,485,470.547,470.547,485,485,485,485,470.547,470.547,485,485,485,250,250
2031,12,180,204,900,500,500,500,500,500,500,500,500,500,500,500,500,500,500,500,500,500,500,500,500,500,500,500,500,500,485,470.547,470.547,485,485,485,500,475,396,150,500,727.5,310.7,535.6,733.9,222.5,222.5,617.6,617.6,846.3,846.3,100,100,500,500,315.25,291,242.5,500,250,359.7,359.7,359.7,359.7,359.7,359.7,359.7,359.7,359.7,359.7,359.7,359.7,359.7,323.5,323.5,512.5,512.5,512.5,452.9,472.5,472.5,359.7,359.7,116,271,50,50,50,50,50,50,50,50,50,50,50,500,500,500,100,100,500,500,323.5,522.3,522.3,522.3,522.3,101.3,101.3,101.3,101.3,485,470.547,470.547,485,485,485,485,470.547,470.547,485,485,485,485,470.547,470.547,485,485,485,485,470.547,470.547,485,485,485,250,250
2032,1,180,204,900,500,500,500,500,500,500,500,500,500,500,500,500,500,500,500,500,500,500,500,500,500,500,500,500,500,485,470.547,470.547,485,485,485,500,475,396,150,500,727.5,310.7,535.6,733.9,222.5,222.5,617.6,617.6,846.3,846.3,100,100,500,500,315.25,291,242.5,500,250,359.7,359.7,359.7,359.7,359.7,359.7,359.7,359.7,359.7,359.7,359.7,359.7,359.7,323.5,323.5,512.5,512.5,512.5,452.9,472.5,472.5,359.7,359.7,116,271,50,50,50,50,50,50,50,50,50,50,50,500,500,500,100,100,500,500,323.5,522.3,522.3,522.3,522.3,101.3,101.3,101.3,101.3,485,470.547,470.547,485,485,485,485,470.547,470.547,485,485,485,485,470.547,470.547,485,485,485,485,470.547,470.547,485,485,485,250,250
2032,2,180,204,900,500,500,500,500,500,500,500,500,500,500,500,500,500,500,500,500,500,500,500,500,500,500,500,500,500,485,470.547,470.547,485,485,485,500,475,396,150,500,727.5,310.7,535.6,733.9,222.5,222.5,617.6,617.6,846.3,846.3,100,100,500,500,315.25,291,242.5,500,250,359.7,359.7,359.7,359.7,359.7,359.7,359.7,359.7,359.7,359.7,359.7,359.7,359.7,323.5,323.5,512.5,512.5,512.5,452.9,472.5,472.5,359.7,359.7,116,271,50,50,50,50,50,50,50,50,50,50,50,500,500,500,100,100,500,500,323.5,522.3,522.3,522.3,522.3,101.3,101.3,101.3,101.3,485,470.547,470.547,485,485,485,485,470.547,470.547,485,485,485,485,470.547,470.547,485,485,485,485,470.547,470.547,485,485,485,250,250
2032,3,180,204,900,500,500,500,500,500,500,500,500,500,500,500,500,500,500,500,500,500,500,500,500,500,500,500,500,500,485,470.547,470.547,485,485,485,500,475,396,150,500,727.5,306.7,530.244,726.561,218.05,218.05,611.424,611.424,837.837,837.837,100,100,500,500,315.25,291,242.5,500,250,355,355,355,355,355,355,355,355,355,355,355,355,355,323.5,323.5,507.375,507.375,507.375,450.5,472.5,472.5,355,355,116,271,50,50,50,50,50,50,50,50,50,50,50,500,500,500,100,100,500,500,323.5,519.5,519.5,519.5,519.5,100.6,100.6,100.6,100.6,485,470.547,470.547,485,485,485,485,470.547,470.547,485,485,485,485,470.547,470.547,485,485,485,485,470.547,470.547,485,485,485,250,250
2032,4,180,204,900,500,500,500,500,500,500,500,500,500,500,500,500,500,500,500,500,500,500,500,500,500,500,500,500,500,485,470.547,470.547,485,485,485,500,475,396,150,500,727.5,306.7,530.244,726.561,218.05,218.05,611.424,611.424,837.837,837.837,100,100,500,500,315.25,291,242.5,500,250,355,355,355,355,355,355,355,355,355,355,355,355,355,323.5,323.5,507.375,507.375,507.375,448.2,472.5,472.5,355,355,116,271,50,50,50,50,50,50,50,50,50,50,50,500,500,500,100,100,500,500,323.5,516.8,516.8,516.8,516.8,102.2,102.2,102.2,102.2,485,470.547,470.547,485,485,485,485,470.547,470.547,485,485,485,485,470.547,470.547,485,485,485,485,470.547,470.547,485,485,485,250,250
2032,5,180,204,900,500,500,500,500,500,500,500,500,500,500,500,500,500,500,500,500,500,500,500,500,500,500,500,500,500,500,485.1,485.1,500,500,500,500,475,396,150,500,750,302.6,530.244,726.561,218.05,218.05,611.424,611.424,837.837,837.837,100,100,500,500,325,300,250,500,250,350.2,350.2,350.2,350.2,350.2,350.2,350.2,350.2,350.2,350.2,350.2,350.2,350.2,323.5,323.5,507.375,507.375,507.375,432.8,472.5,472.5,350.2,350.2,116,271,50,50,50,50,50,50,50,50,50,50,50,500,500,500,100,100,500,500,323.5,499.1,499.1,499.1,499.1,102.6,102.6,102.6,102.6,500,485.1,485.1,500,500,500,500,485.1,485.1,500,500,500,500,485.1,485.1,500,500,500,500,485.1,485.1,500,500,500,250,250
2032,6,180,204,900,500,500,500,500,500,500,500,500,500,500,500,500,500,500,500,500,500,500,500,500,500,500,500,500,500,500,485.1,485.1,500,500,500,500,475,396,150,500,750,301.5,503.464,689.866,211.375,211.375,580.544,580.544,795.522,795.522,100,100,500,500,325,300,250,500,250,349,349,349,349,349,349,349,349,349,349,349,349,349,323.5,323.5,481.75,481.75,481.75,399.5,472.5,472.5,349,349,116,271,50,50,50,50,50,50,50,50,50,50,50,500,500,500,100,100,500,500,323.5,460.7,460.7,460.7,460.7,96.1,96.1,96.1,96.1,500,485.1,485.1,500,500,500,500,485.1,485.1,500,500,500,500,485.1,485.1,500,500,500,500,485.1,485.1,500,500,500,250,250
2032,7,180,204,900,500,500,500,500,500,500,500,500,500,500,500,500,500,500,500,500,500,500,500,500,500,500,500,500,500,500,485.1,485.1,500,500,500,500,475,396,150,500,750,301.5,503.464,689.866,211.375,211.375,580.544,580.544,795.522,795.522,100,100,500,500,325,300,250,500,250,349,349,349,349,349,349,349,349,349,349,349,349,349,323.5,323.5,481.75,481.75,481.75,399.5,485.1,485.1,349,349,116,271,50,50,50,50,50,50,50,50,50,50,50,500,500,500,100,100,500,500,323.5,460.7,460.7,460.7,460.7,96.1,96.1,96.1,96.1,500,485.1,485.1,500,500,500,500,485.1,485.1,500,500,500,500,485.1,485.1,500,500,500,500,485.1,485.1,500,500,500,250,250
2032,8,180,204,900,500,500,500,500,500,500,500,500,500,500,500,500,500,500,500,500,500,500,500,500,500,500,500,500,500,500,485.1,485.1,500,500,500,500,475,396,150,500,750,301.5,503.464,689.866,211.375,211.375,580.544,580.544,795.522,795.522,100,100,500,500,325,300,250,500,250,349,349,349,349,349,349,349,349,349,349,349,349,349,323.5,323.5,481.75,481.75,481.75,399.5,485.1,485.1,349,349,116,271,50,50,50,50,50,50,50,50,50,50,50,500,500,500,100,100,500,500,323.5,460.7,460.7,460.7,460.7,96.1,96.1,96.1,96.1,500,485.1,485.1,500,500,500,500,485.1,485.1,500,500,500,500,485.1,485.1,500,500,500,500,485.1,485.1,500,500,500,250,250
2032,9,180,204,900,500,500,500,500,500,500,500,500,500,500,500,500,500,500,500,500,500,500,500,500,500,500,500,500,500,500,485.1,485.1,500,500,500,500,475,396,150,500,750,302.6,503.464,689.866,211.375,211.375,580.544,580.544,795.522,795.522,100,100,500,500,325,300,250,500,250,350.2,350.2,350.2,350.2,350.2,350.2,350.2,350.2,350.2,350.2,350.2,350.2,350.2,323.5,323.5,481.75,481.75,481.75,432.8,472.5,472.5,350.2,350.2,116,271,50,50,50,50,50,50,50,50,50,50,50,500,500,500,100,100,500,500,323.5,499.1,499.1,499.1,499.1,102.6,102.6,102.6,102.6,500,485.1,485.1,500,500,500,500,485.1,485.1,500,500,500,500,485.1,485.1,500,500,500,500,485.1,485.1,500,500,500,250,250
2032,10,180,204,900,500,500,500,500,500,500,500,500,500,500,500,500,500,500,500,500,500,500,500,500,500,500,500,500,500,500,485.1,485.1,500,500,500,500,475,396,150,500,750,306.7,530.244,726.561,218.05,218.05,611.424,611.424,837.837,837.837,100,100,500,500,325,300,250,500,250,355,355,355,355,355,355,355,355,355,355,355,355,355,323.5,323.5,507.375,507.375,507.375,448.2,472.5,472.5,355,355,116,271,50,50,50,50,50,50,50,50,50,50,50,500,500,500,100,100,500,500,323.5,516.8,516.8,516.8,516.8,102.2,102.2,102.2,102.2,500,485.1,485.1,500,500,500,500,485.1,485.1,500,500,500,500,485.1,485.1,500,500,500,500,485.1,485.1,500,500,500,250,250
2032,11,180,204,900,500,500,500,500,500,500,500,500,500,500,500,500,500,500,500,500,500,500,500,500,500,500,500,500,500,485,470.547,470.547,485,485,485,500,475,396,150,500,727.5,310.7,535.6,733.9,222.5,222.5,617.6,617.6,846.3,846.3,100,100,500,500,315.25,291,242.5,500,250,359.7,359.7,359.7,359.7,359.7,359.7,359.7,359.7,359.7,359.7,359.7,359.7,359.7,323.5,323.5,512.5,512.5,512.5,450.5,472.5,472.5,359.7,359.7,116,271,50,50,50,50,50,50,50,50,50,50,50,500,500,500,100,100,500,500,323.5,519.5,519.5,519.5,519.5,100.6,100.6,100.6,100.6,485,470.547,470.547,485,485,485,485,470.547,470.547,485,485,485,485,470.547,470.547,485,485,485,485,470.547,470.547,485,485,485,250,250
2032,12,180,204,900,500,500,500,500,500,500,500,500,500,500,500,500,500,500,500,500,500,500,500,500,500,500,500,500,500,485,470.547,470.547,485,485,485,500,475,396,150,500,727.5,310.7,535.6,733.9,222.5,222.5,617.6,617.6,846.3,846.3,100,100,500,500,315.25,291,242.5,500,250,359.7,359.7,359.7,359.7,359.7,359.7,359.7,359.7,359.7,359.7,359.7,359.7,359.7,323.5,323.5,512.5,512.5,512.5,452.9,472.5,472.5,359.7,359.7,116,271,50,50,50,50,50,50,50,50,50,50,50,500,500,500,100,100,500,500,323.5,522.3,522.3,522.3,522.3,101.3,101.3,101.3,101.3,485,470.547,470.547,485,485,485,485,470.547,470.547,485,485,485,485,470.547,470.547,485,485,485,485,470.547,470.547,485,485,485,250,250
2033,1,180,204,900,500,500,500,500,500,500,500,500,500,500,500,500,500,500,500,500,500,500,500,500,500,500,500,500,500,485,470.547,470.547,485,485,485,500,475,396,150,500,727.5,310.7,535.6,733.9,222.5,222.5,617.6,617.6,846.3,846.3,100,100,500,500,315.25,291,242.5,500,250,359.7,359.7,359.7,359.7,359.7,359.7,359.7,359.7,359.7,359.7,359.7,359.7,359.7,323.5,323.5,512.5,512.5,512.5,452.9,472.5,472.5,359.7,359.7,116,271,50,50,50,50,50,50,50,50,50,50,50,500,500,500,100,100,500,500,323.5,522.3,522.3,522.3,522.3,101.3,101.3,101.3,101.3,485,470.547,470.547,485,485,485,485,470.547,470.547,485,485,485,485,470.547,470.547,485,485,485,485,470.547,470.547,485,485,485,250,250
2033,2,180,204,900,500,500,500,500,500,500,500,500,500,500,500,500,500,500,500,500,500,500,500,500,500,500,500,500,500,485,470.547,470.547,485,485,485,500,475,396,150,500,727.5,310.7,535.6,733.9,222.5,222.5,617.6,617.6,846.3,846.3,100,100,500,500,315.25,291,242.5,500,250,359.7,359.7,359.7,359.7,359.7,359.7,359.7,359.7,359.7,359.7,359.7,359.7,359.7,323.5,323.5,512.5,512.5,512.5,452.9,472.5,472.5,359.7,359.7,116,271,50,50,50,50,50,50,50,50,50,50,50,500,500,500,100,100,500,500,323.5,522.3,522.3,522.3,522.3,101.3,101.3,101.3,101.3,485,470.547,470.547,485,485,485,485,470.547,470.547,485,485,485,485,470.547,470.547,485,485,485,485,470.547,470.547,485,485,485,250,250
2033,3,180,204,900,500,500,500,500,500,500,500,500,500,500,500,500,500,500,500,500,500,500,500,500,500,500,500,500,500,485,470.547,470.547,485,485,485,500,475,396,150,500,727.5,306.7,530.244,726.561,218.05,218.05,611.424,611.424,837.837,837.837,100,100,500,500,315.25,291,242.5,500,250,355,355,355,355,355,355,355,355,355,355,355,355,355,323.5,323.5,507.375,507.375,507.375,450.5,472.5,472.5,355,355,116,271,50,50,50,50,50,50,50,50,50,50,50,500,500,500,100,100,500,500,323.5,519.5,519.5,519.5,519.5,100.6,100.6,100.6,100.6,485,470.547,470.547,485,485,485,485,470.547,470.547,485,485,485,485,470.547,470.547,485,485,485,485,470.547,470.547,485,485,485,250,250
2033,4,180,204,900,500,500,500,500,500,500,500,500,500,500,500,500,500,500,500,500,500,500,500,500,500,500,500,500,500,485,470.547,470.547,485,485,485,500,475,396,150,500,727.5,306.7,530.244,726.561,218.05,218.05,611.424,611.424,837.837,837.837,100,100,500,500,315.25,291,242.5,500,250,355,355,355,355,355,355,355,355,355,355,355,355,355,323.5,323.5,507.375,507.375,507.375,448.2,472.5,472.5,355,355,116,271,50,50,50,50,50,50,50,50,50,50,50,500,500,500,100,100,500,500,323.5,516.8,516.8,516.8,516.8,102.2,102.2,102.2,102.2,485,470.547,470.547,485,485,485,485,470.547,470.547,485,485,485,485,470.547,470.547,485,485,485,485,470.547,470.547,485,485,485,250,250
2033,5,180,204,900,500,500,500,500,500,500,500,500,500,500,500,500,500,500,500,500,500,500,500,500,500,500,500,500,500,500,485.1,485.1,500,500,500,500,475,396,150,500,750,302.6,530.244,726.561,218.05,218.05,611.424,611.424,837.837,837.837,100,100,500,500,325,300,250,500,250,350.2,350.2,350.2,350.2,350.2,350.2,350.2,350.2,350.2,350.2,350.2,350.2,350.2,323.5,323.5,507.375,507.375,507.375,432.8,472.5,472.5,350.2,350.2,116,271,50,50,50,50,50,50,50,50,50,50,50,500,500,500,100,100,500,500,323.5,499.1,499.1,499.1,499.1,102.6,102.6,102.6,102.6,500,485.1,485.1,500,500,500,500,485.1,485.1,500,500,500,500,485.1,485.1,500,500,500,500,485.1,485.1,500,500,500,250,250
2033,6,180,204,900,500,500,500,500,500,500,500,500,500,500,500,500,500,500,500,500,500,500,500,500,500,500,500,500,500,500,485.1,485.1,500,500,500,500,475,396,150,500,750,301.5,503.464,689.866,211.375,211.375,580.544,580.544,795.522,795.522,100,100,500,500,325,300,250,500,250,349,349,349,349,349,349,349,349,349,349,349,349,349,323.5,323.5,481.75,481.75,481.75,399.5,472.5,472.5,349,349,116,271,50,50,50,50,50,50,50,50,50,50,50,500,500,500,100,100,500,500,323.5,460.7,460.7,460.7,460.7,96.1,96.1,96.1,96.1,500,485.1,485.1,500,500,500,500,485.1,485.1,500,500,500,500,485.1,485.1,500,500,500,500,485.1,485.1,500,500,500,250,250
2033,7,180,204,900,500,500,500,500,500,500,500,500,500,500,500,500,500,500,500,500,500,500,500,500,500,500,500,500,500,500,485.1,485.1,500,500,500,500,475,396,150,500,750,301.5,503.464,689.866,211.375,211.375,580.544,580.544,795.522,795.522,100,100,500,500,325,300,250,500,250,349,349,349,349,349,349,349,349,349,349,349,349,349,323.5,323.5,481.75,481.75,481.75,399.5,485.1,485.1,349,349,116,271,50,50,50,50,50,50,50,50,50,50,50,500,500,500,100,100,500,500,323.5,460.7,460.7,460.7,460.7,96.1,96.1,96.1,96.1,500,485.1,485.1,500,500,500,500,485.1,485.1,500,500,500,500,485.1,485.1,500,500,500,500,485.1,485.1,500,500,500,250,250
2033,8,180,204,900,500,500,500,500,500,500,500,500,500,500,500,500,500,500,500,500,500,500,500,500,500,500,500,500,500,500,485.1,485.1,500,500,500,500,475,396,150,500,750,301.5,503.464,689.866,211.375,211.375,580.544,580.544,795.522,795.522,100,100,500,500,325,300,250,500,250,349,349,349,349,349,349,349,349,349,349,349,349,349,323.5,323.5,481.75,481.75,481.75,399.5,485.1,485.1,349,349,116,271,50,50,50,50,50,50,50,50,50,50,50,500,500,500,100,100,500,500,323.5,460.7,460.7,460.7,460.7,96.1,96.1,96.1,96.1,500,485.1,485.1,500,500,500,500,485.1,485.1,500,500,500,500,485.1,485.1,500,500,500,500,485.1,485.1,500,500,500,250,250
2033,9,180,204,900,500,500,500,500,500,500,500,500,500,500,500,500,500,500,500,500,500,500,500,500,500,500,500,500,500,500,485.1,485.1,500,500,500,500,475,396,150,500,750,302.6,503.464,689.866,211.375,211.375,580.544,580.544,795.522,795.522,100,100,500,500,325,300,250,500,250,350.2,350.2,350.2,350.2,350.2,350.2,350.2,350.2,350.2,350.2,350.2,350.2,350.2,323.5,323.5,481.75,481.75,481.75,432.8,472.5,472.5,350.2,350.2,116,271,50,50,50,50,50,50,50,50,50,50,50,500,500,500,100,100,500,500,323.5,499.1,499.1,499.1,499.1,102.6,102.6,102.6,102.6,500,485.1,485.1,500,500,500,500,485.1,485.1,500,500,500,500,485.1,485.1,500,500,500,500,485.1,485.1,500,500,500,250,250
2033,10,180,204,900,500,500,500,500,500,500,500,500,500,500,500,500,500,500,500,500,500,500,500,500,500,500,500,500,500,500,485.1,485.1,500,500,500,500,475,396,150,500,750,306.7,530.244,726.561,218.05,218.05,611.424,611.424,837.837,837.837,100,100,500,500,325,300,250,500,250,355,355,355,355,355,355,355,355,355,355,355,355,355,323.5,323.5,507.375,507.375,507.375,448.2,472.5,472.5,355,355,116,271,50,50,50,50,50,50,50,50,50,50,50,500,500,500,100,100,500,500,323.5,516.8,516.8,516.8,516.8,102.2,102.2,102.2,102.2,500,485.1,485.1,500,500,500,500,485.1,485.1,500,500,500,500,485.1,485.1,500,500,500,500,485.1,485.1,500,500,500,250,250
2033,11,180,204,900,500,500,500,500,500,500,500,500,500,500,500,500,500,500,500,500,500,500,500,500,500,500,500,500,500,485,470.547,470.547,485,485,485,500,475,396,150,500,727.5,310.7,535.6,733.9,222.5,222.5,617.6,617.6,846.3,846.3,100,100,500,500,315.25,291,242.5,500,250,359.7,359.7,359.7,359.7,359.7,359.7,359.7,359.7,359.7,359.7,359.7,359.7,359.7,323.5,323.5,512.5,512.5,512.5,450.5,472.5,472.5,359.7,359.7,116,271,50,50,50,50,50,50,50,50,50,50,50,500,500,500,100,100,500,500,323.5,519.5,519.5,519.5,519.5,100.6,100.6,100.6,100.6,485,470.547,470.547,485,485,485,485,470.547,470.547,485,485,485,485,470.547,470.547,485,485,485,485,470.547,470.547,485,485,485,250,250
2033,12,180,204,900,500,500,500,500,500,500,500,500,500,500,500,500,500,500,500,500,500,500,500,500,500,500,500,500,500,485,470.547,470.547,485,485,485,500,475,396,150,500,727.5,310.7,535.6,733.9,222.5,222.5,617.6,617.6,846.3,846.3,100,100,500,500,315.25,291,242.5,500,250,359.7,359.7,359.7,359.7,359.7,359.7,359.7,359.7,359.7,359.7,359.7,359.7,359.7,323.5,323.5,512.5,512.5,512.5,452.9,472.5,472.5,359.7,359.7,116,271,50,50,50,50,50,50,50,50,50,50,50,500,500,500,100,100,500,500,323.5,522.3,522.3,522.3,522.3,101.3,101.3,101.3,101.3,485,470.547,470.547,485,485,485,485,470.547,470.547,485,485,485,485,470.547,470.547,485,485,485,485,470.547,470.547,485,485,485,250,250
2034,1,180,204,900,500,500,500,500,500,500,500,500,500,500,500,500,500,500,500,500,500,500,500,500,500,500,500,500,500,485,470.547,470.547,485,485,485,500,475,396,150,500,727.5,310.7,535.6,733.9,222.5,222.5,617.6,617.6,846.3,846.3,100,100,500,500,315.25,291,242.5,500,250,359.7,359.7,359.7,359.7,359.7,359.7,359.7,359.7,359.7,359.7,359.7,359.7,359.7,323.5,323.5,512.5,512.5,512.5,452.9,472.5,472.5,359.7,359.7,116,271,50,50,50,50,50,50,50,50,50,50,50,500,500,500,100,100,500,500,323.5,522.3,522.3,522.3,522.3,101.3,101.3,101.3,101.3,485,470.547,470.547,485,485,485,485,470.547,470.547,485,485,485,485,470.547,470.547,485,485,485,485,470.547,470.547,485,485,485,250,250
2034,2,180,204,900,500,500,500,500,500,500,500,500,500,500,500,500,500,500,500,500,500,500,500,500,500,500,500,500,500,485,470.547,470.547,485,485,485,500,475,396,150,500,727.5,310.7,535.6,733.9,222.5,222.5,617.6,617.6,846.3,846.3,100,100,500,500,315.25,291,242.5,500,250,359.7,359.7,359.7,359.7,359.7,359.7,359.7,359.7,359.7,359.7,359.7,359.7,359.7,323.5,323.5,512.5,512.5,512.5,452.9,472.5,472.5,359.7,359.7,116,271,50,50,50,50,50,50,50,50,50,50,50,500,500,500,100,100,500,500,323.5,522.3,522.3,522.3,522.3,101.3,101.3,101.3,101.3,485,470.547,470.547,485,485,485,485,470.547,470.547,485,485,485,485,470.547,470.547,485,485,485,485,470.547,470.547,485,485,485,250,250
2034,3,180,204,900,500,500,500,500,500,500,500,500,500,500,500,500,500,500,500,500,500,500,500,500,500,500,500,500,500,485,470.547,470.547,485,485,485,500,475,396,150,500,727.5,306.7,530.244,726.561,218.05,218.05,611.424,611.424,837.837,837.837,100,100,500,500,315.25,291,242.5,500,250,355,355,355,355,355,355,355,355,355,355,355,355,355,323.5,323.5,507.375,507.375,507.375,450.5,472.5,472.5,355,355,116,271,50,50,50,50,50,50,50,50,50,50,50,500,500,500,100,100,500,500,323.5,519.5,519.5,519.5,519.5,100.6,100.6,100.6,100.6,485,470.547,470.547,485,485,485,485,470.547,470.547,485,485,485,485,470.547,470.547,485,485,485,485,470.547,470.547,485,485,485,250,250
2034,4,180,204,900,500,500,500,500,500,500,500,500,500,500,500,500,500,500,500,500,500,500,500,500,500,500,500,500,500,485,470.547,470.547,485,485,485,500,475,396,150,500,727.5,306.7,530.244,726.561,218.05,218.05,611.424,611.424,837.837,837.837,100,100,500,500,315.25,291,242.5,500,250,355,355,355,355,355,355,355,355,355,355,355,355,355,323.5,323.5,507.375,507.375,507.375,448.2,472.5,472.5,355,355,116,271,50,50,50,50,50,50,50,50,50,50,50,500,500,500,100,100,500,500,323.5,516.8,516.8,516.8,516.8,102.2,102.2,102.2,102.2,485,470.547,470.547,485,485,485,485,470.547,470.547,485,485,485,485,470.547,470.547,485,485,485,485,470.547,470.547,485,485,485,250,250
2034,5,180,204,900,500,500,500,500,500,500,500,500,500,500,500,500,500,500,500,500,500,500,500,500,500,500,500,500,500,500,485.1,485.1,500,500,500,500,475,396,150,500,750,302.6,530.244,726.561,218.05,218.05,611.424,611.424,837.837,837.837,100,100,500,500,325,300,250,500,250,350.2,350.2,350.2,350.2,350.2,350.2,350.2,350.2,350.2,350.2,350.2,350.2,350.2,323.5,323.5,507.375,507.375,507.375,432.8,472.5,472.5,350.2,350.2,116,271,50,50,50,50,50,50,50,50,50,50,50,500,500,500,100,100,500,500,323.5,499.1,499.1,499.1,499.1,102.6,102.6,102.6,102.6,500,485.1,485.1,500,500,500,500,485.1,485.1,500,500,500,500,485.1,485.1,500,500,500,500,485.1,485.1,500,500,500,250,250
2034,6,180,204,900,500,500,500,500,500,500,500,500,500,500,500,500,500,500,500,500,500,500,500,500,500,500,500,500,500,500,485.1,485.1,500,500,500,500,475,396,150,500,750,301.5,503.464,689.866,211.375,211.375,580.544,580.544,795.522,795.522,100,100,500,500,325,300,250,500,250,349,349,349,349,349,349,349,349,349,349,349,349,349,323.5,323.5,481.75,481.75,481.75,399.5,472.5,472.5,349,349,116,271,50,50,50,50,50,50,50,50,50,50,50,500,500,500,100,100,500,500,323.5,460.7,460.7,460.7,460.7,96.1,96.1,96.1,96.1,500,485.1,485.1,500,500,500,500,485.1,485.1,500,500,500,500,485.1,485.1,500,500,500,500,485.1,485.1,500,500,500,250,250
2034,7,180,204,900,500,500,500,500,500,500,500,500,500,500,500,500,500,500,500,500,500,500,500,500,500,500,500,500,500,500,485.1,485.1,500,500,500,500,475,396,150,500,750,301.5,503.464,689.866,211.375,211.375,580.544,580.544,795.522,795.522,100,100,500,500,325,300,250,500,250,349,349,349,349,349,349,349,349,349,349,349,349,349,323.5,323.5,481.75,481.75,481.75,399.5,485.1,485.1,349,349,116,271,50,50,50,50,50,50,50,50,50,50,50,500,500,500,100,100,500,500,323.5,460.7,460.7,460.7,460.7,96.1,96.1,96.1,96.1,500,485.1,485.1,500,500,500,500,485.1,485.1,500,500,500,500,485.1,485.1,500,500,500,500,485.1,485.1,500,500,500,250,250
2034,8,180,204,900,500,500,500,500,500,500,500,500,500,500,500,500,500,500,500,500,500,500,500,500,500,500,500,500,500,500,485.1,485.1,500,500,500,500,475,396,150,500,750,301.5,503.464,689.866,211.375,211.375,580.544,580.544,795.522,795.522,100,100,500,500,325,300,250,500,250,349,349,349,349,349,349,349,349,349,349,349,349,349,323.5,323.5,481.75,481.75,481.75,399.5,485.1,485.1,349,349,116,271,50,50,50,50,50,50,50,50,50,50,50,500,500,500,100,100,500,500,323.5,460.7,460.7,460.7,460.7,96.1,96.1,96.1,96.1,500,485.1,485.1,500,500,500,500,485.1,485.1,500,500,500,500,485.1,485.1,500,500,500,500,485.1,485.1,500,500,500,250,250
2034,9,180,204,900,500,500,500,500,500,500,500,500,500,500,500,500,500,500,500,500,500,500,500,500,500,500,500,500,500,500,485.1,485.1,500,500,500,500,475,396,150,500,750,302.6,503.464,689.866,211.375,211.375,580.544,580.544,795.522,795.522,100,100,500,500,325,300,250,500,250,350.2,350.2,350.2,350.2,350.2,350.2,350.2,350.2,350.2,350.2,350.2,350.2,350.2,323.5,323.5,481.75,481.75,481.75,432.8,472.5,472.5,350.2,350.2,116,271,50,50,50,50,50,50,50,50,50,50,50,500,500,500,100,100,500,500,323.5,499.1,499.1,499.1,499.1,102.6,102.6,102.6,102.6,500,485.1,485.1,500,500,500,500,485.1,485.1,500,500,500,500,485.1,485.1,500,500,500,500,485.1,485.1,500,500,500,250,250
2034,10,180,204,900,500,500,500,500,500,500,500,500,500,500,500,500,500,500,500,500,500,500,500,500,500,500,500,500,500,500,485.1,485.1,500,500,500,500,475,396,150,500,750,306.7,530.244,726.561,218.05,218.05,611.424,611.424,837.837,837.837,100,100,500,500,325,300,250,500,250,355,355,355,355,355,355,355,355,355,355,355,355,355,323.5,323.5,507.375,507.375,507.375,448.2,472.5,472.5,355,355,116,271,50,50,50,50,50,50,50,50,50,50,50,500,500,500,100,100,500,500,323.5,516.8,516.8,516.8,516.8,102.2,102.2,102.2,102.2,500,485.1,485.1,500,500,500,500,485.1,485.1,500,500,500,500,485.1,485.1,500,500,500,500,485.1,485.1,500,500,500,250,250
2034,11,180,204,900,500,500,500,500,500,500,500,500,500,500,500,500,500,500,500,500,500,500,500,500,500,500,500,500,500,485,470.547,470.547,485,485,485,500,475,396,150,500,727.5,310.7,535.6,733.9,222.5,222.5,617.6,617.6,846.3,846.3,100,100,500,500,315.25,291,242.5,500,250,359.7,359.7,359.7,359.7,359.7,359.7,359.7,359.7,359.7,359.7,359.7,359.7,359.7,323.5,323.5,512.5,512.5,512.5,450.5,472.5,472.5,359.7,359.7,116,271,50,50,50,50,50,50,50,50,50,50,50,500,500,500,100,100,500,500,323.5,519.5,519.5,519.5,519.5,100.6,100.6,100.6,100.6,485,470.547,470.547,485,485,485,485,470.547,470.547,485,485,485,485,470.547,470.547,485,485,485,485,470.547,470.547,485,485,485,250,250
2034,12,180,204,900,500,500,500,500,500,500,500,500,500,500,500,500,500,500,500,500,500,500,500,500,500,500,500,500,500,485,470.547,470.547,485,485,485,500,475,396,150,500,727.5,310.7,535.6,733.9,222.5,222.5,617.6,617.6,846.3,846.3,100,100,500,500,315.25,291,242.5,500,250,359.7,359.7,359.7,359.7,359.7,359.7,359.7,359.7,359.7,359.7,359.7,359.7,359.7,323.5,323.5,512.5,512.5,512.5,452.9,472.5,472.5,359.7,359.7,116,271,50,50,50,50,50,50,50,50,50,50,50,500,500,500,100,100,500,500,323.5,522.3,522.3,522.3,522.3,101.3,101.3,101.3,101.3,485,470.547,470.547,485,485,485,485,470.547,470.547,485,485,485,485,470.547,470.547,485,485,485,485,470.547,470.547,485,485,485,250,250
2035,1,180,204,900,500,500,500,500,500,500,500,500,500,500,500,500,500,500,500,500,500,500,500,500,500,500,500,500,500,485,470.547,470.547,485,485,485,500,475,396,150,500,727.5,310.7,535.6,733.9,222.5,222.5,617.6,617.6,846.3,846.3,100,100,500,500,315.25,291,242.5,500,250,359.7,359.7,359.7,359.7,359.7,359.7,359.7,359.7,359.7,359.7,359.7,359.7,359.7,323.5,323.5,512.5,512.5,512.5,452.9,472.5,472.5,359.7,359.7,116,271,50,50,50,50,50,50,50,50,50,50,50,500,500,500,100,100,500,500,323.5,522.3,522.3,522.3,522.3,101.3,101.3,101.3,101.3,485,470.547,470.547,485,485,485,485,470.547,470.547,485,485,485,485,470.547,470.547,485,485,485,485,470.547,470.547,485,485,485,250,250
2035,2,180,204,900,500,500,500,500,500,500,500,500,500,500,500,500,500,500,500,500,500,500,500,500,500,500,500,500,500,485,470.547,470.547,485,485,485,500,475,396,150,500,727.5,310.7,535.6,733.9,222.5,222.5,617.6,617.6,846.3,846.3,100,100,500,500,315.25,291,242.5,500,250,359.7,359.7,359.7,359.7,359.7,359.7,359.7,359.7,359.7,359.7,359.7,359.7,359.7,323.5,323.5,512.5,512.5,512.5,452.9,472.5,472.5,359.7,359.7,116,271,50,50,50,50,50,50,50,50,50,50,50,500,500,500,100,100,500,500,323.5,522.3,522.3,522.3,522.3,101.3,101.3,101.3,101.3,485,470.547,470.547,485,485,485,485,470.547,470.547,485,485,485,485,470.547,470.547,485,485,485,485,470.547,470.547,485,485,485,250,250
2035,3,180,204,900,500,500,500,500,500,500,500,500,500,500,500,500,500,500,500,500,500,500,500,500,500,500,500,500,500,485,470.547,470.547,485,485,485,500,475,396,150,500,727.5,306.7,530.244,726.561,218.05,218.05,611.424,611.424,837.837,837.837,100,100,500,500,315.25,291,242.5,500,250,355,355,355,355,355,355,355,355,355,355,355,355,355,323.5,323.5,507.375,507.375,507.375,450.5,472.5,472.5,355,355,116,271,50,50,50,50,50,50,50,50,50,50,50,500,500,500,100,100,500,500,323.5,519.5,519.5,519.5,519.5,100.6,100.6,100.6,100.6,485,470.547,470.547,485,485,485,485,470.547,470.547,485,485,485,485,470.547,470.547,485,485,485,485,470.547,470.547,485,485,485,250,250
2035,4,180,204,900,500,500,500,500,500,500,500,500,500,500,500,500,500,500,500,500,500,500,500,500,500,500,500,500,500,485,470.547,470.547,485,485,485,500,475,396,150,500,727.5,306.7,530.244,726.561,218.05,218.05,611.424,611.424,837.837,837.837,100,100,500,500,315.25,291,242.5,500,250,355,355,355,355,355,355,355,355,355,355,355,355,355,323.5,323.5,507.375,507.375,507.375,448.2,472.5,472.5,355,355,116,271,50,50,50,50,50,50,50,50,50,50,50,500,500,500,100,100,500,500,323.5,516.8,516.8,516.8,516.8,102.2,102.2,102.2,102.2,485,470.547,470.547,485,485,485,485,470.547,470.547,485,485,485,485,470.547,470.547,485,485,485,485,470.547,470.547,485,485,485,250,250
2035,5,180,204,900,500,500,500,500,500,500,500,500,500,500,500,500,500,500,500,500,500,500,500,500,500,500,500,500,500,500,485.1,485.1,500,500,500,500,475,396,150,500,750,302.6,530.244,726.561,218.05,218.05,611.424,611.424,837.837,837.837,100,100,500,500,325,300,250,500,250,350.2,350.2,350.2,350.2,350.2,350.2,350.2,350.2,350.2,350.2,350.2,350.2,350.2,323.5,323.5,507.375,507.375,507.375,432.8,472.5,472.5,350.2,350.2,116,271,50,50,50,50,50,50,50,50,50,50,50,500,500,500,100,100,500,500,323.5,499.1,499.1,499.1,499.1,102.6,102.6,102.6,102.6,500,485.1,485.1,500,500,500,500,485.1,485.1,500,500,500,500,485.1,485.1,500,500,500,500,485.1,485.1,500,500,500,250,250
2035,6,180,204,900,500,500,500,500,500,500,500,500,500,500,500,500,500,500,500,500,500,500,500,500,500,500,500,500,500,500,485.1,485.1,500,500,500,500,475,396,150,500,750,301.5,503.464,689.866,211.375,211.375,580.544,580.544,795.522,795.522,100,100,500,500,325,300,250,500,250,349,349,349,349,349,349,349,349,349,349,349,349,349,323.5,323.5,481.75,481.75,481.75,399.5,472.5,472.5,349,349,116,271,50,50,50,50,50,50,50,50,50,50,50,500,500,500,100,100,500,500,323.5,460.7,460.7,460.7,460.7,96.1,96.1,96.1,96.1,500,485.1,485.1,500,500,500,500,485.1,485.1,500,500,500,500,485.1,485.1,500,500,500,500,485.1,485.1,500,500,500,250,250
2035,7,180,204,900,500,500,500,500,500,500,500,500,500,500,500,500,500,500,500,500,500,500,500,500,500,500,500,500,500,500,485.1,485.1,500,500,500,500,475,396,150,500,750,301.5,503.464,689.866,211.375,211.375,580.544,580.544,795.522,795.522,100,100,500,500,325,300,250,500,250,349,349,349,349,349,349,349,349,349,349,349,349,349,323.5,323.5,481.75,481.75,481.75,399.5,485.1,485.1,349,349,116,271,50,50,50,50,50,50,50,50,50,50,50,500,500,500,100,100,500,500,323.5,460.7,460.7,460.7,460.7,96.1,96.1,96.1,96.1,500,485.1,485.1,500,500,500,500,485.1,485.1,500,500,500,500,485.1,485.1,500,500,500,500,485.1,485.1,500,500,500,250,250
2035,8,180,204,900,500,500,500,500,500,500,500,500,500,500,500,500,500,500,500,500,500,500,500,500,500,500,500,500,500,500,485.1,485.1,500,500,500,500,475,396,150,500,750,301.5,503.464,689.866,211.375,211.375,580.544,580.544,795.522,795.522,100,100,500,500,325,300,250,500,250,349,349,349,349,349,349,349,349,349,349,349,349,349,323.5,323.5,481.75,481.75,481.75,399.5,485.1,485.1,349,349,116,271,50,50,50,50,50,50,50,50,50,50,50,500,500,500,100,100,500,500,323.5,460.7,460.7,460.7,460.7,96.1,96.1,96.1,96.1,500,485.1,485.1,500,500,500,500,485.1,485.1,500,500,500,500,485.1,485.1,500,500,500,500,485.1,485.1,500,500,500,250,250
2035,9,180,204,900,500,500,500,500,500,500,500,500,500,500,500,500,500,500,500,500,500,500,500,500,500,500,500,500,500,500,485.1,485.1,500,500,500,500,475,396,150,500,750,302.6,503.464,689.866,211.375,211.375,580.544,580.544,795.522,795.522,100,100,500,500,325,300,250,500,250,350.2,350.2,350.2,350.2,350.2,350.2,350.2,350.2,350.2,350.2,350.2,350.2,350.2,323.5,323.5,481.75,481.75,481.75,432.8,472.5,472.5,350.2,350.2,116,271,50,50,50,50,50,50,50,50,50,50,50,500,500,500,100,100,500,500,323.5,499.1,499.1,499.1,499.1,102.6,102.6,102.6,102.6,500,485.1,485.1,500,500,500,500,485.1,485.1,500,500,500,500,485.1,485.1,500,500,500,500,485.1,485.1,500,500,500,250,250
2035,10,180,204,900,500,500,500,500,500,500,500,500,500,500,500,500,500,500,500,500,500,500,500,500,500,500,500,500,500,500,485.1,485.1,500,500,500,500,475,396,150,500,750,306.7,530.244,726.561,218.05,218.05,611.424,611.424,837.837,837.837,100,100,500,500,325,300,250,500,250,355,355,355,355,355,355,355,355,355,355,355,355,355,323.5,323.5,507.375,507.375,507.375,448.2,472.5,472.5,355,355,116,271,50,50,50,50,50,50,50,50,50,50,50,500,500,500,100,100,500,500,323.5,516.8,516.8,516.8,516.8,102.2,102.2,102.2,102.2,500,485.1,485.1,500,500,500,500,485.1,485.1,500,500,500,500,485.1,485.1,500,500,500,500,485.1,485.1,500,500,500,250,250
2035,11,180,204,900,500,500,500,500,500,500,500,500,500,500,500,500,500,500,500,500,500,500,500,500,500,500,500,500,500,485,470.547,470.547,485,485,485,500,475,396,150,500,727.5,310.7,535.6,733.9,222.5,222.5,617.6,617.6,846.3,846.3,100,100,500,500,315.25,291,242.5,500,250,359.7,359.7,359.7,359.7,359.7,359.7,359.7,359.7,359.7,359.7,359.7,359.7,359.7,323.5,323.5,512.5,512.5,512.5,450.5,472.5,472.5,359.7,359.7,116,271,50,50,50,50,50,50,50,50,50,50,50,500,500,500,100,100,500,500,323.5,519.5,519.5,519.5,519.5,100.6,100.6,100.6,100.6,485,470.547,470.547,485,485,485,485,470.547,470.547,485,485,485,485,470.547,470.547,485,485,485,485,470.547,470.547,485,485,485,250,250
2035,12,180,204,900,500,500,500,500,500,500,500,500,500,500,500,500,500,500,500,500,500,500,500,500,500,500,500,500,500,485,470.547,470.547,485,485,485,500,475,396,150,500,727.5,310.7,535.6,733.9,222.5,222.5,617.6,617.6,846.3,846.3,100,100,500,500,315.25,291,242.5,500,250,359.7,359.7,359.7,359.7,359.7,359.7,359.7,359.7,359.7,359.7,359.7,359.7,359.7,323.5,323.5,512.5,512.5,512.5,452.9,472.5,472.5,359.7,359.7,116,271,50,50,50,50,50,50,50,50,50,50,50,500,500,500,100,100,500,500,323.5,522.3,522.3,522.3,522.3,101.3,101.3,101.3,101.3,485,470.547,470.547,485,485,485,485,470.547,470.547,485,485,485,485,470.547,470.547,485,485,485,485,470.547,470.547,485,485,485,250,250
2036,1,180,204,900,500,500,500,500,500,500,500,500,500,500,500,500,500,500,500,500,500,500,500,500,500,500,500,500,500,485,470.547,470.547,485,485,485,500,475,396,150,500,727.5,310.7,535.6,733.9,222.5,222.5,617.6,617.6,846.3,846.3,100,100,500,500,315.25,291,242.5,500,250,359.7,359.7,359.7,359.7,359.7,359.7,359.7,359.7,359.7,359.7,359.7,359.7,359.7,323.5,323.5,512.5,512.5,512.5,452.9,472.5,472.5,359.7,359.7,116,271,50,50,50,50,50,50,50,50,50,50,50,500,500,500,100,100,500,500,323.5,522.3,522.3,522.3,522.3,101.3,101.3,101.3,101.3,485,470.547,470.547,485,485,485,485,470.547,470.547,485,485,485,485,470.547,470.547,485,485,485,485,470.547,470.547,485,485,485,250,250
2036,2,180,204,900,500,500,500,500,500,500,500,500,500,500,500,500,500,500,500,500,500,500,500,500,500,500,500,500,500,485,470.547,470.547,485,485,485,500,475,396,150,500,727.5,310.7,535.6,733.9,222.5,222.5,617.6,617.6,846.3,846.3,100,100,500,500,315.25,291,242.5,500,250,359.7,359.7,359.7,359.7,359.7,359.7,359.7,359.7,359.7,359.7,359.7,359.7,359.7,323.5,323.5,512.5,512.5,512.5,452.9,472.5,472.5,359.7,359.7,116,271,50,50,50,50,50,50,50,50,50,50,50,500,500,500,100,100,500,500,323.5,522.3,522.3,522.3,522.3,101.3,101.3,101.3,101.3,485,470.547,470.547,485,485,485,485,470.547,470.547,485,485,485,485,470.547,470.547,485,485,485,485,470.547,470.547,485,485,485,250,250
2036,3,180,204,900,500,500,500,500,500,500,500,500,500,500,500,500,500,500,500,500,500,500,500,500,500,500,500,500,500,485,470.547,470.547,485,485,485,500,475,396,150,500,727.5,306.7,530.244,726.561,218.05,218.05,611.424,611.424,837.837,837.837,100,100,500,500,315.25,291,242.5,500,250,355,355,355,355,355,355,355,355,355,355,355,355,355,323.5,323.5,507.375,507.375,507.375,450.5,472.5,472.5,355,355,116,271,50,50,50,50,50,50,50,50,50,50,50,500,500,500,100,100,500,500,323.5,519.5,519.5,519.5,519.5,100.6,100.6,100.6,100.6,485,470.547,470.547,485,485,485,485,470.547,470.547,485,485,485,485,470.547,470.547,485,485,485,485,470.547,470.547,485,485,485,250,250
2036,4,180,204,900,500,500,500,500,500,500,500,500,500,500,500,500,500,500,500,500,500,500,500,500,500,500,500,500,500,485,470.547,470.547,485,485,485,500,475,396,150,500,727.5,306.7,530.244,726.561,218.05,218.05,611.424,611.424,837.837,837.837,100,100,500,500,315.25,291,242.5,500,250,355,355,355,355,355,355,355,355,355,355,355,355,355,323.5,323.5,507.375,507.375,507.375,448.2,472.5,472.5,355,355,116,271,50,50,50,50,50,50,50,50,50,50,50,500,500,500,100,100,500,500,323.5,516.8,516.8,516.8,516.8,102.2,102.2,102.2,102.2,485,470.547,470.547,485,485,485,485,470.547,470.547,485,485,485,485,470.547,470.547,485,485,485,485,470.547,470.547,485,485,485,250,250
2036,5,180,204,900,500,500,500,500,500,500,500,500,500,500,500,500,500,500,500,500,500,500,500,500,500,500,500,500,500,500,485.1,485.1,500,500,500,500,475,396,150,500,750,302.6,530.244,726.561,218.05,218.05,611.424,611.424,837.837,837.837,100,100,500,500,325,300,250,500,250,350.2,350.2,350.2,350.2,350.2,350.2,350.2,350.2,350.2,350.2,350.2,350.2,350.2,323.5,323.5,507.375,507.375,507.375,432.8,472.5,472.5,350.2,350.2,116,271,50,50,50,50,50,50,50,50,50,50,50,500,500,500,100,100,500,500,323.5,499.1,499.1,499.1,499.1,102.6,102.6,102.6,102.6,500,485.1,485.1,500,500,500,500,485.1,485.1,500,500,500,500,485.1,485.1,500,500,500,500,485.1,485.1,500,500,500,250,250
2036,6,180,204,900,500,500,500,500,500,500,500,500,500,500,500,500,500,500,500,500,500,500,500,500,500,500,500,500,500,500,485.1,485.1,500,500,500,500,475,396,150,500,750,301.5,503.464,689.866,211.375,211.375,580.544,580.544,795.522,795.522,100,100,500,500,325,300,250,500,250,349,349,349,349,349,349,349,349,349,349,349,349,349,323.5,323.5,481.75,481.75,481.75,399.5,472.5,472.5,349,349,116,271,50,50,50,50,50,50,50,50,50,50,50,500,500,500,100,100,500,500,323.5,460.7,460.7,460.7,460.7,96.1,96.1,96.1,96.1,500,485.1,485.1,500,500,500,500,485.1,485.1,500,500,500,500,485.1,485.1,500,500,500,500,485.1,485.1,500,500,500,250,250
2036,7,180,204,900,500,500,500,500,500,500,500,500,500,500,500,500,500,500,500,500,500,500,500,500,500,500,500,500,500,500,485.1,485.1,500,500,500,500,475,396,150,500,750,301.5,503.464,689.866,211.375,211.375,580.544,580.544,795.522,795.522,100,100,500,500,325,300,250,500,250,349,349,349,349,349,349,349,349,349,349,349,349,349,323.5,323.5,481.75,481.75,481.75,399.5,485.1,485.1,349,349,116,271,50,50,50,50,50,50,50,50,50,50,50,500,500,500,100,100,500,500,323.5,460.7,460.7,460.7,460.7,96.1,96.1,96.1,96.1,500,485.1,485.1,500,500,500,500,485.1,485.1,500,500,500,500,485.1,485.1,500,500,500,500,485.1,485.1,500,500,500,250,250
2036,8,180,204,900,500,500,500,500,500,500,500,500,500,500,500,500,500,500,500,500,500,500,500,500,500,500,500,500,500,500,485.1,485.1,500,500,500,500,475,396,150,500,750,301.5,503.464,689.866,211.375,211.375,580.544,580.544,795.522,795.522,100,100,500,500,325,300,250,500,250,349,349,349,349,349,349,349,349,349,349,349,349,349,323.5,323.5,481.75,481.75,481.75,399.5,485.1,485.1,349,349,116,271,50,50,50,50,50,50,50,50,50,50,50,500,500,500,100,100,500,500,323.5,460.7,460.7,460.7,460.7,96.1,96.1,96.1,96.1,500,485.1,485.1,500,500,500,500,485.1,485.1,500,500,500,500,485.1,485.1,500,500,500,500,485.1,485.1,500,500,500,250,250
2036,9,180,204,900,500,500,500,500,500,500,500,500,500,500,500,500,500,500,500,500,500,500,500,500,500,500,500,500,500,500,485.1,485.1,500,500,500,500,475,396,150,500,750,302.6,503.464,689.866,211.375,211.375,580.544,580.544,795.522,795.522,100,100,500,500,325,300,250,500,250,350.2,350.2,350.2,350.2,350.2,350.2,350.2,350.2,350.2,350.2,350.2,350.2,350.2,323.5,323.5,481.75,481.75,481.75,432.8,472.5,472.5,350.2,350.2,116,271,50,50,50,50,50,50,50,50,50,50,50,500,500,500,100,100,500,500,323.5,499.1,499.1,499.1,499.1,102.6,102.6,102.6,102.6,500,485.1,485.1,500,500,500,500,485.1,485.1,500,500,500,500,485.1,485.1,500,500,500,500,485.1,485.1,500,500,500,250,250
2036,10,180,204,900,500,500,500,500,500,500,500,500,500,500,500,500,500,500,500,500,500,500,500,500,500,500,500,500,500,500,485.1,485.1,500,500,500,500,475,396,150,500,750,306.7,530.244,726.561,218.05,218.05,611.424,611.424,837.837,837.837,100,100,500,500,325,300,250,500,250,355,355,355,355,355,355,355,355,355,355,355,355,355,323.5,323.5,507.375,507.375,507.375,448.2,472.5,472.5,355,355,116,271,50,50,50,50,50,50,50,50,50,50,50,500,500,500,100,100,500,500,323.5,516.8,516.8,516.8,516.8,102.2,102.2,102.2,102.2,500,485.1,485.1,500,500,500,500,485.1,485.1,500,500,500,500,485.1,485.1,500,500,500,500,485.1,485.1,500,500,500,250,250
2036,11,180,204,900,500,500,500,500,500,500,500,500,500,500,500,500,500,500,500,500,500,500,500,500,500,500,500,500,500,485,470.547,470.547,485,485,485,500,475,396,150,500,727.5,310.7,535.6,733.9,222.5,222.5,617.6,617.6,846.3,846.3,100,100,500,500,315.25,291,242.5,500,250,359.7,359.7,359.7,359.7,359.7,359.7,359.7,359.7,359.7,359.7,359.7,359.7,359.7,323.5,323.5,512.5,512.5,512.5,450.5,472.5,472.5,359.7,359.7,116,271,50,50,50,50,50,50,50,50,50,50,50,500,500,500,100,100,500,500,323.5,519.5,519.5,519.5,519.5,100.6,100.6,100.6,100.6,485,470.547,470.547,485,485,485,485,470.547,470.547,485,485,485,485,470.547,470.547,485,485,485,485,470.547,470.547,485,485,485,250,250
2036,12,180,204,900,500,500,500,500,500,500,500,500,500,500,500,500,500,500,500,500,500,500,500,500,500,500,500,500,500,485,470.547,470.547,485,485,485,500,475,396,150,500,727.5,310.7,535.6,733.9,222.5,222.5,617.6,617.6,846.3,846.3,100,100,500,500,315.25,291,242.5,500,250,359.7,359.7,359.7,359.7,359.7,359.7,359.7,359.7,359.7,359.7,359.7,359.7,359.7,323.5,323.5,512.5,512.5,512.5,452.9,472.5,472.5,359.7,359.7,116,271,50,50,50,50,50,50,50,50,50,50,50,500,500,500,100,100,500,500,323.5,522.3,522.3,522.3,522.3,101.3,101.3,101.3,101.3,485,470.547,470.547,485,485,485,485,470.547,470.547,485,485,485,485,470.547,470.547,485,485,485,485,470.547,470.547,485,485,485,250,250
2037,1,180,204,900,500,500,500,500,500,500,500,500,500,500,500,500,500,500,500,500,500,500,500,500,500,500,500,500,500,485,470.547,470.547,485,485,485,500,475,396,150,500,727.5,310.7,535.6,733.9,222.5,222.5,617.6,617.6,846.3,846.3,100,100,500,500,315.25,291,242.5,500,250,359.7,359.7,359.7,359.7,359.7,359.7,359.7,359.7,359.7,359.7,359.7,359.7,359.7,323.5,323.5,512.5,512.5,512.5,452.9,472.5,472.5,359.7,359.7,116,271,50,50,50,50,50,50,50,50,50,50,50,500,500,500,100,100,500,500,323.5,522.3,522.3,522.3,522.3,101.3,101.3,101.3,101.3,485,470.547,470.547,485,485,485,485,470.547,470.547,485,485,485,485,470.547,470.547,485,485,485,485,470.547,470.547,485,485,485,250,250
2037,2,180,204,900,500,500,500,500,500,500,500,500,500,500,500,500,500,500,500,500,500,500,500,500,500,500,500,500,500,485,470.547,470.547,485,485,485,500,475,396,150,500,727.5,310.7,535.6,733.9,222.5,222.5,617.6,617.6,846.3,846.3,100,100,500,500,315.25,291,242.5,500,250,359.7,359.7,359.7,359.7,359.7,359.7,359.7,359.7,359.7,359.7,359.7,359.7,359.7,323.5,323.5,512.5,512.5,512.5,452.9,472.5,472.5,359.7,359.7,116,271,50,50,50,50,50,50,50,50,50,50,50,500,500,500,100,100,500,500,323.5,522.3,522.3,522.3,522.3,101.3,101.3,101.3,101.3,485,470.547,470.547,485,485,485,485,470.547,470.547,485,485,485,485,470.547,470.547,485,485,485,485,470.547,470.547,485,485,485,250,250
2037,3,180,204,900,500,500,500,500,500,500,500,500,500,500,500,500,500,500,500,500,500,500,500,500,500,500,500,500,500,485,470.547,470.547,485,485,485,500,475,396,150,500,727.5,306.7,530.244,726.561,218.05,218.05,611.424,611.424,837.837,837.837,100,100,500,500,315.25,291,242.5,500,250,355,355,355,355,355,355,355,355,355,355,355,355,355,323.5,323.5,507.375,507.375,507.375,450.5,472.5,472.5,355,355,116,271,50,50,50,50,50,50,50,50,50,50,50,500,500,500,100,100,500,500,323.5,519.5,519.5,519.5,519.5,100.6,100.6,100.6,100.6,485,470.547,470.547,485,485,485,485,470.547,470.547,485,485,485,485,470.547,470.547,485,485,485,485,470.547,470.547,485,485,485,250,250
2037,4,180,204,900,500,500,500,500,500,500,500,500,500,500,500,500,500,500,500,500,500,500,500,500,500,500,500,500,500,485,470.547,470.547,485,485,485,500,475,396,150,500,727.5,306.7,530.244,726.561,218.05,218.05,611.424,611.424,837.837,837.837,100,100,500,500,315.25,291,242.5,500,250,355,355,355,355,355,355,355,355,355,355,355,355,355,323.5,323.5,507.375,507.375,507.375,448.2,472.5,472.5,355,355,116,271,50,50,50,50,50,50,50,50,50,50,50,500,500,500,100,100,500,500,323.5,516.8,516.8,516.8,516.8,102.2,102.2,102.2,102.2,485,470.547,470.547,485,485,485,485,470.547,470.547,485,485,485,485,470.547,470.547,485,485,485,485,470.547,470.547,485,485,485,250,250
2037,5,180,204,900,500,500,500,500,500,500,500,500,500,500,500,500,500,500,500,500,500,500,500,500,500,500,500,500,500,500,485.1,485.1,500,500,500,500,475,396,150,500,750,302.6,530.244,726.561,218.05,218.05,611.424,611.424,837.837,837.837,100,100,500,500,325,300,250,500,250,350.2,350.2,350.2,350.2,350.2,350.2,350.2,350.2,350.2,350.2,350.2,350.2,350.2,323.5,323.5,507.375,507.375,507.375,432.8,472.5,472.5,350.2,350.2,116,271,50,50,50,50,50,50,50,50,50,50,50,500,500,500,100,100,500,500,323.5,499.1,499.1,499.1,499.1,102.6,102.6,102.6,102.6,500,485.1,485.1,500,500,500,500,485.1,485.1,500,500,500,500,485.1,485.1,500,500,500,500,485.1,485.1,500,500,500,250,250
2037,6,180,204,900,500,500,500,500,500,500,500,500,500,500,500,500,500,500,500,500,500,500,500,500,500,500,500,500,500,500,485.1,485.1,500,500,500,500,475,396,150,500,750,301.5,503.464,689.866,211.375,211.375,580.544,580.544,795.522,795.522,100,100,500,500,325,300,250,500,250,349,349,349,349,349,349,349,349,349,349,349,349,349,323.5,323.5,481.75,481.75,481.75,399.5,472.5,472.5,349,349,116,271,50,50,50,50,50,50,50,50,50,50,50,500,500,500,100,100,500,500,323.5,460.7,460.7,460.7,460.7,96.1,96.1,96.1,96.1,500,485.1,485.1,500,500,500,500,485.1,485.1,500,500,500,500,485.1,485.1,500,500,500,500,485.1,485.1,500,500,500,250,250
2037,7,180,204,900,500,500,500,500,500,500,500,500,500,500,500,500,500,500,500,500,500,500,500,500,500,500,500,500,500,500,485.1,485.1,500,500,500,500,475,396,150,500,750,301.5,503.464,689.866,211.375,211.375,580.544,580.544,795.522,795.522,100,100,500,500,325,300,250,500,250,349,349,349,349,349,349,349,349,349,349,349,349,349,323.5,323.5,481.75,481.75,481.75,399.5,485.1,485.1,349,349,116,271,50,50,50,50,50,50,50,50,50,50,50,500,500,500,100,100,500,500,323.5,460.7,460.7,460.7,460.7,96.1,96.1,96.1,96.1,500,485.1,485.1,500,500,500,500,485.1,485.1,500,500,500,500,485.1,485.1,500,500,500,500,485.1,485.1,500,500,500,250,250
2037,8,180,204,900,500,500,500,500,500,500,500,500,500,500,500,500,500,500,500,500,500,500,500,500,500,500,500,500,500,500,485.1,485.1,500,500,500,500,475,396,150,500,750,301.5,503.464,689.866,211.375,211.375,580.544,580.544,795.522,795.522,100,100,500,500,325,300,250,500,250,349,349,349,349,349,349,349,349,349,349,349,349,349,323.5,323.5,481.75,481.75,481.75,399.5,485.1,485.1,349,349,116,271,50,50,50,50,50,50,50,50,50,50,50,500,500,500,100,100,500,500,323.5,460.7,460.7,460.7,460.7,96.1,96.1,96.1,96.1,500,485.1,485.1,500,500,500,500,485.1,485.1,500,500,500,500,485.1,485.1,500,500,500,500,485.1,485.1,500,500,500,250,250
2037,9,180,204,900,500,500,500,500,500,500,500,500,500,500,500,500,500,500,500,500,500,500,500,500,500,500,500,500,500,500,485.1,485.1,500,500,500,500,475,396,150,500,750,302.6,503.464,689.866,211.375,211.375,580.544,580.544,795.522,795.522,100,100,500,500,325,300,250,500,250,350.2,350.2,350.2,350.2,350.2,350.2,350.2,350.2,350.2,350.2,350.2,350.2,350.2,323.5,323.5,481.75,481.75,481.75,432.8,472.5,472.5,350.2,350.2,116,271,50,50,50,50,50,50,50,50,50,50,50,500,500,500,100,100,500,500,323.5,499.1,499.1,499.1,499.1,102.6,102.6,102.6,102.6,500,485.1,485.1,500,500,500,500,485.1,485.1,500,500,500,500,485.1,485.1,500,500,500,500,485.1,485.1,500,500,500,250,250
2037,10,180,204,900,500,500,500,500,500,500,500,500,500,500,500,500,500,500,500,500,500,500,500,500,500,500,500,500,500,500,485.1,485.1,500,500,500,500,475,396,150,500,750,306.7,530.244,726.561,218.05,218.05,611.424,611.424,837.837,837.837,100,100,500,500,325,300,250,500,250,355,355,355,355,355,355,355,355,355,355,355,355,355,323.5,323.5,507.375,507.375,507.375,448.2,472.5,472.5,355,355,116,271,50,50,50,50,50,50,50,50,50,50,50,500,500,500,100,100,500,500,323.5,516.8,516.8,516.8,516.8,102.2,102.2,102.2,102.2,500,485.1,485.1,500,500,500,500,485.1,485.1,500,500,500,500,485.1,485.1,500,500,500,500,485.1,485.1,500,500,500,250,250
2037,11,180,204,900,500,500,500,500,500,500,500,500,500,500,500,500,500,500,500,500,500,500,500,500,500,500,500,500,500,485,470.547,470.547,485,485,485,500,475,396,150,500,727.5,310.7,535.6,733.9,222.5,222.5,617.6,617.6,846.3,846.3,100,100,500,500,315.25,291,242.5,500,250,359.7,359.7,359.7,359.7,359.7,359.7,359.7,359.7,359.7,359.7,359.7,359.7,359.7,323.5,323.5,512.5,512.5,512.5,450.5,472.5,472.5,359.7,359.7,116,271,50,50,50,50,50,50,50,50,50,50,50,500,500,500,100,100,500,500,323.5,519.5,519.5,519.5,519.5,100.6,100.6,100.6,100.6,485,470.547,470.547,485,485,485,485,470.547,470.547,485,485,485,485,470.547,470.547,485,485,485,485,470.547,470.547,485,485,485,250,250
2037,12,180,204,900,500,500,500,500,500,500,500,500,500,500,500,500,500,500,500,500,500,500,500,500,500,500,500,500,500,485,470.547,470.547,485,485,485,500,475,396,150,500,727.5,310.7,535.6,733.9,222.5,222.5,617.6,617.6,846.3,846.3,100,100,500,500,315.25,291,242.5,500,250,359.7,359.7,359.7,359.7,359.7,359.7,359.7,359.7,359.7,359.7,359.7,359.7,359.7,323.5,323.5,512.5,512.5,512.5,452.9,472.5,472.5,359.7,359.7,116,271,50,50,50,50,50,50,50,50,50,50,50,500,500,500,100,100,500,500,323.5,522.3,522.3,522.3,522.3,101.3,101.3,101.3,101.3,485,470.547,470.547,485,485,485,485,470.547,470.547,485,485,485,485,470.547,470.547,485,485,485,485,470.547,470.547,485,485,485,250,250
2038,1,180,204,900,500,500,500,500,500,500,500,500,500,500,500,500,500,500,500,500,500,500,500,500,500,500,500,500,500,485,470.547,470.547,485,485,485,500,475,396,150,500,727.5,310.7,535.6,733.9,222.5,222.5,617.6,617.6,846.3,846.3,100,100,500,500,315.25,291,242.5,500,250,359.7,359.7,359.7,359.7,359.7,359.7,359.7,359.7,359.7,359.7,359.7,359.7,359.7,323.5,323.5,512.5,512.5,512.5,452.9,472.5,472.5,359.7,359.7,116,271,50,50,50,50,50,50,50,50,50,50,50,500,500,500,100,100,500,500,323.5,522.3,522.3,522.3,522.3,101.3,101.3,101.3,101.3,485,470.547,470.547,485,485,485,485,470.547,470.547,485,485,485,485,470.547,470.547,485,485,485,485,470.547,470.547,485,485,485,250,250
2038,2,180,204,900,500,500,500,500,500,500,500,500,500,500,500,500,500,500,500,500,500,500,500,500,500,500,500,500,500,485,470.547,470.547,485,485,485,500,475,396,150,500,727.5,310.7,535.6,733.9,222.5,222.5,617.6,617.6,846.3,846.3,100,100,500,500,315.25,291,242.5,500,250,359.7,359.7,359.7,359.7,359.7,359.7,359.7,359.7,359.7,359.7,359.7,359.7,359.7,323.5,323.5,512.5,512.5,512.5,452.9,472.5,472.5,359.7,359.7,116,271,50,50,50,50,50,50,50,50,50,50,50,500,500,500,100,100,500,500,323.5,522.3,522.3,522.3,522.3,101.3,101.3,101.3,101.3,485,470.547,470.547,485,485,485,485,470.547,470.547,485,485,485,485,470.547,470.547,485,485,485,485,470.547,470.547,485,485,485,250,250
2038,3,180,204,900,500,500,500,500,500,500,500,500,500,500,500,500,500,500,500,500,500,500,500,500,500,500,500,500,500,485,470.547,470.547,485,485,485,500,475,396,150,500,727.5,306.7,530.244,726.561,218.05,218.05,611.424,611.424,837.837,837.837,100,100,500,500,315.25,291,242.5,500,250,355,355,355,355,355,355,355,355,355,355,355,355,355,323.5,323.5,507.375,507.375,507.375,450.5,472.5,472.5,355,355,116,271,50,50,50,50,50,50,50,50,50,50,50,500,500,500,100,100,500,500,323.5,519.5,519.5,519.5,519.5,100.6,100.6,100.6,100.6,485,470.547,470.547,485,485,485,485,470.547,470.547,485,485,485,485,470.547,470.547,485,485,485,485,470.547,470.547,485,485,485,250,250
2038,4,180,204,900,500,500,500,500,500,500,500,500,500,500,500,500,500,500,500,500,500,500,500,500,500,500,500,500,500,485,470.547,470.547,485,485,485,500,475,396,150,500,727.5,306.7,530.244,726.561,218.05,218.05,611.424,611.424,837.837,837.837,100,100,500,500,315.25,291,242.5,500,250,355,355,355,355,355,355,355,355,355,355,355,355,355,323.5,323.5,507.375,507.375,507.375,448.2,472.5,472.5,355,355,116,271,50,50,50,50,50,50,50,50,50,50,50,500,500,500,100,100,500,500,323.5,516.8,516.8,516.8,516.8,102.2,102.2,102.2,102.2,485,470.547,470.547,485,485,485,485,470.547,470.547,485,485,485,485,470.547,470.547,485,485,485,485,470.547,470.547,485,485,485,250,250
2038,5,180,204,900,500,500,500,500,500,500,500,500,500,500,500,500,500,500,500,500,500,500,500,500,500,500,500,500,500,500,485.1,485.1,500,500,500,500,475,396,150,500,750,302.6,530.244,726.561,218.05,218.05,611.424,611.424,837.837,837.837,100,100,500,500,325,300,250,500,250,350.2,350.2,350.2,350.2,350.2,350.2,350.2,350.2,350.2,350.2,350.2,350.2,350.2,323.5,323.5,507.375,507.375,507.375,432.8,472.5,472.5,350.2,350.2,116,271,50,50,50,50,50,50,50,50,50,50,50,500,500,500,100,100,500,500,323.5,499.1,499.1,499.1,499.1,102.6,102.6,102.6,102.6,500,485.1,485.1,500,500,500,500,485.1,485.1,500,500,500,500,485.1,485.1,500,500,500,500,485.1,485.1,500,500,500,250,250
2038,6,180,204,900,500,500,500,500,500,500,500,500,500,500,500,500,500,500,500,500,500,500,500,500,500,500,500,500,500,500,485.1,485.1,500,500,500,500,475,396,150,500,750,301.5,503.464,689.866,211.375,211.375,580.544,580.544,795.522,795.522,100,100,500,500,325,300,250,500,250,349,349,349,349,349,349,349,349,349,349,349,349,349,323.5,323.5,481.75,481.75,481.75,399.5,472.5,472.5,349,349,116,271,50,50,50,50,50,50,50,50,50,50,50,500,500,500,100,100,500,500,323.5,460.7,460.7,460.7,460.7,96.1,96.1,96.1,96.1,500,485.1,485.1,500,500,500,500,485.1,485.1,500,500,500,500,485.1,485.1,500,500,500,500,485.1,485.1,500,500,500,250,250
2038,7,180,204,900,500,500,500,500,500,500,500,500,500,500,500,500,500,500,500,500,500,500,500,500,500,500,500,500,500,500,485.1,485.1,500,500,500,500,475,396,150,500,750,301.5,503.464,689.866,211.375,211.375,580.544,580.544,795.522,795.522,100,100,500,500,325,300,250,500,250,349,349,349,349,349,349,349,349,349,349,349,349,349,323.5,323.5,481.75,481.75,481.75,399.5,485.1,485.1,349,349,116,271,50,50,50,50,50,50,50,50,50,50,50,500,500,500,100,100,500,500,323.5,460.7,460.7,460.7,460.7,96.1,96.1,96.1,96.1,500,485.1,485.1,500,500,500,500,485.1,485.1,500,500,500,500,485.1,485.1,500,500,500,500,485.1,485.1,500,500,500,250,250
2038,8,180,204,900,500,500,500,500,500,500,500,500,500,500,500,500,500,500,500,500,500,500,500,500,500,500,500,500,500,500,485.1,485.1,500,500,500,500,475,396,150,500,750,301.5,503.464,689.866,211.375,211.375,580.544,580.544,795.522,795.522,100,100,500,500,325,300,250,500,250,349,349,349,349,349,349,349,349,349,349,349,349,349,323.5,323.5,481.75,481.75,481.75,399.5,485.1,485.1,349,349,116,271,50,50,50,50,50,50,50,50,50,50,50,500,500,500,100,100,500,500,323.5,460.7,460.7,460.7,460.7,96.1,96.1,96.1,96.1,500,485.1,485.1,500,500,500,500,485.1,485.1,500,500,500,500,485.1,485.1,500,500,500,500,485.1,485.1,500,500,500,250,250
2038,9,180,204,900,500,500,500,500,500,500,500,500,500,500,500,500,500,500,500,500,500,500,500,500,500,500,500,500,500,500,485.1,485.1,500,500,500,500,475,396,150,500,750,302.6,503.464,689.866,211.375,211.375,580.544,580.544,795.522,795.522,100,100,500,500,325,300,250,500,250,350.2,350.2,350.2,350.2,350.2,350.2,350.2,350.2,350.2,350.2,350.2,350.2,350.2,323.5,323.5,481.75,481.75,481.75,432.8,472.5,472.5,350.2,350.2,116,271,50,50,50,50,50,50,50,50,50,50,50,500,500,500,100,100,500,500,323.5,499.1,499.1,499.1,499.1,102.6,102.6,102.6,102.6,500,485.1,485.1,500,500,500,500,485.1,485.1,500,500,500,500,485.1,485.1,500,500,500,500,485.1,485.1,500,500,500,250,250
2038,10,180,204,900,500,500,500,500,500,500,500,500,500,500,500,500,500,500,500,500,500,500,500,500,500,500,500,500,500,500,485.1,485.1,500,500,500,500,475,396,150,500,750,306.7,530.244,726.561,218.05,218.05,611.424,611.424,837.837,837.837,100,100,500,500,325,300,250,500,250,355,355,355,355,355,355,355,355,355,355,355,355,355,323.5,323.5,507.375,507.375,507.375,448.2,472.5,472.5,355,355,116,271,50,50,50,50,50,50,50,50,50,50,50,500,500,500,100,100,500,500,323.5,516.8,516.8,516.8,516.8,102.2,102.2,102.2,102.2,500,485.1,485.1,500,500,500,500,485.1,485.1,500,500,500,500,485.1,485.1,500,500,500,500,485.1,485.1,500,500,500,250,250
2038,11,180,204,900,500,500,500,500,500,500,500,500,500,500,500,500,500,500,500,500,500,500,500,500,500,500,500,500,500,485,470.547,470.547,485,485,485,500,475,396,150,500,727.5,310.7,535.6,733.9,222.5,222.5,617.6,617.6,846.3,846.3,100,100,500,500,315.25,291,242.5,500,250,359.7,359.7,359.7,359.7,359.7,359.7,359.7,359.7,359.7,359.7,359.7,359.7,359.7,323.5,323.5,512.5,512.5,512.5,450.5,472.5,472.5,359.7,359.7,116,271,50,50,50,50,50,50,50,50,50,50,50,500,500,500,100,100,500,500,323.5,519.5,519.5,519.5,519.5,100.6,100.6,100.6,100.6,485,470.547,470.547,485,485,485,485,470.547,470.547,485,485,485,485,470.547,470.547,485,485,485,485,470.547,470.547,485,485,485,250,250
2038,12,180,204,900,500,500,500,500,500,500,500,500,500,500,500,500,500,500,500,500,500,500,500,500,500,500,500,500,500,485,470.547,470.547,485,485,485,500,475,396,150,500,727.5,310.7,535.6,733.9,222.5,222.5,617.6,617.6,846.3,846.3,100,100,500,500,315.25,291,242.5,500,250,359.7,359.7,359.7,359.7,359.7,359.7,359.7,359.7,359.7,359.7,359.7,359.7,359.7,323.5,323.5,512.5,512.5,512.5,452.9,472.5,472.5,359.7,359.7,116,271,50,50,50,50,50,50,50,50,50,50,50,500,500,500,100,100,500,500,323.5,522.3,522.3,522.3,522.3,101.3,101.3,101.3,101.3,485,470.547,470.547,485,485,485,485,470.547,470.547,485,485,485,485,470.547,470.547,485,485,485,485,470.547,470.547,485,485,485,250,250
2039,1,180,204,900,500,500,500,500,500,500,500,500,500,500,500,500,500,500,500,500,500,500,500,500,500,500,500,500,500,485,470.547,470.547,485,485,485,500,475,396,150,500,727.5,310.7,535.6,733.9,222.5,222.5,617.6,617.6,846.3,846.3,100,100,500,500,315.25,291,242.5,500,250,359.7,359.7,359.7,359.7,359.7,359.7,359.7,359.7,359.7,359.7,359.7,359.7,359.7,323.5,323.5,512.5,512.5,512.5,452.9,472.5,472.5,359.7,359.7,116,271,50,50,50,50,50,50,50,50,50,50,50,500,500,500,100,100,500,500,323.5,522.3,522.3,522.3,522.3,101.3,101.3,101.3,101.3,485,470.547,470.547,485,485,485,485,470.547,470.547,485,485,485,485,470.547,470.547,485,485,485,485,470.547,470.547,485,485,485,250,250
2039,2,180,204,900,500,500,500,500,500,500,500,500,500,500,500,500,500,500,500,500,500,500,500,500,500,500,500,500,500,485,470.547,470.547,485,485,485,500,475,396,150,500,727.5,310.7,535.6,733.9,222.5,222.5,617.6,617.6,846.3,846.3,100,100,500,500,315.25,291,242.5,500,250,359.7,359.7,359.7,359.7,359.7,359.7,359.7,359.7,359.7,359.7,359.7,359.7,359.7,323.5,323.5,512.5,512.5,512.5,452.9,472.5,472.5,359.7,359.7,116,271,50,50,50,50,50,50,50,50,50,50,50,500,500,500,100,100,500,500,323.5,522.3,522.3,522.3,522.3,101.3,101.3,101.3,101.3,485,470.547,470.547,485,485,485,485,470.547,470.547,485,485,485,485,470.547,470.547,485,485,485,485,470.547,470.547,485,485,485,250,250
2039,3,180,204,900,500,500,500,500,500,500,500,500,500,500,500,500,500,500,500,500,500,500,500,500,500,500,500,500,500,485,470.547,470.547,485,485,485,500,475,396,150,500,727.5,306.7,530.244,726.561,218.05,218.05,611.424,611.424,837.837,837.837,100,100,500,500,315.25,291,242.5,500,250,355,355,355,355,355,355,355,355,355,355,355,355,355,323.5,323.5,507.375,507.375,507.375,450.5,472.5,472.5,355,355,116,271,50,50,50,50,50,50,50,50,50,50,50,500,500,500,100,100,500,500,323.5,519.5,519.5,519.5,519.5,100.6,100.6,100.6,100.6,485,470.547,470.547,485,485,485,485,470.547,470.547,485,485,485,485,470.547,470.547,485,485,485,485,470.547,470.547,485,485,485,250,250
2039,4,180,204,900,500,500,500,500,500,500,500,500,500,500,500,500,500,500,500,500,500,500,500,500,500,500,500,500,500,485,470.547,470.547,485,485,485,500,475,396,150,500,727.5,306.7,530.244,726.561,218.05,218.05,611.424,611.424,837.837,837.837,100,100,500,500,315.25,291,242.5,500,250,355,355,355,355,355,355,355,355,355,355,355,355,355,323.5,323.5,507.375,507.375,507.375,448.2,472.5,472.5,355,355,116,271,50,50,50,50,50,50,50,50,50,50,50,500,500,500,100,100,500,500,323.5,516.8,516.8,516.8,516.8,102.2,102.2,102.2,102.2,485,470.547,470.547,485,485,485,485,470.547,470.547,485,485,485,485,470.547,470.547,485,485,485,485,470.547,470.547,485,485,485,250,250
2039,5,180,204,900,500,500,500,500,500,500,500,500,500,500,500,500,500,500,500,500,500,500,500,500,500,500,500,500,500,500,485.1,485.1,500,500,500,500,475,396,150,500,750,302.6,530.244,726.561,218.05,218.05,611.424,611.424,837.837,837.837,100,100,500,500,325,300,250,500,250,350.2,350.2,350.2,350.2,350.2,350.2,350.2,350.2,350.2,350.2,350.2,350.2,350.2,323.5,323.5,507.375,507.375,507.375,432.8,472.5,472.5,350.2,350.2,116,271,50,50,50,50,50,50,50,50,50,50,50,500,500,500,100,100,500,500,323.5,499.1,499.1,499.1,499.1,102.6,102.6,102.6,102.6,500,485.1,485.1,500,500,500,500,485.1,485.1,500,500,500,500,485.1,485.1,500,500,500,500,485.1,485.1,500,500,500,250,250
2039,6,180,204,900,500,500,500,500,500,500,500,500,500,500,500,500,500,500,500,500,500,500,500,500,500,500,500,500,500,500,485.1,485.1,500,500,500,500,475,396,150,500,750,301.5,503.464,689.866,211.375,211.375,580.544,580.544,795.522,795.522,100,100,500,500,325,300,250,500,250,349,349,349,349,349,349,349,349,349,349,349,349,349,323.5,323.5,481.75,481.75,481.75,399.5,472.5,472.5,349,349,116,271,50,50,50,50,50,50,50,50,50,50,50,500,500,500,100,100,500,500,323.5,460.7,460.7,460.7,460.7,96.1,96.1,96.1,96.1,500,485.1,485.1,500,500,500,500,485.1,485.1,500,500,500,500,485.1,485.1,500,500,500,500,485.1,485.1,500,500,500,250,250
2039,7,180,204,900,500,500,500,500,500,500,500,500,500,500,500,500,500,500,500,500,500,500,500,500,500,500,500,500,500,500,485.1,485.1,500,500,500,500,475,396,150,500,750,301.5,503.464,689.866,211.375,211.375,580.544,580.544,795.522,795.522,100,100,500,500,325,300,250,500,250,349,349,349,349,349,349,349,349,349,349,349,349,349,323.5,323.5,481.75,481.75,481.75,399.5,485.1,485.1,349,349,116,271,50,50,50,50,50,50,50,50,50,50,50,500,500,500,100,100,500,500,323.5,460.7,460.7,460.7,460.7,96.1,96.1,96.1,96.1,500,485.1,485.1,500,500,500,500,485.1,485.1,500,500,500,500,485.1,485.1,500,500,500,500,485.1,485.1,500,500,500,250,250
2039,8,180,204,900,500,500,500,500,500,500,500,500,500,500,500,500,500,500,500,500,500,500,500,500,500,500,500,500,500,500,485.1,485.1,500,500,500,500,475,396,150,500,750,301.5,503.464,689.866,211.375,211.375,580.544,580.544,795.522,795.522,100,100,500,500,325,300,250,500,250,349,349,349,349,349,349,349,349,349,349,349,349,349,323.5,323.5,481.75,481.75,481.75,399.5,485.1,485.1,349,349,116,271,50,50,50,50,50,50,50,50,50,50,50,500,500,500,100,100,500,500,323.5,460.7,460.7,460.7,460.7,96.1,96.1,96.1,96.1,500,485.1,485.1,500,500,500,500,485.1,485.1,500,500,500,500,485.1,485.1,500,500,500,500,485.1,485.1,500,500,500,250,250
2039,9,180,204,900,500,500,500,500,500,500,500,500,500,500,500,500,500,500,500,500,500,500,500,500,500,500,500,500,500,500,485.1,485.1,500,500,500,500,475,396,150,500,750,302.6,503.464,689.866,211.375,211.375,580.544,580.544,795.522,795.522,100,100,500,500,325,300,250,500,250,350.2,350.2,350.2,350.2,350.2,350.2,350.2,350.2,350.2,350.2,350.2,350.2,350.2,323.5,323.5,481.75,481.75,481.75,432.8,472.5,472.5,350.2,350.2,116,271,50,50,50,50,50,50,50,50,50,50,50,500,500,500,100,100,500,500,323.5,499.1,499.1,499.1,499.1,102.6,102.6,102.6,102.6,500,485.1,485.1,500,500,500,500,485.1,485.1,500,500,500,500,485.1,485.1,500,500,500,500,485.1,485.1,500,500,500,250,250
2039,10,180,204,900,500,500,500,500,500,500,500,500,500,500,500,500,500,500,500,500,500,500,500,500,500,500,500,500,500,500,485.1,485.1,500,500,500,500,475,396,150,500,750,306.7,530.244,726.561,218.05,218.05,611.424,611.424,837.837,837.837,100,100,500,500,325,300,250,500,250,355,355,355,355,355,355,355,355,355,355,355,355,355,323.5,323.5,507.375,507.375,507.375,448.2,472.5,472.5,355,355,116,271,50,50,50,50,50,50,50,50,50,50,50,500,500,500,100,100,500,500,323.5,516.8,516.8,516.8,516.8,102.2,102.2,102.2,102.2,500,485.1,485.1,500,500,500,500,485.1,485.1,500,500,500,500,485.1,485.1,500,500,500,500,485.1,485.1,500,500,500,250,250
2039,11,180,204,900,500,500,500,500,500,500,500,500,500,500,500,500,500,500,500,500,500,500,500,500,500,500,500,500,500,485,470.547,470.547,485,485,485,500,475,396,150,500,727.5,310.7,535.6,733.9,222.5,222.5,617.6,617.6,846.3,846.3,100,100,500,500,315.25,291,242.5,500,250,359.7,359.7,359.7,359.7,359.7,359.7,359.7,359.7,359.7,359.7,359.7,359.7,359.7,323.5,323.5,512.5,512.5,512.5,450.5,472.5,472.5,359.7,359.7,116,271,50,50,50,50,50,50,50,50,50,50,50,500,500,500,100,100,500,500,323.5,519.5,519.5,519.5,519.5,100.6,100.6,100.6,100.6,485,470.547,470.547,485,485,485,485,470.547,470.547,485,485,485,485,470.547,470.547,485,485,485,485,470.547,470.547,485,485,485,250,250
2039,12,180,204,900,500,500,500,500,500,500,500,500,500,500,500,500,500,500,500,500,500,500,500,500,500,500,500,500,500,485,470.547,470.547,485,485,485,500,475,396,150,500,727.5,310.7,535.6,733.9,222.5,222.5,617.6,617.6,846.3,846.3,100,100,500,500,315.25,291,242.5,500,250,359.7,359.7,359.7,359.7,359.7,359.7,359.7,359.7,359.7,359.7,359.7,359.7,359.7,323.5,323.5,512.5,512.5,512.5,452.9,472.5,472.5,359.7,359.7,116,271,50,50,50,50,50,50,50,50,50,50,50,500,500,500,100,100,500,500,323.5,522.3,522.3,522.3,522.3,101.3,101.3,101.3,101.3,485,470.547,470.547,485,485,485,485,470.547,470.547,485,485,485,485,470.547,470.547,485,485,485,485,470.547,470.547,485,485,485,250,250
2040,1,180,204,900,500,500,500,500,500,500,500,500,500,500,500,500,500,500,500,500,500,500,500,500,500,500,500,500,500,485,470.547,470.547,485,485,485,500,475,396,150,500,727.5,310.7,535.6,733.9,222.5,222.5,617.6,617.6,846.3,846.3,100,100,500,500,315.25,291,242.5,500,250,359.7,359.7,359.7,359.7,359.7,359.7,359.7,359.7,359.7,359.7,359.7,359.7,359.7,323.5,323.5,512.5,512.5,512.5,452.9,472.5,472.5,359.7,359.7,116,271,50,50,50,50,50,50,50,50,50,50,50,500,500,500,100,100,500,500,323.5,522.3,522.3,522.3,522.3,101.3,101.3,101.3,101.3,485,470.547,470.547,485,485,485,485,470.547,470.547,485,485,485,485,470.547,470.547,485,485,485,485,470.547,470.547,485,485,485,250,250
2040,2,180,204,900,500,500,500,500,500,500,500,500,500,500,500,500,500,500,500,500,500,500,500,500,500,500,500,500,500,485,470.547,470.547,485,485,485,500,475,396,150,500,727.5,310.7,535.6,733.9,222.5,222.5,617.6,617.6,846.3,846.3,100,100,500,500,315.25,291,242.5,500,250,359.7,359.7,359.7,359.7,359.7,359.7,359.7,359.7,359.7,359.7,359.7,359.7,359.7,323.5,323.5,512.5,512.5,512.5,452.9,472.5,472.5,359.7,359.7,116,271,50,50,50,50,50,50,50,50,50,50,50,500,500,500,100,100,500,500,323.5,522.3,522.3,522.3,522.3,101.3,101.3,101.3,101.3,485,470.547,470.547,485,485,485,485,470.547,470.547,485,485,485,485,470.547,470.547,485,485,485,485,470.547,470.547,485,485,485,250,250
2040,3,180,204,900,500,500,500,500,500,500,500,500,500,500,500,500,500,500,500,500,500,500,500,500,500,500,500,500,500,485,470.547,470.547,485,485,485,500,475,396,150,500,727.5,306.7,530.244,726.561,218.05,218.05,611.424,611.424,837.837,837.837,100,100,500,500,315.25,291,242.5,500,250,355,355,355,355,355,355,355,355,355,355,355,355,355,323.5,323.5,507.375,507.375,507.375,450.5,472.5,472.5,355,355,116,271,50,50,50,50,50,50,50,50,50,50,50,500,500,500,100,100,500,500,323.5,519.5,519.5,519.5,519.5,100.6,100.6,100.6,100.6,485,470.547,470.547,485,485,485,485,470.547,470.547,485,485,485,485,470.547,470.547,485,485,485,485,470.547,470.547,485,485,485,250,250
2040,4,180,204,900,500,500,500,500,500,500,500,500,500,500,500,500,500,500,500,500,500,500,500,500,500,500,500,500,500,485,470.547,470.547,485,485,485,500,475,396,150,500,727.5,306.7,530.244,726.561,218.05,218.05,611.424,611.424,837.837,837.837,100,100,500,500,315.25,291,242.5,500,250,355,355,355,355,355,355,355,355,355,355,355,355,355,323.5,323.5,507.375,507.375,507.375,448.2,472.5,472.5,355,355,116,271,50,50,50,50,50,50,50,50,50,50,50,500,500,500,100,100,500,500,323.5,516.8,516.8,516.8,516.8,102.2,102.2,102.2,102.2,485,470.547,470.547,485,485,485,485,470.547,470.547,485,485,485,485,470.547,470.547,485,485,485,485,470.547,470.547,485,485,485,250,250
2040,5,180,204,900,500,500,500,500,500,500,500,500,500,500,500,500,500,500,500,500,500,500,500,500,500,500,500,500,500,500,485.1,485.1,500,500,500,500,475,396,150,500,750,302.6,530.244,726.561,218.05,218.05,611.424,611.424,837.837,837.837,100,100,500,500,325,300,250,500,250,350.2,350.2,350.2,350.2,350.2,350.2,350.2,350.2,350.2,350.2,350.2,350.2,350.2,323.5,323.5,507.375,507.375,507.375,432.8,472.5,472.5,350.2,350.2,116,271,50,50,50,50,50,50,50,50,50,50,50,500,500,500,100,100,500,500,323.5,499.1,499.1,499.1,499.1,102.6,102.6,102.6,102.6,500,485.1,485.1,500,500,500,500,485.1,485.1,500,500,500,500,485.1,485.1,500,500,500,500,485.1,485.1,500,500,500,250,250
2040,6,180,204,900,500,500,500,500,500,500,500,500,500,500,500,500,500,500,500,500,500,500,500,500,500,500,500,500,500,500,485.1,485.1,500,500,500,500,475,396,150,500,750,301.5,503.464,689.866,211.375,211.375,580.544,580.544,795.522,795.522,100,100,500,500,325,300,250,500,250,349,349,349,349,349,349,349,349,349,349,349,349,349,323.5,323.5,481.75,481.75,481.75,399.5,472.5,472.5,349,349,116,271,50,50,50,50,50,50,50,50,50,50,50,500,500,500,100,100,500,500,323.5,460.7,460.7,460.7,460.7,96.1,96.1,96.1,96.1,500,485.1,485.1,500,500,500,500,485.1,485.1,500,500,500,500,485.1,485.1,500,500,500,500,485.1,485.1,500,500,500,250,250
2040,7,180,204,900,500,500,500,500,500,500,500,500,500,500,500,500,500,500,500,500,500,500,500,500,500,500,500,500,500,500,485.1,485.1,500,500,500,500,475,396,150,500,750,301.5,503.464,689.866,211.375,211.375,580.544,580.544,795.522,795.522,100,100,500,500,325,300,250,500,250,349,349,349,349,349,349,349,349,349,349,349,349,349,323.5,323.5,481.75,481.75,481.75,399.5,485.1,485.1,349,349,116,271,50,50,50,50,50,50,50,50,50,50,50,500,500,500,100,100,500,500,323.5,460.7,460.7,460.7,460.7,96.1,96.1,96.1,96.1,500,485.1,485.1,500,500,500,500,485.1,485.1,500,500,500,500,485.1,485.1,500,500,500,500,485.1,485.1,500,500,500,250,250
2040,8,180,204,900,500,500,500,500,500,500,500,500,500,500,500,500,500,500,500,500,500,500,500,500,500,500,500,500,500,500,485.1,485.1,500,500,500,500,475,396,150,500,750,301.5,503.464,689.866,211.375,211.375,580.544,580.544,795.522,795.522,100,100,500,500,325,300,250,500,250,349,349,349,349,349,349,349,349,349,349,349,349,349,323.5,323.5,481.75,481.75,481.75,399.5,485.1,485.1,349,349,116,271,50,50,50,50,50,50,50,50,50,50,50,500,500,500,100,100,500,500,323.5,460.7,460.7,460.7,460.7,96.1,96.1,96.1,96.1,500,485.1,485.1,500,500,500,500,485.1,485.1,500,500,500,500,485.1,485.1,500,500,500,500,485.1,485.1,500,500,500,250,250
2040,9,180,204,900,500,500,500,500,500,500,500,500,500,500,500,500,500,500,500,500,500,500,500,500,500,500,500,500,500,500,485.1,485.1,500,500,500,500,475,396,150,500,750,302.6,503.464,689.866,211.375,211.375,580.544,580.544,795.522,795.522,100,100,500,500,325,300,250,500,250,350.2,350.2,350.2,350.2,350.2,350.2,350.2,350.2,350.2,350.2,350.2,350.2,350.2,323.5,323.5,481.75,481.75,481.75,432.8,472.5,472.5,350.2,350.2,116,271,50,50,50,50,50,50,50,50,50,50,50,500,500,500,100,100,500,500,323.5,499.1,499.1,499.1,499.1,102.6,102.6,102.6,102.6,500,485.1,485.1,500,500,500,500,485.1,485.1,500,500,500,500,485.1,485.1,500,500,500,500,485.1,485.1,500,500,500,250,250
2040,10,180,204,900,500,500,500,500,500,500,500,500,500,500,500,500,500,500,500,500,500,500,500,500,500,500,500,500,500,500,485.1,485.1,500,500,500,500,475,396,150,500,750,306.7,530.244,726.561,218.05,218.05,611.424,611.424,837.837,837.837,100,100,500,500,325,300,250,500,250,355,355,355,355,355,355,355,355,355,355,355,355,355,323.5,323.5,507.375,507.375,507.375,448.2,472.5,472.5,355,355,116,271,50,50,50,50,50,50,50,50,50,50,50,500,500,500,100,100,500,500,323.5,516.8,516.8,516.8,516.8,102.2,102.2,102.2,102.2,500,485.1,485.1,500,500,500,500,485.1,485.1,500,500,500,500,485.1,485.1,500,500,500,500,485.1,485.1,500,500,500,250,250
2040,11,180,204,900,500,500,500,500,500,500,500,500,500,500,500,500,500,500,500,500,500,500,500,500,500,500,500,500,500,485,470.547,470.547,485,485,485,500,475,396,150,500,727.5,310.7,535.6,733.9,222.5,222.5,617.6,617.6,846.3,846.3,100,100,500,500,315.25,291,242.5,500,250,359.7,359.7,359.7,359.7,359.7,359.7,359.7,359.7,359.7,359.7,359.7,359.7,359.7,323.5,323.5,512.5,512.5,512.5,450.5,472.5,472.5,359.7,359.7,116,271,50,50,50,50,50,50,50,50,50,50,50,500,500,500,100,100,500,500,323.5,519.5,519.5,519.5,519.5,100.6,100.6,100.6,100.6,485,470.547,470.547,485,485,485,485,470.547,470.547,485,485,485,485,470.547,470.547,485,485,485,485,470.547,470.547,485,485,485,250,250
2040,12,180,204,900,500,500,500,500,500,500,500,500,500,500,500,500,500,500,500,500,500,500,500,500,500,500,500,500,500,485,470.547,470.547,485,485,485,500,475,396,150,500,727.5,310.7,535.6,733.9,222.5,222.5,617.6,617.6,846.3,846.3,100,100,500,500,315.25,291,242.5,500,250,359.7,359.7,359.7,359.7,359.7,359.7,359.7,359.7,359.7,359.7,359.7,359.7,359.7,323.5,323.5,512.5,512.5,512.5,452.9,472.5,472.5,359.7,359.7,116,271,50,50,50,50,50,50,50,50,50,50,50,500,500,500,100,100,500,500,323.5,522.3,522.3,522.3,522.3,101.3,101.3,101.3,101.3,485,470.547,470.547,485,485,485,485,470.547,470.547,485,485,485,485,470.547,470.547,485,485,485,485,470.547,470.547,485,485,485,250,250
2041,1,180,204,900,500,500,500,500,500,500,500,500,500,500,500,500,500,500,500,500,500,500,500,500,500,500,500,500,500,485,470.547,470.547,485,485,485,500,475,396,150,500,727.5,310.7,535.6,733.9,222.5,222.5,617.6,617.6,846.3,846.3,100,100,500,500,315.25,291,242.5,500,250,359.7,359.7,359.7,359.7,359.7,359.7,359.7,359.7,359.7,359.7,359.7,359.7,359.7,323.5,323.5,512.5,512.5,512.5,452.9,472.5,472.5,359.7,359.7,116,271,50,50,50,50,50,50,50,50,50,50,50,500,500,500,100,100,500,500,323.5,522.3,522.3,522.3,522.3,101.3,101.3,101.3,101.3,485,470.547,470.547,485,485,485,485,470.547,470.547,485,485,485,485,470.547,470.547,485,485,485,485,470.547,470.547,485,485,485,250,250
2041,2,180,204,900,500,500,500,500,500,500,500,500,500,500,500,500,500,500,500,500,500,500,500,500,500,500,500,500,500,485,470.547,470.547,485,485,485,500,475,396,150,500,727.5,310.7,535.6,733.9,222.5,222.5,617.6,617.6,846.3,846.3,100,100,500,500,315.25,291,242.5,500,250,359.7,359.7,359.7,359.7,359.7,359.7,359.7,359.7,359.7,359.7,359.7,359.7,359.7,323.5,323.5,512.5,512.5,512.5,452.9,472.5,472.5,359.7,359.7,116,271,50,50,50,50,50,50,50,50,50,50,50,500,500,500,100,100,500,500,323.5,522.3,522.3,522.3,522.3,101.3,101.3,101.3,101.3,485,470.547,470.547,485,485,485,485,470.547,470.547,485,485,485,485,470.547,470.547,485,485,485,485,470.547,470.547,485,485,485,250,250
2041,3,180,204,900,500,500,500,500,500,500,500,500,500,500,500,500,500,500,500,500,500,500,500,500,500,500,500,500,500,485,470.547,470.547,485,485,485,500,475,396,150,500,727.5,306.7,530.244,726.561,218.05,218.05,611.424,611.424,837.837,837.837,100,100,500,500,315.25,291,242.5,500,250,355,355,355,355,355,355,355,355,355,355,355,355,355,323.5,323.5,507.375,507.375,507.375,450.5,472.5,472.5,355,355,116,271,50,50,50,50,50,50,50,50,50,50,50,500,500,500,100,100,500,500,323.5,519.5,519.5,519.5,519.5,100.6,100.6,100.6,100.6,485,470.547,470.547,485,485,485,485,470.547,470.547,485,485,485,485,470.547,470.547,485,485,485,485,470.547,470.547,485,485,485,250,250
2041,4,180,204,900,500,500,500,500,500,500,500,500,500,500,500,500,500,500,500,500,500,500,500,500,500,500,500,500,500,485,470.547,470.547,485,485,485,500,475,396,150,500,727.5,306.7,530.244,726.561,218.05,218.05,611.424,611.424,837.837,837.837,100,100,500,500,315.25,291,242.5,500,250,355,355,355,355,355,355,355,355,355,355,355,355,355,323.5,323.5,507.375,507.375,507.375,448.2,472.5,472.5,355,355,116,271,50,50,50,50,50,50,50,50,50,50,50,500,500,500,100,100,500,500,323.5,516.8,516.8,516.8,516.8,102.2,102.2,102.2,102.2,485,470.547,470.547,485,485,485,485,470.547,470.547,485,485,485,485,470.547,470.547,485,485,485,485,470.547,470.547,485,485,485,250,250
2041,5,180,204,900,500,500,500,500,500,500,500,500,500,500,500,500,500,500,500,500,500,500,500,500,500,500,500,500,500,500,485.1,485.1,500,500,500,500,475,396,150,500,750,302.6,530.244,726.561,218.05,218.05,611.424,611.424,837.837,837.837,100,100,500,500,325,300,250,500,250,350.2,350.2,350.2,350.2,350.2,350.2,350.2,350.2,350.2,350.2,350.2,350.2,350.2,323.5,323.5,507.375,507.375,507.375,432.8,472.5,472.5,350.2,350.2,116,271,50,50,50,50,50,50,50,50,50,50,50,500,500,500,100,100,500,500,323.5,499.1,499.1,499.1,499.1,102.6,102.6,102.6,102.6,500,485.1,485.1,500,500,500,500,485.1,485.1,500,500,500,500,485.1,485.1,500,500,500,500,485.1,485.1,500,500,500,250,250
2041,6,180,204,900,500,500,500,500,500,500,500,500,500,500,500,500,500,500,500,500,500,500,500,500,500,500,500,500,500,500,485.1,485.1,500,500,500,500,475,396,150,500,750,301.5,503.464,689.866,211.375,211.375,580.544,580.544,795.522,795.522,100,100,500,500,325,300,250,500,250,349,349,349,349,349,349,349,349,349,349,349,349,349,323.5,323.5,481.75,481.75,481.75,399.5,472.5,472.5,349,349,116,271,50,50,50,50,50,50,50,50,50,50,50,500,500,500,100,100,500,500,323.5,460.7,460.7,460.7,460.7,96.1,96.1,96.1,96.1,500,485.1,485.1,500,500,500,500,485.1,485.1,500,500,500,500,485.1,485.1,500,500,500,500,485.1,485.1,500,500,500,250,250
2041,7,180,204,900,500,500,500,500,500,500,500,500,500,500,500,500,500,500,500,500,500,500,500,500,500,500,500,500,500,500,485.1,485.1,500,500,500,500,475,396,150,500,750,301.5,503.464,689.866,211.375,211.375,580.544,580.544,795.522,795.522,100,100,500,500,325,300,250,500,250,349,349,349,349,349,349,349,349,349,349,349,349,349,323.5,323.5,481.75,481.75,481.75,399.5,485.1,485.1,349,349,116,271,50,50,50,50,50,50,50,50,50,50,50,500,500,500,100,100,500,500,323.5,460.7,460.7,460.7,460.7,96.1,96.1,96.1,96.1,500,485.1,485.1,500,500,500,500,485.1,485.1,500,500,500,500,485.1,485.1,500,500,500,500,485.1,485.1,500,500,500,250,250
2041,8,180,204,900,500,500,500,500,500,500,500,500,500,500,500,500,500,500,500,500,500,500,500,500,500,500,500,500,500,500,485.1,485.1,500,500,500,500,475,396,150,500,750,301.5,503.464,689.866,211.375,211.375,580.544,580.544,795.522,795.522,100,100,500,500,325,300,250,500,250,349,349,349,349,349,349,349,349,349,349,349,349,349,323.5,323.5,481.75,481.75,481.75,399.5,485.1,485.1,349,349,116,271,50,50,50,50,50,50,50,50,50,50,50,500,500,500,100,100,500,500,323.5,460.7,460.7,460.7,460.7,96.1,96.1,96.1,96.1,500,485.1,485.1,500,500,500,500,485.1,485.1,500,500,500,500,485.1,485.1,500,500,500,500,485.1,485.1,500,500,500,250,250
2041,9,180,204,900,500,500,500,500,500,500,500,500,500,500,500,500,500,500,500,500,500,500,500,500,500,500,500,500,500,500,485.1,485.1,500,500,500,500,475,396,150,500,750,302.6,503.464,689.866,211.375,211.375,580.544,580.544,795.522,795.522,100,100,500,500,325,300,250,500,250,350.2,350.2,350.2,350.2,350.2,350.2,350.2,350.2,350.2,350.2,350.2,350.2,350.2,323.5,323.5,481.75,481.75,481.75,432.8,472.5,472.5,350.2,350.2,116,271,50,50,50,50,50,50,50,50,50,50,50,500,500,500,100,100,500,500,323.5,499.1,499.1,499.1,499.1,102.6,102.6,102.6,102.6,500,485.1,485.1,500,500,500,500,485.1,485.1,500,500,500,500,485.1,485.1,500,500,500,500,485.1,485.1,500,500,500,250,250
2041,10,180,204,900,500,500,500,500,500,500,500,500,500,500,500,500,500,500,500,500,500,500,500,500,500,500,500,500,500,500,485.1,485.1,500,500,500,500,475,396,150,500,750,306.7,530.244,726.561,218.05,218.05,611.424,611.424,837.837,837.837,100,100,500,500,325,300,250,500,250,355,355,355,355,355,355,355,355,355,355,355,355,355,323.5,323.5,507.375,507.375,507.375,448.2,472.5,472.5,355,355,116,271,50,50,50,50,50,50,50,50,50,50,50,500,500,500,100,100,500,500,323.5,516.8,516.8,516.8,516.8,102.2,102.2,102.2,102.2,500,485.1,485.1,500,500,500,500,485.1,485.1,500,500,500,500,485.1,485.1,500,500,500,500,485.1,485.1,500,500,500,250,250
2041,11,180,204,900,500,500,500,500,500,500,500,500,500,500,500,500,500,500,500,500,500,500,500,500,500,500,500,500,500,485,470.547,470.547,485,485,485,500,475,396,150,500,727.5,310.7,535.6,733.9,222.5,222.5,617.6,617.6,846.3,846.3,100,100,500,500,315.25,291,242.5,500,250,359.7,359.7,359.7,359.7,359.7,359.7,359.7,359.7,359.7,359.7,359.7,359.7,359.7,323.5,323.5,512.5,512.5,512.5,450.5,472.5,472.5,359.7,359.7,116,271,50,50,50,50,50,50,50,50,50,50,50,500,500,500,100,100,500,500,323.5,519.5,519.5,519.5,519.5,100.6,100.6,100.6,100.6,485,470.547,470.547,485,485,485,485,470.547,470.547,485,485,485,485,470.547,470.547,485,485,485,485,470.547,470.547,485,485,485,250,250
2041,12,180,204,900,500,500,500,500,500,500,500,500,500,500,500,500,500,500,500,500,500,500,500,500,500,500,500,500,500,485,470.547,470.547,485,485,485,500,475,396,150,500,727.5,310.7,535.6,733.9,222.5,222.5,617.6,617.6,846.3,846.3,100,100,500,500,315.25,291,242.5,500,250,359.7,359.7,359.7,359.7,359.7,359.7,359.7,359.7,359.7,359.7,359.7,359.7,359.7,323.5,323.5,512.5,512.5,512.5,452.9,472.5,472.5,359.7,359.7,116,271,50,50,50,50,50,50,50,50,50,50,50,500,500,500,100,100,500,500,323.5,522.3,522.3,522.3,522.3,101.3,101.3,101.3,101.3,485,470.547,470.547,485,485,485,485,470.547,470.547,485,485,485,485,470.547,470.547,485,485,485,485,470.547,470.547,485,485,485,250,250
2042,1,180,204,900,500,500,500,500,500,500,500,500,500,500,500,500,500,500,500,500,500,500,500,500,500,500,500,500,500,485,470.547,470.547,485,485,485,500,475,396,150,500,727.5,310.7,535.6,733.9,222.5,222.5,617.6,617.6,846.3,846.3,100,100,500,500,315.25,291,242.5,500,250,359.7,359.7,359.7,359.7,359.7,359.7,359.7,359.7,359.7,359.7,359.7,359.7,359.7,323.5,323.5,512.5,512.5,512.5,452.9,472.5,472.5,359.7,359.7,116,271,50,50,50,50,50,50,50,50,50,50,50,500,500,500,100,100,500,500,323.5,522.3,522.3,522.3,522.3,101.3,101.3,101.3,101.3,485,470.547,470.547,485,485,485,485,470.547,470.547,485,485,485,485,470.547,470.547,485,485,485,485,470.547,470.547,485,485,485,250,250
2042,2,180,204,900,500,500,500,500,500,500,500,500,500,500,500,500,500,500,500,500,500,500,500,500,500,500,500,500,500,485,470.547,470.547,485,485,485,500,475,396,150,500,727.5,310.7,535.6,733.9,222.5,222.5,617.6,617.6,846.3,846.3,100,100,500,500,315.25,291,242.5,500,250,359.7,359.7,359.7,359.7,359.7,359.7,359.7,359.7,359.7,359.7,359.7,359.7,359.7,323.5,323.5,512.5,512.5,512.5,452.9,472.5,472.5,359.7,359.7,116,271,50,50,50,50,50,50,50,50,50,50,50,500,500,500,100,100,500,500,323.5,522.3,522.3,522.3,522.3,101.3,101.3,101.3,101.3,485,470.547,470.547,485,485,485,485,470.547,470.547,485,485,485,485,470.547,470.547,485,485,485,485,470.547,470.547,485,485,485,250,250
2042,3,180,204,900,500,500,500,500,500,500,500,500,500,500,500,500,500,500,500,500,500,500,500,500,500,500,500,500,500,485,470.547,470.547,485,485,485,500,475,396,150,500,727.5,306.7,530.244,726.561,218.05,218.05,611.424,611.424,837.837,837.837,100,100,500,500,315.25,291,242.5,500,250,355,355,355,355,355,355,355,355,355,355,355,355,355,323.5,323.5,507.375,507.375,507.375,450.5,472.5,472.5,355,355,116,271,50,50,50,50,50,50,50,50,50,50,50,500,500,500,100,100,500,500,323.5,519.5,519.5,519.5,519.5,100.6,100.6,100.6,100.6,485,470.547,470.547,485,485,485,485,470.547,470.547,485,485,485,485,470.547,470.547,485,485,485,485,470.547,470.547,485,485,485,250,250
2042,4,180,204,900,500,500,500,500,500,500,500,500,500,500,500,500,500,500,500,500,500,500,500,500,500,500,500,500,500,485,470.547,470.547,485,485,485,500,475,396,150,500,727.5,306.7,530.244,726.561,218.05,218.05,611.424,611.424,837.837,837.837,100,100,500,500,315.25,291,242.5,500,250,355,355,355,355,355,355,355,355,355,355,355,355,355,323.5,323.5,507.375,507.375,507.375,448.2,472.5,472.5,355,355,116,271,50,50,50,50,50,50,50,50,50,50,50,500,500,500,100,100,500,500,323.5,516.8,516.8,516.8,516.8,102.2,102.2,102.2,102.2,485,470.547,470.547,485,485,485,485,470.547,470.547,485,485,485,485,470.547,470.547,485,485,485,485,470.547,470.547,485,485,485,250,250
2042,5,180,204,900,500,500,500,500,500,500,500,500,500,500,500,500,500,500,500,500,500,500,500,500,500,500,500,500,500,500,485.1,485.1,500,500,500,500,475,396,150,500,750,302.6,530.244,726.561,218.05,218.05,611.424,611.424,837.837,837.837,100,100,500,500,325,300,250,500,250,350.2,350.2,350.2,350.2,350.2,350.2,350.2,350.2,350.2,350.2,350.2,350.2,350.2,323.5,323.5,507.375,507.375,507.375,432.8,472.5,472.5,350.2,350.2,116,271,50,50,50,50,50,50,50,50,50,50,50,500,500,500,100,100,500,500,323.5,499.1,499.1,499.1,499.1,102.6,102.6,102.6,102.6,500,485.1,485.1,500,500,500,500,485.1,485.1,500,500,500,500,485.1,485.1,500,500,500,500,485.1,485.1,500,500,500,250,250
2042,6,180,204,900,500,500,500,500,500,500,500,500,500,500,500,500,500,500,500,500,500,500,500,500,500,500,500,500,500,500,485.1,485.1,500,500,500,500,475,396,150,500,750,301.5,503.464,689.866,211.375,211.375,580.544,580.544,795.522,795.522,100,100,500,500,325,300,250,500,250,349,349,349,349,349,349,349,349,349,349,349,349,349,323.5,323.5,481.75,481.75,481.75,399.5,472.5,472.5,349,349,116,271,50,50,50,50,50,50,50,50,50,50,50,500,500,500,100,100,500,500,323.5,460.7,460.7,460.7,460.7,96.1,96.1,96.1,96.1,500,485.1,485.1,500,500,500,500,485.1,485.1,500,500,500,500,485.1,485.1,500,500,500,500,485.1,485.1,500,500,500,250,250
2042,7,180,204,900,500,500,500,500,500,500,500,500,500,500,500,500,500,500,500,500,500,500,500,500,500,500,500,500,500,500,485.1,485.1,500,500,500,500,475,396,150,500,750,301.5,503.464,689.866,211.375,211.375,580.544,580.544,795.522,795.522,100,100,500,500,325,300,250,500,250,349,349,349,349,349,349,349,349,349,349,349,349,349,323.5,323.5,481.75,481.75,481.75,399.5,485.1,485.1,349,349,116,271,50,50,50,50,50,50,50,50,50,50,50,500,500,500,100,100,500,500,323.5,460.7,460.7,460.7,460.7,96.1,96.1,96.1,96.1,500,485.1,485.1,500,500,500,500,485.1,485.1,500,500,500,500,485.1,485.1,500,500,500,500,485.1,485.1,500,500,500,250,250
2042,8,180,204,900,500,500,500,500,500,500,500,500,500,500,500,500,500,500,500,500,500,500,500,500,500,500,500,500,500,500,485.1,485.1,500,500,500,500,475,396,150,500,750,301.5,503.464,689.866,211.375,211.375,580.544,580.544,795.522,795.522,100,100,500,500,325,300,250,500,250,349,349,349,349,349,349,349,349,349,349,349,349,349,323.5,323.5,481.75,481.75,481.75,399.5,485.1,485.1,349,349,116,271,50,50,50,50,50,50,50,50,50,50,50,500,500,500,100,100,500,500,323.5,460.7,460.7,460.7,460.7,96.1,96.1,96.1,96.1,500,485.1,485.1,500,500,500,500,485.1,485.1,500,500,500,500,485.1,485.1,500,500,500,500,485.1,485.1,500,500,500,250,250
2042,9,180,204,900,500,500,500,500,500,500,500,500,500,500,500,500,500,500,500,500,500,500,500,500,500,500,500,500,500,500,485.1,485.1,500,500,500,500,475,396,150,500,750,302.6,503.464,689.866,211.375,211.375,580.544,580.544,795.522,795.522,100,100,500,500,325,300,250,500,250,350.2,350.2,350.2,350.2,350.2,350.2,350.2,350.2,350.2,350.2,350.2,350.2,350.2,323.5,323.5,481.75,481.75,481.75,432.8,472.5,472.5,350.2,350.2,116,271,50,50,50,50,50,50,50,50,50,50,50,500,500,500,100,100,500,500,323.5,499.1,499.1,499.1,499.1,102.6,102.6,102.6,102.6,500,485.1,485.1,500,500,500,500,485.1,485.1,500,500,500,500,485.1,485.1,500,500,500,500,485.1,485.1,500,500,500,250,250
2042,10,180,204,900,500,500,500,500,500,500,500,500,500,500,500,500,500,500,500,500,500,500,500,500,500,500,500,500,500,500,485.1,485.1,500,500,500,500,475,396,150,500,750,306.7,530.244,726.561,218.05,218.05,611.424,611.424,837.837,837.837,100,100,500,500,325,300,250,500,250,355,355,355,355,355,355,355,355,355,355,355,355,355,323.5,323.5,507.375,507.375,507.375,448.2,472.5,472.5,355,355,116,271,50,50,50,50,50,50,50,50,50,50,50,500,500,500,100,100,500,500,323.5,516.8,516.8,516.8,516.8,102.2,102.2,102.2,102.2,500,485.1,485.1,500,500,500,500,485.1,485.1,500,500,500,500,485.1,485.1,500,500,500,500,485.1,485.1,500,500,500,250,250
2042,11,180,204,900,500,500,500,500,500,500,500,500,500,500,500,500,500,500,500,500,500,500,500,500,500,500,500,500,500,485,470.547,470.547,485,485,485,500,475,396,150,500,727.5,310.7,535.6,733.9,222.5,222.5,617.6,617.6,846.3,846.3,100,100,500,500,315.25,291,242.5,500,250,359.7,359.7,359.7,359.7,359.7,359.7,359.7,359.7,359.7,359.7,359.7,359.7,359.7,323.5,323.5,512.5,512.5,512.5,450.5,472.5,472.5,359.7,359.7,116,271,50,50,50,50,50,50,50,50,50,50,50,500,500,500,100,100,500,500,323.5,519.5,519.5,519.5,519.5,100.6,100.6,100.6,100.6,485,470.547,470.547,485,485,485,485,470.547,470.547,485,485,485,485,470.547,470.547,485,485,485,485,470.547,470.547,485,485,485,250,250
2042,12,180,204,900,500,500,500,500,500,500,500,500,500,500,500,500,500,500,500,500,500,500,500,500,500,500,500,500,500,485,470.547,470.547,485,485,485,500,475,396,150,500,727.5,310.7,535.6,733.9,222.5,222.5,617.6,617.6,846.3,846.3,100,100,500,500,315.25,291,242.5,500,250,359.7,359.7,359.7,359.7,359.7,359.7,359.7,359.7,359.7,359.7,359.7,359.7,359.7,323.5,323.5,512.5,512.5,512.5,452.9,472.5,472.5,359.7,359.7,116,271,50,50,50,50,50,50,50,50,50,50,50,500,500,500,100,100,500,500,323.5,522.3,522.3,522.3,522.3,101.3,101.3,101.3,101.3,485,470.547,470.547,485,485,485,485,470.547,470.547,485,485,485,485,470.547,470.547,485,485,485,485,470.547,470.547,485,485,485,250,250
2043,1,180,204,900,500,500,500,500,500,500,500,500,500,500,500,500,500,500,500,500,500,500,500,500,500,500,500,500,500,485,470.547,470.547,485,485,485,500,475,396,150,500,727.5,310.7,535.6,733.9,222.5,222.5,617.6,617.6,846.3,846.3,100,100,500,500,315.25,291,242.5,500,250,359.7,359.7,359.7,359.7,359.7,359.7,359.7,359.7,359.7,359.7,359.7,359.7,359.7,323.5,323.5,512.5,512.5,512.5,452.9,472.5,472.5,359.7,359.7,116,271,50,50,50,50,50,50,50,50,50,50,50,500,500,500,100,100,500,500,323.5,522.3,522.3,522.3,522.3,101.3,101.3,101.3,101.3,485,470.547,470.547,485,485,485,485,470.547,470.547,485,485,485,485,470.547,470.547,485,485,485,485,470.547,470.547,485,485,485,250,250
2043,2,180,204,900,500,500,500,500,500,500,500,500,500,500,500,500,500,500,500,500,500,500,500,500,500,500,500,500,500,485,470.547,470.547,485,485,485,500,475,396,150,500,727.5,310.7,535.6,733.9,222.5,222.5,617.6,617.6,846.3,846.3,100,100,500,500,315.25,291,242.5,500,250,359.7,359.7,359.7,359.7,359.7,359.7,359.7,359.7,359.7,359.7,359.7,359.7,359.7,323.5,323.5,512.5,512.5,512.5,452.9,472.5,472.5,359.7,359.7,116,271,50,50,50,50,50,50,50,50,50,50,50,500,500,500,100,100,500,500,323.5,522.3,522.3,522.3,522.3,101.3,101.3,101.3,101.3,485,470.547,470.547,485,485,485,485,470.547,470.547,485,485,485,485,470.547,470.547,485,485,485,485,470.547,470.547,485,485,485,250,250
2043,3,180,204,900,500,500,500,500,500,500,500,500,500,500,500,500,500,500,500,500,500,500,500,500,500,500,500,500,500,485,470.547,470.547,485,485,485,500,475,396,150,500,727.5,306.7,530.244,726.561,218.05,218.05,611.424,611.424,837.837,837.837,100,100,500,500,315.25,291,242.5,500,250,355,355,355,355,355,355,355,355,355,355,355,355,355,323.5,323.5,507.375,507.375,507.375,450.5,472.5,472.5,355,355,116,271,50,50,50,50,50,50,50,50,50,50,50,500,500,500,100,100,500,500,323.5,519.5,519.5,519.5,519.5,100.6,100.6,100.6,100.6,485,470.547,470.547,485,485,485,485,470.547,470.547,485,485,485,485,470.547,470.547,485,485,485,485,470.547,470.547,485,485,485,250,250
2043,4,180,204,900,500,500,500,500,500,500,500,500,500,500,500,500,500,500,500,500,500,500,500,500,500,500,500,500,500,485,470.547,470.547,485,485,485,500,475,396,150,500,727.5,306.7,530.244,726.561,218.05,218.05,611.424,611.424,837.837,837.837,100,100,500,500,315.25,291,242.5,500,250,355,355,355,355,355,355,355,355,355,355,355,355,355,323.5,323.5,507.375,507.375,507.375,448.2,472.5,472.5,355,355,116,271,50,50,50,50,50,50,50,50,50,50,50,500,500,500,100,100,500,500,323.5,516.8,516.8,516.8,516.8,102.2,102.2,102.2,102.2,485,470.547,470.547,485,485,485,485,470.547,470.547,485,485,485,485,470.547,470.547,485,485,485,485,470.547,470.547,485,485,485,250,250
2043,5,180,204,900,500,500,500,500,500,500,500,500,500,500,500,500,500,500,500,500,500,500,500,500,500,500,500,500,500,500,485.1,485.1,500,500,500,500,475,396,150,500,750,302.6,530.244,726.561,218.05,218.05,611.424,611.424,837.837,837.837,100,100,500,500,325,300,250,500,250,350.2,350.2,350.2,350.2,350.2,350.2,350.2,350.2,350.2,350.2,350.2,350.2,350.2,323.5,323.5,507.375,507.375,507.375,432.8,472.5,472.5,350.2,350.2,116,271,50,50,50,50,50,50,50,50,50,50,50,500,500,500,100,100,500,500,323.5,499.1,499.1,499.1,499.1,102.6,102.6,102.6,102.6,500,485.1,485.1,500,500,500,500,485.1,485.1,500,500,500,500,485.1,485.1,500,500,500,500,485.1,485.1,500,500,500,250,250
2043,6,180,204,900,500,500,500,500,500,500,500,500,500,500,500,500,500,500,500,500,500,500,500,500,500,500,500,500,500,500,485.1,485.1,500,500,500,500,475,396,150,500,750,301.5,503.464,689.866,211.375,211.375,580.544,580.544,795.522,795.522,100,100,500,500,325,300,250,500,250,349,349,349,349,349,349,349,349,349,349,349,349,349,323.5,323.5,481.75,481.75,481.75,399.5,472.5,472.5,349,349,116,271,50,50,50,50,50,50,50,50,50,50,50,500,500,500,100,100,500,500,323.5,460.7,460.7,460.7,460.7,96.1,96.1,96.1,96.1,500,485.1,485.1,500,500,500,500,485.1,485.1,500,500,500,500,485.1,485.1,500,500,500,500,485.1,485.1,500,500,500,250,250
2043,7,180,204,900,500,500,500,500,500,500,500,500,500,500,500,500,500,500,500,500,500,500,500,500,500,500,500,500,500,500,485.1,485.1,500,500,500,500,475,396,150,500,750,301.5,503.464,689.866,211.375,211.375,580.544,580.544,795.522,795.522,100,100,500,500,325,300,250,500,250,349,349,349,349,349,349,349,349,349,349,349,349,349,323.5,323.5,481.75,481.75,481.75,399.5,485.1,485.1,349,349,116,271,50,50,50,50,50,50,50,50,50,50,50,500,500,500,100,100,500,500,323.5,460.7,460.7,460.7,460.7,96.1,96.1,96.1,96.1,500,485.1,485.1,500,500,500,500,485.1,485.1,500,500,500,500,485.1,485.1,500,500,500,500,485.1,485.1,500,500,500,250,250
2043,8,180,204,900,500,500,500,500,500,500,500,500,500,500,500,500,500,500,500,500,500,500,500,500,500,500,500,500,500,500,485.1,485.1,500,500,500,500,475,396,150,500,750,301.5,503.464,689.866,211.375,211.375,580.544,580.544,795.522,795.522,100,100,500,500,325,300,250,500,250,349,349,349,349,349,349,349,349,349,349,349,349,349,323.5,323.5,481.75,481.75,481.75,399.5,485.1,485.1,349,349,116,271,50,50,50,50,50,50,50,50,50,50,50,500,500,500,100,100,500,500,323.5,460.7,460.7,460.7,460.7,96.1,96.1,96.1,96.1,500,485.1,485.1,500,500,500,500,485.1,485.1,500,500,500,500,485.1,485.1,500,500,500,500,485.1,485.1,500,500,500,250,250
2043,9,180,204,900,500,500,500,500,500,500,500,500,500,500,500,500,500,500,500,500,500,500,500,500,500,500,500,500,500,500,485.1,485.1,500,500,500,500,475,396,150,500,750,302.6,503.464,689.866,211.375,211.375,580.544,580.544,795.522,795.522,100,100,500,500,325,300,250,500,250,350.2,350.2,350.2,350.2,350.2,350.2,350.2,350.2,350.2,350.2,350.2,350.2,350.2,323.5,323.5,481.75,481.75,481.75,432.8,472.5,472.5,350.2,350.2,116,271,50,50,50,50,50,50,50,50,50,50,50,500,500,500,100,100,500,500,323.5,499.1,499.1,499.1,499.1,102.6,102.6,102.6,102.6,500,485.1,485.1,500,500,500,500,485.1,485.1,500,500,500,500,485.1,485.1,500,500,500,500,485.1,485.1,500,500,500,250,250
2043,10,180,204,900,500,500,500,500,500,500,500,500,500,500,500,500,500,500,500,500,500,500,500,500,500,500,500,500,500,500,485.1,485.1,500,500,500,500,475,396,150,500,750,306.7,530.244,726.561,218.05,218.05,611.424,611.424,837.837,837.837,100,100,500,500,325,300,250,500,250,355,355,355,355,355,355,355,355,355,355,355,355,355,323.5,323.5,507.375,507.375,507.375,448.2,472.5,472.5,355,355,116,271,50,50,50,50,50,50,50,50,50,50,50,500,500,500,100,100,500,500,323.5,516.8,516.8,516.8,516.8,102.2,102.2,102.2,102.2,500,485.1,485.1,500,500,500,500,485.1,485.1,500,500,500,500,485.1,485.1,500,500,500,500,485.1,485.1,500,500,500,250,250
2043,11,180,204,900,500,500,500,500,500,500,500,500,500,500,500,500,500,500,500,500,500,500,500,500,500,500,500,500,500,485,470.547,470.547,485,485,485,500,475,396,150,500,727.5,310.7,535.6,733.9,222.5,222.5,617.6,617.6,846.3,846.3,100,100,500,500,315.25,291,242.5,500,250,359.7,359.7,359.7,359.7,359.7,359.7,359.7,359.7,359.7,359.7,359.7,359.7,359.7,323.5,323.5,512.5,512.5,512.5,450.5,472.5,472.5,359.7,359.7,116,271,50,50,50,50,50,50,50,50,50,50,50,500,500,500,100,100,500,500,323.5,519.5,519.5,519.5,519.5,100.6,100.6,100.6,100.6,485,470.547,470.547,485,485,485,485,470.547,470.547,485,485,485,485,470.547,470.547,485,485,485,485,470.547,470.547,485,485,485,250,250
2043,12,180,204,900,500,500,500,500,500,500,500,500,500,500,500,500,500,500,500,500,500,500,500,500,500,500,500,500,500,485,470.547,470.547,485,485,485,500,475,396,150,500,727.5,310.7,535.6,733.9,222.5,222.5,617.6,617.6,846.3,846.3,100,100,500,500,315.25,291,242.5,500,250,359.7,359.7,359.7,359.7,359.7,359.7,359.7,359.7,359.7,359.7,359.7,359.7,359.7,323.5,323.5,512.5,512.5,512.5,452.9,472.5,472.5,359.7,359.7,116,271,50,50,50,50,50,50,50,50,50,50,50,500,500,500,100,100,500,500,323.5,522.3,522.3,522.3,522.3,101.3,101.3,101.3,101.3,485,470.547,470.547,485,485,485,485,470.547,470.547,485,485,485,485,470.547,470.547,485,485,485,485,470.547,470.547,485,485,485,250,250
2044,1,180,204,900,500,500,500,500,500,500,500,500,500,500,500,500,500,500,500,500,500,500,500,500,500,500,500,500,500,485,470.547,470.547,485,485,485,500,475,396,150,500,727.5,310.7,535.6,733.9,222.5,222.5,617.6,617.6,846.3,846.3,100,100,500,500,315.25,291,242.5,500,250,359.7,359.7,359.7,359.7,359.7,359.7,359.7,359.7,359.7,359.7,359.7,359.7,359.7,323.5,323.5,512.5,512.5,512.5,452.9,472.5,472.5,359.7,359.7,116,271,50,50,50,50,50,50,50,50,50,50,50,500,500,500,100,100,500,500,323.5,522.3,522.3,522.3,522.3,101.3,101.3,101.3,101.3,485,470.547,470.547,485,485,485,485,470.547,470.547,485,485,485,485,470.547,470.547,485,485,485,485,470.547,470.547,485,485,485,250,250
2044,2,180,204,900,500,500,500,500,500,500,500,500,500,500,500,500,500,500,500,500,500,500,500,500,500,500,500,500,500,485,470.547,470.547,485,485,485,500,475,396,150,500,727.5,310.7,535.6,733.9,222.5,222.5,617.6,617.6,846.3,846.3,100,100,500,500,315.25,291,242.5,500,250,359.7,359.7,359.7,359.7,359.7,359.7,359.7,359.7,359.7,359.7,359.7,359.7,359.7,323.5,323.5,512.5,512.5,512.5,452.9,472.5,472.5,359.7,359.7,116,271,50,50,50,50,50,50,50,50,50,50,50,500,500,500,100,100,500,500,323.5,522.3,522.3,522.3,522.3,101.3,101.3,101.3,101.3,485,470.547,470.547,485,485,485,485,470.547,470.547,485,485,485,485,470.547,470.547,485,485,485,485,470.547,470.547,485,485,485,250,250
2044,3,180,204,900,500,500,500,500,500,500,500,500,500,500,500,500,500,500,500,500,500,500,500,500,500,500,500,500,500,485,470.547,470.547,485,485,485,500,475,396,150,500,727.5,306.7,530.244,726.561,218.05,218.05,611.424,611.424,837.837,837.837,100,100,500,500,315.25,291,242.5,500,250,355,355,355,355,355,355,355,355,355,355,355,355,355,323.5,323.5,507.375,507.375,507.375,450.5,472.5,472.5,355,355,116,271,50,50,50,50,50,50,50,50,50,50,50,500,500,500,100,100,500,500,323.5,519.5,519.5,519.5,519.5,100.6,100.6,100.6,100.6,485,470.547,470.547,485,485,485,485,470.547,470.547,485,485,485,485,470.547,470.547,485,485,485,485,470.547,470.547,485,485,485,250,250
2044,4,180,204,900,500,500,500,500,500,500,500,500,500,500,500,500,500,500,500,500,500,500,500,500,500,500,500,500,500,485,470.547,470.547,485,485,485,500,475,396,150,500,727.5,306.7,530.244,726.561,218.05,218.05,611.424,611.424,837.837,837.837,100,100,500,500,315.25,291,242.5,500,250,355,355,355,355,355,355,355,355,355,355,355,355,355,323.5,323.5,507.375,507.375,507.375,448.2,472.5,472.5,355,355,116,271,50,50,50,50,50,50,50,50,50,50,50,500,500,500,100,100,500,500,323.5,516.8,516.8,516.8,516.8,102.2,102.2,102.2,102.2,485,470.547,470.547,485,485,485,485,470.547,470.547,485,485,485,485,470.547,470.547,485,485,485,485,470.547,470.547,485,485,485,250,250
2044,5,180,204,900,500,500,500,500,500,500,500,500,500,500,500,500,500,500,500,500,500,500,500,500,500,500,500,500,500,500,485.1,485.1,500,500,500,500,475,396,150,500,750,302.6,530.244,726.561,218.05,218.05,611.424,611.424,837.837,837.837,100,100,500,500,325,300,250,500,250,350.2,350.2,350.2,350.2,350.2,350.2,350.2,350.2,350.2,350.2,350.2,350.2,350.2,323.5,323.5,507.375,507.375,507.375,432.8,472.5,472.5,350.2,350.2,116,271,50,50,50,50,50,50,50,50,50,50,50,500,500,500,100,100,500,500,323.5,499.1,499.1,499.1,499.1,102.6,102.6,102.6,102.6,500,485.1,485.1,500,500,500,500,485.1,485.1,500,500,500,500,485.1,485.1,500,500,500,500,485.1,485.1,500,500,500,250,250
2044,6,180,204,900,500,500,500,500,500,500,500,500,500,500,500,500,500,500,500,500,500,500,500,500,500,500,500,500,500,500,485.1,485.1,500,500,500,500,475,396,150,500,750,301.5,503.464,689.866,211.375,211.375,580.544,580.544,795.522,795.522,100,100,500,500,325,300,250,500,250,349,349,349,349,349,349,349,349,349,349,349,349,349,323.5,323.5,481.75,481.75,481.75,399.5,472.5,472.5,349,349,116,271,50,50,50,50,50,50,50,50,50,50,50,500,500,500,100,100,500,500,323.5,460.7,460.7,460.7,460.7,96.1,96.1,96.1,96.1,500,485.1,485.1,500,500,500,500,485.1,485.1,500,500,500,500,485.1,485.1,500,500,500,500,485.1,485.1,500,500,500,250,250
2044,7,180,204,900,500,500,500,500,500,500,500,500,500,500,500,500,500,500,500,500,500,500,500,500,500,500,500,500,500,500,485.1,485.1,500,500,500,500,475,396,150,500,750,301.5,503.464,689.866,211.375,211.375,580.544,580.544,795.522,795.522,100,100,500,500,325,300,250,500,250,349,349,349,349,349,349,349,349,349,349,349,349,349,323.5,323.5,481.75,481.75,481.75,399.5,485.1,485.1,349,349,116,271,50,50,50,50,50,50,50,50,50,50,50,500,500,500,100,100,500,500,323.5,460.7,460.7,460.7,460.7,96.1,96.1,96.1,96.1,500,485.1,485.1,500,500,500,500,485.1,485.1,500,500,500,500,485.1,485.1,500,500,500,500,485.1,485.1,500,500,500,250,250
2044,8,180,204,900,500,500,500,500,500,500,500,500,500,500,500,500,500,500,500,500,500,500,500,500,500,500,500,500,500,500,485.1,485.1,500,500,500,500,475,396,150,500,750,301.5,503.464,689.866,211.375,211.375,580.544,580.544,795.522,795.522,100,100,500,500,325,300,250,500,250,349,349,349,349,349,349,349,349,349,349,349,349,349,323.5,323.5,481.75,481.75,481.75,399.5,485.1,485.1,349,349,116,271,50,50,50,50,50,50,50,50,50,50,50,500,500,500,100,100,500,500,323.5,460.7,460.7,460.7,460.7,96.1,96.1,96.1,96.1,500,485.1,485.1,500,500,500,500,485.1,485.1,500,500,500,500,485.1,485.1,500,500,500,500,485.1,485.1,500,500,500,250,250
2044,9,180,204,900,500,500,500,500,500,500,500,500,500,500,500,500,500,500,500,500,500,500,500,500,500,500,500,500,500,500,485.1,485.1,500,500,500,500,475,396,150,500,750,302.6,503.464,689.866,211.375,211.375,580.544,580.544,795.522,795.522,100,100,500,500,325,300,250,500,250,350.2,350.2,350.2,350.2,350.2,350.2,350.2,350.2,350.2,350.2,350.2,350.2,350.2,323.5,323.5,481.75,481.75,481.75,432.8,472.5,472.5,350.2,350.2,116,271,50,50,50,50,50,50,50,50,50,50,50,500,500,500,100,100,500,500,323.5,499.1,499.1,499.1,499.1,102.6,102.6,102.6,102.6,500,485.1,485.1,500,500,500,500,485.1,485.1,500,500,500,500,485.1,485.1,500,500,500,500,485.1,485.1,500,500,500,250,250
2044,10,180,204,900,500,500,500,500,500,500,500,500,500,500,500,500,500,500,500,500,500,500,500,500,500,500,500,500,500,500,485.1,485.1,500,500,500,500,475,396,150,500,750,306.7,530.244,726.561,218.05,218.05,611.424,611.424,837.837,837.837,100,100,500,500,325,300,250,500,250,355,355,355,355,355,355,355,355,355,355,355,355,355,323.5,323.5,507.375,507.375,507.375,448.2,472.5,472.5,355,355,116,271,50,50,50,50,50,50,50,50,50,50,50,500,500,500,100,100,500,500,323.5,516.8,516.8,516.8,516.8,102.2,102.2,102.2,102.2,500,485.1,485.1,500,500,500,500,485.1,485.1,500,500,500,500,485.1,485.1,500,500,500,500,485.1,485.1,500,500,500,250,250
2044,11,180,204,900,500,500,500,500,500,500,500,500,500,500,500,500,500,500,500,500,500,500,500,500,500,500,500,500,500,485,470.547,470.547,485,485,485,500,475,396,150,500,727.5,310.7,535.6,733.9,222.5,222.5,617.6,617.6,846.3,846.3,100,100,500,500,315.25,291,242.5,500,250,359.7,359.7,359.7,359.7,359.7,359.7,359.7,359.7,359.7,359.7,359.7,359.7,359.7,323.5,323.5,512.5,512.5,512.5,450.5,472.5,472.5,359.7,359.7,116,271,50,50,50,50,50,50,50,50,50,50,50,500,500,500,100,100,500,500,323.5,519.5,519.5,519.5,519.5,100.6,100.6,100.6,100.6,485,470.547,470.547,485,485,485,485,470.547,470.547,485,485,485,485,470.547,470.547,485,485,485,485,470.547,470.547,485,485,485,250,250
2044,12,180,204,900,500,500,500,500,500,500,500,500,500,500,500,500,500,500,500,500,500,500,500,500,500,500,500,500,500,485,470.547,470.547,485,485,485,500,475,396,150,500,727.5,310.7,535.6,733.9,222.5,222.5,617.6,617.6,846.3,846.3,100,100,500,500,315.25,291,242.5,500,250,359.7,359.7,359.7,359.7,359.7,359.7,359.7,359.7,359.7,359.7,359.7,359.7,359.7,323.5,323.5,512.5,512.5,512.5,452.9,472.5,472.5,359.7,359.7,116,271,50,50,50,50,50,50,50,50,50,50,50,500,500,500,100,100,500,500,323.5,522.3,522.3,522.3,522.3,101.3,101.3,101.3,101.3,485,470.547,470.547,485,485,485,485,470.547,470.547,485,485,485,485,470.547,470.547,485,485,485,485,470.547,470.547,485,485,485,250,250
2045,1,180,204,900,500,500,500,500,500,500,500,500,500,500,500,500,500,500,500,500,500,500,500,500,500,500,500,500,500,485,470.547,470.547,485,485,485,500,475,396,150,500,727.5,310.7,535.6,733.9,222.5,222.5,617.6,617.6,846.3,846.3,100,100,500,500,315.25,291,242.5,500,250,359.7,359.7,359.7,359.7,359.7,359.7,359.7,359.7,359.7,359.7,359.7,359.7,359.7,323.5,323.5,512.5,512.5,512.5,452.9,472.5,472.5,359.7,359.7,116,271,50,50,50,50,50,50,50,50,50,50,50,500,500,500,100,100,500,500,323.5,522.3,522.3,522.3,522.3,101.3,101.3,101.3,101.3,485,470.547,470.547,485,485,485,485,470.547,470.547,485,485,485,485,470.547,470.547,485,485,485,485,470.547,470.547,485,485,485,250,250
2045,2,180,204,900,500,500,500,500,500,500,500,500,500,500,500,500,500,500,500,500,500,500,500,500,500,500,500,500,500,485,470.547,470.547,485,485,485,500,475,396,150,500,727.5,310.7,535.6,733.9,222.5,222.5,617.6,617.6,846.3,846.3,100,100,500,500,315.25,291,242.5,500,250,359.7,359.7,359.7,359.7,359.7,359.7,359.7,359.7,359.7,359.7,359.7,359.7,359.7,323.5,323.5,512.5,512.5,512.5,452.9,472.5,472.5,359.7,359.7,116,271,50,50,50,50,50,50,50,50,50,50,50,500,500,500,100,100,500,500,323.5,522.3,522.3,522.3,522.3,101.3,101.3,101.3,101.3,485,470.547,470.547,485,485,485,485,470.547,470.547,485,485,485,485,470.547,470.547,485,485,485,485,470.547,470.547,485,485,485,250,250
2045,3,180,204,900,500,500,500,500,500,500,500,500,500,500,500,500,500,500,500,500,500,500,500,500,500,500,500,500,500,485,470.547,470.547,485,485,485,500,475,396,150,500,727.5,306.7,530.244,726.561,218.05,218.05,611.424,611.424,837.837,837.837,100,100,500,500,315.25,291,242.5,500,250,355,355,355,355,355,355,355,355,355,355,355,355,355,323.5,323.5,507.375,507.375,507.375,450.5,472.5,472.5,355,355,116,271,50,50,50,50,50,50,50,50,50,50,50,500,500,500,100,100,500,500,323.5,519.5,519.5,519.5,519.5,100.6,100.6,100.6,100.6,485,470.547,470.547,485,485,485,485,470.547,470.547,485,485,485,485,470.547,470.547,485,485,485,485,470.547,470.547,485,485,485,250,250
2045,4,180,204,900,500,500,500,500,500,500,500,500,500,500,500,500,500,500,500,500,500,500,500,500,500,500,500,500,500,485,470.547,470.547,485,485,485,500,475,396,150,500,727.5,306.7,530.244,726.561,218.05,218.05,611.424,611.424,837.837,837.837,100,100,500,500,315.25,291,242.5,500,250,355,355,355,355,355,355,355,355,355,355,355,355,355,323.5,323.5,507.375,507.375,507.375,448.2,472.5,472.5,355,355,116,271,50,50,50,50,50,50,50,50,50,50,50,500,500,500,100,100,500,500,323.5,516.8,516.8,516.8,516.8,102.2,102.2,102.2,102.2,485,470.547,470.547,485,485,485,485,470.547,470.547,485,485,485,485,470.547,470.547,485,485,485,485,470.547,470.547,485,485,485,250,250
2045,5,180,204,900,500,500,500,500,500,500,500,500,500,500,500,500,500,500,500,500,500,500,500,500,500,500,500,500,500,500,485.1,485.1,500,500,500,500,475,396,150,500,750,302.6,530.244,726.561,218.05,218.05,611.424,611.424,837.837,837.837,100,100,500,500,325,300,250,500,250,350.2,350.2,350.2,350.2,350.2,350.2,350.2,350.2,350.2,350.2,350.2,350.2,350.2,323.5,323.5,507.375,507.375,507.375,432.8,472.5,472.5,350.2,350.2,116,271,50,50,50,50,50,50,50,50,50,50,50,500,500,500,100,100,500,500,323.5,499.1,499.1,499.1,499.1,102.6,102.6,102.6,102.6,500,485.1,485.1,500,500,500,500,485.1,485.1,500,500,500,500,485.1,485.1,500,500,500,500,485.1,485.1,500,500,500,250,250
2045,6,180,204,900,500,500,500,500,500,500,500,500,500,500,500,500,500,500,500,500,500,500,500,500,500,500,500,500,500,500,485.1,485.1,500,500,500,500,475,396,150,500,750,301.5,503.464,689.866,211.375,211.375,580.544,580.544,795.522,795.522,100,100,500,500,325,300,250,500,250,349,349,349,349,349,349,349,349,349,349,349,349,349,323.5,323.5,481.75,481.75,481.75,399.5,472.5,472.5,349,349,116,271,50,50,50,50,50,50,50,50,50,50,50,500,500,500,100,100,500,500,323.5,460.7,460.7,460.7,460.7,96.1,96.1,96.1,96.1,500,485.1,485.1,500,500,500,500,485.1,485.1,500,500,500,500,485.1,485.1,500,500,500,500,485.1,485.1,500,500,500,250,250
2045,7,180,204,900,500,500,500,500,500,500,500,500,500,500,500,500,500,500,500,500,500,500,500,500,500,500,500,500,500,500,485.1,485.1,500,500,500,500,475,396,150,500,750,301.5,503.464,689.866,211.375,211.375,580.544,580.544,795.522,795.522,100,100,500,500,325,300,250,500,250,349,349,349,349,349,349,349,349,349,349,349,349,349,323.5,323.5,481.75,481.75,481.75,399.5,485.1,485.1,349,349,116,271,50,50,50,50,50,50,50,50,50,50,50,500,500,500,100,100,500,500,323.5,460.7,460.7,460.7,460.7,96.1,96.1,96.1,96.1,500,485.1,485.1,500,500,500,500,485.1,485.1,500,500,500,500,485.1,485.1,500,500,500,500,485.1,485.1,500,500,500,250,250
2045,8,180,204,900,500,500,500,500,500,500,500,500,500,500,500,500,500,500,500,500,500,500,500,500,500,500,500,500,500,500,485.1,485.1,500,500,500,500,475,396,150,500,750,301.5,503.464,689.866,211.375,211.375,580.544,580.544,795.522,795.522,100,100,500,500,325,300,250,500,250,349,349,349,349,349,349,349,349,349,349,349,349,349,323.5,323.5,481.75,481.75,481.75,399.5,485.1,485.1,349,349,116,271,50,50,50,50,50,50,50,50,50,50,50,500,500,500,100,100,500,500,323.5,460.7,460.7,460.7,460.7,96.1,96.1,96.1,96.1,500,485.1,485.1,500,500,500,500,485.1,485.1,500,500,500,500,485.1,485.1,500,500,500,500,485.1,485.1,500,500,500,250,250
2045,9,180,204,900,500,500,500,500,500,500,500,500,500,500,500,500,500,500,500,500,500,500,500,500,500,500,500,500,500,500,485.1,485.1,500,500,500,500,475,396,150,500,750,302.6,503.464,689.866,211.375,211.375,580.544,580.544,795.522,795.522,100,100,500,500,325,300,250,500,250,350.2,350.2,350.2,350.2,350.2,350.2,350.2,350.2,350.2,350.2,350.2,350.2,350.2,323.5,323.5,481.75,481.75,481.75,432.8,472.5,472.5,350.2,350.2,116,271,50,50,50,50,50,50,50,50,50,50,50,500,500,500,100,100,500,500,323.5,499.1,499.1,499.1,499.1,102.6,102.6,102.6,102.6,500,485.1,485.1,500,500,500,500,485.1,485.1,500,500,500,500,485.1,485.1,500,500,500,500,485.1,485.1,500,500,500,250,250
2045,10,180,204,900,500,500,500,500,500,500,500,500,500,500,500,500,500,500,500,500,500,500,500,500,500,500,500,500,500,500,485.1,485.1,500,500,500,500,475,396,150,500,750,306.7,530.244,726.561,218.05,218.05,611.424,611.424,837.837,837.837,100,100,500,500,325,300,250,500,250,355,355,355,355,355,355,355,355,355,355,355,355,355,323.5,323.5,507.375,507.375,507.375,448.2,472.5,472.5,355,355,116,271,50,50,50,50,50,50,50,50,50,50,50,500,500,500,100,100,500,500,323.5,516.8,516.8,516.8,516.8,102.2,102.2,102.2,102.2,500,485.1,485.1,500,500,500,500,485.1,485.1,500,500,500,500,485.1,485.1,500,500,500,500,485.1,485.1,500,500,500,250,250
2045,11,180,204,900,500,500,500,500,500,500,500,500,500,500,500,500,500,500,500,500,500,500,500,500,500,500,500,500,500,485,470.547,470.547,485,485,485,500,475,396,150,500,727.5,310.7,535.6,733.9,222.5,222.5,617.6,617.6,846.3,846.3,100,100,500,500,315.25,291,242.5,500,250,359.7,359.7,359.7,359.7,359.7,359.7,359.7,359.7,359.7,359.7,359.7,359.7,359.7,323.5,323.5,512.5,512.5,512.5,450.5,472.5,472.5,359.7,359.7,116,271,50,50,50,50,50,50,50,50,50,50,50,500,500,500,100,100,500,500,323.5,519.5,519.5,519.5,519.5,100.6,100.6,100.6,100.6,485,470.547,470.547,485,485,485,485,470.547,470.547,485,485,485,485,470.547,470.547,485,485,485,485,470.547,470.547,485,485,485,250,250
2045,12,180,204,900,500,500,500,500,500,500,500,500,500,500,500,500,500,500,500,500,500,500,500,500,500,500,500,500,500,485,470.547,470.547,485,485,485,500,475,396,150,500,727.5,310.7,535.6,733.9,222.5,222.5,617.6,617.6,846.3,846.3,100,100,500,500,315.25,291,242.5,500,250,359.7,359.7,359.7,359.7,359.7,359.7,359.7,359.7,359.7,359.7,359.7,359.7,359.7,323.5,323.5,512.5,512.5,512.5,452.9,472.5,472.5,359.7,359.7,116,271,50,50,50,50,50,50,50,50,50,50,50,500,500,500,100,100,500,500,323.5,522.3,522.3,522.3,522.3,101.3,101.3,101.3,101.3,485,470.547,470.547,485,485,485,485,470.547,470.547,485,485,485,485,470.547,470.547,485,485,485,485,470.547,470.547,485,485,485,250,250
2046,1,180,204,900,500,500,500,500,500,500,500,500,500,500,500,500,500,500,500,500,500,500,500,500,500,500,500,500,500,485,470.547,470.547,485,485,485,500,475,396,150,500,727.5,310.7,535.6,733.9,222.5,222.5,617.6,617.6,846.3,846.3,100,100,500,500,315.25,291,242.5,500,250,359.7,359.7,359.7,359.7,359.7,359.7,359.7,359.7,359.7,359.7,359.7,359.7,359.7,323.5,323.5,512.5,512.5,512.5,452.9,472.5,472.5,359.7,359.7,116,271,50,50,50,50,50,50,50,50,50,50,50,500,500,500,100,100,500,500,323.5,522.3,522.3,522.3,522.3,101.3,101.3,101.3,101.3,485,470.547,470.547,485,485,485,485,470.547,470.547,485,485,485,485,470.547,470.547,485,485,485,485,470.547,470.547,485,485,485,250,250
2046,2,180,204,900,500,500,500,500,500,500,500,500,500,500,500,500,500,500,500,500,500,500,500,500,500,500,500,500,500,485,470.547,470.547,485,485,485,500,475,396,150,500,727.5,310.7,535.6,733.9,222.5,222.5,617.6,617.6,846.3,846.3,100,100,500,500,315.25,291,242.5,500,250,359.7,359.7,359.7,359.7,359.7,359.7,359.7,359.7,359.7,359.7,359.7,359.7,359.7,323.5,323.5,512.5,512.5,512.5,452.9,472.5,472.5,359.7,359.7,116,271,50,50,50,50,50,50,50,50,50,50,50,500,500,500,100,100,500,500,323.5,522.3,522.3,522.3,522.3,101.3,101.3,101.3,101.3,485,470.547,470.547,485,485,485,485,470.547,470.547,485,485,485,485,470.547,470.547,485,485,485,485,470.547,470.547,485,485,485,250,250
2046,3,180,204,900,500,500,500,500,500,500,500,500,500,500,500,500,500,500,500,500,500,500,500,500,500,500,500,500,500,485,470.547,470.547,485,485,485,500,475,396,150,500,727.5,306.7,530.244,726.561,218.05,218.05,611.424,611.424,837.837,837.837,100,100,500,500,315.25,291,242.5,500,250,355,355,355,355,355,355,355,355,355,355,355,355,355,323.5,323.5,507.375,507.375,507.375,450.5,472.5,472.5,355,355,116,271,50,50,50,50,50,50,50,50,50,50,50,500,500,500,100,100,500,500,323.5,519.5,519.5,519.5,519.5,100.6,100.6,100.6,100.6,485,470.547,470.547,485,485,485,485,470.547,470.547,485,485,485,485,470.547,470.547,485,485,485,485,470.547,470.547,485,485,485,250,250
2046,4,180,204,900,500,500,500,500,500,500,500,500,500,500,500,500,500,500,500,500,500,500,500,500,500,500,500,500,500,485,470.547,470.547,485,485,485,500,475,396,150,500,727.5,306.7,530.244,726.561,218.05,218.05,611.424,611.424,837.837,837.837,100,100,500,500,315.25,291,242.5,500,250,355,355,355,355,355,355,355,355,355,355,355,355,355,323.5,323.5,507.375,507.375,507.375,448.2,472.5,472.5,355,355,116,271,50,50,50,50,50,50,50,50,50,50,50,500,500,500,100,100,500,500,323.5,516.8,516.8,516.8,516.8,102.2,102.2,102.2,102.2,485,470.547,470.547,485,485,485,485,470.547,470.547,485,485,485,485,470.547,470.547,485,485,485,485,470.547,470.547,485,485,485,250,250
2046,5,180,204,900,500,500,500,500,500,500,500,500,500,500,500,500,500,500,500,500,500,500,500,500,500,500,500,500,500,500,485.1,485.1,500,500,500,500,475,396,150,500,750,302.6,530.244,726.561,218.05,218.05,611.424,611.424,837.837,837.837,100,100,500,500,325,300,250,500,250,350.2,350.2,350.2,350.2,350.2,350.2,350.2,350.2,350.2,350.2,350.2,350.2,350.2,323.5,323.5,507.375,507.375,507.375,432.8,472.5,472.5,350.2,350.2,116,271,50,50,50,50,50,50,50,50,50,50,50,500,500,500,100,100,500,500,323.5,499.1,499.1,499.1,499.1,102.6,102.6,102.6,102.6,500,485.1,485.1,500,500,500,500,485.1,485.1,500,500,500,500,485.1,485.1,500,500,500,500,485.1,485.1,500,500,500,250,250
2046,6,180,204,900,500,500,500,500,500,500,500,500,500,500,500,500,500,500,500,500,500,500,500,500,500,500,500,500,500,500,485.1,485.1,500,500,500,500,475,396,150,500,750,301.5,503.464,689.866,211.375,211.375,580.544,580.544,795.522,795.522,100,100,500,500,325,300,250,500,250,349,349,349,349,349,349,349,349,349,349,349,349,349,323.5,323.5,481.75,481.75,481.75,399.5,472.5,472.5,349,349,116,271,50,50,50,50,50,50,50,50,50,50,50,500,500,500,100,100,500,500,323.5,460.7,460.7,460.7,460.7,96.1,96.1,96.1,96.1,500,485.1,485.1,500,500,500,500,485.1,485.1,500,500,500,500,485.1,485.1,500,500,500,500,485.1,485.1,500,500,500,250,250
2046,7,180,204,900,500,500,500,500,500,500,500,500,500,500,500,500,500,500,500,500,500,500,500,500,500,500,500,500,500,500,485.1,485.1,500,500,500,500,475,396,150,500,750,301.5,503.464,689.866,211.375,211.375,580.544,580.544,795.522,795.522,100,100,500,500,325,300,250,500,250,349,349,349,349,349,349,349,349,349,349,349,349,349,323.5,323.5,481.75,481.75,481.75,399.5,485.1,485.1,349,349,116,271,50,50,50,50,50,50,50,50,50,50,50,500,500,500,100,100,500,500,323.5,460.7,460.7,460.7,460.7,96.1,96.1,96.1,96.1,500,485.1,485.1,500,500,500,500,485.1,485.1,500,500,500,500,485.1,485.1,500,500,500,500,485.1,485.1,500,500,500,250,250
2046,8,180,204,900,500,500,500,500,500,500,500,500,500,500,500,500,500,500,500,500,500,500,500,500,500,500,500,500,500,500,485.1,485.1,500,500,500,500,475,396,150,500,750,301.5,503.464,689.866,211.375,211.375,580.544,580.544,795.522,795.522,100,100,500,500,325,300,250,500,250,349,349,349,349,349,349,349,349,349,349,349,349,349,323.5,323.5,481.75,481.75,481.75,399.5,485.1,485.1,349,349,116,271,50,50,50,50,50,50,50,50,50,50,50,500,500,500,100,100,500,500,323.5,460.7,460.7,460.7,460.7,96.1,96.1,96.1,96.1,500,485.1,485.1,500,500,500,500,485.1,485.1,500,500,500,500,485.1,485.1,500,500,500,500,485.1,485.1,500,500,500,250,250
2046,9,180,204,900,500,500,500,500,500,500,500,500,500,500,500,500,500,500,500,500,500,500,500,500,500,500,500,500,500,500,485.1,485.1,500,500,500,500,475,396,150,500,750,302.6,503.464,689.866,211.375,211.375,580.544,580.544,795.522,795.522,100,100,500,500,325,300,250,500,250,350.2,350.2,350.2,350.2,350.2,350.2,350.2,350.2,350.2,350.2,350.2,350.2,350.2,323.5,323.5,481.75,481.75,481.75,432.8,472.5,472.5,350.2,350.2,116,271,50,50,50,50,50,50,50,50,50,50,50,500,500,500,100,100,500,500,323.5,499.1,499.1,499.1,499.1,102.6,102.6,102.6,102.6,500,485.1,485.1,500,500,500,500,485.1,485.1,500,500,500,500,485.1,485.1,500,500,500,500,485.1,485.1,500,500,500,250,250
2046,10,180,204,900,500,500,500,500,500,500,500,500,500,500,500,500,500,500,500,500,500,500,500,500,500,500,500,500,500,500,485.1,485.1,500,500,500,500,475,396,150,500,750,306.7,530.244,726.561,218.05,218.05,611.424,611.424,837.837,837.837,100,100,500,500,325,300,250,500,250,355,355,355,355,355,355,355,355,355,355,355,355,355,323.5,323.5,507.375,507.375,507.375,448.2,472.5,472.5,355,355,116,271,50,50,50,50,50,50,50,50,50,50,50,500,500,500,100,100,500,500,323.5,516.8,516.8,516.8,516.8,102.2,102.2,102.2,102.2,500,485.1,485.1,500,500,500,500,485.1,485.1,500,500,500,500,485.1,485.1,500,500,500,500,485.1,485.1,500,500,500,250,250
2046,11,180,204,900,500,500,500,500,500,500,500,500,500,500,500,500,500,500,500,500,500,500,500,500,500,500,500,500,500,485,470.547,470.547,485,485,485,500,475,396,150,500,727.5,310.7,535.6,733.9,222.5,222.5,617.6,617.6,846.3,846.3,100,100,500,500,315.25,291,242.5,500,250,359.7,359.7,359.7,359.7,359.7,359.7,359.7,359.7,359.7,359.7,359.7,359.7,359.7,323.5,323.5,512.5,512.5,512.5,450.5,472.5,472.5,359.7,359.7,116,271,50,50,50,50,50,50,50,50,50,50,50,500,500,500,100,100,500,500,323.5,519.5,519.5,519.5,519.5,100.6,100.6,100.6,100.6,485,470.547,470.547,485,485,485,485,470.547,470.547,485,485,485,485,470.547,470.547,485,485,485,485,470.547,470.547,485,485,485,250,250
2046,12,180,204,900,500,500,500,500,500,500,500,500,500,500,500,500,500,500,500,500,500,500,500,500,500,500,500,500,500,485,470.547,470.547,485,485,485,500,475,396,150,500,727.5,310.7,535.6,733.9,222.5,222.5,617.6,617.6,846.3,846.3,100,100,500,500,315.25,291,242.5,500,250,359.7,359.7,359.7,359.7,359.7,359.7,359.7,359.7,359.7,359.7,359.7,359.7,359.7,323.5,323.5,512.5,512.5,512.5,452.9,472.5,472.5,359.7,359.7,116,271,50,50,50,50,50,50,50,50,50,50,50,500,500,500,100,100,500,500,323.5,522.3,522.3,522.3,522.3,101.3,101.3,101.3,101.3,485,470.547,470.547,485,485,485,485,470.547,470.547,485,485,485,485,470.547,470.547,485,485,485,485,470.547,470.547,485,485,485,250,250
2047,1,180,204,900,500,500,500,500,500,500,500,500,500,500,500,500,500,500,500,500,500,500,500,500,500,500,500,500,500,485,470.547,470.547,485,485,485,500,475,396,150,500,727.5,310.7,535.6,733.9,222.5,222.5,617.6,617.6,846.3,846.3,100,100,500,500,315.25,291,242.5,500,250,359.7,359.7,359.7,359.7,359.7,359.7,359.7,359.7,359.7,359.7,359.7,359.7,359.7,323.5,323.5,512.5,512.5,512.5,452.9,472.5,472.5,359.7,359.7,116,271,50,50,50,50,50,50,50,50,50,50,50,500,500,500,100,100,500,500,323.5,522.3,522.3,522.3,522.3,101.3,101.3,101.3,101.3,485,470.547,470.547,485,485,485,485,470.547,470.547,485,485,485,485,470.547,470.547,485,485,485,485,470.547,470.547,485,485,485,250,250
2047,2,180,204,900,500,500,500,500,500,500,500,500,500,500,500,500,500,500,500,500,500,500,500,500,500,500,500,500,500,485,470.547,470.547,485,485,485,500,475,396,150,500,727.5,310.7,535.6,733.9,222.5,222.5,617.6,617.6,846.3,846.3,100,100,500,500,315.25,291,242.5,500,250,359.7,359.7,359.7,359.7,359.7,359.7,359.7,359.7,359.7,359.7,359.7,359.7,359.7,323.5,323.5,512.5,512.5,512.5,452.9,472.5,472.5,359.7,359.7,116,271,50,50,50,50,50,50,50,50,50,50,50,500,500,500,100,100,500,500,323.5,522.3,522.3,522.3,522.3,101.3,101.3,101.3,101.3,485,470.547,470.547,485,485,485,485,470.547,470.547,485,485,485,485,470.547,470.547,485,485,485,485,470.547,470.547,485,485,485,250,250
2047,3,180,204,900,500,500,500,500,500,500,500,500,500,500,500,500,500,500,500,500,500,500,500,500,500,500,500,500,500,485,470.547,470.547,485,485,485,500,475,396,150,500,727.5,306.7,530.244,726.561,218.05,218.05,611.424,611.424,837.837,837.837,100,100,500,500,315.25,291,242.5,500,250,355,355,355,355,355,355,355,355,355,355,355,355,355,323.5,323.5,507.375,507.375,507.375,450.5,472.5,472.5,355,355,116,271,50,50,50,50,50,50,50,50,50,50,50,500,500,500,100,100,500,500,323.5,519.5,519.5,519.5,519.5,100.6,100.6,100.6,100.6,485,470.547,470.547,485,485,485,485,470.547,470.547,485,485,485,485,470.547,470.547,485,485,485,485,470.547,470.547,485,485,485,250,250
2047,4,180,204,900,500,500,500,500,500,500,500,500,500,500,500,500,500,500,500,500,500,500,500,500,500,500,500,500,500,485,470.547,470.547,485,485,485,500,475,396,150,500,727.5,306.7,530.244,726.561,218.05,218.05,611.424,611.424,837.837,837.837,100,100,500,500,315.25,291,242.5,500,250,355,355,355,355,355,355,355,355,355,355,355,355,355,323.5,323.5,507.375,507.375,507.375,448.2,472.5,472.5,355,355,116,271,50,50,50,50,50,50,50,50,50,50,50,500,500,500,100,100,500,500,323.5,516.8,516.8,516.8,516.8,102.2,102.2,102.2,102.2,485,470.547,470.547,485,485,485,485,470.547,470.547,485,485,485,485,470.547,470.547,485,485,485,485,470.547,470.547,485,485,485,250,250
2047,5,180,204,900,500,500,500,500,500,500,500,500,500,500,500,500,500,500,500,500,500,500,500,500,500,500,500,500,500,500,485.1,485.1,500,500,500,500,475,396,150,500,750,302.6,530.244,726.561,218.05,218.05,611.424,611.424,837.837,837.837,100,100,500,500,325,300,250,500,250,350.2,350.2,350.2,350.2,350.2,350.2,350.2,350.2,350.2,350.2,350.2,350.2,350.2,323.5,323.5,507.375,507.375,507.375,432.8,472.5,472.5,350.2,350.2,116,271,50,50,50,50,50,50,50,50,50,50,50,500,500,500,100,100,500,500,323.5,499.1,499.1,499.1,499.1,102.6,102.6,102.6,102.6,500,485.1,485.1,500,500,500,500,485.1,485.1,500,500,500,500,485.1,485.1,500,500,500,500,485.1,485.1,500,500,500,250,250
2047,6,180,204,900,500,500,500,500,500,500,500,500,500,500,500,500,500,500,500,500,500,500,500,500,500,500,500,500,500,500,485.1,485.1,500,500,500,500,475,396,150,500,750,301.5,503.464,689.866,211.375,211.375,580.544,580.544,795.522,795.522,100,100,500,500,325,300,250,500,250,349,349,349,349,349,349,349,349,349,349,349,349,349,323.5,323.5,481.75,481.75,481.75,399.5,472.5,472.5,349,349,116,271,50,50,50,50,50,50,50,50,50,50,50,500,500,500,100,100,500,500,323.5,460.7,460.7,460.7,460.7,96.1,96.1,96.1,96.1,500,485.1,485.1,500,500,500,500,485.1,485.1,500,500,500,500,485.1,485.1,500,500,500,500,485.1,485.1,500,500,500,250,250
2047,7,180,204,900,500,500,500,500,500,500,500,500,500,500,500,500,500,500,500,500,500,500,500,500,500,500,500,500,500,500,485.1,485.1,500,500,500,500,475,396,150,500,750,301.5,503.464,689.866,211.375,211.375,580.544,580.544,795.522,795.522,100,100,500,500,325,300,250,500,250,349,349,349,349,349,349,349,349,349,349,349,349,349,323.5,323.5,481.75,481.75,481.75,399.5,485.1,485.1,349,349,116,271,50,50,50,50,50,50,50,50,50,50,50,500,500,500,100,100,500,500,323.5,460.7,460.7,460.7,460.7,96.1,96.1,96.1,96.1,500,485.1,485.1,500,500,500,500,485.1,485.1,500,500,500,500,485.1,485.1,500,500,500,500,485.1,485.1,500,500,500,250,250
2047,8,180,204,900,500,500,500,500,500,500,500,500,500,500,500,500,500,500,500,500,500,500,500,500,500,500,500,500,500,500,485.1,485.1,500,500,500,500,475,396,150,500,750,301.5,503.464,689.866,211.375,211.375,580.544,580.544,795.522,795.522,100,100,500,500,325,300,250,500,250,349,349,349,349,349,349,349,349,349,349,349,349,349,323.5,323.5,481.75,481.75,481.75,399.5,485.1,485.1,349,349,116,271,50,50,50,50,50,50,50,50,50,50,50,500,500,500,100,100,500,500,323.5,460.7,460.7,460.7,460.7,96.1,96.1,96.1,96.1,500,485.1,485.1,500,500,500,500,485.1,485.1,500,500,500,500,485.1,485.1,500,500,500,500,485.1,485.1,500,500,500,250,250
2047,9,180,204,900,500,500,500,500,500,500,500,500,500,500,500,500,500,500,500,500,500,500,500,500,500,500,500,500,500,500,485.1,485.1,500,500,500,500,475,396,150,500,750,302.6,503.464,689.866,211.375,211.375,580.544,580.544,795.522,795.522,100,100,500,500,325,300,250,500,250,350.2,350.2,350.2,350.2,350.2,350.2,350.2,350.2,350.2,350.2,350.2,350.2,350.2,323.5,323.5,481.75,481.75,481.75,432.8,472.5,472.5,350.2,350.2,116,271,50,50,50,50,50,50,50,50,50,50,50,500,500,500,100,100,500,500,323.5,499.1,499.1,499.1,499.1,102.6,102.6,102.6,102.6,500,485.1,485.1,500,500,500,500,485.1,485.1,500,500,500,500,485.1,485.1,500,500,500,500,485.1,485.1,500,500,500,250,250
2047,10,180,204,900,500,500,500,500,500,500,500,500,500,500,500,500,500,500,500,500,500,500,500,500,500,500,500,500,500,500,485.1,485.1,500,500,500,500,475,396,150,500,750,306.7,530.244,726.561,218.05,218.05,611.424,611.424,837.837,837.837,100,100,500,500,325,300,250,500,250,355,355,355,355,355,355,355,355,355,355,355,355,355,323.5,323.5,507.375,507.375,507.375,448.2,472.5,472.5,355,355,116,271,50,50,50,50,50,50,50,50,50,50,50,500,500,500,100,100,500,500,323.5,516.8,516.8,516.8,516.8,102.2,102.2,102.2,102.2,500,485.1,485.1,500,500,500,500,485.1,485.1,500,500,500,500,485.1,485.1,500,500,500,500,485.1,485.1,500,500,500,250,250
2047,11,180,204,900,500,500,500,500,500,500,500,500,500,500,500,500,500,500,500,500,500,500,500,500,500,500,500,500,500,485,470.547,470.547,485,485,485,500,475,396,150,500,727.5,310.7,535.6,733.9,222.5,222.5,617.6,617.6,846.3,846.3,100,100,500,500,315.25,291,242.5,500,250,359.7,359.7,359.7,359.7,359.7,359.7,359.7,359.7,359.7,359.7,359.7,359.7,359.7,323.5,323.5,512.5,512.5,512.5,450.5,472.5,472.5,359.7,359.7,116,271,50,50,50,50,50,50,50,50,50,50,50,500,500,500,100,100,500,500,323.5,519.5,519.5,519.5,519.5,100.6,100.6,100.6,100.6,485,470.547,470.547,485,485,485,485,470.547,470.547,485,485,485,485,470.547,470.547,485,485,485,485,470.547,470.547,485,485,485,250,250
2047,12,180,204,900,500,500,500,500,500,500,500,500,500,500,500,500,500,500,500,500,500,500,500,500,500,500,500,500,500,485,470.547,470.547,485,485,485,500,475,396,150,500,727.5,310.7,535.6,733.9,222.5,222.5,617.6,617.6,846.3,846.3,100,100,500,500,315.25,291,242.5,500,250,359.7,359.7,359.7,359.7,359.7,359.7,359.7,359.7,359.7,359.7,359.7,359.7,359.7,323.5,323.5,512.5,512.5,512.5,452.9,472.5,472.5,359.7,359.7,116,271,50,50,50,50,50,50,50,50,50,50,50,500,500,500,100,100,500,500,323.5,522.3,522.3,522.3,522.3,101.3,101.3,101.3,101.3,485,470.547,470.547,485,485,485,485,470.547,470.547,485,485,485,485,470.547,470.547,485,485,485,485,470.547,470.547,485,485,485,250,250
2048,1,180,204,900,500,500,500,500,500,500,500,500,500,500,500,500,500,500,500,500,500,500,500,500,500,500,500,500,500,485,470.547,470.547,485,485,485,500,475,396,150,500,727.5,310.7,535.6,733.9,222.5,222.5,617.6,617.6,846.3,846.3,100,100,500,500,315.25,291,242.5,500,250,359.7,359.7,359.7,359.7,359.7,359.7,359.7,359.7,359.7,359.7,359.7,359.7,359.7,323.5,323.5,512.5,512.5,512.5,452.9,472.5,472.5,359.7,359.7,116,271,50,50,50,50,50,50,50,50,50,50,50,500,500,500,100,100,500,500,323.5,522.3,522.3,522.3,522.3,101.3,101.3,101.3,101.3,485,470.547,470.547,485,485,485,485,470.547,470.547,485,485,485,485,470.547,470.547,485,485,485,485,470.547,470.547,485,485,485,250,250
2048,2,180,204,900,500,500,500,500,500,500,500,500,500,500,500,500,500,500,500,500,500,500,500,500,500,500,500,500,500,485,470.547,470.547,485,485,485,500,475,396,150,500,727.5,310.7,535.6,733.9,222.5,222.5,617.6,617.6,846.3,846.3,100,100,500,500,315.25,291,242.5,500,250,359.7,359.7,359.7,359.7,359.7,359.7,359.7,359.7,359.7,359.7,359.7,359.7,359.7,323.5,323.5,512.5,512.5,512.5,452.9,472.5,472.5,359.7,359.7,116,271,50,50,50,50,50,50,50,50,50,50,50,500,500,500,100,100,500,500,323.5,522.3,522.3,522.3,522.3,101.3,101.3,101.3,101.3,485,470.547,470.547,485,485,485,485,470.547,470.547,485,485,485,485,470.547,470.547,485,485,485,485,470.547,470.547,485,485,485,250,250
2048,3,180,204,900,500,500,500,500,500,500,500,500,500,500,500,500,500,500,500,500,500,500,500,500,500,500,500,500,500,485,470.547,470.547,485,485,485,500,475,396,150,500,727.5,306.7,530.244,726.561,218.05,218.05,611.424,611.424,837.837,837.837,100,100,500,500,315.25,291,242.5,500,250,355,355,355,355,355,355,355,355,355,355,355,355,355,323.5,323.5,507.375,507.375,507.375,450.5,472.5,472.5,355,355,116,271,50,50,50,50,50,50,50,50,50,50,50,500,500,500,100,100,500,500,323.5,519.5,519.5,519.5,519.5,100.6,100.6,100.6,100.6,485,470.547,470.547,485,485,485,485,470.547,470.547,485,485,485,485,470.547,470.547,485,485,485,485,470.547,470.547,485,485,485,250,250
2048,4,180,204,900,500,500,500,500,500,500,500,500,500,500,500,500,500,500,500,500,500,500,500,500,500,500,500,500,500,485,470.547,470.547,485,485,485,500,475,396,150,500,727.5,306.7,530.244,726.561,218.05,218.05,611.424,611.424,837.837,837.837,100,100,500,500,315.25,291,242.5,500,250,355,355,355,355,355,355,355,355,355,355,355,355,355,323.5,323.5,507.375,507.375,507.375,448.2,472.5,472.5,355,355,116,271,50,50,50,50,50,50,50,50,50,50,50,500,500,500,100,100,500,500,323.5,516.8,516.8,516.8,516.8,102.2,102.2,102.2,102.2,485,470.547,470.547,485,485,485,485,470.547,470.547,485,485,485,485,470.547,470.547,485,485,485,485,470.547,470.547,485,485,485,250,250
2048,5,180,204,900,500,500,500,500,500,500,500,500,500,500,500,500,500,500,500,500,500,500,500,500,500,500,500,500,500,500,485.1,485.1,500,500,500,500,475,396,150,500,750,302.6,530.244,726.561,218.05,218.05,611.424,611.424,837.837,837.837,100,100,500,500,325,300,250,500,250,350.2,350.2,350.2,350.2,350.2,350.2,350.2,350.2,350.2,350.2,350.2,350.2,350.2,323.5,323.5,507.375,507.375,507.375,432.8,472.5,472.5,350.2,350.2,116,271,50,50,50,50,50,50,50,50,50,50,50,500,500,500,100,100,500,500,323.5,499.1,499.1,499.1,499.1,102.6,102.6,102.6,102.6,500,485.1,485.1,500,500,500,500,485.1,485.1,500,500,500,500,485.1,485.1,500,500,500,500,485.1,485.1,500,500,500,250,250
2048,6,180,204,900,500,500,500,500,500,500,500,500,500,500,500,500,500,500,500,500,500,500,500,500,500,500,500,500,500,500,485.1,485.1,500,500,500,500,475,396,150,500,750,301.5,503.464,689.866,211.375,211.375,580.544,580.544,795.522,795.522,100,100,500,500,325,300,250,500,250,349,349,349,349,349,349,349,349,349,349,349,349,349,323.5,323.5,481.75,481.75,481.75,399.5,472.5,472.5,349,349,116,271,50,50,50,50,50,50,50,50,50,50,50,500,500,500,100,100,500,500,323.5,460.7,460.7,460.7,460.7,96.1,96.1,96.1,96.1,500,485.1,485.1,500,500,500,500,485.1,485.1,500,500,500,500,485.1,485.1,500,500,500,500,485.1,485.1,500,500,500,250,250
2048,7,180,204,900,500,500,500,500,500,500,500,500,500,500,500,500,500,500,500,500,500,500,500,500,500,500,500,500,500,500,485.1,485.1,500,500,500,500,475,396,150,500,750,301.5,503.464,689.866,211.375,211.375,580.544,580.544,795.522,795.522,100,100,500,500,325,300,250,500,250,349,349,349,349,349,349,349,349,349,349,349,349,349,323.5,323.5,481.75,481.75,481.75,399.5,485.1,485.1,349,349,116,271,50,50,50,50,50,50,50,50,50,50,50,500,500,500,100,100,500,500,323.5,460.7,460.7,460.7,460.7,96.1,96.1,96.1,96.1,500,485.1,485.1,500,500,500,500,485.1,485.1,500,500,500,500,485.1,485.1,500,500,500,500,485.1,485.1,500,500,500,250,250
2048,8,180,204,900,500,500,500,500,500,500,500,500,500,500,500,500,500,500,500,500,500,500,500,500,500,500,500,500,500,500,485.1,485.1,500,500,500,500,475,396,150,500,750,301.5,503.464,689.866,211.375,211.375,580.544,580.544,795.522,795.522,100,100,500,500,325,300,250,500,250,349,349,349,349,349,349,349,349,349,349,349,349,349,323.5,323.5,481.75,481.75,481.75,399.5,485.1,485.1,349,349,116,271,50,50,50,50,50,50,50,50,50,50,50,500,500,500,100,100,500,500,323.5,460.7,460.7,460.7,460.7,96.1,96.1,96.1,96.1,500,485.1,485.1,500,500,500,500,485.1,485.1,500,500,500,500,485.1,485.1,500,500,500,500,485.1,485.1,500,500,500,250,250
2048,9,180,204,900,500,500,500,500,500,500,500,500,500,500,500,500,500,500,500,500,500,500,500,500,500,500,500,500,500,500,485.1,485.1,500,500,500,500,475,396,150,500,750,302.6,503.464,689.866,211.375,211.375,580.544,580.544,795.522,795.522,100,100,500,500,325,300,250,500,250,350.2,350.2,350.2,350.2,350.2,350.2,350.2,350.2,350.2,350.2,350.2,350.2,350.2,323.5,323.5,481.75,481.75,481.75,432.8,472.5,472.5,350.2,350.2,116,271,50,50,50,50,50,50,50,50,50,50,50,500,500,500,100,100,500,500,323.5,499.1,499.1,499.1,499.1,102.6,102.6,102.6,102.6,500,485.1,485.1,500,500,500,500,485.1,485.1,500,500,500,500,485.1,485.1,500,500,500,500,485.1,485.1,500,500,500,250,250
2048,10,180,204,900,500,500,500,500,500,500,500,500,500,500,500,500,500,500,500,500,500,500,500,500,500,500,500,500,500,500,485.1,485.1,500,500,500,500,475,396,150,500,750,306.7,530.244,726.561,218.05,218.05,611.424,611.424,837.837,837.837,100,100,500,500,325,300,250,500,250,355,355,355,355,355,355,355,355,355,355,355,355,355,323.5,323.5,507.375,507.375,507.375,448.2,472.5,472.5,355,355,116,271,50,50,50,50,50,50,50,50,50,50,50,500,500,500,100,100,500,500,323.5,516.8,516.8,516.8,516.8,102.2,102.2,102.2,102.2,500,485.1,485.1,500,500,500,500,485.1,485.1,500,500,500,500,485.1,485.1,500,500,500,500,485.1,485.1,500,500,500,250,250
2048,11,180,204,900,500,500,500,500,500,500,500,500,500,500,500,500,500,500,500,500,500,500,500,500,500,500,500,500,500,485,470.547,470.547,485,485,485,500,475,396,150,500,727.5,310.7,535.6,733.9,222.5,222.5,617.6,617.6,846.3,846.3,100,100,500,500,315.25,291,242.5,500,250,359.7,359.7,359.7,359.7,359.7,359.7,359.7,359.7,359.7,359.7,359.7,359.7,359.7,323.5,323.5,512.5,512.5,512.5,450.5,472.5,472.5,359.7,359.7,116,271,50,50,50,50,50,50,50,50,50,50,50,500,500,500,100,100,500,500,323.5,519.5,519.5,519.5,519.5,100.6,100.6,100.6,100.6,485,470.547,470.547,485,485,485,485,470.547,470.547,485,485,485,485,470.547,470.547,485,485,485,485,470.547,470.547,485,485,485,250,250
2048,12,180,204,900,500,500,500,500,500,500,500,500,500,500,500,500,500,500,500,500,500,500,500,500,500,500,500,500,500,485,470.547,470.547,485,485,485,500,475,396,150,500,727.5,310.7,535.6,733.9,222.5,222.5,617.6,617.6,846.3,846.3,100,100,500,500,315.25,291,242.5,500,250,359.7,359.7,359.7,359.7,359.7,359.7,359.7,359.7,359.7,359.7,359.7,359.7,359.7,323.5,323.5,512.5,512.5,512.5,452.9,472.5,472.5,359.7,359.7,116,271,50,50,50,50,50,50,50,50,50,50,50,500,500,500,100,100,500,500,323.5,522.3,522.3,522.3,522.3,101.3,101.3,101.3,101.3,485,470.547,470.547,485,485,485,485,470.547,470.547,485,485,485,485,470.547,470.547,485,485,485,485,470.547,470.547,485,485,485,250,250
2049,1,180,204,900,500,500,500,500,500,500,500,500,500,500,500,500,500,500,500,500,500,500,500,500,500,500,500,500,500,485,470.547,470.547,485,485,485,500,475,396,150,500,727.5,310.7,535.6,733.9,222.5,222.5,617.6,617.6,846.3,846.3,100,100,500,500,315.25,291,242.5,500,250,359.7,359.7,359.7,359.7,359.7,359.7,359.7,359.7,359.7,359.7,359.7,359.7,359.7,323.5,323.5,512.5,512.5,512.5,452.9,472.5,472.5,359.7,359.7,116,271,50,50,50,50,50,50,50,50,50,50,50,500,500,500,100,100,500,500,323.5,522.3,522.3,522.3,522.3,101.3,101.3,101.3,101.3,485,470.547,470.547,485,485,485,485,470.547,470.547,485,485,485,485,470.547,470.547,485,485,485,485,470.547,470.547,485,485,485,250,250
2049,2,180,204,900,500,500,500,500,500,500,500,500,500,500,500,500,500,500,500,500,500,500,500,500,500,500,500,500,500,485,470.547,470.547,485,485,485,500,475,396,150,500,727.5,310.7,535.6,733.9,222.5,222.5,617.6,617.6,846.3,846.3,100,100,500,500,315.25,291,242.5,500,250,359.7,359.7,359.7,359.7,359.7,359.7,359.7,359.7,359.7,359.7,359.7,359.7,359.7,323.5,323.5,512.5,512.5,512.5,452.9,472.5,472.5,359.7,359.7,116,271,50,50,50,50,50,50,50,50,50,50,50,500,500,500,100,100,500,500,323.5,522.3,522.3,522.3,522.3,101.3,101.3,101.3,101.3,485,470.547,470.547,485,485,485,485,470.547,470.547,485,485,485,485,470.547,470.547,485,485,485,485,470.547,470.547,485,485,485,250,250
2049,3,180,204,900,500,500,500,500,500,500,500,500,500,500,500,500,500,500,500,500,500,500,500,500,500,500,500,500,500,485,470.547,470.547,485,485,485,500,475,396,150,500,727.5,306.7,530.244,726.561,218.05,218.05,611.424,611.424,837.837,837.837,100,100,500,500,315.25,291,242.5,500,250,355,355,355,355,355,355,355,355,355,355,355,355,355,323.5,323.5,507.375,507.375,507.375,450.5,472.5,472.5,355,355,116,271,50,50,50,50,50,50,50,50,50,50,50,500,500,500,100,100,500,500,323.5,519.5,519.5,519.5,519.5,100.6,100.6,100.6,100.6,485,470.547,470.547,485,485,485,485,470.547,470.547,485,485,485,485,470.547,470.547,485,485,485,485,470.547,470.547,485,485,485,250,250
2049,4,180,204,900,500,500,500,500,500,500,500,500,500,500,500,500,500,500,500,500,500,500,500,500,500,500,500,500,500,485,470.547,470.547,485,485,485,500,475,396,150,500,727.5,306.7,530.244,726.561,218.05,218.05,611.424,611.424,837.837,837.837,100,100,500,500,315.25,291,242.5,500,250,355,355,355,355,355,355,355,355,355,355,355,355,355,323.5,323.5,507.375,507.375,507.375,448.2,472.5,472.5,355,355,116,271,50,50,50,50,50,50,50,50,50,50,50,500,500,500,100,100,500,500,323.5,516.8,516.8,516.8,516.8,102.2,102.2,102.2,102.2,485,470.547,470.547,485,485,485,485,470.547,470.547,485,485,485,485,470.547,470.547,485,485,485,485,470.547,470.547,485,485,485,250,250
2049,5,180,204,900,500,500,500,500,500,500,500,500,500,500,500,500,500,500,500,500,500,500,500,500,500,500,500,500,500,500,485.1,485.1,500,500,500,500,475,396,150,500,750,302.6,530.244,726.561,218.05,218.05,611.424,611.424,837.837,837.837,100,100,500,500,325,300,250,500,250,350.2,350.2,350.2,350.2,350.2,350.2,350.2,350.2,350.2,350.2,350.2,350.2,350.2,323.5,323.5,507.375,507.375,507.375,432.8,472.5,472.5,350.2,350.2,116,271,50,50,50,50,50,50,50,50,50,50,50,500,500,500,100,100,500,500,323.5,499.1,499.1,499.1,499.1,102.6,102.6,102.6,102.6,500,485.1,485.1,500,500,500,500,485.1,485.1,500,500,500,500,485.1,485.1,500,500,500,500,485.1,485.1,500,500,500,250,250
2049,6,180,204,900,500,500,500,500,500,500,500,500,500,500,500,500,500,500,500,500,500,500,500,500,500,500,500,500,500,500,485.1,485.1,500,500,500,500,475,396,150,500,750,301.5,503.464,689.866,211.375,211.375,580.544,580.544,795.522,795.522,100,100,500,500,325,300,250,500,250,349,349,349,349,349,349,349,349,349,349,349,349,349,323.5,323.5,481.75,481.75,481.75,399.5,472.5,472.5,349,349,116,271,50,50,50,50,50,50,50,50,50,50,50,500,500,500,100,100,500,500,323.5,460.7,460.7,460.7,460.7,96.1,96.1,96.1,96.1,500,485.1,485.1,500,500,500,500,485.1,485.1,500,500,500,500,485.1,485.1,500,500,500,500,485.1,485.1,500,500,500,250,250
2049,7,180,204,900,500,500,500,500,500,500,500,500,500,500,500,500,500,500,500,500,500,500,500,500,500,500,500,500,500,500,485.1,485.1,500,500,500,500,475,396,150,500,750,301.5,503.464,689.866,211.375,211.375,580.544,580.544,795.522,795.522,100,100,500,500,325,300,250,500,250,349,349,349,349,349,349,349,349,349,349,349,349,349,323.5,323.5,481.75,481.75,481.75,399.5,485.1,485.1,349,349,116,271,50,50,50,50,50,50,50,50,50,50,50,500,500,500,100,100,500,500,323.5,460.7,460.7,460.7,460.7,96.1,96.1,96.1,96.1,500,485.1,485.1,500,500,500,500,485.1,485.1,500,500,500,500,485.1,485.1,500,500,500,500,485.1,485.1,500,500,500,250,250
2049,8,180,204,900,500,500,500,500,500,500,500,500,500,500,500,500,500,500,500,500,500,500,500,500,500,500,500,500,500,500,485.1,485.1,500,500,500,500,475,396,150,500,750,301.5,503.464,689.866,211.375,211.375,580.544,580.544,795.522,795.522,100,100,500,500,325,300,250,500,250,349,349,349,349,349,349,349,349,349,349,349,349,349,323.5,323.5,481.75,481.75,481.75,399.5,485.1,485.1,349,349,116,271,50,50,50,50,50,50,50,50,50,50,50,500,500,500,100,100,500,500,323.5,460.7,460.7,460.7,460.7,96.1,96.1,96.1,96.1,500,485.1,485.1,500,500,500,500,485.1,485.1,500,500,500,500,485.1,485.1,500,500,500,500,485.1,485.1,500,500,500,250,250
2049,9,180,204,900,500,500,500,500,500,500,500,500,500,500,500,500,500,500,500,500,500,500,500,500,500,500,500,500,500,500,485.1,485.1,500,500,500,500,475,396,150,500,750,302.6,503.464,689.866,211.375,211.375,580.544,580.544,795.522,795.522,100,100,500,500,325,300,250,500,250,350.2,350.2,350.2,350.2,350.2,350.2,350.2,350.2,350.2,350.2,350.2,350.2,350.2,323.5,323.5,481.75,481.75,481.75,432.8,472.5,472.5,350.2,350.2,116,271,50,50,50,50,50,50,50,50,50,50,50,500,500,500,100,100,500,500,323.5,499.1,499.1,499.1,499.1,102.6,102.6,102.6,102.6,500,485.1,485.1,500,500,500,500,485.1,485.1,500,500,500,500,485.1,485.1,500,500,500,500,485.1,485.1,500,500,500,250,250
2049,10,180,204,900,500,500,500,500,500,500,500,500,500,500,500,500,500,500,500,500,500,500,500,500,500,500,500,500,500,500,485.1,485.1,500,500,500,500,475,396,150,500,750,306.7,530.244,726.561,218.05,218.05,611.424,611.424,837.837,837.837,100,100,500,500,325,300,250,500,250,355,355,355,355,355,355,355,355,355,355,355,355,355,323.5,323.5,507.375,507.375,507.375,448.2,472.5,472.5,355,355,116,271,50,50,50,50,50,50,50,50,50,50,50,500,500,500,100,100,500,500,323.5,516.8,516.8,516.8,516.8,102.2,102.2,102.2,102.2,500,485.1,485.1,500,500,500,500,485.1,485.1,500,500,500,500,485.1,485.1,500,500,500,500,485.1,485.1,500,500,500,250,250
2049,11,180,204,900,500,500,500,500,500,500,500,500,500,500,500,500,500,500,500,500,500,500,500,500,500,500,500,500,500,485,470.547,470.547,485,485,485,500,475,396,150,500,727.5,310.7,535.6,733.9,222.5,222.5,617.6,617.6,846.3,846.3,100,100,500,500,315.25,291,242.5,500,250,359.7,359.7,359.7,359.7,359.7,359.7,359.7,359.7,359.7,359.7,359.7,359.7,359.7,323.5,323.5,512.5,512.5,512.5,450.5,472.5,472.5,359.7,359.7,116,271,50,50,50,50,50,50,50,50,50,50,50,500,500,500,100,100,500,500,323.5,519.5,519.5,519.5,519.5,100.6,100.6,100.6,100.6,485,470.547,470.547,485,485,485,485,470.547,470.547,485,485,485,485,470.547,470.547,485,485,485,485,470.547,470.547,485,485,485,250,250
2049,12,180,204,900,500,500,500,500,500,500,500,500,500,500,500,500,500,500,500,500,500,500,500,500,500,500,500,500,500,485,470.547,470.547,485,485,485,500,475,396,150,500,727.5,310.7,535.6,733.9,222.5,222.5,617.6,617.6,846.3,846.3,100,100,500,500,315.25,291,242.5,500,250,359.7,359.7,359.7,359.7,359.7,359.7,359.7,359.7,359.7,359.7,359.7,359.7,359.7,323.5,323.5,512.5,512.5,512.5,452.9,472.5,472.5,359.7,359.7,116,271,50,50,50,50,50,50,50,50,50,50,50,500,500,500,100,100,500,500,323.5,522.3,522.3,522.3,522.3,101.3,101.3,101.3,101.3,485,470.547,470.547,485,485,485,485,470.547,470.547,485,485,485,485,470.547,470.547,485,485,485,485,470.547,470.547,485,485,485,250,250
2050,1,180,204,900,500,500,500,500,500,500,500,500,500,500,500,500,500,500,500,500,500,500,500,500,500,500,500,500,500,485,470.547,470.547,485,485,485,500,475,396,150,500,727.5,310.7,535.6,733.9,222.5,222.5,617.6,617.6,846.3,846.3,100,100,500,500,315.25,291,242.5,500,250,359.7,359.7,359.7,359.7,359.7,359.7,359.7,359.7,359.7,359.7,359.7,359.7,359.7,323.5,323.5,512.5,512.5,512.5,452.9,472.5,472.5,359.7,359.7,116,271,50,50,50,50,50,50,50,50,50,50,50,500,500,500,100,100,500,500,323.5,522.3,522.3,522.3,522.3,101.3,101.3,101.3,101.3,485,470.547,470.547,485,485,485,485,470.547,470.547,485,485,485,485,470.547,470.547,485,485,485,485,470.547,470.547,485,485,485,250,250
2050,2,180,204,900,500,500,500,500,500,500,500,500,500,500,500,500,500,500,500,500,500,500,500,500,500,500,500,500,500,485,470.547,470.547,485,485,485,500,475,396,150,500,727.5,310.7,535.6,733.9,222.5,222.5,617.6,617.6,846.3,846.3,100,100,500,500,315.25,291,242.5,500,250,359.7,359.7,359.7,359.7,359.7,359.7,359.7,359.7,359.7,359.7,359.7,359.7,359.7,323.5,323.5,512.5,512.5,512.5,452.9,472.5,472.5,359.7,359.7,116,271,50,50,50,50,50,50,50,50,50,50,50,500,500,500,100,100,500,500,323.5,522.3,522.3,522.3,522.3,101.3,101.3,101.3,101.3,485,470.547,470.547,485,485,485,485,470.547,470.547,485,485,485,485,470.547,470.547,485,485,485,485,470.547,470.547,485,485,485,250,250
2050,3,180,204,900,500,500,500,500,500,500,500,500,500,500,500,500,500,500,500,500,500,500,500,500,500,500,500,500,500,485,470.547,470.547,485,485,485,500,475,396,150,500,727.5,306.7,530.244,726.561,218.05,218.05,611.424,611.424,837.837,837.837,100,100,500,500,315.25,291,242.5,500,250,355,355,355,355,355,355,355,355,355,355,355,355,355,323.5,323.5,507.375,507.375,507.375,450.5,472.5,472.5,355,355,116,271,50,50,50,50,50,50,50,50,50,50,50,500,500,500,100,100,500,500,323.5,519.5,519.5,519.5,519.5,100.6,100.6,100.6,100.6,485,470.547,470.547,485,485,485,485,470.547,470.547,485,485,485,485,470.547,470.547,485,485,485,485,470.547,470.547,485,485,485,250,250
2050,4,180,204,900,500,500,500,500,500,500,500,500,500,500,500,500,500,500,500,500,500,500,500,500,500,500,500,500,500,485,470.547,470.547,485,485,485,500,475,396,150,500,727.5,306.7,530.244,726.561,218.05,218.05,611.424,611.424,837.837,837.837,100,100,500,500,315.25,291,242.5,500,250,355,355,355,355,355,355,355,355,355,355,355,355,355,323.5,323.5,507.375,507.375,507.375,448.2,472.5,472.5,355,355,116,271,50,50,50,50,50,50,50,50,50,50,50,500,500,500,100,100,500,500,323.5,516.8,516.8,516.8,516.8,102.2,102.2,102.2,102.2,485,470.547,470.547,485,485,485,485,470.547,470.547,485,485,485,485,470.547,470.547,485,485,485,485,470.547,470.547,485,485,485,250,250
2050,5,180,204,900,500,500,500,500,500,500,500,500,500,500,500,500,500,500,500,500,500,500,500,500,500,500,500,500,500,500,485.1,485.1,500,500,500,500,475,396,150,500,750,302.6,530.244,726.561,218.05,218.05,611.424,611.424,837.837,837.837,100,100,500,500,325,300,250,500,250,350.2,350.2,350.2,350.2,350.2,350.2,350.2,350.2,350.2,350.2,350.2,350.2,350.2,323.5,323.5,507.375,507.375,507.375,432.8,472.5,472.5,350.2,350.2,116,271,50,50,50,50,50,50,50,50,50,50,50,500,500,500,100,100,500,500,323.5,499.1,499.1,499.1,499.1,102.6,102.6,102.6,102.6,500,485.1,485.1,500,500,500,500,485.1,485.1,500,500,500,500,485.1,485.1,500,500,500,500,485.1,485.1,500,500,500,250,250
2050,6,180,204,900,500,500,500,500,500,500,500,500,500,500,500,500,500,500,500,500,500,500,500,500,500,500,500,500,500,500,485.1,485.1,500,500,500,500,475,396,150,500,750,301.5,503.464,689.866,211.375,211.375,580.544,580.544,795.522,795.522,100,100,500,500,325,300,250,500,250,349,349,349,349,349,349,349,349,349,349,349,349,349,323.5,323.5,481.75,481.75,481.75,399.5,472.5,472.5,349,349,116,271,50,50,50,50,50,50,50,50,50,50,50,500,500,500,100,100,500,500,323.5,460.7,460.7,460.7,460.7,96.1,96.1,96.1,96.1,500,485.1,485.1,500,500,500,500,485.1,485.1,500,500,500,500,485.1,485.1,500,500,500,500,485.1,485.1,500,500,500,250,250
2050,7,180,204,900,500,500,500,500,500,500,500,500,500,500,500,500,500,500,500,500,500,500,500,500,500,500,500,500,500,500,485.1,485.1,500,500,500,500,475,396,150,500,750,301.5,503.464,689.866,211.375,211.375,580.544,580.544,795.522,795.522,100,100,500,500,325,300,250,500,250,349,349,349,349,349,349,349,349,349,349,349,349,349,323.5,323.5,481.75,481.75,481.75,399.5,485.1,485.1,349,349,116,271,50,50,50,50,50,50,50,50,50,50,50,500,500,500,100,100,500,500,323.5,460.7,460.7,460.7,460.7,96.1,96.1,96.1,96.1,500,485.1,485.1,500,500,500,500,485.1,485.1,500,500,500,500,485.1,485.1,500,500,500,500,485.1,485.1,500,500,500,250,250
2050,8,180,204,900,500,500,500,500,500,500,500,500,500,500,500,500,500,500,500,500,500,500,500,500,500,500,500,500,500,500,485.1,485.1,500,500,500,500,475,396,150,500,750,301.5,503.464,689.866,211.375,211.375,580.544,580.544,795.522,795.522,100,100,500,500,325,300,250,500,250,349,349,349,349,349,349,349,349,349,349,349,349,349,323.5,323.5,481.75,481.75,481.75,399.5,485.1,485.1,349,349,116,271,50,50,50,50,50,50,50,50,50,50,50,500,500,500,100,100,500,500,323.5,460.7,460.7,460.7,460.7,96.1,96.1,96.1,96.1,500,485.1,485.1,500,500,500,500,485.1,485.1,500,500,500,500,485.1,485.1,500,500,500,500,485.1,485.1,500,500,500,250,250
2050,9,180,204,900,500,500,500,500,500,500,500,500,500,500,500,500,500,500,500,500,500,500,500,500,500,500,500,500,500,500,485.1,485.1,500,500,500,500,475,396,150,500,750,302.6,503.464,689.866,211.375,211.375,580.544,580.544,795.522,795.522,100,100,500,500,325,300,250,500,250,350.2,350.2,350.2,350.2,350.2,350.2,350.2,350.2,350.2,350.2,350.2,350.2,350.2,323.5,323.5,481.75,481.75,481.75,432.8,472.5,472.5,350.2,350.2,116,271,50,50,50,50,50,50,50,50,50,50,50,500,500,500,100,100,500,500,323.5,499.1,499.1,499.1,499.1,102.6,102.6,102.6,102.6,500,485.1,485.1,500,500,500,500,485.1,485.1,500,500,500,500,485.1,485.1,500,500,500,500,485.1,485.1,500,500,500,250,250
2050,10,180,204,900,500,500,500,500,500,500,500,500,500,500,500,500,500,500,500,500,500,500,500,500,500,500,500,500,500,500,485.1,485.1,500,500,500,500,475,396,150,500,750,306.7,530.244,726.561,218.05,218.05,611.424,611.424,837.837,837.837,100,100,500,500,325,300,250,500,250,355,355,355,355,355,355,355,355,355,355,355,355,355,323.5,323.5,507.375,507.375,507.375,448.2,472.5,472.5,355,355,116,271,50,50,50,50,50,50,50,50,50,50,50,500,500,500,100,100,500,500,323.5,516.8,516.8,516.8,516.8,102.2,102.2,102.2,102.2,500,485.1,485.1,500,500,500,500,485.1,485.1,500,500,500,500,485.1,485.1,500,500,500,500,485.1,485.1,500,500,500,250,250
2050,11,180,204,900,500,500,500,500,500,500,500,500,500,500,500,500,500,500,500,500,500,500,500,500,500,500,500,500,500,485,470.547,470.547,485,485,485,500,475,396,150,500,727.5,310.7,535.6,733.9,222.5,222.5,617.6,617.6,846.3,846.3,100,100,500,500,315.25,291,242.5,500,250,359.7,359.7,359.7,359.7,359.7,359.7,359.7,359.7,359.7,359.7,359.7,359.7,359.7,323.5,323.5,512.5,512.5,512.5,450.5,472.5,472.5,359.7,359.7,116,271,50,50,50,50,50,50,50,50,50,50,50,500,500,500,100,100,500,500,323.5,519.5,519.5,519.5,519.5,100.6,100.6,100.6,100.6,485,470.547,470.547,485,485,485,485,470.547,470.547,485,485,485,485,470.547,470.547,485,485,485,485,470.547,470.547,485,485,485,250,250
2050,12,180,204,900,500,500,500,500,500,500,500,500,500,500,500,500,500,500,500,500,500,500,500,500,500,500,500,500,500,485,470.547,470.547,485,485,485,500,475,396,150,500,727.5,310.7,535.6,733.9,222.5,222.5,617.6,617.6,846.3,846.3,100,100,500,500,315.25,291,242.5,500,250,359.7,359.7,359.7,359.7,359.7,359.7,359.7,359.7,359.7,359.7,359.7,359.7,359.7,323.5,323.5,512.5,512.5,512.5,452.9,472.5,472.5,359.7,359.7,116,271,50,50,50,50,50,50,50,50,50,50,50,500,500,500,100,100,500,500,323.5,522.3,522.3,522.3,522.3,101.3,101.3,101.3,101.3,485,470.547,470.547,485,485,485,485,470.547,470.547,485,485,485,485,470.547,470.547,485,485,485,485,470.547,470.547,485,485,485,250,250
2051,1,180,204,900,500,500,500,500,500,500,500,500,500,500,500,500,500,500,500,500,500,500,500,500,500,500,500,500,500,485,470.547,470.547,485,485,485,500,475,396,150,500,727.5,310.7,535.6,733.9,222.5,222.5,617.6,617.6,846.3,846.3,100,100,500,500,315.25,291,242.5,500,250,359.7,359.7,359.7,359.7,359.7,359.7,359.7,359.7,359.7,359.7,359.7,359.7,359.7,323.5,323.5,512.5,512.5,512.5,452.9,472.5,472.5,359.7,359.7,116,271,50,50,50,50,50,50,50,50,50,50,50,500,500,500,100,100,500,500,323.5,522.3,522.3,522.3,522.3,101.3,101.3,101.3,101.3,485,470.547,470.547,485,485,485,485,470.547,470.547,485,485,485,485,470.547,470.547,485,485,485,485,470.547,470.547,485,485,485,250,250
2051,2,180,204,900,500,500,500,500,500,500,500,500,500,500,500,500,500,500,500,500,500,500,500,500,500,500,500,500,500,485,470.547,470.547,485,485,485,500,475,396,150,500,727.5,310.7,535.6,733.9,222.5,222.5,617.6,617.6,846.3,846.3,100,100,500,500,315.25,291,242.5,500,250,359.7,359.7,359.7,359.7,359.7,359.7,359.7,359.7,359.7,359.7,359.7,359.7,359.7,323.5,323.5,512.5,512.5,512.5,452.9,472.5,472.5,359.7,359.7,116,271,50,50,50,50,50,50,50,50,50,50,50,500,500,500,100,100,500,500,323.5,522.3,522.3,522.3,522.3,101.3,101.3,101.3,101.3,485,470.547,470.547,485,485,485,485,470.547,470.547,485,485,485,485,470.547,470.547,485,485,485,485,470.547,470.547,485,485,485,250,250
2051,3,180,204,900,500,500,500,500,500,500,500,500,500,500,500,500,500,500,500,500,500,500,500,500,500,500,500,500,500,485,470.547,470.547,485,485,485,500,475,396,150,500,727.5,306.7,530.244,726.561,218.05,218.05,611.424,611.424,837.837,837.837,100,100,500,500,315.25,291,242.5,500,250,355,355,355,355,355,355,355,355,355,355,355,355,355,323.5,323.5,507.375,507.375,507.375,450.5,472.5,472.5,355,355,116,271,50,50,50,50,50,50,50,50,50,50,50,500,500,500,100,100,500,500,323.5,519.5,519.5,519.5,519.5,100.6,100.6,100.6,100.6,485,470.547,470.547,485,485,485,485,470.547,470.547,485,485,485,485,470.547,470.547,485,485,485,485,470.547,470.547,485,485,485,250,250
2051,4,180,204,900,500,500,500,500,500,500,500,500,500,500,500,500,500,500,500,500,500,500,500,500,500,500,500,500,500,485,470.547,470.547,485,485,485,500,475,396,150,500,727.5,306.7,530.244,726.561,218.05,218.05,611.424,611.424,837.837,837.837,100,100,500,500,315.25,291,242.5,500,250,355,355,355,355,355,355,355,355,355,355,355,355,355,323.5,323.5,507.375,507.375,507.375,448.2,472.5,472.5,355,355,116,271,50,50,50,50,50,50,50,50,50,50,50,500,500,500,100,100,500,500,323.5,516.8,516.8,516.8,516.8,102.2,102.2,102.2,102.2,485,470.547,470.547,485,485,485,485,470.547,470.547,485,485,485,485,470.547,470.547,485,485,485,485,470.547,470.547,485,485,485,250,250
2051,5,180,204,900,500,500,500,500,500,500,500,500,500,500,500,500,500,500,500,500,500,500,500,500,500,500,500,500,500,500,485.1,485.1,500,500,500,500,475,396,150,500,750,302.6,530.244,726.561,218.05,218.05,611.424,611.424,837.837,837.837,100,100,500,500,325,300,250,500,250,350.2,350.2,350.2,350.2,350.2,350.2,350.2,350.2,350.2,350.2,350.2,350.2,350.2,323.5,323.5,507.375,507.375,507.375,432.8,472.5,472.5,350.2,350.2,116,271,50,50,50,50,50,50,50,50,50,50,50,500,500,500,100,100,500,500,323.5,499.1,499.1,499.1,499.1,102.6,102.6,102.6,102.6,500,485.1,485.1,500,500,500,500,485.1,485.1,500,500,500,500,485.1,485.1,500,500,500,500,485.1,485.1,500,500,500,250,250
2051,6,180,204,900,500,500,500,500,500,500,500,500,500,500,500,500,500,500,500,500,500,500,500,500,500,500,500,500,500,500,485.1,485.1,500,500,500,500,475,396,150,500,750,301.5,503.464,689.866,211.375,211.375,580.544,580.544,795.522,795.522,100,100,500,500,325,300,250,500,250,349,349,349,349,349,349,349,349,349,349,349,349,349,323.5,323.5,481.75,481.75,481.75,399.5,472.5,472.5,349,349,116,271,50,50,50,50,50,50,50,50,50,50,50,500,500,500,100,100,500,500,323.5,460.7,460.7,460.7,460.7,96.1,96.1,96.1,96.1,500,485.1,485.1,500,500,500,500,485.1,485.1,500,500,500,500,485.1,485.1,500,500,500,500,485.1,485.1,500,500,500,250,250
2051,7,180,204,900,500,500,500,500,500,500,500,500,500,500,500,500,500,500,500,500,500,500,500,500,500,500,500,500,500,500,485.1,485.1,500,500,500,500,475,396,150,500,750,301.5,503.464,689.866,211.375,211.375,580.544,580.544,795.522,795.522,100,100,500,500,325,300,250,500,250,349,349,349,349,349,349,349,349,349,349,349,349,349,323.5,323.5,481.75,481.75,481.75,399.5,485.1,485.1,349,349,116,271,50,50,50,50,50,50,50,50,50,50,50,500,500,500,100,100,500,500,323.5,460.7,460.7,460.7,460.7,96.1,96.1,96.1,96.1,500,485.1,485.1,500,500,500,500,485.1,485.1,500,500,500,500,485.1,485.1,500,500,500,500,485.1,485.1,500,500,500,250,250
2051,8,180,204,900,500,500,500,500,500,500,500,500,500,500,500,500,500,500,500,500,500,500,500,500,500,500,500,500,500,500,485.1,485.1,500,500,500,500,475,396,150,500,750,301.5,503.464,689.866,211.375,211.375,580.544,580.544,795.522,795.522,100,100,500,500,325,300,250,500,250,349,349,349,349,349,349,349,349,349,349,349,349,349,323.5,323.5,481.75,481.75,481.75,399.5,485.1,485.1,349,349,116,271,50,50,50,50,50,50,50,50,50,50,50,500,500,500,100,100,500,500,323.5,460.7,460.7,460.7,460.7,96.1,96.1,96.1,96.1,500,485.1,485.1,500,500,500,500,485.1,485.1,500,500,500,500,485.1,485.1,500,500,500,500,485.1,485.1,500,500,500,250,250
2051,9,180,204,900,500,500,500,500,500,500,500,500,500,500,500,500,500,500,500,500,500,500,500,500,500,500,500,500,500,500,485.1,485.1,500,500,500,500,475,396,150,500,750,302.6,503.464,689.866,211.375,211.375,580.544,580.544,795.522,795.522,100,100,500,500,325,300,250,500,250,350.2,350.2,350.2,350.2,350.2,350.2,350.2,350.2,350.2,350.2,350.2,350.2,350.2,323.5,323.5,481.75,481.75,481.75,432.8,472.5,472.5,350.2,350.2,116,271,50,50,50,50,50,50,50,50,50,50,50,500,500,500,100,100,500,500,323.5,499.1,499.1,499.1,499.1,102.6,102.6,102.6,102.6,500,485.1,485.1,500,500,500,500,485.1,485.1,500,500,500,500,485.1,485.1,500,500,500,500,485.1,485.1,500,500,500,250,250
2051,10,180,204,900,500,500,500,500,500,500,500,500,500,500,500,500,500,500,500,500,500,500,500,500,500,500,500,500,500,500,485.1,485.1,500,500,500,500,475,396,150,500,750,306.7,530.244,726.561,218.05,218.05,611.424,611.424,837.837,837.837,100,100,500,500,325,300,250,500,250,355,355,355,355,355,355,355,355,355,355,355,355,355,323.5,323.5,507.375,507.375,507.375,448.2,472.5,472.5,355,355,116,271,50,50,50,50,50,50,50,50,50,50,50,500,500,500,100,100,500,500,323.5,516.8,516.8,516.8,516.8,102.2,102.2,102.2,102.2,500,485.1,485.1,500,500,500,500,485.1,485.1,500,500,500,500,485.1,485.1,500,500,500,500,485.1,485.1,500,500,500,250,250
2051,11,180,204,900,500,500,500,500,500,500,500,500,500,500,500,500,500,500,500,500,500,500,500,500,500,500,500,500,500,485,470.547,470.547,485,485,485,500,475,396,150,500,727.5,310.7,535.6,733.9,222.5,222.5,617.6,617.6,846.3,846.3,100,100,500,500,315.25,291,242.5,500,250,359.7,359.7,359.7,359.7,359.7,359.7,359.7,359.7,359.7,359.7,359.7,359.7,359.7,323.5,323.5,512.5,512.5,512.5,450.5,472.5,472.5,359.7,359.7,116,271,50,50,50,50,50,50,50,50,50,50,50,500,500,500,100,100,500,500,323.5,519.5,519.5,519.5,519.5,100.6,100.6,100.6,100.6,485,470.547,470.547,485,485,485,485,470.547,470.547,485,485,485,485,470.547,470.547,485,485,485,485,470.547,470.547,485,485,485,250,250
2051,12,180,204,900,500,500,500,500,500,500,500,500,500,500,500,500,500,500,500,500,500,500,500,500,500,500,500,500,500,485,470.547,470.547,485,485,485,500,475,396,150,500,727.5,310.7,535.6,733.9,222.5,222.5,617.6,617.6,846.3,846.3,100,100,500,500,315.25,291,242.5,500,250,359.7,359.7,359.7,359.7,359.7,359.7,359.7,359.7,359.7,359.7,359.7,359.7,359.7,323.5,323.5,512.5,512.5,512.5,452.9,472.5,472.5,359.7,359.7,116,271,50,50,50,50,50,50,50,50,50,50,50,500,500,500,100,100,500,500,323.5,522.3,522.3,522.3,522.3,101.3,101.3,101.3,101.3,485,470.547,470.547,485,485,485,485,470.547,470.547,485,485,485,485,470.547,470.547,485,485,485,485,470.547,470.547,485,485,485,250,250
2052,1,180,204,900,500,500,500,500,500,500,500,500,500,500,500,500,500,500,500,500,500,500,500,500,500,500,500,500,500,485,470.547,470.547,485,485,485,500,475,396,150,500,727.5,310.7,535.6,733.9,222.5,222.5,617.6,617.6,846.3,846.3,100,100,500,500,315.25,291,242.5,500,250,359.7,359.7,359.7,359.7,359.7,359.7,359.7,359.7,359.7,359.7,359.7,359.7,359.7,323.5,323.5,512.5,512.5,512.5,452.9,472.5,472.5,359.7,359.7,116,271,50,50,50,50,50,50,50,50,50,50,50,500,500,500,100,100,500,500,323.5,522.3,522.3,522.3,522.3,101.3,101.3,101.3,101.3,485,470.547,470.547,485,485,485,485,470.547,470.547,485,485,485,485,470.547,470.547,485,485,485,485,470.547,470.547,485,485,485,250,250
2052,2,180,204,900,500,500,500,500,500,500,500,500,500,500,500,500,500,500,500,500,500,500,500,500,500,500,500,500,500,485,470.547,470.547,485,485,485,500,475,396,150,500,727.5,310.7,535.6,733.9,222.5,222.5,617.6,617.6,846.3,846.3,100,100,500,500,315.25,291,242.5,500,250,359.7,359.7,359.7,359.7,359.7,359.7,359.7,359.7,359.7,359.7,359.7,359.7,359.7,323.5,323.5,512.5,512.5,512.5,452.9,472.5,472.5,359.7,359.7,116,271,50,50,50,50,50,50,50,50,50,50,50,500,500,500,100,100,500,500,323.5,522.3,522.3,522.3,522.3,101.3,101.3,101.3,101.3,485,470.547,470.547,485,485,485,485,470.547,470.547,485,485,485,485,470.547,470.547,485,485,485,485,470.547,470.547,485,485,485,250,250
2052,3,180,204,900,500,500,500,500,500,500,500,500,500,500,500,500,500,500,500,500,500,500,500,500,500,500,500,500,500,485,470.547,470.547,485,485,485,500,475,396,150,500,727.5,306.7,530.244,726.561,218.05,218.05,611.424,611.424,837.837,837.837,100,100,500,500,315.25,291,242.5,500,250,355,355,355,355,355,355,355,355,355,355,355,355,355,323.5,323.5,507.375,507.375,507.375,450.5,472.5,472.5,355,355,116,271,50,50,50,50,50,50,50,50,50,50,50,500,500,500,100,100,500,500,323.5,519.5,519.5,519.5,519.5,100.6,100.6,100.6,100.6,485,470.547,470.547,485,485,485,485,470.547,470.547,485,485,485,485,470.547,470.547,485,485,485,485,470.547,470.547,485,485,485,250,250
2052,4,180,204,900,500,500,500,500,500,500,500,500,500,500,500,500,500,500,500,500,500,500,500,500,500,500,500,500,500,485,470.547,470.547,485,485,485,500,475,396,150,500,727.5,306.7,530.244,726.561,218.05,218.05,611.424,611.424,837.837,837.837,100,100,500,500,315.25,291,242.5,500,250,355,355,355,355,355,355,355,355,355,355,355,355,355,323.5,323.5,507.375,507.375,507.375,448.2,472.5,472.5,355,355,116,271,50,50,50,50,50,50,50,50,50,50,50,500,500,500,100,100,500,500,323.5,516.8,516.8,516.8,516.8,102.2,102.2,102.2,102.2,485,470.547,470.547,485,485,485,485,470.547,470.547,485,485,485,485,470.547,470.547,485,485,485,485,470.547,470.547,485,485,485,250,250
2052,5,180,204,900,500,500,500,500,500,500,500,500,500,500,500,500,500,500,500,500,500,500,500,500,500,500,500,500,500,500,485.1,485.1,500,500,500,500,475,396,150,500,750,302.6,530.244,726.561,218.05,218.05,611.424,611.424,837.837,837.837,100,100,500,500,325,300,250,500,250,350.2,350.2,350.2,350.2,350.2,350.2,350.2,350.2,350.2,350.2,350.2,350.2,350.2,323.5,323.5,507.375,507.375,507.375,432.8,472.5,472.5,350.2,350.2,116,271,50,50,50,50,50,50,50,50,50,50,50,500,500,500,100,100,500,500,323.5,499.1,499.1,499.1,499.1,102.6,102.6,102.6,102.6,500,485.1,485.1,500,500,500,500,485.1,485.1,500,500,500,500,485.1,485.1,500,500,500,500,485.1,485.1,500,500,500,250,250
2052,6,180,204,900,500,500,500,500,500,500,500,500,500,500,500,500,500,500,500,500,500,500,500,500,500,500,500,500,500,500,485.1,485.1,500,500,500,500,475,396,150,500,750,301.5,503.464,689.866,211.375,211.375,580.544,580.544,795.522,795.522,100,100,500,500,325,300,250,500,250,349,349,349,349,349,349,349,349,349,349,349,349,349,323.5,323.5,481.75,481.75,481.75,399.5,472.5,472.5,349,349,116,271,50,50,50,50,50,50,50,50,50,50,50,500,500,500,100,100,500,500,323.5,460.7,460.7,460.7,460.7,96.1,96.1,96.1,96.1,500,485.1,485.1,500,500,500,500,485.1,485.1,500,500,500,500,485.1,485.1,500,500,500,500,485.1,485.1,500,500,500,250,250
2052,7,180,204,900,500,500,500,500,500,500,500,500,500,500,500,500,500,500,500,500,500,500,500,500,500,500,500,500,500,500,485.1,485.1,500,500,500,500,475,396,150,500,750,301.5,503.464,689.866,211.375,211.375,580.544,580.544,795.522,795.522,100,100,500,500,325,300,250,500,250,349,349,349,349,349,349,349,349,349,349,349,349,349,323.5,323.5,481.75,481.75,481.75,399.5,485.1,485.1,349,349,116,271,50,50,50,50,50,50,50,50,50,50,50,500,500,500,100,100,500,500,323.5,460.7,460.7,460.7,460.7,96.1,96.1,96.1,96.1,500,485.1,485.1,500,500,500,500,485.1,485.1,500,500,500,500,485.1,485.1,500,500,500,500,485.1,485.1,500,500,500,250,250
2052,8,180,204,900,500,500,500,500,500,500,500,500,500,500,500,500,500,500,500,500,500,500,500,500,500,500,500,500,500,500,485.1,485.1,500,500,500,500,475,396,150,500,750,301.5,503.464,689.866,211.375,211.375,580.544,580.544,795.522,795.522,100,100,500,500,325,300,250,500,250,349,349,349,349,349,349,349,349,349,349,349,349,349,323.5,323.5,481.75,481.75,481.75,399.5,485.1,485.1,349,349,116,271,50,50,50,50,50,50,50,50,50,50,50,500,500,500,100,100,500,500,323.5,460.7,460.7,460.7,460.7,96.1,96.1,96.1,96.1,500,485.1,485.1,500,500,500,500,485.1,485.1,500,500,500,500,485.1,485.1,500,500,500,500,485.1,485.1,500,500,500,250,250
2052,9,180,204,900,500,500,500,500,500,500,500,500,500,500,500,500,500,500,500,500,500,500,500,500,500,500,500,500,500,500,485.1,485.1,500,500,500,500,475,396,150,500,750,302.6,503.464,689.866,211.375,211.375,580.544,580.544,795.522,795.522,100,100,500,500,325,300,250,500,250,350.2,350.2,350.2,350.2,350.2,350.2,350.2,350.2,350.2,350.2,350.2,350.2,350.2,323.5,323.5,481.75,481.75,481.75,432.8,472.5,472.5,350.2,350.2,116,271,50,50,50,50,50,50,50,50,50,50,50,500,500,500,100,100,500,500,323.5,499.1,499.1,499.1,499.1,102.6,102.6,102.6,102.6,500,485.1,485.1,500,500,500,500,485.1,485.1,500,500,500,500,485.1,485.1,500,500,500,500,485.1,485.1,500,500,500,250,250
2052,10,180,204,900,500,500,500,500,500,500,500,500,500,500,500,500,500,500,500,500,500,500,500,500,500,500,500,500,500,500,485.1,485.1,500,500,500,500,475,396,150,500,750,306.7,530.244,726.561,218.05,218.05,611.424,611.424,837.837,837.837,100,100,500,500,325,300,250,500,250,355,355,355,355,355,355,355,355,355,355,355,355,355,323.5,323.5,507.375,507.375,507.375,448.2,472.5,472.5,355,355,116,271,50,50,50,50,50,50,50,50,50,50,50,500,500,500,100,100,500,500,323.5,516.8,516.8,516.8,516.8,102.2,102.2,102.2,102.2,500,485.1,485.1,500,500,500,500,485.1,485.1,500,500,500,500,485.1,485.1,500,500,500,500,485.1,485.1,500,500,500,250,250
2052,11,180,204,900,500,500,500,500,500,500,500,500,500,500,500,500,500,500,500,500,500,500,500,500,500,500,500,500,500,485,470.547,470.547,485,485,485,500,475,396,150,500,727.5,310.7,535.6,733.9,222.5,222.5,617.6,617.6,846.3,846.3,100,100,500,500,315.25,291,242.5,500,250,359.7,359.7,359.7,359.7,359.7,359.7,359.7,359.7,359.7,359.7,359.7,359.7,359.7,323.5,323.5,512.5,512.5,512.5,450.5,472.5,472.5,359.7,359.7,116,271,50,50,50,50,50,50,50,50,50,50,50,500,500,500,100,100,500,500,323.5,519.5,519.5,519.5,519.5,100.6,100.6,100.6,100.6,485,470.547,470.547,485,485,485,485,470.547,470.547,485,485,485,485,470.547,470.547,485,485,485,485,470.547,470.547,485,485,485,250,250
2052,12,180,204,900,500,500,500,500,500,500,500,500,500,500,500,500,500,500,500,500,500,500,500,500,500,500,500,500,500,485,470.547,470.547,485,485,485,500,475,396,150,500,727.5,310.7,535.6,733.9,222.5,222.5,617.6,617.6,846.3,846.3,100,100,500,500,315.25,291,242.5,500,250,359.7,359.7,359.7,359.7,359.7,359.7,359.7,359.7,359.7,359.7,359.7,359.7,359.7,323.5,323.5,512.5,512.5,512.5,452.9,472.5,472.5,359.7,359.7,116,271,50,50,50,50,50,50,50,50,50,50,50,500,500,500,100,100,500,500,323.5,522.3,522.3,522.3,522.3,101.3,101.3,101.3,101.3,485,470.547,470.547,485,485,485,485,470.547,470.547,485,485,485,485,470.547,470.547,485,485,485,485,470.547,470.547,485,485,485,250,250
2053,1,180,204,900,500,500,500,500,500,500,500,500,500,500,500,500,500,500,500,500,500,500,500,500,500,500,500,500,500,485,470.547,470.547,485,485,485,500,475,396,150,500,727.5,310.7,535.6,733.9,222.5,222.5,617.6,617.6,846.3,846.3,100,100,500,500,315.25,291,242.5,500,250,359.7,359.7,359.7,359.7,359.7,359.7,359.7,359.7,359.7,359.7,359.7,359.7,359.7,323.5,323.5,512.5,512.5,512.5,452.9,472.5,472.5,359.7,359.7,116,271,50,50,50,50,50,50,50,50,50,50,50,500,500,500,100,100,500,500,323.5,522.3,522.3,522.3,522.3,101.3,101.3,101.3,101.3,485,470.547,470.547,485,485,485,485,470.547,470.547,485,485,485,485,470.547,470.547,485,485,485,485,470.547,470.547,485,485,485,250,250
2053,2,180,204,900,500,500,500,500,500,500,500,500,500,500,500,500,500,500,500,500,500,500,500,500,500,500,500,500,500,485,470.547,470.547,485,485,485,500,475,396,150,500,727.5,310.7,535.6,733.9,222.5,222.5,617.6,617.6,846.3,846.3,100,100,500,500,315.25,291,242.5,500,250,359.7,359.7,359.7,359.7,359.7,359.7,359.7,359.7,359.7,359.7,359.7,359.7,359.7,323.5,323.5,512.5,512.5,512.5,452.9,472.5,472.5,359.7,359.7,116,271,50,50,50,50,50,50,50,50,50,50,50,500,500,500,100,100,500,500,323.5,522.3,522.3,522.3,522.3,101.3,101.3,101.3,101.3,485,470.547,470.547,485,485,485,485,470.547,470.547,485,485,485,485,470.547,470.547,485,485,485,485,470.547,470.547,485,485,485,250,250
2053,3,180,204,900,500,500,500,500,500,500,500,500,500,500,500,500,500,500,500,500,500,500,500,500,500,500,500,500,500,485,470.547,470.547,485,485,485,500,475,396,150,500,727.5,306.7,530.244,726.561,218.05,218.05,611.424,611.424,837.837,837.837,100,100,500,500,315.25,291,242.5,500,250,355,355,355,355,355,355,355,355,355,355,355,355,355,323.5,323.5,507.375,507.375,507.375,450.5,472.5,472.5,355,355,116,271,50,50,50,50,50,50,50,50,50,50,50,500,500,500,100,100,500,500,323.5,519.5,519.5,519.5,519.5,100.6,100.6,100.6,100.6,485,470.547,470.547,485,485,485,485,470.547,470.547,485,485,485,485,470.547,470.547,485,485,485,485,470.547,470.547,485,485,485,250,250
2053,4,180,204,900,500,500,500,500,500,500,500,500,500,500,500,500,500,500,500,500,500,500,500,500,500,500,500,500,500,485,470.547,470.547,485,485,485,500,475,396,150,500,727.5,306.7,530.244,726.561,218.05,218.05,611.424,611.424,837.837,837.837,100,100,500,500,315.25,291,242.5,500,250,355,355,355,355,355,355,355,355,355,355,355,355,355,323.5,323.5,507.375,507.375,507.375,448.2,472.5,472.5,355,355,116,271,50,50,50,50,50,50,50,50,50,50,50,500,500,500,100,100,500,500,323.5,516.8,516.8,516.8,516.8,102.2,102.2,102.2,102.2,485,470.547,470.547,485,485,485,485,470.547,470.547,485,485,485,485,470.547,470.547,485,485,485,485,470.547,470.547,485,485,485,250,250
2053,5,180,204,900,500,500,500,500,500,500,500,500,500,500,500,500,500,500,500,500,500,500,500,500,500,500,500,500,500,500,485.1,485.1,500,500,500,500,475,396,150,500,750,302.6,530.244,726.561,218.05,218.05,611.424,611.424,837.837,837.837,100,100,500,500,325,300,250,500,250,350.2,350.2,350.2,350.2,350.2,350.2,350.2,350.2,350.2,350.2,350.2,350.2,350.2,323.5,323.5,507.375,507.375,507.375,432.8,472.5,472.5,350.2,350.2,116,271,50,50,50,50,50,50,50,50,50,50,50,500,500,500,100,100,500,500,323.5,499.1,499.1,499.1,499.1,102.6,102.6,102.6,102.6,500,485.1,485.1,500,500,500,500,485.1,485.1,500,500,500,500,485.1,485.1,500,500,500,500,485.1,485.1,500,500,500,250,250
2053,6,180,204,900,500,500,500,500,500,500,500,500,500,500,500,500,500,500,500,500,500,500,500,500,500,500,500,500,500,500,485.1,485.1,500,500,500,500,475,396,150,500,750,301.5,503.464,689.866,211.375,211.375,580.544,580.544,795.522,795.522,100,100,500,500,325,300,250,500,250,349,349,349,349,349,349,349,349,349,349,349,349,349,323.5,323.5,481.75,481.75,481.75,399.5,472.5,472.5,349,349,116,271,50,50,50,50,50,50,50,50,50,50,50,500,500,500,100,100,500,500,323.5,460.7,460.7,460.7,460.7,96.1,96.1,96.1,96.1,500,485.1,485.1,500,500,500,500,485.1,485.1,500,500,500,500,485.1,485.1,500,500,500,500,485.1,485.1,500,500,500,250,250
2053,7,180,204,900,500,500,500,500,500,500,500,500,500,500,500,500,500,500,500,500,500,500,500,500,500,500,500,500,500,500,485.1,485.1,500,500,500,500,475,396,150,500,750,301.5,503.464,689.866,211.375,211.375,580.544,580.544,795.522,795.522,100,100,500,500,325,300,250,500,250,349,349,349,349,349,349,349,349,349,349,349,349,349,323.5,323.5,481.75,481.75,481.75,399.5,485.1,485.1,349,349,116,271,50,50,50,50,50,50,50,50,50,50,50,500,500,500,100,100,500,500,323.5,460.7,460.7,460.7,460.7,96.1,96.1,96.1,96.1,500,485.1,485.1,500,500,500,500,485.1,485.1,500,500,500,500,485.1,485.1,500,500,500,500,485.1,485.1,500,500,500,250,250
2053,8,180,204,900,500,500,500,500,500,500,500,500,500,500,500,500,500,500,500,500,500,500,500,500,500,500,500,500,500,500,485.1,485.1,500,500,500,500,475,396,150,500,750,301.5,503.464,689.866,211.375,211.375,580.544,580.544,795.522,795.522,100,100,500,500,325,300,250,500,250,349,349,349,349,349,349,349,349,349,349,349,349,349,323.5,323.5,481.75,481.75,481.75,399.5,485.1,485.1,349,349,116,271,50,50,50,50,50,50,50,50,50,50,50,500,500,500,100,100,500,500,323.5,460.7,460.7,460.7,460.7,96.1,96.1,96.1,96.1,500,485.1,485.1,500,500,500,500,485.1,485.1,500,500,500,500,485.1,485.1,500,500,500,500,485.1,485.1,500,500,500,250,250
2053,9,180,204,900,500,500,500,500,500,500,500,500,500,500,500,500,500,500,500,500,500,500,500,500,500,500,500,500,500,500,485.1,485.1,500,500,500,500,475,396,150,500,750,302.6,503.464,689.866,211.375,211.375,580.544,580.544,795.522,795.522,100,100,500,500,325,300,250,500,250,350.2,350.2,350.2,350.2,350.2,350.2,350.2,350.2,350.2,350.2,350.2,350.2,350.2,323.5,323.5,481.75,481.75,481.75,432.8,472.5,472.5,350.2,350.2,116,271,50,50,50,50,50,50,50,50,50,50,50,500,500,500,100,100,500,500,323.5,499.1,499.1,499.1,499.1,102.6,102.6,102.6,102.6,500,485.1,485.1,500,500,500,500,485.1,485.1,500,500,500,500,485.1,485.1,500,500,500,500,485.1,485.1,500,500,500,250,250
2053,10,180,204,900,500,500,500,500,500,500,500,500,500,500,500,500,500,500,500,500,500,500,500,500,500,500,500,500,500,500,485.1,485.1,500,500,500,500,475,396,150,500,750,306.7,530.244,726.561,218.05,218.05,611.424,611.424,837.837,837.837,100,100,500,500,325,300,250,500,250,355,355,355,355,355,355,355,355,355,355,355,355,355,323.5,323.5,507.375,507.375,507.375,448.2,472.5,472.5,355,355,116,271,50,50,50,50,50,50,50,50,50,50,50,500,500,500,100,100,500,500,323.5,516.8,516.8,516.8,516.8,102.2,102.2,102.2,102.2,500,485.1,485.1,500,500,500,500,485.1,485.1,500,500,500,500,485.1,485.1,500,500,500,500,485.1,485.1,500,500,500,250,250
2053,11,180,204,900,500,500,500,500,500,500,500,500,500,500,500,500,500,500,500,500,500,500,500,500,500,500,500,500,500,485,470.547,470.547,485,485,485,500,475,396,150,500,727.5,310.7,535.6,733.9,222.5,222.5,617.6,617.6,846.3,846.3,100,100,500,500,315.25,291,242.5,500,250,359.7,359.7,359.7,359.7,359.7,359.7,359.7,359.7,359.7,359.7,359.7,359.7,359.7,323.5,323.5,512.5,512.5,512.5,450.5,472.5,472.5,359.7,359.7,116,271,50,50,50,50,50,50,50,50,50,50,50,500,500,500,100,100,500,500,323.5,519.5,519.5,519.5,519.5,100.6,100.6,100.6,100.6,485,470.547,470.547,485,485,485,485,470.547,470.547,485,485,485,485,470.547,470.547,485,485,485,485,470.547,470.547,485,485,485,250,250
2053,12,180,204,900,500,500,500,500,500,500,500,500,500,500,500,500,500,500,500,500,500,500,500,500,500,500,500,500,500,485,470.547,470.547,485,485,485,500,475,396,150,500,727.5,310.7,535.6,733.9,222.5,222.5,617.6,617.6,846.3,846.3,100,100,500,500,315.25,291,242.5,500,250,359.7,359.7,359.7,359.7,359.7,359.7,359.7,359.7,359.7,359.7,359.7,359.7,359.7,323.5,323.5,512.5,512.5,512.5,452.9,472.5,472.5,359.7,359.7,116,271,50,50,50,50,50,50,50,50,50,50,50,500,500,500,100,100,500,500,323.5,522.3,522.3,522.3,522.3,101.3,101.3,101.3,101.3,485,470.547,470.547,485,485,485,485,470.547,470.547,485,485,485,485,470.547,470.547,485,485,485,485,470.547,470.547,485,485,485,250,250
2054,1,180,204,900,500,500,500,500,500,500,500,500,500,500,500,500,500,500,500,500,500,500,500,500,500,500,500,500,500,485,470.547,470.547,485,485,485,500,475,396,150,500,727.5,310.7,535.6,733.9,222.5,222.5,617.6,617.6,846.3,846.3,100,100,500,500,315.25,291,242.5,500,250,359.7,359.7,359.7,359.7,359.7,359.7,359.7,359.7,359.7,359.7,359.7,359.7,359.7,323.5,323.5,512.5,512.5,512.5,452.9,472.5,472.5,359.7,359.7,116,271,50,50,50,50,50,50,50,50,50,50,50,500,500,500,100,100,500,500,323.5,522.3,522.3,522.3,522.3,101.3,101.3,101.3,101.3,485,470.547,470.547,485,485,485,485,470.547,470.547,485,485,485,485,470.547,470.547,485,485,485,485,470.547,470.547,485,485,485,250,250
2054,2,180,204,900,500,500,500,500,500,500,500,500,500,500,500,500,500,500,500,500,500,500,500,500,500,500,500,500,500,485,470.547,470.547,485,485,485,500,475,396,150,500,727.5,310.7,535.6,733.9,222.5,222.5,617.6,617.6,846.3,846.3,100,100,500,500,315.25,291,242.5,500,250,359.7,359.7,359.7,359.7,359.7,359.7,359.7,359.7,359.7,359.7,359.7,359.7,359.7,323.5,323.5,512.5,512.5,512.5,452.9,472.5,472.5,359.7,359.7,116,271,50,50,50,50,50,50,50,50,50,50,50,500,500,500,100,100,500,500,323.5,522.3,522.3,522.3,522.3,101.3,101.3,101.3,101.3,485,470.547,470.547,485,485,485,485,470.547,470.547,485,485,485,485,470.547,470.547,485,485,485,485,470.547,470.547,485,485,485,250,250
2054,3,180,204,900,500,500,500,500,500,500,500,500,500,500,500,500,500,500,500,500,500,500,500,500,500,500,500,500,500,485,470.547,470.547,485,485,485,500,475,396,150,500,727.5,306.7,530.244,726.561,218.05,218.05,611.424,611.424,837.837,837.837,100,100,500,500,315.25,291,242.5,500,250,355,355,355,355,355,355,355,355,355,355,355,355,355,323.5,323.5,507.375,507.375,507.375,450.5,472.5,472.5,355,355,116,271,50,50,50,50,50,50,50,50,50,50,50,500,500,500,100,100,500,500,323.5,519.5,519.5,519.5,519.5,100.6,100.6,100.6,100.6,485,470.547,470.547,485,485,485,485,470.547,470.547,485,485,485,485,470.547,470.547,485,485,485,485,470.547,470.547,485,485,485,250,250
2054,4,180,204,900,500,500,500,500,500,500,500,500,500,500,500,500,500,500,500,500,500,500,500,500,500,500,500,500,500,485,470.547,470.547,485,485,485,500,475,396,150,500,727.5,306.7,530.244,726.561,218.05,218.05,611.424,611.424,837.837,837.837,100,100,500,500,315.25,291,242.5,500,250,355,355,355,355,355,355,355,355,355,355,355,355,355,323.5,323.5,507.375,507.375,507.375,448.2,472.5,472.5,355,355,116,271,50,50,50,50,50,50,50,50,50,50,50,500,500,500,100,100,500,500,323.5,516.8,516.8,516.8,516.8,102.2,102.2,102.2,102.2,485,470.547,470.547,485,485,485,485,470.547,470.547,485,485,485,485,470.547,470.547,485,485,485,485,470.547,470.547,485,485,485,250,250
2054,5,180,204,900,500,500,500,500,500,500,500,500,500,500,500,500,500,500,500,500,500,500,500,500,500,500,500,500,500,500,485.1,485.1,500,500,500,500,475,396,150,500,750,302.6,530.244,726.561,218.05,218.05,611.424,611.424,837.837,837.837,100,100,500,500,325,300,250,500,250,350.2,350.2,350.2,350.2,350.2,350.2,350.2,350.2,350.2,350.2,350.2,350.2,350.2,323.5,323.5,507.375,507.375,507.375,432.8,472.5,472.5,350.2,350.2,116,271,50,50,50,50,50,50,50,50,50,50,50,500,500,500,100,100,500,500,323.5,499.1,499.1,499.1,499.1,102.6,102.6,102.6,102.6,500,485.1,485.1,500,500,500,500,485.1,485.1,500,500,500,500,485.1,485.1,500,500,500,500,485.1,485.1,500,500,500,250,250
2054,6,180,204,900,500,500,500,500,500,500,500,500,500,500,500,500,500,500,500,500,500,500,500,500,500,500,500,500,500,500,485.1,485.1,500,500,500,500,475,396,150,500,750,301.5,503.464,689.866,211.375,211.375,580.544,580.544,795.522,795.522,100,100,500,500,325,300,250,500,250,349,349,349,349,349,349,349,349,349,349,349,349,349,323.5,323.5,481.75,481.75,481.75,399.5,472.5,472.5,349,349,116,271,50,50,50,50,50,50,50,50,50,50,50,500,500,500,100,100,500,500,323.5,460.7,460.7,460.7,460.7,96.1,96.1,96.1,96.1,500,485.1,485.1,500,500,500,500,485.1,485.1,500,500,500,500,485.1,485.1,500,500,500,500,485.1,485.1,500,500,500,250,250
2054,7,180,204,900,500,500,500,500,500,500,500,500,500,500,500,500,500,500,500,500,500,500,500,500,500,500,500,500,500,500,485.1,485.1,500,500,500,500,475,396,150,500,750,301.5,503.464,689.866,211.375,211.375,580.544,580.544,795.522,795.522,100,100,500,500,325,300,250,500,250,349,349,349,349,349,349,349,349,349,349,349,349,349,323.5,323.5,481.75,481.75,481.75,399.5,485.1,485.1,349,349,116,271,50,50,50,50,50,50,50,50,50,50,50,500,500,500,100,100,500,500,323.5,460.7,460.7,460.7,460.7,96.1,96.1,96.1,96.1,500,485.1,485.1,500,500,500,500,485.1,485.1,500,500,500,500,485.1,485.1,500,500,500,500,485.1,485.1,500,500,500,250,250
2054,8,180,204,900,500,500,500,500,500,500,500,500,500,500,500,500,500,500,500,500,500,500,500,500,500,500,500,500,500,500,485.1,485.1,500,500,500,500,475,396,150,500,750,301.5,503.464,689.866,211.375,211.375,580.544,580.544,795.522,795.522,100,100,500,500,325,300,250,500,250,349,349,349,349,349,349,349,349,349,349,349,349,349,323.5,323.5,481.75,481.75,481.75,399.5,485.1,485.1,349,349,116,271,50,50,50,50,50,50,50,50,50,50,50,500,500,500,100,100,500,500,323.5,460.7,460.7,460.7,460.7,96.1,96.1,96.1,96.1,500,485.1,485.1,500,500,500,500,485.1,485.1,500,500,500,500,485.1,485.1,500,500,500,500,485.1,485.1,500,500,500,250,250
2054,9,180,204,900,500,500,500,500,500,500,500,500,500,500,500,500,500,500,500,500,500,500,500,500,500,500,500,500,500,500,485.1,485.1,500,500,500,500,475,396,150,500,750,302.6,503.464,689.866,211.375,211.375,580.544,580.544,795.522,795.522,100,100,500,500,325,300,250,500,250,350.2,350.2,350.2,350.2,350.2,350.2,350.2,350.2,350.2,350.2,350.2,350.2,350.2,323.5,323.5,481.75,481.75,481.75,432.8,472.5,472.5,350.2,350.2,116,271,50,50,50,50,50,50,50,50,50,50,50,500,500,500,100,100,500,500,323.5,499.1,499.1,499.1,499.1,102.6,102.6,102.6,102.6,500,485.1,485.1,500,500,500,500,485.1,485.1,500,500,500,500,485.1,485.1,500,500,500,500,485.1,485.1,500,500,500,250,250
2054,10,180,204,900,500,500,500,500,500,500,500,500,500,500,500,500,500,500,500,500,500,500,500,500,500,500,500,500,500,500,485.1,485.1,500,500,500,500,475,396,150,500,750,306.7,530.244,726.561,218.05,218.05,611.424,611.424,837.837,837.837,100,100,500,500,325,300,250,500,250,355,355,355,355,355,355,355,355,355,355,355,355,355,323.5,323.5,507.375,507.375,507.375,448.2,472.5,472.5,355,355,116,271,50,50,50,50,50,50,50,50,50,50,50,500,500,500,100,100,500,500,323.5,516.8,516.8,516.8,516.8,102.2,102.2,102.2,102.2,500,485.1,485.1,500,500,500,500,485.1,485.1,500,500,500,500,485.1,485.1,500,500,500,500,485.1,485.1,500,500,500,250,250
2054,11,180,204,900,500,500,500,500,500,500,500,500,500,500,500,500,500,500,500,500,500,500,500,500,500,500,500,500,500,485,470.547,470.547,485,485,485,500,475,396,150,500,727.5,310.7,535.6,733.9,222.5,222.5,617.6,617.6,846.3,846.3,100,100,500,500,315.25,291,242.5,500,250,359.7,359.7,359.7,359.7,359.7,359.7,359.7,359.7,359.7,359.7,359.7,359.7,359.7,323.5,323.5,512.5,512.5,512.5,450.5,472.5,472.5,359.7,359.7,116,271,50,50,50,50,50,50,50,50,50,50,50,500,500,500,100,100,500,500,323.5,519.5,519.5,519.5,519.5,100.6,100.6,100.6,100.6,485,470.547,470.547,485,485,485,485,470.547,470.547,485,485,485,485,470.547,470.547,485,485,485,485,470.547,470.547,485,485,485,250,250
2054,12,180,204,900,500,500,500,500,500,500,500,500,500,500,500,500,500,500,500,500,500,500,500,500,500,500,500,500,500,485,470.547,470.547,485,485,485,500,475,396,150,500,727.5,310.7,535.6,733.9,222.5,222.5,617.6,617.6,846.3,846.3,100,100,500,500,315.25,291,242.5,500,250,359.7,359.7,359.7,359.7,359.7,359.7,359.7,359.7,359.7,359.7,359.7,359.7,359.7,323.5,323.5,512.5,512.5,512.5,452.9,472.5,472.5,359.7,359.7,116,271,50,50,50,50,50,50,50,50,50,50,50,500,500,500,100,100,500,500,323.5,522.3,522.3,522.3,522.3,101.3,101.3,101.3,101.3,485,470.547,470.547,485,485,485,485,470.547,470.547,485,485,485,485,470.547,470.547,485,485,485,485,470.547,470.547,485,485,485,250,250
