Year,Month,Arlington A~AZGAS EP PHX/Yuma,Arlington A~AZGAS TW PHX,Arlington A~PermianNewGas EP PHX/Yuma,Arlington A~PermianNewGas TW PHX,Arlington B~AZGAS EP PHX/Yuma,Arlington B~AZGAS TW PHX,Arlington B~PermianNewGas EP PHX/Yuma,Arlington B~PermianNewGas TW PHX,Four Corners 4~FC45_Coal,Four Corners 5~FC45_Coal,Griffith A~WALCTollGas EP Griffith,Griffith A~WALCTollGas TW Griffith,Griffith B~WALCTollGas EP Griffith,Griffith B~WALCTollGas TW Griffith,South Point A~WALCTollGas EP South Point,South Point B~WALCTollGas EP South Point,Four Corners 4~FC45_Gas,Four Corners 5~FC45_Gas,Arlington A_2030~AZGAS EP PHX/Yuma,Arlington A_2030~AZGAS TW PHX,Arlington B_2030~AZGAS EP PHX/Yuma,Arlington B_2030~AZGAS TW PHX,Four Corners 4~FC45_Coal_Gas,Four Corners 5~FC45_Coal_Gas,Redhawk 1 A~AZGAS EP PHX/Yuma,Redhawk 1 A~AZGAS TW PHX,Redhawk 1 B~AZGAS EP PHX/Yuma,Redhawk 1 B~AZGAS TW PHX,Redhawk 2 A~AZGAS EP PHX/Yuma,Redhawk 2 A~AZGAS TW PHX,Redhawk 2 B~AZGAS EP PHX/Yuma,Redhawk 2 B~AZGAS TW PHX,West Phoenix CC1~AZGAS EP PHX/Yuma,West Phoenix CC1~AZGAS TW PHX,West Phoenix CC2~AZGAS EP PHX/Yuma,West Phoenix CC2~AZGAS TW PHX,West Phoenix CC3~AZGAS EP PHX/Yuma,West Phoenix CC3~AZGAS TW PHX,West Phoenix CC5 A~AZGAS EP PHX/Yuma,West Phoenix CC5 A~AZGas,West Phoenix CC5 B~AZGAS EP PHX/Yuma,West Phoenix CC5 B~AZGAS TW PHX,West Phoenix CC4~AZGAS EP PHX/Yuma,West Phoenix CC4~AZGAS TW PHX,Harquahala 2023~AZGAS EP PHX/Yuma,Harquahala 2023~AZGAS TW PHX,Harquahala 2022~AZGAS EP PHX/Yuma,Harquahala 2022~AZGAS TW PHX,Redhawk 1 A~PermianNewGas EP PHX/Yuma,Redhawk 1 A~PermianNewGas TW PHX,Redhawk 1 B~PermianNewGas EP PHX/Yuma,Redhawk 1 B~PermianNewGas TW PHX,Redhawk 2 A~PermianNewGas EP PHX/Yuma,Redhawk 2 A~PermianNewGas TW PHX,Redhawk 2 B~PermianNewGas EP PHX/Yuma,Redhawk 2 B~PermianNewGas,Cholla 1~CH1_Gas,Cholla 3~CH3_Oil,Updated_CCS_F_2031~PermianNewGas,Updated_CCS_F_2032~PermianNewGas,Updated_CCS_F_2033~PermianNewGas,Updated_CCS_F_2034~PermianNewGas,Updated_CCS_F_2035~PermianNewGas,Updated_CCS_F_2036~PermianNewGas,Updated_CCS_F_2037~PermianNewGas,Updated_CCS_F_2038~PermianNewGas,Updated_CCS_F_2039~PermianNewGas,Updated_CCS_F_TL_2040~PermianNewGas,Updated_CCS_F_TL_2041~PermianNewGas,Updated_CCS_F_TL_2042~PermianNewGas,Updated_CCS_F_TL_2043~PermianNewGas,Updated_CCS_F_TL_2044~PermianNewGas,Updated_CCS_H_2031~PermianNewGas,Updated_CCS_H_2032~PermianNewGas,Updated_CCS_H_2033~PermianNewGas,Updated_CCS_H_2034~PermianNewGas,Updated_CCS_H_2035~PermianNewGas,Updated_CCS_H_2036~PermianNewGas,Updated_CCS_H_2037~PermianNewGas,Updated_CCS_H_2038~PermianNewGas,Updated_CCS_H_2039~PermianNewGas,Updated_CCS_H_TL_2040~PermianNewGas,Updated_CCS_H_TL_2041~PermianNewGas,Updated_CCS_H_TL_2042~PermianNewGas,Updated_CCS_H_TL_2043~PermianNewGas,Updated_CCS_H_TL_2044~PermianNewGas
2025,1,671,671,671,671,537,537,537,537,14232.3489,14232.3489,630,630,620,620,1330,1330,14232.3489,14232.3489,1717,1717,1717,1717,14232.3489,14232.3489,630,630,1670,1670,630,630,1670,1670,524.96,524.96,524.96,524.96,524.96,524.96,1000,1000,2500,2500,4500.048,4500.048,0,0,4984.5,4984.5,630,630,1670,1670,630,630,1670,1670,459.984,1099.941,12552.84553,12552.84553,12552.84553,12552.84553,12552.84553,12552.84553,12552.84553,12552.84553,12552.84553,12552.84553,12552.84553,12552.84553,12552.84553,12552.84553,17201.21952,17201.21952,17201.21952,17201.21952,17201.21952,17201.21952,17201.21952,17201.21952,17201.21952,17201.21952,17201.21952,17201.21952,17201.21952,17201.21952
2025,2,671,671,671,671,537,537,537,537,14232.3489,14232.3489,630,630,620,620,1330,1330,14232.3489,14232.3489,1717,1717,1717,1717,14232.3489,14232.3489,630,630,1670,1670,630,630,1670,1670,524.96,524.96,524.96,524.96,524.96,524.96,1000,1000,2500,2500,4500.048,4500.048,0,0,4984.5,4984.5,630,630,1670,1670,630,630,1670,1670,459.984,1099.941,12552.84553,12552.84553,12552.84553,12552.84553,12552.84553,12552.84553,12552.84553,12552.84553,12552.84553,12552.84553,12552.84553,12552.84553,12552.84553,12552.84553,17201.21952,17201.21952,17201.21952,17201.21952,17201.21952,17201.21952,17201.21952,17201.21952,17201.21952,17201.21952,17201.21952,17201.21952,17201.21952,17201.21952
2025,3,671,671,671,671,537,537,537,537,14232.3489,14232.3489,630,630,620,620,1330,1330,14232.3489,14232.3489,1717,1717,1717,1717,14232.3489,14232.3489,630,630,1670,1670,630,630,1670,1670,524.96,524.96,524.96,524.96,524.96,524.96,1000,1000,2500,2500,4500.048,4500.048,0,0,4984.5,4984.5,630,630,1670,1670,630,630,1670,1670,459.984,1099.941,12552.84553,12552.84553,12552.84553,12552.84553,12552.84553,12552.84553,12552.84553,12552.84553,12552.84553,12552.84553,12552.84553,12552.84553,12552.84553,12552.84553,17201.21952,17201.21952,17201.21952,17201.21952,17201.21952,17201.21952,17201.21952,17201.21952,17201.21952,17201.21952,17201.21952,17201.21952,17201.21952,17201.21952
2025,4,671,671,671,671,537,537,537,537,14232.3489,14232.3489,630,630,620,620,1330,1330,14232.3489,14232.3489,1717,1717,1717,1717,14232.3489,14232.3489,630,630,1670,1670,630,630,1670,1670,524.96,524.96,524.96,524.96,524.96,524.96,1000,1000,2500,2500,4500.048,4500.048,0,0,4984.5,4984.5,630,630,1670,1670,630,630,1670,1670,459.984,1099.941,12552.84553,12552.84553,12552.84553,12552.84553,12552.84553,12552.84553,12552.84553,12552.84553,12552.84553,12552.84553,12552.84553,12552.84553,12552.84553,12552.84553,17201.21952,17201.21952,17201.21952,17201.21952,17201.21952,17201.21952,17201.21952,17201.21952,17201.21952,17201.21952,17201.21952,17201.21952,17201.21952,17201.21952
2025,5,671,671,671,671,537,537,537,537,14232.3489,14232.3489,630,630,620,620,1330,1330,14232.3489,14232.3489,1717,1717,1717,1717,14232.3489,14232.3489,630,630,1670,1670,630,630,1670,1670,524.96,524.96,524.96,524.96,524.96,524.96,1000,1000,2500,2500,4500.048,4500.048,0,0,4984.5,4984.5,630,630,1670,1670,630,630,1670,1670,459.984,1099.941,12552.84553,12552.84553,12552.84553,12552.84553,12552.84553,12552.84553,12552.84553,12552.84553,12552.84553,12552.84553,12552.84553,12552.84553,12552.84553,12552.84553,17201.21952,17201.21952,17201.21952,17201.21952,17201.21952,17201.21952,17201.21952,17201.21952,17201.21952,17201.21952,17201.21952,17201.21952,17201.21952,17201.21952
2025,6,671,671,671,671,537,537,537,537,14232.3489,14232.3489,630,630,620,620,1330,1330,14232.3489,14232.3489,1717,1717,1717,1717,14232.3489,14232.3489,630,630,1670,1670,630,630,1670,1670,524.96,524.96,524.96,524.96,524.96,524.96,1000,1000,2500,2500,4500.048,4500.048,0,0,4984.5,4984.5,630,630,1670,1670,630,630,1670,1670,459.984,1099.941,12552.84553,12552.84553,12552.84553,12552.84553,12552.84553,12552.84553,12552.84553,12552.84553,12552.84553,12552.84553,12552.84553,12552.84553,12552.84553,12552.84553,17201.21952,17201.21952,17201.21952,17201.21952,17201.21952,17201.21952,17201.21952,17201.21952,17201.21952,17201.21952,17201.21952,17201.21952,17201.21952,17201.21952
2025,7,671,671,671,671,537,537,537,537,14232.3489,14232.3489,630,630,620,620,1330,1330,14232.3489,14232.3489,1717,1717,1717,1717,14232.3489,14232.3489,630,630,1670,1670,630,630,1670,1670,524.96,524.96,524.96,524.96,524.96,524.96,1000,1000,2500,2500,4500.048,4500.048,0,0,4984.5,4984.5,630,630,1670,1670,630,630,1670,1670,459.984,1099.941,12552.84553,12552.84553,12552.84553,12552.84553,12552.84553,12552.84553,12552.84553,12552.84553,12552.84553,12552.84553,12552.84553,12552.84553,12552.84553,12552.84553,17201.21952,17201.21952,17201.21952,17201.21952,17201.21952,17201.21952,17201.21952,17201.21952,17201.21952,17201.21952,17201.21952,17201.21952,17201.21952,17201.21952
2025,8,671,671,671,671,537,537,537,537,14232.3489,14232.3489,630,630,620,620,1330,1330,14232.3489,14232.3489,1717,1717,1717,1717,14232.3489,14232.3489,630,630,1670,1670,630,630,1670,1670,524.96,524.96,524.96,524.96,524.96,524.96,1000,1000,2500,2500,4500.048,4500.048,0,0,4984.5,4984.5,630,630,1670,1670,630,630,1670,1670,459.984,1099.941,12552.84553,12552.84553,12552.84553,12552.84553,12552.84553,12552.84553,12552.84553,12552.84553,12552.84553,12552.84553,12552.84553,12552.84553,12552.84553,12552.84553,17201.21952,17201.21952,17201.21952,17201.21952,17201.21952,17201.21952,17201.21952,17201.21952,17201.21952,17201.21952,17201.21952,17201.21952,17201.21952,17201.21952
2025,9,671,671,671,671,537,537,537,537,14232.3489,14232.3489,630,630,620,620,1330,1330,14232.3489,14232.3489,1717,1717,1717,1717,14232.3489,14232.3489,630,630,1670,1670,630,630,1670,1670,524.96,524.96,524.96,524.96,524.96,524.96,1000,1000,2500,2500,4500.048,4500.048,0,0,4984.5,4984.5,630,630,1670,1670,630,630,1670,1670,459.984,1099.941,12552.84553,12552.84553,12552.84553,12552.84553,12552.84553,12552.84553,12552.84553,12552.84553,12552.84553,12552.84553,12552.84553,12552.84553,12552.84553,12552.84553,17201.21952,17201.21952,17201.21952,17201.21952,17201.21952,17201.21952,17201.21952,17201.21952,17201.21952,17201.21952,17201.21952,17201.21952,17201.21952,17201.21952
2025,10,671,671,671,671,537,537,537,537,14232.3489,14232.3489,630,630,620,620,1330,1330,14232.3489,14232.3489,1717,1717,1717,1717,14232.3489,14232.3489,630,630,1670,1670,630,630,1670,1670,524.96,524.96,524.96,524.96,524.96,524.96,1000,1000,2500,2500,4500.048,4500.048,0,0,4984.5,4984.5,630,630,1670,1670,630,630,1670,1670,459.984,1099.941,12552.84553,12552.84553,12552.84553,12552.84553,12552.84553,12552.84553,12552.84553,12552.84553,12552.84553,12552.84553,12552.84553,12552.84553,12552.84553,12552.84553,17201.21952,17201.21952,17201.21952,17201.21952,17201.21952,17201.21952,17201.21952,17201.21952,17201.21952,17201.21952,17201.21952,17201.21952,17201.21952,17201.21952
2025,11,671,671,671,671,537,537,537,537,14232.3489,14232.3489,630,630,620,620,1330,1330,14232.3489,14232.3489,1717,1717,1717,1717,14232.3489,14232.3489,630,630,1670,1670,630,630,1670,1670,524.96,524.96,524.96,524.96,524.96,524.96,1000,1000,2500,2500,4500.048,4500.048,0,0,4984.5,4984.5,630,630,1670,1670,630,630,1670,1670,459.984,1099.941,12552.84553,12552.84553,12552.84553,12552.84553,12552.84553,12552.84553,12552.84553,12552.84553,12552.84553,12552.84553,12552.84553,12552.84553,12552.84553,12552.84553,17201.21952,17201.21952,17201.21952,17201.21952,17201.21952,17201.21952,17201.21952,17201.21952,17201.21952,17201.21952,17201.21952,17201.21952,17201.21952,17201.21952
2025,12,671,671,671,671,537,537,537,537,14232.3489,14232.3489,630,630,620,620,1330,1330,14232.3489,14232.3489,1717,1717,1717,1717,14232.3489,14232.3489,630,630,1670,1670,630,630,1670,1670,524.96,524.96,524.96,524.96,524.96,524.96,1000,1000,2500,2500,4500.048,4500.048,0,0,4984.5,4984.5,630,630,1670,1670,630,630,1670,1670,459.984,1099.941,12552.84553,12552.84553,12552.84553,12552.84553,12552.84553,12552.84553,12552.84553,12552.84553,12552.84553,12552.84553,12552.84553,12552.84553,12552.84553,12552.84553,17201.21952,17201.21952,17201.21952,17201.21952,17201.21952,17201.21952,17201.21952,17201.21952,17201.21952,17201.21952,17201.21952,17201.21952,17201.21952,17201.21952
2026,1,671,671,671,671,537,537,537,537,14232.3489,14232.3489,630,630,620,620,1330,1330,14232.3489,14232.3489,1837.19,1837.19,1837.19,1837.19,14232.3489,14232.3489,630,630,1670,1670,630,630,1670,1670,524.96,524.96,524.96,524.96,524.96,524.96,1000,1000,2500,2500,4500.048,4500.048,0,0,4984.5,4984.5,630,630,1670,1670,630,630,1670,1670,459.984,1099.941,12552.84553,12552.84553,12552.84553,12552.84553,12552.84553,12552.84553,12552.84553,12552.84553,12552.84553,12552.84553,12552.84553,12552.84553,12552.84553,12552.84553,17201.21952,17201.21952,17201.21952,17201.21952,17201.21952,17201.21952,17201.21952,17201.21952,17201.21952,17201.21952,17201.21952,17201.21952,17201.21952,17201.21952
2026,2,671,671,671,671,537,537,537,537,14232.3489,14232.3489,630,630,620,620,1330,1330,14232.3489,14232.3489,1837.19,1837.19,1837.19,1837.19,14232.3489,14232.3489,630,630,1670,1670,630,630,1670,1670,524.96,524.96,524.96,524.96,524.96,524.96,1000,1000,2500,2500,4500.048,4500.048,0,0,4984.5,4984.5,630,630,1670,1670,630,630,1670,1670,459.984,1099.941,12552.84553,12552.84553,12552.84553,12552.84553,12552.84553,12552.84553,12552.84553,12552.84553,12552.84553,12552.84553,12552.84553,12552.84553,12552.84553,12552.84553,17201.21952,17201.21952,17201.21952,17201.21952,17201.21952,17201.21952,17201.21952,17201.21952,17201.21952,17201.21952,17201.21952,17201.21952,17201.21952,17201.21952
2026,3,671,671,671,671,537,537,537,537,14232.3489,14232.3489,630,630,620,620,1330,1330,14232.3489,14232.3489,1837.19,1837.19,1837.19,1837.19,14232.3489,14232.3489,630,630,1670,1670,630,630,1670,1670,524.96,524.96,524.96,524.96,524.96,524.96,1000,1000,2500,2500,4500.048,4500.048,0,0,4984.5,4984.5,630,630,1670,1670,630,630,1670,1670,459.984,1099.941,12552.84553,12552.84553,12552.84553,12552.84553,12552.84553,12552.84553,12552.84553,12552.84553,12552.84553,12552.84553,12552.84553,12552.84553,12552.84553,12552.84553,17201.21952,17201.21952,17201.21952,17201.21952,17201.21952,17201.21952,17201.21952,17201.21952,17201.21952,17201.21952,17201.21952,17201.21952,17201.21952,17201.21952
2026,4,671,671,671,671,537,537,537,537,14232.3489,14232.3489,630,630,620,620,1330,1330,14232.3489,14232.3489,1837.19,1837.19,1837.19,1837.19,14232.3489,14232.3489,630,630,1670,1670,630,630,1670,1670,524.96,524.96,524.96,524.96,524.96,524.96,1000,1000,2500,2500,4500.048,4500.048,0,0,4984.5,4984.5,630,630,1670,1670,630,630,1670,1670,459.984,1099.941,12552.84553,12552.84553,12552.84553,12552.84553,12552.84553,12552.84553,12552.84553,12552.84553,12552.84553,12552.84553,12552.84553,12552.84553,12552.84553,12552.84553,17201.21952,17201.21952,17201.21952,17201.21952,17201.21952,17201.21952,17201.21952,17201.21952,17201.21952,17201.21952,17201.21952,17201.21952,17201.21952,17201.21952
2026,5,671,671,671,671,537,537,537,537,14232.3489,14232.3489,630,630,620,620,1330,1330,14232.3489,14232.3489,1837.19,1837.19,1837.19,1837.19,14232.3489,14232.3489,630,630,1670,1670,630,630,1670,1670,524.96,524.96,524.96,524.96,524.96,524.96,1000,1000,2500,2500,4500.048,4500.048,0,0,4984.5,4984.5,630,630,1670,1670,630,630,1670,1670,459.984,1099.941,12552.84553,12552.84553,12552.84553,12552.84553,12552.84553,12552.84553,12552.84553,12552.84553,12552.84553,12552.84553,12552.84553,12552.84553,12552.84553,12552.84553,17201.21952,17201.21952,17201.21952,17201.21952,17201.21952,17201.21952,17201.21952,17201.21952,17201.21952,17201.21952,17201.21952,17201.21952,17201.21952,17201.21952
2026,6,671,671,671,671,537,537,537,537,14232.3489,14232.3489,630,630,620,620,1330,1330,14232.3489,14232.3489,1837.19,1837.19,1837.19,1837.19,14232.3489,14232.3489,630,630,1670,1670,630,630,1670,1670,524.96,524.96,524.96,524.96,524.96,524.96,1000,1000,2500,2500,4500.048,4500.048,0,0,4984.5,4984.5,630,630,1670,1670,630,630,1670,1670,459.984,1099.941,12552.84553,12552.84553,12552.84553,12552.84553,12552.84553,12552.84553,12552.84553,12552.84553,12552.84553,12552.84553,12552.84553,12552.84553,12552.84553,12552.84553,17201.21952,17201.21952,17201.21952,17201.21952,17201.21952,17201.21952,17201.21952,17201.21952,17201.21952,17201.21952,17201.21952,17201.21952,17201.21952,17201.21952
2026,7,671,671,671,671,537,537,537,537,14232.3489,14232.3489,630,630,620,620,1330,1330,14232.3489,14232.3489,1837.19,1837.19,1837.19,1837.19,14232.3489,14232.3489,630,630,1670,1670,630,630,1670,1670,524.96,524.96,524.96,524.96,524.96,524.96,1000,1000,2500,2500,4500.048,4500.048,0,0,4984.5,4984.5,630,630,1670,1670,630,630,1670,1670,459.984,1099.941,12552.84553,12552.84553,12552.84553,12552.84553,12552.84553,12552.84553,12552.84553,12552.84553,12552.84553,12552.84553,12552.84553,12552.84553,12552.84553,12552.84553,17201.21952,17201.21952,17201.21952,17201.21952,17201.21952,17201.21952,17201.21952,17201.21952,17201.21952,17201.21952,17201.21952,17201.21952,17201.21952,17201.21952
2026,8,671,671,671,671,537,537,537,537,14232.3489,14232.3489,630,630,620,620,1330,1330,14232.3489,14232.3489,1837.19,1837.19,1837.19,1837.19,14232.3489,14232.3489,630,630,1670,1670,630,630,1670,1670,524.96,524.96,524.96,524.96,524.96,524.96,1000,1000,2500,2500,4500.048,4500.048,0,0,4984.5,4984.5,630,630,1670,1670,630,630,1670,1670,459.984,1099.941,12552.84553,12552.84553,12552.84553,12552.84553,12552.84553,12552.84553,12552.84553,12552.84553,12552.84553,12552.84553,12552.84553,12552.84553,12552.84553,12552.84553,17201.21952,17201.21952,17201.21952,17201.21952,17201.21952,17201.21952,17201.21952,17201.21952,17201.21952,17201.21952,17201.21952,17201.21952,17201.21952,17201.21952
2026,9,671,671,671,671,537,537,537,537,14232.3489,14232.3489,630,630,620,620,1330,1330,14232.3489,14232.3489,1837.19,1837.19,1837.19,1837.19,14232.3489,14232.3489,630,630,1670,1670,630,630,1670,1670,524.96,524.96,524.96,524.96,524.96,524.96,1000,1000,2500,2500,4500.048,4500.048,0,0,4984.5,4984.5,630,630,1670,1670,630,630,1670,1670,459.984,1099.941,12552.84553,12552.84553,12552.84553,12552.84553,12552.84553,12552.84553,12552.84553,12552.84553,12552.84553,12552.84553,12552.84553,12552.84553,12552.84553,12552.84553,17201.21952,17201.21952,17201.21952,17201.21952,17201.21952,17201.21952,17201.21952,17201.21952,17201.21952,17201.21952,17201.21952,17201.21952,17201.21952,17201.21952
2026,10,671,671,671,671,537,537,537,537,14232.3489,14232.3489,630,630,620,620,1330,1330,14232.3489,14232.3489,1837.19,1837.19,1837.19,1837.19,14232.3489,14232.3489,630,630,1670,1670,630,630,1670,1670,524.96,524.96,524.96,524.96,524.96,524.96,1000,1000,2500,2500,4500.048,4500.048,0,0,4984.5,4984.5,630,630,1670,1670,630,630,1670,1670,459.984,1099.941,12552.84553,12552.84553,12552.84553,12552.84553,12552.84553,12552.84553,12552.84553,12552.84553,12552.84553,12552.84553,12552.84553,12552.84553,12552.84553,12552.84553,17201.21952,17201.21952,17201.21952,17201.21952,17201.21952,17201.21952,17201.21952,17201.21952,17201.21952,17201.21952,17201.21952,17201.21952,17201.21952,17201.21952
2026,11,671,671,671,671,537,537,537,537,14232.3489,14232.3489,630,630,620,620,1330,1330,14232.3489,14232.3489,1837.19,1837.19,1837.19,1837.19,14232.3489,14232.3489,630,630,1670,1670,630,630,1670,1670,524.96,524.96,524.96,524.96,524.96,524.96,1000,1000,2500,2500,4500.048,4500.048,0,0,4984.5,4984.5,630,630,1670,1670,630,630,1670,1670,459.984,1099.941,12552.84553,12552.84553,12552.84553,12552.84553,12552.84553,12552.84553,12552.84553,12552.84553,12552.84553,12552.84553,12552.84553,12552.84553,12552.84553,12552.84553,17201.21952,17201.21952,17201.21952,17201.21952,17201.21952,17201.21952,17201.21952,17201.21952,17201.21952,17201.21952,17201.21952,17201.21952,17201.21952,17201.21952
2026,12,671,671,671,671,537,537,537,537,14232.3489,14232.3489,630,630,620,620,1330,1330,14232.3489,14232.3489,1837.19,1837.19,1837.19,1837.19,14232.3489,14232.3489,630,630,1670,1670,630,630,1670,1670,524.96,524.96,524.96,524.96,524.96,524.96,1000,1000,2500,2500,4500.048,4500.048,0,0,4984.5,4984.5,630,630,1670,1670,630,630,1670,1670,459.984,1099.941,12552.84553,12552.84553,12552.84553,12552.84553,12552.84553,12552.84553,12552.84553,12552.84553,12552.84553,12552.84553,12552.84553,12552.84553,12552.84553,12552.84553,17201.21952,17201.21952,17201.21952,17201.21952,17201.21952,17201.21952,17201.21952,17201.21952,17201.21952,17201.21952,17201.21952,17201.21952,17201.21952,17201.21952
2027,1,671,671,671,671,537,537,537,537,14232.3489,14232.3489,630,630,620,620,1330,1330,14232.3489,14232.3489,1837.19,1837.19,1837.19,1837.19,14232.3489,14232.3489,630,630,1670,1670,630,630,1670,1670,524.96,524.96,524.96,524.96,524.96,524.96,1000,1000,2500,2500,4500.048,4500.048,0,0,4984.5,4984.5,630,630,1670,1670,630,630,1670,1670,459.984,1099.941,12552.84553,12552.84553,12552.84553,12552.84553,12552.84553,12552.84553,12552.84553,12552.84553,12552.84553,12552.84553,12552.84553,12552.84553,12552.84553,12552.84553,17201.21952,17201.21952,17201.21952,17201.21952,17201.21952,17201.21952,17201.21952,17201.21952,17201.21952,17201.21952,17201.21952,17201.21952,17201.21952,17201.21952
2027,2,671,671,671,671,537,537,537,537,14232.3489,14232.3489,630,630,620,620,1330,1330,14232.3489,14232.3489,1837.19,1837.19,1837.19,1837.19,14232.3489,14232.3489,630,630,1670,1670,630,630,1670,1670,524.96,524.96,524.96,524.96,524.96,524.96,1000,1000,2500,2500,4500.048,4500.048,0,0,4984.5,4984.5,630,630,1670,1670,630,630,1670,1670,459.984,1099.941,12552.84553,12552.84553,12552.84553,12552.84553,12552.84553,12552.84553,12552.84553,12552.84553,12552.84553,12552.84553,12552.84553,12552.84553,12552.84553,12552.84553,17201.21952,17201.21952,17201.21952,17201.21952,17201.21952,17201.21952,17201.21952,17201.21952,17201.21952,17201.21952,17201.21952,17201.21952,17201.21952,17201.21952
2027,3,671,671,671,671,537,537,537,537,14232.3489,14232.3489,630,630,620,620,1330,1330,14232.3489,14232.3489,1837.19,1837.19,1837.19,1837.19,14232.3489,14232.3489,630,630,1670,1670,630,630,1670,1670,524.96,524.96,524.96,524.96,524.96,524.96,1000,1000,2500,2500,4500.048,4500.048,0,0,4984.5,4984.5,630,630,1670,1670,630,630,1670,1670,459.984,1099.941,12552.84553,12552.84553,12552.84553,12552.84553,12552.84553,12552.84553,12552.84553,12552.84553,12552.84553,12552.84553,12552.84553,12552.84553,12552.84553,12552.84553,17201.21952,17201.21952,17201.21952,17201.21952,17201.21952,17201.21952,17201.21952,17201.21952,17201.21952,17201.21952,17201.21952,17201.21952,17201.21952,17201.21952
2027,4,671,671,671,671,537,537,537,537,14232.3489,14232.3489,630,630,620,620,1330,1330,14232.3489,14232.3489,1837.19,1837.19,1837.19,1837.19,14232.3489,14232.3489,630,630,1670,1670,630,630,1670,1670,524.96,524.96,524.96,524.96,524.96,524.96,1000,1000,2500,2500,4500.048,4500.048,0,0,4984.5,4984.5,630,630,1670,1670,630,630,1670,1670,459.984,1099.941,12552.84553,12552.84553,12552.84553,12552.84553,12552.84553,12552.84553,12552.84553,12552.84553,12552.84553,12552.84553,12552.84553,12552.84553,12552.84553,12552.84553,17201.21952,17201.21952,17201.21952,17201.21952,17201.21952,17201.21952,17201.21952,17201.21952,17201.21952,17201.21952,17201.21952,17201.21952,17201.21952,17201.21952
2027,5,671,671,671,671,537,537,537,537,14232.3489,14232.3489,630,630,620,620,1330,1330,14232.3489,14232.3489,1837.19,1837.19,1837.19,1837.19,14232.3489,14232.3489,630,630,1670,1670,630,630,1670,1670,524.96,524.96,524.96,524.96,524.96,524.96,1000,1000,2500,2500,4500.048,4500.048,0,0,4984.5,4984.5,630,630,1670,1670,630,630,1670,1670,459.984,1099.941,12552.84553,12552.84553,12552.84553,12552.84553,12552.84553,12552.84553,12552.84553,12552.84553,12552.84553,12552.84553,12552.84553,12552.84553,12552.84553,12552.84553,17201.21952,17201.21952,17201.21952,17201.21952,17201.21952,17201.21952,17201.21952,17201.21952,17201.21952,17201.21952,17201.21952,17201.21952,17201.21952,17201.21952
2027,6,671,671,671,671,537,537,537,537,14232.3489,14232.3489,630,630,620,620,1330,1330,14232.3489,14232.3489,1837.19,1837.19,1837.19,1837.19,14232.3489,14232.3489,630,630,1670,1670,630,630,1670,1670,524.96,524.96,524.96,524.96,524.96,524.96,1000,1000,2500,2500,4500.048,4500.048,0,0,4984.5,4984.5,630,630,1670,1670,630,630,1670,1670,459.984,1099.941,12552.84553,12552.84553,12552.84553,12552.84553,12552.84553,12552.84553,12552.84553,12552.84553,12552.84553,12552.84553,12552.84553,12552.84553,12552.84553,12552.84553,17201.21952,17201.21952,17201.21952,17201.21952,17201.21952,17201.21952,17201.21952,17201.21952,17201.21952,17201.21952,17201.21952,17201.21952,17201.21952,17201.21952
2027,7,671,671,671,671,537,537,537,537,14232.3489,14232.3489,630,630,620,620,1330,1330,14232.3489,14232.3489,1837.19,1837.19,1837.19,1837.19,14232.3489,14232.3489,630,630,1670,1670,630,630,1670,1670,524.96,524.96,524.96,524.96,524.96,524.96,1000,1000,2500,2500,4500.048,4500.048,0,0,4984.5,4984.5,630,630,1670,1670,630,630,1670,1670,459.984,1099.941,12552.84553,12552.84553,12552.84553,12552.84553,12552.84553,12552.84553,12552.84553,12552.84553,12552.84553,12552.84553,12552.84553,12552.84553,12552.84553,12552.84553,17201.21952,17201.21952,17201.21952,17201.21952,17201.21952,17201.21952,17201.21952,17201.21952,17201.21952,17201.21952,17201.21952,17201.21952,17201.21952,17201.21952
2027,8,671,671,671,671,537,537,537,537,14232.3489,14232.3489,630,630,620,620,1330,1330,14232.3489,14232.3489,1837.19,1837.19,1837.19,1837.19,14232.3489,14232.3489,630,630,1670,1670,630,630,1670,1670,524.96,524.96,524.96,524.96,524.96,524.96,1000,1000,2500,2500,4500.048,4500.048,0,0,4984.5,4984.5,630,630,1670,1670,630,630,1670,1670,459.984,1099.941,12552.84553,12552.84553,12552.84553,12552.84553,12552.84553,12552.84553,12552.84553,12552.84553,12552.84553,12552.84553,12552.84553,12552.84553,12552.84553,12552.84553,17201.21952,17201.21952,17201.21952,17201.21952,17201.21952,17201.21952,17201.21952,17201.21952,17201.21952,17201.21952,17201.21952,17201.21952,17201.21952,17201.21952
2027,9,671,671,671,671,537,537,537,537,14232.3489,14232.3489,630,630,620,620,1330,1330,14232.3489,14232.3489,1837.19,1837.19,1837.19,1837.19,14232.3489,14232.3489,630,630,1670,1670,630,630,1670,1670,524.96,524.96,524.96,524.96,524.96,524.96,1000,1000,2500,2500,4500.048,4500.048,0,0,4984.5,4984.5,630,630,1670,1670,630,630,1670,1670,459.984,1099.941,12552.84553,12552.84553,12552.84553,12552.84553,12552.84553,12552.84553,12552.84553,12552.84553,12552.84553,12552.84553,12552.84553,12552.84553,12552.84553,12552.84553,17201.21952,17201.21952,17201.21952,17201.21952,17201.21952,17201.21952,17201.21952,17201.21952,17201.21952,17201.21952,17201.21952,17201.21952,17201.21952,17201.21952
2027,10,671,671,671,671,537,537,537,537,14232.3489,14232.3489,630,630,620,620,1330,1330,14232.3489,14232.3489,1837.19,1837.19,1837.19,1837.19,14232.3489,14232.3489,630,630,1670,1670,630,630,1670,1670,524.96,524.96,524.96,524.96,524.96,524.96,1000,1000,2500,2500,4500.048,4500.048,0,0,4984.5,4984.5,630,630,1670,1670,630,630,1670,1670,459.984,1099.941,12552.84553,12552.84553,12552.84553,12552.84553,12552.84553,12552.84553,12552.84553,12552.84553,12552.84553,12552.84553,12552.84553,12552.84553,12552.84553,12552.84553,17201.21952,17201.21952,17201.21952,17201.21952,17201.21952,17201.21952,17201.21952,17201.21952,17201.21952,17201.21952,17201.21952,17201.21952,17201.21952,17201.21952
2027,11,671,671,671,671,537,537,537,537,14232.3489,14232.3489,630,630,620,620,1330,1330,14232.3489,14232.3489,1837.19,1837.19,1837.19,1837.19,14232.3489,14232.3489,630,630,1670,1670,630,630,1670,1670,524.96,524.96,524.96,524.96,524.96,524.96,1000,1000,2500,2500,4500.048,4500.048,0,0,4984.5,4984.5,630,630,1670,1670,630,630,1670,1670,459.984,1099.941,12552.84553,12552.84553,12552.84553,12552.84553,12552.84553,12552.84553,12552.84553,12552.84553,12552.84553,12552.84553,12552.84553,12552.84553,12552.84553,12552.84553,17201.21952,17201.21952,17201.21952,17201.21952,17201.21952,17201.21952,17201.21952,17201.21952,17201.21952,17201.21952,17201.21952,17201.21952,17201.21952,17201.21952
2027,12,671,671,671,671,537,537,537,537,14232.3489,14232.3489,630,630,620,620,1330,1330,14232.3489,14232.3489,1837.19,1837.19,1837.19,1837.19,14232.3489,14232.3489,630,630,1670,1670,630,630,1670,1670,524.96,524.96,524.96,524.96,524.96,524.96,1000,1000,2500,2500,4500.048,4500.048,0,0,4984.5,4984.5,630,630,1670,1670,630,630,1670,1670,459.984,1099.941,12552.84553,12552.84553,12552.84553,12552.84553,12552.84553,12552.84553,12552.84553,12552.84553,12552.84553,12552.84553,12552.84553,12552.84553,12552.84553,12552.84553,17201.21952,17201.21952,17201.21952,17201.21952,17201.21952,17201.21952,17201.21952,17201.21952,17201.21952,17201.21952,17201.21952,17201.21952,17201.21952,17201.21952
2028,1,671,671,671,671,537,537,537,537,14232.3489,14232.3489,630,630,620,620,1330,1330,14232.3489,14232.3489,1837.19,1837.19,1837.19,1837.19,14232.3489,14232.3489,630,630,1670,1670,630,630,1670,1670,524.96,524.96,524.96,524.96,524.96,524.96,1000,1000,2500,2500,4500.048,4500.048,0,0,4984.5,4984.5,630,630,1670,1670,630,630,1670,1670,459.984,1099.941,12552.84553,12552.84553,12552.84553,12552.84553,12552.84553,12552.84553,12552.84553,12552.84553,12552.84553,12552.84553,12552.84553,12552.84553,12552.84553,12552.84553,17201.21952,17201.21952,17201.21952,17201.21952,17201.21952,17201.21952,17201.21952,17201.21952,17201.21952,17201.21952,17201.21952,17201.21952,17201.21952,17201.21952
2028,2,671,671,671,671,537,537,537,537,14232.3489,14232.3489,630,630,620,620,1330,1330,14232.3489,14232.3489,1837.19,1837.19,1837.19,1837.19,14232.3489,14232.3489,630,630,1670,1670,630,630,1670,1670,524.96,524.96,524.96,524.96,524.96,524.96,1000,1000,2500,2500,4500.048,4500.048,0,0,4984.5,4984.5,630,630,1670,1670,630,630,1670,1670,459.984,1099.941,12552.84553,12552.84553,12552.84553,12552.84553,12552.84553,12552.84553,12552.84553,12552.84553,12552.84553,12552.84553,12552.84553,12552.84553,12552.84553,12552.84553,17201.21952,17201.21952,17201.21952,17201.21952,17201.21952,17201.21952,17201.21952,17201.21952,17201.21952,17201.21952,17201.21952,17201.21952,17201.21952,17201.21952
2028,3,671,671,671,671,537,537,537,537,14232.3489,14232.3489,630,630,620,620,1330,1330,14232.3489,14232.3489,1837.19,1837.19,1837.19,1837.19,14232.3489,14232.3489,630,630,1670,1670,630,630,1670,1670,524.96,524.96,524.96,524.96,524.96,524.96,1000,1000,2500,2500,4500.048,4500.048,0,0,4984.5,4984.5,630,630,1670,1670,630,630,1670,1670,459.984,1099.941,12552.84553,12552.84553,12552.84553,12552.84553,12552.84553,12552.84553,12552.84553,12552.84553,12552.84553,12552.84553,12552.84553,12552.84553,12552.84553,12552.84553,17201.21952,17201.21952,17201.21952,17201.21952,17201.21952,17201.21952,17201.21952,17201.21952,17201.21952,17201.21952,17201.21952,17201.21952,17201.21952,17201.21952
2028,4,671,671,671,671,537,537,537,537,14232.3489,14232.3489,630,630,620,620,1330,1330,14232.3489,14232.3489,1837.19,1837.19,1837.19,1837.19,14232.3489,14232.3489,630,630,1670,1670,630,630,1670,1670,524.96,524.96,524.96,524.96,524.96,524.96,1000,1000,2500,2500,4500.048,4500.048,0,0,4984.5,4984.5,630,630,1670,1670,630,630,1670,1670,459.984,1099.941,12552.84553,12552.84553,12552.84553,12552.84553,12552.84553,12552.84553,12552.84553,12552.84553,12552.84553,12552.84553,12552.84553,12552.84553,12552.84553,12552.84553,17201.21952,17201.21952,17201.21952,17201.21952,17201.21952,17201.21952,17201.21952,17201.21952,17201.21952,17201.21952,17201.21952,17201.21952,17201.21952,17201.21952
2028,5,671,671,671,671,537,537,537,537,14232.3489,14232.3489,630,630,620,620,1330,1330,14232.3489,14232.3489,1837.19,1837.19,1837.19,1837.19,14232.3489,14232.3489,630,630,1670,1670,630,630,1670,1670,524.96,524.96,524.96,524.96,524.96,524.96,1000,1000,2500,2500,4500.048,4500.048,0,0,4984.5,4984.5,630,630,1670,1670,630,630,1670,1670,459.984,1099.941,12552.84553,12552.84553,12552.84553,12552.84553,12552.84553,12552.84553,12552.84553,12552.84553,12552.84553,12552.84553,12552.84553,12552.84553,12552.84553,12552.84553,17201.21952,17201.21952,17201.21952,17201.21952,17201.21952,17201.21952,17201.21952,17201.21952,17201.21952,17201.21952,17201.21952,17201.21952,17201.21952,17201.21952
2028,6,671,671,671,671,537,537,537,537,14232.3489,14232.3489,630,630,620,620,1330,1330,14232.3489,14232.3489,1837.19,1837.19,1837.19,1837.19,14232.3489,14232.3489,630,630,1670,1670,630,630,1670,1670,524.96,524.96,524.96,524.96,524.96,524.96,1000,1000,2500,2500,4500.048,4500.048,0,0,4984.5,4984.5,630,630,1670,1670,630,630,1670,1670,459.984,1099.941,12552.84553,12552.84553,12552.84553,12552.84553,12552.84553,12552.84553,12552.84553,12552.84553,12552.84553,12552.84553,12552.84553,12552.84553,12552.84553,12552.84553,17201.21952,17201.21952,17201.21952,17201.21952,17201.21952,17201.21952,17201.21952,17201.21952,17201.21952,17201.21952,17201.21952,17201.21952,17201.21952,17201.21952
2028,7,671,671,671,671,537,537,537,537,14232.3489,14232.3489,630,630,620,620,1330,1330,14232.3489,14232.3489,1837.19,1837.19,1837.19,1837.19,14232.3489,14232.3489,630,630,1670,1670,630,630,1670,1670,524.96,524.96,524.96,524.96,524.96,524.96,1000,1000,2500,2500,4500.048,4500.048,0,0,4984.5,4984.5,630,630,1670,1670,630,630,1670,1670,459.984,1099.941,12552.84553,12552.84553,12552.84553,12552.84553,12552.84553,12552.84553,12552.84553,12552.84553,12552.84553,12552.84553,12552.84553,12552.84553,12552.84553,12552.84553,17201.21952,17201.21952,17201.21952,17201.21952,17201.21952,17201.21952,17201.21952,17201.21952,17201.21952,17201.21952,17201.21952,17201.21952,17201.21952,17201.21952
2028,8,671,671,671,671,537,537,537,537,14232.3489,14232.3489,630,630,620,620,1330,1330,14232.3489,14232.3489,1837.19,1837.19,1837.19,1837.19,14232.3489,14232.3489,630,630,1670,1670,630,630,1670,1670,524.96,524.96,524.96,524.96,524.96,524.96,1000,1000,2500,2500,4500.048,4500.048,0,0,4984.5,4984.5,630,630,1670,1670,630,630,1670,1670,459.984,1099.941,12552.84553,12552.84553,12552.84553,12552.84553,12552.84553,12552.84553,12552.84553,12552.84553,12552.84553,12552.84553,12552.84553,12552.84553,12552.84553,12552.84553,17201.21952,17201.21952,17201.21952,17201.21952,17201.21952,17201.21952,17201.21952,17201.21952,17201.21952,17201.21952,17201.21952,17201.21952,17201.21952,17201.21952
2028,9,671,671,671,671,537,537,537,537,14232.3489,14232.3489,630,630,620,620,1330,1330,14232.3489,14232.3489,1837.19,1837.19,1837.19,1837.19,14232.3489,14232.3489,630,630,1670,1670,630,630,1670,1670,524.96,524.96,524.96,524.96,524.96,524.96,1000,1000,2500,2500,4500.048,4500.048,0,0,4984.5,4984.5,630,630,1670,1670,630,630,1670,1670,459.984,1099.941,12552.84553,12552.84553,12552.84553,12552.84553,12552.84553,12552.84553,12552.84553,12552.84553,12552.84553,12552.84553,12552.84553,12552.84553,12552.84553,12552.84553,17201.21952,17201.21952,17201.21952,17201.21952,17201.21952,17201.21952,17201.21952,17201.21952,17201.21952,17201.21952,17201.21952,17201.21952,17201.21952,17201.21952
2028,10,671,671,671,671,537,537,537,537,14232.3489,14232.3489,630,630,620,620,1330,1330,14232.3489,14232.3489,1837.19,1837.19,1837.19,1837.19,14232.3489,14232.3489,630,630,1670,1670,630,630,1670,1670,524.96,524.96,524.96,524.96,524.96,524.96,1000,1000,2500,2500,4500.048,4500.048,0,0,4984.5,4984.5,630,630,1670,1670,630,630,1670,1670,459.984,1099.941,12552.84553,12552.84553,12552.84553,12552.84553,12552.84553,12552.84553,12552.84553,12552.84553,12552.84553,12552.84553,12552.84553,12552.84553,12552.84553,12552.84553,17201.21952,17201.21952,17201.21952,17201.21952,17201.21952,17201.21952,17201.21952,17201.21952,17201.21952,17201.21952,17201.21952,17201.21952,17201.21952,17201.21952
2028,11,671,671,671,671,537,537,537,537,14232.3489,14232.3489,630,630,620,620,1330,1330,14232.3489,14232.3489,1837.19,1837.19,1837.19,1837.19,14232.3489,14232.3489,630,630,1670,1670,630,630,1670,1670,524.96,524.96,524.96,524.96,524.96,524.96,1000,1000,2500,2500,4500.048,4500.048,0,0,4984.5,4984.5,630,630,1670,1670,630,630,1670,1670,459.984,1099.941,12552.84553,12552.84553,12552.84553,12552.84553,12552.84553,12552.84553,12552.84553,12552.84553,12552.84553,12552.84553,12552.84553,12552.84553,12552.84553,12552.84553,17201.21952,17201.21952,17201.21952,17201.21952,17201.21952,17201.21952,17201.21952,17201.21952,17201.21952,17201.21952,17201.21952,17201.21952,17201.21952,17201.21952
2028,12,671,671,671,671,537,537,537,537,14232.3489,14232.3489,630,630,620,620,1330,1330,14232.3489,14232.3489,1837.19,1837.19,1837.19,1837.19,14232.3489,14232.3489,630,630,1670,1670,630,630,1670,1670,524.96,524.96,524.96,524.96,524.96,524.96,1000,1000,2500,2500,4500.048,4500.048,0,0,4984.5,4984.5,630,630,1670,1670,630,630,1670,1670,459.984,1099.941,12552.84553,12552.84553,12552.84553,12552.84553,12552.84553,12552.84553,12552.84553,12552.84553,12552.84553,12552.84553,12552.84553,12552.84553,12552.84553,12552.84553,17201.21952,17201.21952,17201.21952,17201.21952,17201.21952,17201.21952,17201.21952,17201.21952,17201.21952,17201.21952,17201.21952,17201.21952,17201.21952,17201.21952
2029,1,671,671,671,671,537,537,537,537,14232.3489,14232.3489,630,630,620,620,1330,1330,14232.3489,14232.3489,1940.21,1940.21,1940.21,1940.21,14232.3489,14232.3489,630,630,1670,1670,630,630,1670,1670,524.96,524.96,524.96,524.96,524.96,524.96,1000,1000,2500,2500,4500.048,4500.048,0,0,4984.5,4984.5,630,630,1670,1670,630,630,1670,1670,459.984,1099.941,12552.84553,12552.84553,12552.84553,12552.84553,12552.84553,12552.84553,12552.84553,12552.84553,12552.84553,12552.84553,12552.84553,12552.84553,12552.84553,12552.84553,17201.21952,17201.21952,17201.21952,17201.21952,17201.21952,17201.21952,17201.21952,17201.21952,17201.21952,17201.21952,17201.21952,17201.21952,17201.21952,17201.21952
2029,2,671,671,671,671,537,537,537,537,14232.3489,14232.3489,630,630,620,620,1330,1330,14232.3489,14232.3489,1940.21,1940.21,1940.21,1940.21,14232.3489,14232.3489,630,630,1670,1670,630,630,1670,1670,524.96,524.96,524.96,524.96,524.96,524.96,1000,1000,2500,2500,4500.048,4500.048,0,0,4984.5,4984.5,630,630,1670,1670,630,630,1670,1670,459.984,1099.941,12552.84553,12552.84553,12552.84553,12552.84553,12552.84553,12552.84553,12552.84553,12552.84553,12552.84553,12552.84553,12552.84553,12552.84553,12552.84553,12552.84553,17201.21952,17201.21952,17201.21952,17201.21952,17201.21952,17201.21952,17201.21952,17201.21952,17201.21952,17201.21952,17201.21952,17201.21952,17201.21952,17201.21952
2029,3,671,671,671,671,537,537,537,537,14232.3489,14232.3489,630,630,620,620,1330,1330,14232.3489,14232.3489,1940.21,1940.21,1940.21,1940.21,14232.3489,14232.3489,630,630,1670,1670,630,630,1670,1670,524.96,524.96,524.96,524.96,524.96,524.96,1000,1000,2500,2500,4500.048,4500.048,0,0,4984.5,4984.5,630,630,1670,1670,630,630,1670,1670,459.984,1099.941,12552.84553,12552.84553,12552.84553,12552.84553,12552.84553,12552.84553,12552.84553,12552.84553,12552.84553,12552.84553,12552.84553,12552.84553,12552.84553,12552.84553,17201.21952,17201.21952,17201.21952,17201.21952,17201.21952,17201.21952,17201.21952,17201.21952,17201.21952,17201.21952,17201.21952,17201.21952,17201.21952,17201.21952
2029,4,671,671,671,671,537,537,537,537,14232.3489,14232.3489,630,630,620,620,1330,1330,14232.3489,14232.3489,1940.21,1940.21,1940.21,1940.21,14232.3489,14232.3489,630,630,1670,1670,630,630,1670,1670,524.96,524.96,524.96,524.96,524.96,524.96,1000,1000,2500,2500,4500.048,4500.048,0,0,4984.5,4984.5,630,630,1670,1670,630,630,1670,1670,459.984,1099.941,12552.84553,12552.84553,12552.84553,12552.84553,12552.84553,12552.84553,12552.84553,12552.84553,12552.84553,12552.84553,12552.84553,12552.84553,12552.84553,12552.84553,17201.21952,17201.21952,17201.21952,17201.21952,17201.21952,17201.21952,17201.21952,17201.21952,17201.21952,17201.21952,17201.21952,17201.21952,17201.21952,17201.21952
2029,5,671,671,671,671,537,537,537,537,14232.3489,14232.3489,630,630,620,620,1330,1330,14232.3489,14232.3489,1940.21,1940.21,1940.21,1940.21,14232.3489,14232.3489,630,630,1670,1670,630,630,1670,1670,524.96,524.96,524.96,524.96,524.96,524.96,1000,1000,2500,2500,4500.048,4500.048,0,0,4984.5,4984.5,630,630,1670,1670,630,630,1670,1670,459.984,1099.941,12552.84553,12552.84553,12552.84553,12552.84553,12552.84553,12552.84553,12552.84553,12552.84553,12552.84553,12552.84553,12552.84553,12552.84553,12552.84553,12552.84553,17201.21952,17201.21952,17201.21952,17201.21952,17201.21952,17201.21952,17201.21952,17201.21952,17201.21952,17201.21952,17201.21952,17201.21952,17201.21952,17201.21952
2029,6,671,671,671,671,537,537,537,537,14232.3489,14232.3489,630,630,620,620,1330,1330,14232.3489,14232.3489,1940.21,1940.21,1940.21,1940.21,14232.3489,14232.3489,630,630,1670,1670,630,630,1670,1670,524.96,524.96,524.96,524.96,524.96,524.96,1000,1000,2500,2500,4500.048,4500.048,0,0,4984.5,4984.5,630,630,1670,1670,630,630,1670,1670,459.984,1099.941,12552.84553,12552.84553,12552.84553,12552.84553,12552.84553,12552.84553,12552.84553,12552.84553,12552.84553,12552.84553,12552.84553,12552.84553,12552.84553,12552.84553,17201.21952,17201.21952,17201.21952,17201.21952,17201.21952,17201.21952,17201.21952,17201.21952,17201.21952,17201.21952,17201.21952,17201.21952,17201.21952,17201.21952
2029,7,671,671,671,671,537,537,537,537,14232.3489,14232.3489,630,630,620,620,1330,1330,14232.3489,14232.3489,1940.21,1940.21,1940.21,1940.21,14232.3489,14232.3489,630,630,1670,1670,630,630,1670,1670,524.96,524.96,524.96,524.96,524.96,524.96,1000,1000,2500,2500,4500.048,4500.048,0,0,4984.5,4984.5,630,630,1670,1670,630,630,1670,1670,459.984,1099.941,12552.84553,12552.84553,12552.84553,12552.84553,12552.84553,12552.84553,12552.84553,12552.84553,12552.84553,12552.84553,12552.84553,12552.84553,12552.84553,12552.84553,17201.21952,17201.21952,17201.21952,17201.21952,17201.21952,17201.21952,17201.21952,17201.21952,17201.21952,17201.21952,17201.21952,17201.21952,17201.21952,17201.21952
2029,8,671,671,671,671,537,537,537,537,14232.3489,14232.3489,630,630,620,620,1330,1330,14232.3489,14232.3489,1940.21,1940.21,1940.21,1940.21,14232.3489,14232.3489,630,630,1670,1670,630,630,1670,1670,524.96,524.96,524.96,524.96,524.96,524.96,1000,1000,2500,2500,4500.048,4500.048,0,0,4984.5,4984.5,630,630,1670,1670,630,630,1670,1670,459.984,1099.941,12552.84553,12552.84553,12552.84553,12552.84553,12552.84553,12552.84553,12552.84553,12552.84553,12552.84553,12552.84553,12552.84553,12552.84553,12552.84553,12552.84553,17201.21952,17201.21952,17201.21952,17201.21952,17201.21952,17201.21952,17201.21952,17201.21952,17201.21952,17201.21952,17201.21952,17201.21952,17201.21952,17201.21952
2029,9,671,671,671,671,537,537,537,537,14232.3489,14232.3489,630,630,620,620,1330,1330,14232.3489,14232.3489,1940.21,1940.21,1940.21,1940.21,14232.3489,14232.3489,630,630,1670,1670,630,630,1670,1670,524.96,524.96,524.96,524.96,524.96,524.96,1000,1000,2500,2500,4500.048,4500.048,0,0,4984.5,4984.5,630,630,1670,1670,630,630,1670,1670,459.984,1099.941,12552.84553,12552.84553,12552.84553,12552.84553,12552.84553,12552.84553,12552.84553,12552.84553,12552.84553,12552.84553,12552.84553,12552.84553,12552.84553,12552.84553,17201.21952,17201.21952,17201.21952,17201.21952,17201.21952,17201.21952,17201.21952,17201.21952,17201.21952,17201.21952,17201.21952,17201.21952,17201.21952,17201.21952
2029,10,671,671,671,671,537,537,537,537,14232.3489,14232.3489,630,630,620,620,1330,1330,14232.3489,14232.3489,1940.21,1940.21,1940.21,1940.21,14232.3489,14232.3489,630,630,1670,1670,630,630,1670,1670,524.96,524.96,524.96,524.96,524.96,524.96,1000,1000,2500,2500,4500.048,4500.048,0,0,4984.5,4984.5,630,630,1670,1670,630,630,1670,1670,459.984,1099.941,12552.84553,12552.84553,12552.84553,12552.84553,12552.84553,12552.84553,12552.84553,12552.84553,12552.84553,12552.84553,12552.84553,12552.84553,12552.84553,12552.84553,17201.21952,17201.21952,17201.21952,17201.21952,17201.21952,17201.21952,17201.21952,17201.21952,17201.21952,17201.21952,17201.21952,17201.21952,17201.21952,17201.21952
2029,11,671,671,671,671,537,537,537,537,14232.3489,14232.3489,630,630,620,620,1330,1330,14232.3489,14232.3489,1940.21,1940.21,1940.21,1940.21,14232.3489,14232.3489,630,630,1670,1670,630,630,1670,1670,524.96,524.96,524.96,524.96,524.96,524.96,1000,1000,2500,2500,4500.048,4500.048,0,0,4984.5,4984.5,630,630,1670,1670,630,630,1670,1670,459.984,1099.941,12552.84553,12552.84553,12552.84553,12552.84553,12552.84553,12552.84553,12552.84553,12552.84553,12552.84553,12552.84553,12552.84553,12552.84553,12552.84553,12552.84553,17201.21952,17201.21952,17201.21952,17201.21952,17201.21952,17201.21952,17201.21952,17201.21952,17201.21952,17201.21952,17201.21952,17201.21952,17201.21952,17201.21952
2029,12,671,671,671,671,537,537,537,537,14232.3489,14232.3489,630,630,620,620,1330,1330,14232.3489,14232.3489,1940.21,1940.21,1940.21,1940.21,14232.3489,14232.3489,630,630,1670,1670,630,630,1670,1670,524.96,524.96,524.96,524.96,524.96,524.96,1000,1000,2500,2500,4500.048,4500.048,0,0,4984.5,4984.5,630,630,1670,1670,630,630,1670,1670,459.984,1099.941,12552.84553,12552.84553,12552.84553,12552.84553,12552.84553,12552.84553,12552.84553,12552.84553,12552.84553,12552.84553,12552.84553,12552.84553,12552.84553,12552.84553,17201.21952,17201.21952,17201.21952,17201.21952,17201.21952,17201.21952,17201.21952,17201.21952,17201.21952,17201.21952,17201.21952,17201.21952,17201.21952,17201.21952
2030,1,671,671,671,671,537,537,537,537,14232.3489,14232.3489,630,630,620,620,1330,1330,14232.3489,14232.3489,1940.21,1940.21,1940.21,1940.21,14232.3489,14232.3489,630,630,1670,1670,630,630,1670,1670,524.96,524.96,524.96,524.96,524.96,524.96,1000,1000,2500,2500,4500.048,4500.048,0,0,4984.5,4984.5,630,630,1670,1670,630,630,1670,1670,459.984,1099.941,12552.84553,12552.84553,12552.84553,12552.84553,12552.84553,12552.84553,12552.84553,12552.84553,12552.84553,12552.84553,12552.84553,12552.84553,12552.84553,12552.84553,17201.21952,17201.21952,17201.21952,17201.21952,17201.21952,17201.21952,17201.21952,17201.21952,17201.21952,17201.21952,17201.21952,17201.21952,17201.21952,17201.21952
2030,2,671,671,671,671,537,537,537,537,14232.3489,14232.3489,630,630,620,620,1330,1330,14232.3489,14232.3489,1940.21,1940.21,1940.21,1940.21,14232.3489,14232.3489,630,630,1670,1670,630,630,1670,1670,524.96,524.96,524.96,524.96,524.96,524.96,1000,1000,2500,2500,4500.048,4500.048,0,0,4984.5,4984.5,630,630,1670,1670,630,630,1670,1670,459.984,1099.941,12552.84553,12552.84553,12552.84553,12552.84553,12552.84553,12552.84553,12552.84553,12552.84553,12552.84553,12552.84553,12552.84553,12552.84553,12552.84553,12552.84553,17201.21952,17201.21952,17201.21952,17201.21952,17201.21952,17201.21952,17201.21952,17201.21952,17201.21952,17201.21952,17201.21952,17201.21952,17201.21952,17201.21952
2030,3,671,671,671,671,537,537,537,537,14232.3489,14232.3489,630,630,620,620,1330,1330,14232.3489,14232.3489,1940.21,1940.21,1940.21,1940.21,14232.3489,14232.3489,630,630,1670,1670,630,630,1670,1670,524.96,524.96,524.96,524.96,524.96,524.96,1000,1000,2500,2500,4500.048,4500.048,0,0,4984.5,4984.5,630,630,1670,1670,630,630,1670,1670,459.984,1099.941,12552.84553,12552.84553,12552.84553,12552.84553,12552.84553,12552.84553,12552.84553,12552.84553,12552.84553,12552.84553,12552.84553,12552.84553,12552.84553,12552.84553,17201.21952,17201.21952,17201.21952,17201.21952,17201.21952,17201.21952,17201.21952,17201.21952,17201.21952,17201.21952,17201.21952,17201.21952,17201.21952,17201.21952
2030,4,671,671,671,671,537,537,537,537,14232.3489,14232.3489,630,630,620,620,1330,1330,14232.3489,14232.3489,1940.21,1940.21,1940.21,1940.21,14232.3489,14232.3489,630,630,1670,1670,630,630,1670,1670,524.96,524.96,524.96,524.96,524.96,524.96,1000,1000,2500,2500,4500.048,4500.048,0,0,4984.5,4984.5,630,630,1670,1670,630,630,1670,1670,459.984,1099.941,12552.84553,12552.84553,12552.84553,12552.84553,12552.84553,12552.84553,12552.84553,12552.84553,12552.84553,12552.84553,12552.84553,12552.84553,12552.84553,12552.84553,17201.21952,17201.21952,17201.21952,17201.21952,17201.21952,17201.21952,17201.21952,17201.21952,17201.21952,17201.21952,17201.21952,17201.21952,17201.21952,17201.21952
2030,5,671,671,671,671,537,537,537,537,14232.3489,14232.3489,630,630,620,620,1330,1330,14232.3489,14232.3489,1940.21,1940.21,1940.21,1940.21,14232.3489,14232.3489,630,630,1670,1670,630,630,1670,1670,524.96,524.96,524.96,524.96,524.96,524.96,1000,1000,2500,2500,4500.048,4500.048,0,0,4984.5,4984.5,630,630,1670,1670,630,630,1670,1670,459.984,1099.941,12552.84553,12552.84553,12552.84553,12552.84553,12552.84553,12552.84553,12552.84553,12552.84553,12552.84553,12552.84553,12552.84553,12552.84553,12552.84553,12552.84553,17201.21952,17201.21952,17201.21952,17201.21952,17201.21952,17201.21952,17201.21952,17201.21952,17201.21952,17201.21952,17201.21952,17201.21952,17201.21952,17201.21952
2030,6,671,671,671,671,537,537,537,537,14232.3489,14232.3489,630,630,620,620,1330,1330,14232.3489,14232.3489,1940.21,1940.21,1940.21,1940.21,14232.3489,14232.3489,630,630,1670,1670,630,630,1670,1670,524.96,524.96,524.96,524.96,524.96,524.96,1000,1000,2500,2500,4500.048,4500.048,0,0,4984.5,4984.5,630,630,1670,1670,630,630,1670,1670,459.984,1099.941,12552.84553,12552.84553,12552.84553,12552.84553,12552.84553,12552.84553,12552.84553,12552.84553,12552.84553,12552.84553,12552.84553,12552.84553,12552.84553,12552.84553,17201.21952,17201.21952,17201.21952,17201.21952,17201.21952,17201.21952,17201.21952,17201.21952,17201.21952,17201.21952,17201.21952,17201.21952,17201.21952,17201.21952
2030,7,671,671,671,671,537,537,537,537,14232.3489,14232.3489,630,630,620,620,1330,1330,14232.3489,14232.3489,1940.21,1940.21,1940.21,1940.21,14232.3489,14232.3489,630,630,1670,1670,630,630,1670,1670,524.96,524.96,524.96,524.96,524.96,524.96,1000,1000,2500,2500,4500.048,4500.048,0,0,4984.5,4984.5,630,630,1670,1670,630,630,1670,1670,459.984,1099.941,12552.84553,12552.84553,12552.84553,12552.84553,12552.84553,12552.84553,12552.84553,12552.84553,12552.84553,12552.84553,12552.84553,12552.84553,12552.84553,12552.84553,17201.21952,17201.21952,17201.21952,17201.21952,17201.21952,17201.21952,17201.21952,17201.21952,17201.21952,17201.21952,17201.21952,17201.21952,17201.21952,17201.21952
2030,8,671,671,671,671,537,537,537,537,14232.3489,14232.3489,630,630,620,620,1330,1330,14232.3489,14232.3489,1940.21,1940.21,1940.21,1940.21,14232.3489,14232.3489,630,630,1670,1670,630,630,1670,1670,524.96,524.96,524.96,524.96,524.96,524.96,1000,1000,2500,2500,4500.048,4500.048,0,0,4984.5,4984.5,630,630,1670,1670,630,630,1670,1670,459.984,1099.941,12552.84553,12552.84553,12552.84553,12552.84553,12552.84553,12552.84553,12552.84553,12552.84553,12552.84553,12552.84553,12552.84553,12552.84553,12552.84553,12552.84553,17201.21952,17201.21952,17201.21952,17201.21952,17201.21952,17201.21952,17201.21952,17201.21952,17201.21952,17201.21952,17201.21952,17201.21952,17201.21952,17201.21952
2030,9,671,671,671,671,537,537,537,537,14232.3489,14232.3489,630,630,620,620,1330,1330,14232.3489,14232.3489,1940.21,1940.21,1940.21,1940.21,14232.3489,14232.3489,630,630,1670,1670,630,630,1670,1670,524.96,524.96,524.96,524.96,524.96,524.96,1000,1000,2500,2500,4500.048,4500.048,0,0,4984.5,4984.5,630,630,1670,1670,630,630,1670,1670,459.984,1099.941,12552.84553,12552.84553,12552.84553,12552.84553,12552.84553,12552.84553,12552.84553,12552.84553,12552.84553,12552.84553,12552.84553,12552.84553,12552.84553,12552.84553,17201.21952,17201.21952,17201.21952,17201.21952,17201.21952,17201.21952,17201.21952,17201.21952,17201.21952,17201.21952,17201.21952,17201.21952,17201.21952,17201.21952
2030,10,671,671,671,671,537,537,537,537,14232.3489,14232.3489,630,630,620,620,1330,1330,14232.3489,14232.3489,1940.21,1940.21,1940.21,1940.21,14232.3489,14232.3489,630,630,1670,1670,630,630,1670,1670,524.96,524.96,524.96,524.96,524.96,524.96,1000,1000,2500,2500,4500.048,4500.048,0,0,4984.5,4984.5,630,630,1670,1670,630,630,1670,1670,459.984,1099.941,12552.84553,12552.84553,12552.84553,12552.84553,12552.84553,12552.84553,12552.84553,12552.84553,12552.84553,12552.84553,12552.84553,12552.84553,12552.84553,12552.84553,17201.21952,17201.21952,17201.21952,17201.21952,17201.21952,17201.21952,17201.21952,17201.21952,17201.21952,17201.21952,17201.21952,17201.21952,17201.21952,17201.21952
2030,11,671,671,671,671,537,537,537,537,14232.3489,14232.3489,630,630,620,620,1330,1330,14232.3489,14232.3489,1940.21,1940.21,1940.21,1940.21,14232.3489,14232.3489,630,630,1670,1670,630,630,1670,1670,524.96,524.96,524.96,524.96,524.96,524.96,1000,1000,2500,2500,4500.048,4500.048,0,0,4984.5,4984.5,630,630,1670,1670,630,630,1670,1670,459.984,1099.941,12552.84553,12552.84553,12552.84553,12552.84553,12552.84553,12552.84553,12552.84553,12552.84553,12552.84553,12552.84553,12552.84553,12552.84553,12552.84553,12552.84553,17201.21952,17201.21952,17201.21952,17201.21952,17201.21952,17201.21952,17201.21952,17201.21952,17201.21952,17201.21952,17201.21952,17201.21952,17201.21952,17201.21952
2030,12,671,671,671,671,537,537,537,537,14232.3489,14232.3489,630,630,620,620,1330,1330,14232.3489,14232.3489,1940.21,1940.21,1940.21,1940.21,14232.3489,14232.3489,630,630,1670,1670,630,630,1670,1670,524.96,524.96,524.96,524.96,524.96,524.96,1000,1000,2500,2500,4500.048,4500.048,0,0,4984.5,4984.5,630,630,1670,1670,630,630,1670,1670,459.984,1099.941,12552.84553,12552.84553,12552.84553,12552.84553,12552.84553,12552.84553,12552.84553,12552.84553,12552.84553,12552.84553,12552.84553,12552.84553,12552.84553,12552.84553,17201.21952,17201.21952,17201.21952,17201.21952,17201.21952,17201.21952,17201.21952,17201.21952,17201.21952,17201.21952,17201.21952,17201.21952,17201.21952,17201.21952
2031,1,671,671,671,671,537,537,537,537,14232.3489,14232.3489,630,630,620,620,1330,1330,14232.3489,14232.3489,1940.21,1940.21,1940.21,1940.21,14232.3489,14232.3489,630,630,1670,1670,630,630,1670,1670,524.96,524.96,524.96,524.96,524.96,524.96,1000,1000,2500,2500,4500.048,4500.048,0,0,4984.5,4984.5,630,630,1670,1670,630,630,1670,1670,459.984,1099.941,12552.84553,12552.84553,12552.84553,12552.84553,12552.84553,12552.84553,12552.84553,12552.84553,12552.84553,12552.84553,12552.84553,12552.84553,12552.84553,12552.84553,17201.21952,17201.21952,17201.21952,17201.21952,17201.21952,17201.21952,17201.21952,17201.21952,17201.21952,17201.21952,17201.21952,17201.21952,17201.21952,17201.21952
2031,2,671,671,671,671,537,537,537,537,14232.3489,14232.3489,630,630,620,620,1330,1330,14232.3489,14232.3489,1940.21,1940.21,1940.21,1940.21,14232.3489,14232.3489,630,630,1670,1670,630,630,1670,1670,524.96,524.96,524.96,524.96,524.96,524.96,1000,1000,2500,2500,4500.048,4500.048,0,0,4984.5,4984.5,630,630,1670,1670,630,630,1670,1670,459.984,1099.941,12552.84553,12552.84553,12552.84553,12552.84553,12552.84553,12552.84553,12552.84553,12552.84553,12552.84553,12552.84553,12552.84553,12552.84553,12552.84553,12552.84553,17201.21952,17201.21952,17201.21952,17201.21952,17201.21952,17201.21952,17201.21952,17201.21952,17201.21952,17201.21952,17201.21952,17201.21952,17201.21952,17201.21952
2031,3,671,671,671,671,537,537,537,537,14232.3489,14232.3489,630,630,620,620,1330,1330,14232.3489,14232.3489,1940.21,1940.21,1940.21,1940.21,14232.3489,14232.3489,630,630,1670,1670,630,630,1670,1670,524.96,524.96,524.96,524.96,524.96,524.96,1000,1000,2500,2500,4500.048,4500.048,0,0,4984.5,4984.5,630,630,1670,1670,630,630,1670,1670,459.984,1099.941,12552.84553,12552.84553,12552.84553,12552.84553,12552.84553,12552.84553,12552.84553,12552.84553,12552.84553,12552.84553,12552.84553,12552.84553,12552.84553,12552.84553,17201.21952,17201.21952,17201.21952,17201.21952,17201.21952,17201.21952,17201.21952,17201.21952,17201.21952,17201.21952,17201.21952,17201.21952,17201.21952,17201.21952
2031,4,671,671,671,671,537,537,537,537,14232.3489,14232.3489,630,630,620,620,1330,1330,14232.3489,14232.3489,1940.21,1940.21,1940.21,1940.21,14232.3489,14232.3489,630,630,1670,1670,630,630,1670,1670,524.96,524.96,524.96,524.96,524.96,524.96,1000,1000,2500,2500,4500.048,4500.048,0,0,4984.5,4984.5,630,630,1670,1670,630,630,1670,1670,459.984,1099.941,12552.84553,12552.84553,12552.84553,12552.84553,12552.84553,12552.84553,12552.84553,12552.84553,12552.84553,12552.84553,12552.84553,12552.84553,12552.84553,12552.84553,17201.21952,17201.21952,17201.21952,17201.21952,17201.21952,17201.21952,17201.21952,17201.21952,17201.21952,17201.21952,17201.21952,17201.21952,17201.21952,17201.21952
2031,5,671,671,671,671,537,537,537,537,14232.3489,14232.3489,630,630,620,620,1330,1330,14232.3489,14232.3489,1940.21,1940.21,1940.21,1940.21,14232.3489,14232.3489,630,630,1670,1670,630,630,1670,1670,524.96,524.96,524.96,524.96,524.96,524.96,1000,1000,2500,2500,4500.048,4500.048,0,0,4984.5,4984.5,630,630,1670,1670,630,630,1670,1670,459.984,1099.941,12552.84553,12552.84553,12552.84553,12552.84553,12552.84553,12552.84553,12552.84553,12552.84553,12552.84553,12552.84553,12552.84553,12552.84553,12552.84553,12552.84553,17201.21952,17201.21952,17201.21952,17201.21952,17201.21952,17201.21952,17201.21952,17201.21952,17201.21952,17201.21952,17201.21952,17201.21952,17201.21952,17201.21952
2031,6,671,671,671,671,537,537,537,537,14232.3489,14232.3489,630,630,620,620,1330,1330,14232.3489,14232.3489,1940.21,1940.21,1940.21,1940.21,14232.3489,14232.3489,630,630,1670,1670,630,630,1670,1670,524.96,524.96,524.96,524.96,524.96,524.96,1000,1000,2500,2500,4500.048,4500.048,0,0,4984.5,4984.5,630,630,1670,1670,630,630,1670,1670,459.984,1099.941,12552.84553,12552.84553,12552.84553,12552.84553,12552.84553,12552.84553,12552.84553,12552.84553,12552.84553,12552.84553,12552.84553,12552.84553,12552.84553,12552.84553,17201.21952,17201.21952,17201.21952,17201.21952,17201.21952,17201.21952,17201.21952,17201.21952,17201.21952,17201.21952,17201.21952,17201.21952,17201.21952,17201.21952
2031,7,671,671,671,671,537,537,537,537,14232.3489,14232.3489,630,630,620,620,1330,1330,14232.3489,14232.3489,1940.21,1940.21,1940.21,1940.21,14232.3489,14232.3489,630,630,1670,1670,630,630,1670,1670,524.96,524.96,524.96,524.96,524.96,524.96,1000,1000,2500,2500,4500.048,4500.048,0,0,4984.5,4984.5,630,630,1670,1670,630,630,1670,1670,459.984,1099.941,12552.84553,12552.84553,12552.84553,12552.84553,12552.84553,12552.84553,12552.84553,12552.84553,12552.84553,12552.84553,12552.84553,12552.84553,12552.84553,12552.84553,17201.21952,17201.21952,17201.21952,17201.21952,17201.21952,17201.21952,17201.21952,17201.21952,17201.21952,17201.21952,17201.21952,17201.21952,17201.21952,17201.21952
2031,8,671,671,671,671,537,537,537,537,14232.3489,14232.3489,630,630,620,620,1330,1330,14232.3489,14232.3489,1940.21,1940.21,1940.21,1940.21,14232.3489,14232.3489,630,630,1670,1670,630,630,1670,1670,524.96,524.96,524.96,524.96,524.96,524.96,1000,1000,2500,2500,4500.048,4500.048,0,0,4984.5,4984.5,630,630,1670,1670,630,630,1670,1670,459.984,1099.941,12552.84553,12552.84553,12552.84553,12552.84553,12552.84553,12552.84553,12552.84553,12552.84553,12552.84553,12552.84553,12552.84553,12552.84553,12552.84553,12552.84553,17201.21952,17201.21952,17201.21952,17201.21952,17201.21952,17201.21952,17201.21952,17201.21952,17201.21952,17201.21952,17201.21952,17201.21952,17201.21952,17201.21952
2031,9,671,671,671,671,537,537,537,537,14232.3489,14232.3489,630,630,620,620,1330,1330,14232.3489,14232.3489,1940.21,1940.21,1940.21,1940.21,14232.3489,14232.3489,630,630,1670,1670,630,630,1670,1670,524.96,524.96,524.96,524.96,524.96,524.96,1000,1000,2500,2500,4500.048,4500.048,0,0,4984.5,4984.5,630,630,1670,1670,630,630,1670,1670,459.984,1099.941,12552.84553,12552.84553,12552.84553,12552.84553,12552.84553,12552.84553,12552.84553,12552.84553,12552.84553,12552.84553,12552.84553,12552.84553,12552.84553,12552.84553,17201.21952,17201.21952,17201.21952,17201.21952,17201.21952,17201.21952,17201.21952,17201.21952,17201.21952,17201.21952,17201.21952,17201.21952,17201.21952,17201.21952
2031,10,671,671,671,671,537,537,537,537,14232.3489,14232.3489,630,630,620,620,1330,1330,14232.3489,14232.3489,1940.21,1940.21,1940.21,1940.21,14232.3489,14232.3489,630,630,1670,1670,630,630,1670,1670,524.96,524.96,524.96,524.96,524.96,524.96,1000,1000,2500,2500,4500.048,4500.048,0,0,4984.5,4984.5,630,630,1670,1670,630,630,1670,1670,459.984,1099.941,12552.84553,12552.84553,12552.84553,12552.84553,12552.84553,12552.84553,12552.84553,12552.84553,12552.84553,12552.84553,12552.84553,12552.84553,12552.84553,12552.84553,17201.21952,17201.21952,17201.21952,17201.21952,17201.21952,17201.21952,17201.21952,17201.21952,17201.21952,17201.21952,17201.21952,17201.21952,17201.21952,17201.21952
2031,11,671,671,671,671,537,537,537,537,14232.3489,14232.3489,630,630,620,620,1330,1330,14232.3489,14232.3489,1940.21,1940.21,1940.21,1940.21,14232.3489,14232.3489,630,630,1670,1670,630,630,1670,1670,524.96,524.96,524.96,524.96,524.96,524.96,1000,1000,2500,2500,4500.048,4500.048,0,0,4984.5,4984.5,630,630,1670,1670,630,630,1670,1670,459.984,1099.941,12552.84553,12552.84553,12552.84553,12552.84553,12552.84553,12552.84553,12552.84553,12552.84553,12552.84553,12552.84553,12552.84553,12552.84553,12552.84553,12552.84553,17201.21952,17201.21952,17201.21952,17201.21952,17201.21952,17201.21952,17201.21952,17201.21952,17201.21952,17201.21952,17201.21952,17201.21952,17201.21952,17201.21952
2031,12,671,671,671,671,537,537,537,537,14232.3489,14232.3489,630,630,620,620,1330,1330,14232.3489,14232.3489,1940.21,1940.21,1940.21,1940.21,14232.3489,14232.3489,630,630,1670,1670,630,630,1670,1670,524.96,524.96,524.96,524.96,524.96,524.96,1000,1000,2500,2500,4500.048,4500.048,0,0,4984.5,4984.5,630,630,1670,1670,630,630,1670,1670,459.984,1099.941,12552.84553,12552.84553,12552.84553,12552.84553,12552.84553,12552.84553,12552.84553,12552.84553,12552.84553,12552.84553,12552.84553,12552.84553,12552.84553,12552.84553,17201.21952,17201.21952,17201.21952,17201.21952,17201.21952,17201.21952,17201.21952,17201.21952,17201.21952,17201.21952,17201.21952,17201.21952,17201.21952,17201.21952
2032,1,671,671,671,671,537,537,537,537,14232.3489,14232.3489,630,630,620,620,1330,1330,14232.3489,14232.3489,1940.21,1940.21,1940.21,1940.21,14232.3489,14232.3489,630,630,1670,1670,630,630,1670,1670,524.96,524.96,524.96,524.96,524.96,524.96,1000,1000,2500,2500,4500.048,4500.048,0,0,4984.5,4984.5,630,630,1670,1670,630,630,1670,1670,459.984,1099.941,12552.84553,12552.84553,12552.84553,12552.84553,12552.84553,12552.84553,12552.84553,12552.84553,12552.84553,12552.84553,12552.84553,12552.84553,12552.84553,12552.84553,17201.21952,17201.21952,17201.21952,17201.21952,17201.21952,17201.21952,17201.21952,17201.21952,17201.21952,17201.21952,17201.21952,17201.21952,17201.21952,17201.21952
2032,2,671,671,671,671,537,537,537,537,14232.3489,14232.3489,630,630,620,620,1330,1330,14232.3489,14232.3489,1940.21,1940.21,1940.21,1940.21,14232.3489,14232.3489,630,630,1670,1670,630,630,1670,1670,524.96,524.96,524.96,524.96,524.96,524.96,1000,1000,2500,2500,4500.048,4500.048,0,0,4984.5,4984.5,630,630,1670,1670,630,630,1670,1670,459.984,1099.941,12552.84553,12552.84553,12552.84553,12552.84553,12552.84553,12552.84553,12552.84553,12552.84553,12552.84553,12552.84553,12552.84553,12552.84553,12552.84553,12552.84553,17201.21952,17201.21952,17201.21952,17201.21952,17201.21952,17201.21952,17201.21952,17201.21952,17201.21952,17201.21952,17201.21952,17201.21952,17201.21952,17201.21952
2032,3,671,671,671,671,537,537,537,537,14232.3489,14232.3489,630,630,620,620,1330,1330,14232.3489,14232.3489,1940.21,1940.21,1940.21,1940.21,14232.3489,14232.3489,630,630,1670,1670,630,630,1670,1670,524.96,524.96,524.96,524.96,524.96,524.96,1000,1000,2500,2500,4500.048,4500.048,0,0,4984.5,4984.5,630,630,1670,1670,630,630,1670,1670,459.984,1099.941,12552.84553,12552.84553,12552.84553,12552.84553,12552.84553,12552.84553,12552.84553,12552.84553,12552.84553,12552.84553,12552.84553,12552.84553,12552.84553,12552.84553,17201.21952,17201.21952,17201.21952,17201.21952,17201.21952,17201.21952,17201.21952,17201.21952,17201.21952,17201.21952,17201.21952,17201.21952,17201.21952,17201.21952
2032,4,671,671,671,671,537,537,537,537,14232.3489,14232.3489,630,630,620,620,1330,1330,14232.3489,14232.3489,1940.21,1940.21,1940.21,1940.21,14232.3489,14232.3489,630,630,1670,1670,630,630,1670,1670,524.96,524.96,524.96,524.96,524.96,524.96,1000,1000,2500,2500,4500.048,4500.048,0,0,4984.5,4984.5,630,630,1670,1670,630,630,1670,1670,459.984,1099.941,12552.84553,12552.84553,12552.84553,12552.84553,12552.84553,12552.84553,12552.84553,12552.84553,12552.84553,12552.84553,12552.84553,12552.84553,12552.84553,12552.84553,17201.21952,17201.21952,17201.21952,17201.21952,17201.21952,17201.21952,17201.21952,17201.21952,17201.21952,17201.21952,17201.21952,17201.21952,17201.21952,17201.21952
2032,5,671,671,671,671,537,537,537,537,14232.3489,14232.3489,630,630,620,620,1330,1330,14232.3489,14232.3489,1940.21,1940.21,1940.21,1940.21,14232.3489,14232.3489,630,630,1670,1670,630,630,1670,1670,524.96,524.96,524.96,524.96,524.96,524.96,1000,1000,2500,2500,4500.048,4500.048,0,0,4984.5,4984.5,630,630,1670,1670,630,630,1670,1670,459.984,1099.941,12552.84553,12552.84553,12552.84553,12552.84553,12552.84553,12552.84553,12552.84553,12552.84553,12552.84553,12552.84553,12552.84553,12552.84553,12552.84553,12552.84553,17201.21952,17201.21952,17201.21952,17201.21952,17201.21952,17201.21952,17201.21952,17201.21952,17201.21952,17201.21952,17201.21952,17201.21952,17201.21952,17201.21952
2032,6,671,671,671,671,537,537,537,537,14232.3489,14232.3489,630,630,620,620,1330,1330,14232.3489,14232.3489,1940.21,1940.21,1940.21,1940.21,14232.3489,14232.3489,630,630,1670,1670,630,630,1670,1670,524.96,524.96,524.96,524.96,524.96,524.96,1000,1000,2500,2500,4500.048,4500.048,0,0,4984.5,4984.5,630,630,1670,1670,630,630,1670,1670,459.984,1099.941,12552.84553,12552.84553,12552.84553,12552.84553,12552.84553,12552.84553,12552.84553,12552.84553,12552.84553,12552.84553,12552.84553,12552.84553,12552.84553,12552.84553,17201.21952,17201.21952,17201.21952,17201.21952,17201.21952,17201.21952,17201.21952,17201.21952,17201.21952,17201.21952,17201.21952,17201.21952,17201.21952,17201.21952
2032,7,671,671,671,671,537,537,537,537,14232.3489,14232.3489,630,630,620,620,1330,1330,14232.3489,14232.3489,1940.21,1940.21,1940.21,1940.21,14232.3489,14232.3489,630,630,1670,1670,630,630,1670,1670,524.96,524.96,524.96,524.96,524.96,524.96,1000,1000,2500,2500,4500.048,4500.048,0,0,4984.5,4984.5,630,630,1670,1670,630,630,1670,1670,459.984,1099.941,12552.84553,12552.84553,12552.84553,12552.84553,12552.84553,12552.84553,12552.84553,12552.84553,12552.84553,12552.84553,12552.84553,12552.84553,12552.84553,12552.84553,17201.21952,17201.21952,17201.21952,17201.21952,17201.21952,17201.21952,17201.21952,17201.21952,17201.21952,17201.21952,17201.21952,17201.21952,17201.21952,17201.21952
2032,8,671,671,671,671,537,537,537,537,14232.3489,14232.3489,630,630,620,620,1330,1330,14232.3489,14232.3489,1940.21,1940.21,1940.21,1940.21,14232.3489,14232.3489,630,630,1670,1670,630,630,1670,1670,524.96,524.96,524.96,524.96,524.96,524.96,1000,1000,2500,2500,4500.048,4500.048,0,0,4984.5,4984.5,630,630,1670,1670,630,630,1670,1670,459.984,1099.941,12552.84553,12552.84553,12552.84553,12552.84553,12552.84553,12552.84553,12552.84553,12552.84553,12552.84553,12552.84553,12552.84553,12552.84553,12552.84553,12552.84553,17201.21952,17201.21952,17201.21952,17201.21952,17201.21952,17201.21952,17201.21952,17201.21952,17201.21952,17201.21952,17201.21952,17201.21952,17201.21952,17201.21952
2032,9,671,671,671,671,537,537,537,537,14232.3489,14232.3489,630,630,620,620,1330,1330,14232.3489,14232.3489,1940.21,1940.21,1940.21,1940.21,14232.3489,14232.3489,630,630,1670,1670,630,630,1670,1670,524.96,524.96,524.96,524.96,524.96,524.96,1000,1000,2500,2500,4500.048,4500.048,0,0,4984.5,4984.5,630,630,1670,1670,630,630,1670,1670,459.984,1099.941,12552.84553,12552.84553,12552.84553,12552.84553,12552.84553,12552.84553,12552.84553,12552.84553,12552.84553,12552.84553,12552.84553,12552.84553,12552.84553,12552.84553,17201.21952,17201.21952,17201.21952,17201.21952,17201.21952,17201.21952,17201.21952,17201.21952,17201.21952,17201.21952,17201.21952,17201.21952,17201.21952,17201.21952
2032,10,671,671,671,671,537,537,537,537,14232.3489,14232.3489,630,630,620,620,1330,1330,14232.3489,14232.3489,1940.21,1940.21,1940.21,1940.21,14232.3489,14232.3489,630,630,1670,1670,630,630,1670,1670,524.96,524.96,524.96,524.96,524.96,524.96,1000,1000,2500,2500,4500.048,4500.048,0,0,4984.5,4984.5,630,630,1670,1670,630,630,1670,1670,459.984,1099.941,12552.84553,12552.84553,12552.84553,12552.84553,12552.84553,12552.84553,12552.84553,12552.84553,12552.84553,12552.84553,12552.84553,12552.84553,12552.84553,12552.84553,17201.21952,17201.21952,17201.21952,17201.21952,17201.21952,17201.21952,17201.21952,17201.21952,17201.21952,17201.21952,17201.21952,17201.21952,17201.21952,17201.21952
2032,11,671,671,671,671,537,537,537,537,14232.3489,14232.3489,630,630,620,620,1330,1330,14232.3489,14232.3489,1940.21,1940.21,1940.21,1940.21,14232.3489,14232.3489,630,630,1670,1670,630,630,1670,1670,524.96,524.96,524.96,524.96,524.96,524.96,1000,1000,2500,2500,4500.048,4500.048,0,0,4984.5,4984.5,630,630,1670,1670,630,630,1670,1670,459.984,1099.941,12552.84553,12552.84553,12552.84553,12552.84553,12552.84553,12552.84553,12552.84553,12552.84553,12552.84553,12552.84553,12552.84553,12552.84553,12552.84553,12552.84553,17201.21952,17201.21952,17201.21952,17201.21952,17201.21952,17201.21952,17201.21952,17201.21952,17201.21952,17201.21952,17201.21952,17201.21952,17201.21952,17201.21952
2032,12,671,671,671,671,537,537,537,537,14232.3489,14232.3489,630,630,620,620,1330,1330,14232.3489,14232.3489,1940.21,1940.21,1940.21,1940.21,14232.3489,14232.3489,630,630,1670,1670,630,630,1670,1670,524.96,524.96,524.96,524.96,524.96,524.96,1000,1000,2500,2500,4500.048,4500.048,0,0,4984.5,4984.5,630,630,1670,1670,630,630,1670,1670,459.984,1099.941,12552.84553,12552.84553,12552.84553,12552.84553,12552.84553,12552.84553,12552.84553,12552.84553,12552.84553,12552.84553,12552.84553,12552.84553,12552.84553,12552.84553,17201.21952,17201.21952,17201.21952,17201.21952,17201.21952,17201.21952,17201.21952,17201.21952,17201.21952,17201.21952,17201.21952,17201.21952,17201.21952,17201.21952
2033,1,671,671,671,671,537,537,537,537,14232.3489,14232.3489,630,630,620,620,1330,1330,14232.3489,14232.3489,1940.21,1940.21,1940.21,1940.21,14232.3489,14232.3489,630,630,1670,1670,630,630,1670,1670,524.96,524.96,524.96,524.96,524.96,524.96,1000,1000,2500,2500,4500.048,4500.048,0,0,4984.5,4984.5,630,630,1670,1670,630,630,1670,1670,459.984,1099.941,12552.84553,12552.84553,12552.84553,12552.84553,12552.84553,12552.84553,12552.84553,12552.84553,12552.84553,12552.84553,12552.84553,12552.84553,12552.84553,12552.84553,17201.21952,17201.21952,17201.21952,17201.21952,17201.21952,17201.21952,17201.21952,17201.21952,17201.21952,17201.21952,17201.21952,17201.21952,17201.21952,17201.21952
2033,2,671,671,671,671,537,537,537,537,14232.3489,14232.3489,630,630,620,620,1330,1330,14232.3489,14232.3489,1940.21,1940.21,1940.21,1940.21,14232.3489,14232.3489,630,630,1670,1670,630,630,1670,1670,524.96,524.96,524.96,524.96,524.96,524.96,1000,1000,2500,2500,4500.048,4500.048,0,0,4984.5,4984.5,630,630,1670,1670,630,630,1670,1670,459.984,1099.941,12552.84553,12552.84553,12552.84553,12552.84553,12552.84553,12552.84553,12552.84553,12552.84553,12552.84553,12552.84553,12552.84553,12552.84553,12552.84553,12552.84553,17201.21952,17201.21952,17201.21952,17201.21952,17201.21952,17201.21952,17201.21952,17201.21952,17201.21952,17201.21952,17201.21952,17201.21952,17201.21952,17201.21952
2033,3,671,671,671,671,537,537,537,537,14232.3489,14232.3489,630,630,620,620,1330,1330,14232.3489,14232.3489,1940.21,1940.21,1940.21,1940.21,14232.3489,14232.3489,630,630,1670,1670,630,630,1670,1670,524.96,524.96,524.96,524.96,524.96,524.96,1000,1000,2500,2500,4500.048,4500.048,0,0,4984.5,4984.5,630,630,1670,1670,630,630,1670,1670,459.984,1099.941,12552.84553,12552.84553,12552.84553,12552.84553,12552.84553,12552.84553,12552.84553,12552.84553,12552.84553,12552.84553,12552.84553,12552.84553,12552.84553,12552.84553,17201.21952,17201.21952,17201.21952,17201.21952,17201.21952,17201.21952,17201.21952,17201.21952,17201.21952,17201.21952,17201.21952,17201.21952,17201.21952,17201.21952
2033,4,671,671,671,671,537,537,537,537,14232.3489,14232.3489,630,630,620,620,1330,1330,14232.3489,14232.3489,1940.21,1940.21,1940.21,1940.21,14232.3489,14232.3489,630,630,1670,1670,630,630,1670,1670,524.96,524.96,524.96,524.96,524.96,524.96,1000,1000,2500,2500,4500.048,4500.048,0,0,4984.5,4984.5,630,630,1670,1670,630,630,1670,1670,459.984,1099.941,12552.84553,12552.84553,12552.84553,12552.84553,12552.84553,12552.84553,12552.84553,12552.84553,12552.84553,12552.84553,12552.84553,12552.84553,12552.84553,12552.84553,17201.21952,17201.21952,17201.21952,17201.21952,17201.21952,17201.21952,17201.21952,17201.21952,17201.21952,17201.21952,17201.21952,17201.21952,17201.21952,17201.21952
2033,5,671,671,671,671,537,537,537,537,14232.3489,14232.3489,630,630,620,620,1330,1330,14232.3489,14232.3489,1940.21,1940.21,1940.21,1940.21,14232.3489,14232.3489,630,630,1670,1670,630,630,1670,1670,524.96,524.96,524.96,524.96,524.96,524.96,1000,1000,2500,2500,4500.048,4500.048,0,0,4984.5,4984.5,630,630,1670,1670,630,630,1670,1670,459.984,1099.941,12552.84553,12552.84553,12552.84553,12552.84553,12552.84553,12552.84553,12552.84553,12552.84553,12552.84553,12552.84553,12552.84553,12552.84553,12552.84553,12552.84553,17201.21952,17201.21952,17201.21952,17201.21952,17201.21952,17201.21952,17201.21952,17201.21952,17201.21952,17201.21952,17201.21952,17201.21952,17201.21952,17201.21952
2033,6,671,671,671,671,537,537,537,537,14232.3489,14232.3489,630,630,620,620,1330,1330,14232.3489,14232.3489,1940.21,1940.21,1940.21,1940.21,14232.3489,14232.3489,630,630,1670,1670,630,630,1670,1670,524.96,524.96,524.96,524.96,524.96,524.96,1000,1000,2500,2500,4500.048,4500.048,0,0,4984.5,4984.5,630,630,1670,1670,630,630,1670,1670,459.984,1099.941,12552.84553,12552.84553,12552.84553,12552.84553,12552.84553,12552.84553,12552.84553,12552.84553,12552.84553,12552.84553,12552.84553,12552.84553,12552.84553,12552.84553,17201.21952,17201.21952,17201.21952,17201.21952,17201.21952,17201.21952,17201.21952,17201.21952,17201.21952,17201.21952,17201.21952,17201.21952,17201.21952,17201.21952
2033,7,671,671,671,671,537,537,537,537,14232.3489,14232.3489,630,630,620,620,1330,1330,14232.3489,14232.3489,1940.21,1940.21,1940.21,1940.21,14232.3489,14232.3489,630,630,1670,1670,630,630,1670,1670,524.96,524.96,524.96,524.96,524.96,524.96,1000,1000,2500,2500,4500.048,4500.048,0,0,4984.5,4984.5,630,630,1670,1670,630,630,1670,1670,459.984,1099.941,12552.84553,12552.84553,12552.84553,12552.84553,12552.84553,12552.84553,12552.84553,12552.84553,12552.84553,12552.84553,12552.84553,12552.84553,12552.84553,12552.84553,17201.21952,17201.21952,17201.21952,17201.21952,17201.21952,17201.21952,17201.21952,17201.21952,17201.21952,17201.21952,17201.21952,17201.21952,17201.21952,17201.21952
2033,8,671,671,671,671,537,537,537,537,14232.3489,14232.3489,630,630,620,620,1330,1330,14232.3489,14232.3489,1940.21,1940.21,1940.21,1940.21,14232.3489,14232.3489,630,630,1670,1670,630,630,1670,1670,524.96,524.96,524.96,524.96,524.96,524.96,1000,1000,2500,2500,4500.048,4500.048,0,0,4984.5,4984.5,630,630,1670,1670,630,630,1670,1670,459.984,1099.941,12552.84553,12552.84553,12552.84553,12552.84553,12552.84553,12552.84553,12552.84553,12552.84553,12552.84553,12552.84553,12552.84553,12552.84553,12552.84553,12552.84553,17201.21952,17201.21952,17201.21952,17201.21952,17201.21952,17201.21952,17201.21952,17201.21952,17201.21952,17201.21952,17201.21952,17201.21952,17201.21952,17201.21952
2033,9,671,671,671,671,537,537,537,537,14232.3489,14232.3489,630,630,620,620,1330,1330,14232.3489,14232.3489,1940.21,1940.21,1940.21,1940.21,14232.3489,14232.3489,630,630,1670,1670,630,630,1670,1670,524.96,524.96,524.96,524.96,524.96,524.96,1000,1000,2500,2500,4500.048,4500.048,0,0,4984.5,4984.5,630,630,1670,1670,630,630,1670,1670,459.984,1099.941,12552.84553,12552.84553,12552.84553,12552.84553,12552.84553,12552.84553,12552.84553,12552.84553,12552.84553,12552.84553,12552.84553,12552.84553,12552.84553,12552.84553,17201.21952,17201.21952,17201.21952,17201.21952,17201.21952,17201.21952,17201.21952,17201.21952,17201.21952,17201.21952,17201.21952,17201.21952,17201.21952,17201.21952
2033,10,671,671,671,671,537,537,537,537,14232.3489,14232.3489,630,630,620,620,1330,1330,14232.3489,14232.3489,1940.21,1940.21,1940.21,1940.21,14232.3489,14232.3489,630,630,1670,1670,630,630,1670,1670,524.96,524.96,524.96,524.96,524.96,524.96,1000,1000,2500,2500,4500.048,4500.048,0,0,4984.5,4984.5,630,630,1670,1670,630,630,1670,1670,459.984,1099.941,12552.84553,12552.84553,12552.84553,12552.84553,12552.84553,12552.84553,12552.84553,12552.84553,12552.84553,12552.84553,12552.84553,12552.84553,12552.84553,12552.84553,17201.21952,17201.21952,17201.21952,17201.21952,17201.21952,17201.21952,17201.21952,17201.21952,17201.21952,17201.21952,17201.21952,17201.21952,17201.21952,17201.21952
2033,11,671,671,671,671,537,537,537,537,14232.3489,14232.3489,630,630,620,620,1330,1330,14232.3489,14232.3489,1940.21,1940.21,1940.21,1940.21,14232.3489,14232.3489,630,630,1670,1670,630,630,1670,1670,524.96,524.96,524.96,524.96,524.96,524.96,1000,1000,2500,2500,4500.048,4500.048,0,0,4984.5,4984.5,630,630,1670,1670,630,630,1670,1670,459.984,1099.941,12552.84553,12552.84553,12552.84553,12552.84553,12552.84553,12552.84553,12552.84553,12552.84553,12552.84553,12552.84553,12552.84553,12552.84553,12552.84553,12552.84553,17201.21952,17201.21952,17201.21952,17201.21952,17201.21952,17201.21952,17201.21952,17201.21952,17201.21952,17201.21952,17201.21952,17201.21952,17201.21952,17201.21952
2033,12,671,671,671,671,537,537,537,537,14232.3489,14232.3489,630,630,620,620,1330,1330,14232.3489,14232.3489,1940.21,1940.21,1940.21,1940.21,14232.3489,14232.3489,630,630,1670,1670,630,630,1670,1670,524.96,524.96,524.96,524.96,524.96,524.96,1000,1000,2500,2500,4500.048,4500.048,0,0,4984.5,4984.5,630,630,1670,1670,630,630,1670,1670,459.984,1099.941,12552.84553,12552.84553,12552.84553,12552.84553,12552.84553,12552.84553,12552.84553,12552.84553,12552.84553,12552.84553,12552.84553,12552.84553,12552.84553,12552.84553,17201.21952,17201.21952,17201.21952,17201.21952,17201.21952,17201.21952,17201.21952,17201.21952,17201.21952,17201.21952,17201.21952,17201.21952,17201.21952,17201.21952
2034,1,671,671,671,671,537,537,537,537,14232.3489,14232.3489,630,630,620,620,1330,1330,14232.3489,14232.3489,1940.21,1940.21,1940.21,1940.21,14232.3489,14232.3489,630,630,1670,1670,630,630,1670,1670,524.96,524.96,524.96,524.96,524.96,524.96,1000,1000,2500,2500,4500.048,4500.048,0,0,4984.5,4984.5,630,630,1670,1670,630,630,1670,1670,459.984,1099.941,12552.84553,12552.84553,12552.84553,12552.84553,12552.84553,12552.84553,12552.84553,12552.84553,12552.84553,12552.84553,12552.84553,12552.84553,12552.84553,12552.84553,17201.21952,17201.21952,17201.21952,17201.21952,17201.21952,17201.21952,17201.21952,17201.21952,17201.21952,17201.21952,17201.21952,17201.21952,17201.21952,17201.21952
2034,2,671,671,671,671,537,537,537,537,14232.3489,14232.3489,630,630,620,620,1330,1330,14232.3489,14232.3489,1940.21,1940.21,1940.21,1940.21,14232.3489,14232.3489,630,630,1670,1670,630,630,1670,1670,524.96,524.96,524.96,524.96,524.96,524.96,1000,1000,2500,2500,4500.048,4500.048,0,0,4984.5,4984.5,630,630,1670,1670,630,630,1670,1670,459.984,1099.941,12552.84553,12552.84553,12552.84553,12552.84553,12552.84553,12552.84553,12552.84553,12552.84553,12552.84553,12552.84553,12552.84553,12552.84553,12552.84553,12552.84553,17201.21952,17201.21952,17201.21952,17201.21952,17201.21952,17201.21952,17201.21952,17201.21952,17201.21952,17201.21952,17201.21952,17201.21952,17201.21952,17201.21952
2034,3,671,671,671,671,537,537,537,537,14232.3489,14232.3489,630,630,620,620,1330,1330,14232.3489,14232.3489,1940.21,1940.21,1940.21,1940.21,14232.3489,14232.3489,630,630,1670,1670,630,630,1670,1670,524.96,524.96,524.96,524.96,524.96,524.96,1000,1000,2500,2500,4500.048,4500.048,0,0,4984.5,4984.5,630,630,1670,1670,630,630,1670,1670,459.984,1099.941,12552.84553,12552.84553,12552.84553,12552.84553,12552.84553,12552.84553,12552.84553,12552.84553,12552.84553,12552.84553,12552.84553,12552.84553,12552.84553,12552.84553,17201.21952,17201.21952,17201.21952,17201.21952,17201.21952,17201.21952,17201.21952,17201.21952,17201.21952,17201.21952,17201.21952,17201.21952,17201.21952,17201.21952
2034,4,671,671,671,671,537,537,537,537,14232.3489,14232.3489,630,630,620,620,1330,1330,14232.3489,14232.3489,1940.21,1940.21,1940.21,1940.21,14232.3489,14232.3489,630,630,1670,1670,630,630,1670,1670,524.96,524.96,524.96,524.96,524.96,524.96,1000,1000,2500,2500,4500.048,4500.048,0,0,4984.5,4984.5,630,630,1670,1670,630,630,1670,1670,459.984,1099.941,12552.84553,12552.84553,12552.84553,12552.84553,12552.84553,12552.84553,12552.84553,12552.84553,12552.84553,12552.84553,12552.84553,12552.84553,12552.84553,12552.84553,17201.21952,17201.21952,17201.21952,17201.21952,17201.21952,17201.21952,17201.21952,17201.21952,17201.21952,17201.21952,17201.21952,17201.21952,17201.21952,17201.21952
2034,5,671,671,671,671,537,537,537,537,14232.3489,14232.3489,630,630,620,620,1330,1330,14232.3489,14232.3489,1940.21,1940.21,1940.21,1940.21,14232.3489,14232.3489,630,630,1670,1670,630,630,1670,1670,524.96,524.96,524.96,524.96,524.96,524.96,1000,1000,2500,2500,4500.048,4500.048,0,0,4984.5,4984.5,630,630,1670,1670,630,630,1670,1670,459.984,1099.941,12552.84553,12552.84553,12552.84553,12552.84553,12552.84553,12552.84553,12552.84553,12552.84553,12552.84553,12552.84553,12552.84553,12552.84553,12552.84553,12552.84553,17201.21952,17201.21952,17201.21952,17201.21952,17201.21952,17201.21952,17201.21952,17201.21952,17201.21952,17201.21952,17201.21952,17201.21952,17201.21952,17201.21952
2034,6,671,671,671,671,537,537,537,537,14232.3489,14232.3489,630,630,620,620,1330,1330,14232.3489,14232.3489,1940.21,1940.21,1940.21,1940.21,14232.3489,14232.3489,630,630,1670,1670,630,630,1670,1670,524.96,524.96,524.96,524.96,524.96,524.96,1000,1000,2500,2500,4500.048,4500.048,0,0,4984.5,4984.5,630,630,1670,1670,630,630,1670,1670,459.984,1099.941,12552.84553,12552.84553,12552.84553,12552.84553,12552.84553,12552.84553,12552.84553,12552.84553,12552.84553,12552.84553,12552.84553,12552.84553,12552.84553,12552.84553,17201.21952,17201.21952,17201.21952,17201.21952,17201.21952,17201.21952,17201.21952,17201.21952,17201.21952,17201.21952,17201.21952,17201.21952,17201.21952,17201.21952
2034,7,671,671,671,671,537,537,537,537,14232.3489,14232.3489,630,630,620,620,1330,1330,14232.3489,14232.3489,1940.21,1940.21,1940.21,1940.21,14232.3489,14232.3489,630,630,1670,1670,630,630,1670,1670,524.96,524.96,524.96,524.96,524.96,524.96,1000,1000,2500,2500,4500.048,4500.048,0,0,4984.5,4984.5,630,630,1670,1670,630,630,1670,1670,459.984,1099.941,12552.84553,12552.84553,12552.84553,12552.84553,12552.84553,12552.84553,12552.84553,12552.84553,12552.84553,12552.84553,12552.84553,12552.84553,12552.84553,12552.84553,17201.21952,17201.21952,17201.21952,17201.21952,17201.21952,17201.21952,17201.21952,17201.21952,17201.21952,17201.21952,17201.21952,17201.21952,17201.21952,17201.21952
2034,8,671,671,671,671,537,537,537,537,14232.3489,14232.3489,630,630,620,620,1330,1330,14232.3489,14232.3489,1940.21,1940.21,1940.21,1940.21,14232.3489,14232.3489,630,630,1670,1670,630,630,1670,1670,524.96,524.96,524.96,524.96,524.96,524.96,1000,1000,2500,2500,4500.048,4500.048,0,0,4984.5,4984.5,630,630,1670,1670,630,630,1670,1670,459.984,1099.941,12552.84553,12552.84553,12552.84553,12552.84553,12552.84553,12552.84553,12552.84553,12552.84553,12552.84553,12552.84553,12552.84553,12552.84553,12552.84553,12552.84553,17201.21952,17201.21952,17201.21952,17201.21952,17201.21952,17201.21952,17201.21952,17201.21952,17201.21952,17201.21952,17201.21952,17201.21952,17201.21952,17201.21952
2034,9,671,671,671,671,537,537,537,537,14232.3489,14232.3489,630,630,620,620,1330,1330,14232.3489,14232.3489,1940.21,1940.21,1940.21,1940.21,14232.3489,14232.3489,630,630,1670,1670,630,630,1670,1670,524.96,524.96,524.96,524.96,524.96,524.96,1000,1000,2500,2500,4500.048,4500.048,0,0,4984.5,4984.5,630,630,1670,1670,630,630,1670,1670,459.984,1099.941,12552.84553,12552.84553,12552.84553,12552.84553,12552.84553,12552.84553,12552.84553,12552.84553,12552.84553,12552.84553,12552.84553,12552.84553,12552.84553,12552.84553,17201.21952,17201.21952,17201.21952,17201.21952,17201.21952,17201.21952,17201.21952,17201.21952,17201.21952,17201.21952,17201.21952,17201.21952,17201.21952,17201.21952
2034,10,671,671,671,671,537,537,537,537,14232.3489,14232.3489,630,630,620,620,1330,1330,14232.3489,14232.3489,1940.21,1940.21,1940.21,1940.21,14232.3489,14232.3489,630,630,1670,1670,630,630,1670,1670,524.96,524.96,524.96,524.96,524.96,524.96,1000,1000,2500,2500,4500.048,4500.048,0,0,4984.5,4984.5,630,630,1670,1670,630,630,1670,1670,459.984,1099.941,12552.84553,12552.84553,12552.84553,12552.84553,12552.84553,12552.84553,12552.84553,12552.84553,12552.84553,12552.84553,12552.84553,12552.84553,12552.84553,12552.84553,17201.21952,17201.21952,17201.21952,17201.21952,17201.21952,17201.21952,17201.21952,17201.21952,17201.21952,17201.21952,17201.21952,17201.21952,17201.21952,17201.21952
2034,11,671,671,671,671,537,537,537,537,14232.3489,14232.3489,630,630,620,620,1330,1330,14232.3489,14232.3489,1940.21,1940.21,1940.21,1940.21,14232.3489,14232.3489,630,630,1670,1670,630,630,1670,1670,524.96,524.96,524.96,524.96,524.96,524.96,1000,1000,2500,2500,4500.048,4500.048,0,0,4984.5,4984.5,630,630,1670,1670,630,630,1670,1670,459.984,1099.941,12552.84553,12552.84553,12552.84553,12552.84553,12552.84553,12552.84553,12552.84553,12552.84553,12552.84553,12552.84553,12552.84553,12552.84553,12552.84553,12552.84553,17201.21952,17201.21952,17201.21952,17201.21952,17201.21952,17201.21952,17201.21952,17201.21952,17201.21952,17201.21952,17201.21952,17201.21952,17201.21952,17201.21952
2034,12,671,671,671,671,537,537,537,537,14232.3489,14232.3489,630,630,620,620,1330,1330,14232.3489,14232.3489,1940.21,1940.21,1940.21,1940.21,14232.3489,14232.3489,630,630,1670,1670,630,630,1670,1670,524.96,524.96,524.96,524.96,524.96,524.96,1000,1000,2500,2500,4500.048,4500.048,0,0,4984.5,4984.5,630,630,1670,1670,630,630,1670,1670,459.984,1099.941,12552.84553,12552.84553,12552.84553,12552.84553,12552.84553,12552.84553,12552.84553,12552.84553,12552.84553,12552.84553,12552.84553,12552.84553,12552.84553,12552.84553,17201.21952,17201.21952,17201.21952,17201.21952,17201.21952,17201.21952,17201.21952,17201.21952,17201.21952,17201.21952,17201.21952,17201.21952,17201.21952,17201.21952
2035,1,671,671,671,671,537,537,537,537,14232.3489,14232.3489,630,630,620,620,1330,1330,14232.3489,14232.3489,1940.21,1940.21,1940.21,1940.21,14232.3489,14232.3489,630,630,1670,1670,630,630,1670,1670,524.96,524.96,524.96,524.96,524.96,524.96,1000,1000,2500,2500,4500.048,4500.048,0,0,4984.5,4984.5,630,630,1670,1670,630,630,1670,1670,459.984,1099.941,12552.84553,12552.84553,12552.84553,12552.84553,12552.84553,12552.84553,12552.84553,12552.84553,12552.84553,12552.84553,12552.84553,12552.84553,12552.84553,12552.84553,17201.21952,17201.21952,17201.21952,17201.21952,17201.21952,17201.21952,17201.21952,17201.21952,17201.21952,17201.21952,17201.21952,17201.21952,17201.21952,17201.21952
2035,2,671,671,671,671,537,537,537,537,14232.3489,14232.3489,630,630,620,620,1330,1330,14232.3489,14232.3489,1940.21,1940.21,1940.21,1940.21,14232.3489,14232.3489,630,630,1670,1670,630,630,1670,1670,524.96,524.96,524.96,524.96,524.96,524.96,1000,1000,2500,2500,4500.048,4500.048,0,0,4984.5,4984.5,630,630,1670,1670,630,630,1670,1670,459.984,1099.941,12552.84553,12552.84553,12552.84553,12552.84553,12552.84553,12552.84553,12552.84553,12552.84553,12552.84553,12552.84553,12552.84553,12552.84553,12552.84553,12552.84553,17201.21952,17201.21952,17201.21952,17201.21952,17201.21952,17201.21952,17201.21952,17201.21952,17201.21952,17201.21952,17201.21952,17201.21952,17201.21952,17201.21952
2035,3,671,671,671,671,537,537,537,537,14232.3489,14232.3489,630,630,620,620,1330,1330,14232.3489,14232.3489,1940.21,1940.21,1940.21,1940.21,14232.3489,14232.3489,630,630,1670,1670,630,630,1670,1670,524.96,524.96,524.96,524.96,524.96,524.96,1000,1000,2500,2500,4500.048,4500.048,0,0,4984.5,4984.5,630,630,1670,1670,630,630,1670,1670,459.984,1099.941,12552.84553,12552.84553,12552.84553,12552.84553,12552.84553,12552.84553,12552.84553,12552.84553,12552.84553,12552.84553,12552.84553,12552.84553,12552.84553,12552.84553,17201.21952,17201.21952,17201.21952,17201.21952,17201.21952,17201.21952,17201.21952,17201.21952,17201.21952,17201.21952,17201.21952,17201.21952,17201.21952,17201.21952
2035,4,671,671,671,671,537,537,537,537,14232.3489,14232.3489,630,630,620,620,1330,1330,14232.3489,14232.3489,1940.21,1940.21,1940.21,1940.21,14232.3489,14232.3489,630,630,1670,1670,630,630,1670,1670,524.96,524.96,524.96,524.96,524.96,524.96,1000,1000,2500,2500,4500.048,4500.048,0,0,4984.5,4984.5,630,630,1670,1670,630,630,1670,1670,459.984,1099.941,12552.84553,12552.84553,12552.84553,12552.84553,12552.84553,12552.84553,12552.84553,12552.84553,12552.84553,12552.84553,12552.84553,12552.84553,12552.84553,12552.84553,17201.21952,17201.21952,17201.21952,17201.21952,17201.21952,17201.21952,17201.21952,17201.21952,17201.21952,17201.21952,17201.21952,17201.21952,17201.21952,17201.21952
2035,5,671,671,671,671,537,537,537,537,14232.3489,14232.3489,630,630,620,620,1330,1330,14232.3489,14232.3489,1940.21,1940.21,1940.21,1940.21,14232.3489,14232.3489,630,630,1670,1670,630,630,1670,1670,524.96,524.96,524.96,524.96,524.96,524.96,1000,1000,2500,2500,4500.048,4500.048,0,0,4984.5,4984.5,630,630,1670,1670,630,630,1670,1670,459.984,1099.941,12552.84553,12552.84553,12552.84553,12552.84553,12552.84553,12552.84553,12552.84553,12552.84553,12552.84553,12552.84553,12552.84553,12552.84553,12552.84553,12552.84553,17201.21952,17201.21952,17201.21952,17201.21952,17201.21952,17201.21952,17201.21952,17201.21952,17201.21952,17201.21952,17201.21952,17201.21952,17201.21952,17201.21952
2035,6,671,671,671,671,537,537,537,537,14232.3489,14232.3489,630,630,620,620,1330,1330,14232.3489,14232.3489,1940.21,1940.21,1940.21,1940.21,14232.3489,14232.3489,630,630,1670,1670,630,630,1670,1670,524.96,524.96,524.96,524.96,524.96,524.96,1000,1000,2500,2500,4500.048,4500.048,0,0,4984.5,4984.5,630,630,1670,1670,630,630,1670,1670,459.984,1099.941,12552.84553,12552.84553,12552.84553,12552.84553,12552.84553,12552.84553,12552.84553,12552.84553,12552.84553,12552.84553,12552.84553,12552.84553,12552.84553,12552.84553,17201.21952,17201.21952,17201.21952,17201.21952,17201.21952,17201.21952,17201.21952,17201.21952,17201.21952,17201.21952,17201.21952,17201.21952,17201.21952,17201.21952
2035,7,671,671,671,671,537,537,537,537,14232.3489,14232.3489,630,630,620,620,1330,1330,14232.3489,14232.3489,1940.21,1940.21,1940.21,1940.21,14232.3489,14232.3489,630,630,1670,1670,630,630,1670,1670,524.96,524.96,524.96,524.96,524.96,524.96,1000,1000,2500,2500,4500.048,4500.048,0,0,4984.5,4984.5,630,630,1670,1670,630,630,1670,1670,459.984,1099.941,12552.84553,12552.84553,12552.84553,12552.84553,12552.84553,12552.84553,12552.84553,12552.84553,12552.84553,12552.84553,12552.84553,12552.84553,12552.84553,12552.84553,17201.21952,17201.21952,17201.21952,17201.21952,17201.21952,17201.21952,17201.21952,17201.21952,17201.21952,17201.21952,17201.21952,17201.21952,17201.21952,17201.21952
2035,8,671,671,671,671,537,537,537,537,14232.3489,14232.3489,630,630,620,620,1330,1330,14232.3489,14232.3489,1940.21,1940.21,1940.21,1940.21,14232.3489,14232.3489,630,630,1670,1670,630,630,1670,1670,524.96,524.96,524.96,524.96,524.96,524.96,1000,1000,2500,2500,4500.048,4500.048,0,0,4984.5,4984.5,630,630,1670,1670,630,630,1670,1670,459.984,1099.941,12552.84553,12552.84553,12552.84553,12552.84553,12552.84553,12552.84553,12552.84553,12552.84553,12552.84553,12552.84553,12552.84553,12552.84553,12552.84553,12552.84553,17201.21952,17201.21952,17201.21952,17201.21952,17201.21952,17201.21952,17201.21952,17201.21952,17201.21952,17201.21952,17201.21952,17201.21952,17201.21952,17201.21952
2035,9,671,671,671,671,537,537,537,537,14232.3489,14232.3489,630,630,620,620,1330,1330,14232.3489,14232.3489,1940.21,1940.21,1940.21,1940.21,14232.3489,14232.3489,630,630,1670,1670,630,630,1670,1670,524.96,524.96,524.96,524.96,524.96,524.96,1000,1000,2500,2500,4500.048,4500.048,0,0,4984.5,4984.5,630,630,1670,1670,630,630,1670,1670,459.984,1099.941,12552.84553,12552.84553,12552.84553,12552.84553,12552.84553,12552.84553,12552.84553,12552.84553,12552.84553,12552.84553,12552.84553,12552.84553,12552.84553,12552.84553,17201.21952,17201.21952,17201.21952,17201.21952,17201.21952,17201.21952,17201.21952,17201.21952,17201.21952,17201.21952,17201.21952,17201.21952,17201.21952,17201.21952
2035,10,671,671,671,671,537,537,537,537,14232.3489,14232.3489,630,630,620,620,1330,1330,14232.3489,14232.3489,1940.21,1940.21,1940.21,1940.21,14232.3489,14232.3489,630,630,1670,1670,630,630,1670,1670,524.96,524.96,524.96,524.96,524.96,524.96,1000,1000,2500,2500,4500.048,4500.048,0,0,4984.5,4984.5,630,630,1670,1670,630,630,1670,1670,459.984,1099.941,12552.84553,12552.84553,12552.84553,12552.84553,12552.84553,12552.84553,12552.84553,12552.84553,12552.84553,12552.84553,12552.84553,12552.84553,12552.84553,12552.84553,17201.21952,17201.21952,17201.21952,17201.21952,17201.21952,17201.21952,17201.21952,17201.21952,17201.21952,17201.21952,17201.21952,17201.21952,17201.21952,17201.21952
2035,11,671,671,671,671,537,537,537,537,14232.3489,14232.3489,630,630,620,620,1330,1330,14232.3489,14232.3489,1940.21,1940.21,1940.21,1940.21,14232.3489,14232.3489,630,630,1670,1670,630,630,1670,1670,524.96,524.96,524.96,524.96,524.96,524.96,1000,1000,2500,2500,4500.048,4500.048,0,0,4984.5,4984.5,630,630,1670,1670,630,630,1670,1670,459.984,1099.941,12552.84553,12552.84553,12552.84553,12552.84553,12552.84553,12552.84553,12552.84553,12552.84553,12552.84553,12552.84553,12552.84553,12552.84553,12552.84553,12552.84553,17201.21952,17201.21952,17201.21952,17201.21952,17201.21952,17201.21952,17201.21952,17201.21952,17201.21952,17201.21952,17201.21952,17201.21952,17201.21952,17201.21952
2035,12,671,671,671,671,537,537,537,537,14232.3489,14232.3489,630,630,620,620,1330,1330,14232.3489,14232.3489,1940.21,1940.21,1940.21,1940.21,14232.3489,14232.3489,630,630,1670,1670,630,630,1670,1670,524.96,524.96,524.96,524.96,524.96,524.96,1000,1000,2500,2500,4500.048,4500.048,0,0,4984.5,4984.5,630,630,1670,1670,630,630,1670,1670,459.984,1099.941,12552.84553,12552.84553,12552.84553,12552.84553,12552.84553,12552.84553,12552.84553,12552.84553,12552.84553,12552.84553,12552.84553,12552.84553,12552.84553,12552.84553,17201.21952,17201.21952,17201.21952,17201.21952,17201.21952,17201.21952,17201.21952,17201.21952,17201.21952,17201.21952,17201.21952,17201.21952,17201.21952,17201.21952
2036,1,671,671,671,671,537,537,537,537,14232.3489,14232.3489,630,630,620,620,1330,1330,14232.3489,14232.3489,1940.21,1940.21,1940.21,1940.21,14232.3489,14232.3489,630,630,1670,1670,630,630,1670,1670,524.96,524.96,524.96,524.96,524.96,524.96,1000,1000,2500,2500,4500.048,4500.048,0,0,4984.5,4984.5,630,630,1670,1670,630,630,1670,1670,459.984,1099.941,12552.84553,12552.84553,12552.84553,12552.84553,12552.84553,12552.84553,12552.84553,12552.84553,12552.84553,12552.84553,12552.84553,12552.84553,12552.84553,12552.84553,17201.21952,17201.21952,17201.21952,17201.21952,17201.21952,17201.21952,17201.21952,17201.21952,17201.21952,17201.21952,17201.21952,17201.21952,17201.21952,17201.21952
2036,2,671,671,671,671,537,537,537,537,14232.3489,14232.3489,630,630,620,620,1330,1330,14232.3489,14232.3489,1940.21,1940.21,1940.21,1940.21,14232.3489,14232.3489,630,630,1670,1670,630,630,1670,1670,524.96,524.96,524.96,524.96,524.96,524.96,1000,1000,2500,2500,4500.048,4500.048,0,0,4984.5,4984.5,630,630,1670,1670,630,630,1670,1670,459.984,1099.941,12552.84553,12552.84553,12552.84553,12552.84553,12552.84553,12552.84553,12552.84553,12552.84553,12552.84553,12552.84553,12552.84553,12552.84553,12552.84553,12552.84553,17201.21952,17201.21952,17201.21952,17201.21952,17201.21952,17201.21952,17201.21952,17201.21952,17201.21952,17201.21952,17201.21952,17201.21952,17201.21952,17201.21952
2036,3,671,671,671,671,537,537,537,537,14232.3489,14232.3489,630,630,620,620,1330,1330,14232.3489,14232.3489,1940.21,1940.21,1940.21,1940.21,14232.3489,14232.3489,630,630,1670,1670,630,630,1670,1670,524.96,524.96,524.96,524.96,524.96,524.96,1000,1000,2500,2500,4500.048,4500.048,0,0,4984.5,4984.5,630,630,1670,1670,630,630,1670,1670,459.984,1099.941,12552.84553,12552.84553,12552.84553,12552.84553,12552.84553,12552.84553,12552.84553,12552.84553,12552.84553,12552.84553,12552.84553,12552.84553,12552.84553,12552.84553,17201.21952,17201.21952,17201.21952,17201.21952,17201.21952,17201.21952,17201.21952,17201.21952,17201.21952,17201.21952,17201.21952,17201.21952,17201.21952,17201.21952
2036,4,671,671,671,671,537,537,537,537,14232.3489,14232.3489,630,630,620,620,1330,1330,14232.3489,14232.3489,1940.21,1940.21,1940.21,1940.21,14232.3489,14232.3489,630,630,1670,1670,630,630,1670,1670,524.96,524.96,524.96,524.96,524.96,524.96,1000,1000,2500,2500,4500.048,4500.048,0,0,4984.5,4984.5,630,630,1670,1670,630,630,1670,1670,459.984,1099.941,12552.84553,12552.84553,12552.84553,12552.84553,12552.84553,12552.84553,12552.84553,12552.84553,12552.84553,12552.84553,12552.84553,12552.84553,12552.84553,12552.84553,17201.21952,17201.21952,17201.21952,17201.21952,17201.21952,17201.21952,17201.21952,17201.21952,17201.21952,17201.21952,17201.21952,17201.21952,17201.21952,17201.21952
2036,5,671,671,671,671,537,537,537,537,14232.3489,14232.3489,630,630,620,620,1330,1330,14232.3489,14232.3489,1940.21,1940.21,1940.21,1940.21,14232.3489,14232.3489,630,630,1670,1670,630,630,1670,1670,524.96,524.96,524.96,524.96,524.96,524.96,1000,1000,2500,2500,4500.048,4500.048,0,0,4984.5,4984.5,630,630,1670,1670,630,630,1670,1670,459.984,1099.941,12552.84553,12552.84553,12552.84553,12552.84553,12552.84553,12552.84553,12552.84553,12552.84553,12552.84553,12552.84553,12552.84553,12552.84553,12552.84553,12552.84553,17201.21952,17201.21952,17201.21952,17201.21952,17201.21952,17201.21952,17201.21952,17201.21952,17201.21952,17201.21952,17201.21952,17201.21952,17201.21952,17201.21952
2036,6,671,671,671,671,537,537,537,537,14232.3489,14232.3489,630,630,620,620,1330,1330,14232.3489,14232.3489,1940.21,1940.21,1940.21,1940.21,14232.3489,14232.3489,630,630,1670,1670,630,630,1670,1670,524.96,524.96,524.96,524.96,524.96,524.96,1000,1000,2500,2500,4500.048,4500.048,0,0,4984.5,4984.5,630,630,1670,1670,630,630,1670,1670,459.984,1099.941,12552.84553,12552.84553,12552.84553,12552.84553,12552.84553,12552.84553,12552.84553,12552.84553,12552.84553,12552.84553,12552.84553,12552.84553,12552.84553,12552.84553,17201.21952,17201.21952,17201.21952,17201.21952,17201.21952,17201.21952,17201.21952,17201.21952,17201.21952,17201.21952,17201.21952,17201.21952,17201.21952,17201.21952
2036,7,671,671,671,671,537,537,537,537,14232.3489,14232.3489,630,630,620,620,1330,1330,14232.3489,14232.3489,1940.21,1940.21,1940.21,1940.21,14232.3489,14232.3489,630,630,1670,1670,630,630,1670,1670,524.96,524.96,524.96,524.96,524.96,524.96,1000,1000,2500,2500,4500.048,4500.048,0,0,4984.5,4984.5,630,630,1670,1670,630,630,1670,1670,459.984,1099.941,12552.84553,12552.84553,12552.84553,12552.84553,12552.84553,12552.84553,12552.84553,12552.84553,12552.84553,12552.84553,12552.84553,12552.84553,12552.84553,12552.84553,17201.21952,17201.21952,17201.21952,17201.21952,17201.21952,17201.21952,17201.21952,17201.21952,17201.21952,17201.21952,17201.21952,17201.21952,17201.21952,17201.21952
2036,8,671,671,671,671,537,537,537,537,14232.3489,14232.3489,630,630,620,620,1330,1330,14232.3489,14232.3489,1940.21,1940.21,1940.21,1940.21,14232.3489,14232.3489,630,630,1670,1670,630,630,1670,1670,524.96,524.96,524.96,524.96,524.96,524.96,1000,1000,2500,2500,4500.048,4500.048,0,0,4984.5,4984.5,630,630,1670,1670,630,630,1670,1670,459.984,1099.941,12552.84553,12552.84553,12552.84553,12552.84553,12552.84553,12552.84553,12552.84553,12552.84553,12552.84553,12552.84553,12552.84553,12552.84553,12552.84553,12552.84553,17201.21952,17201.21952,17201.21952,17201.21952,17201.21952,17201.21952,17201.21952,17201.21952,17201.21952,17201.21952,17201.21952,17201.21952,17201.21952,17201.21952
2036,9,671,671,671,671,537,537,537,537,14232.3489,14232.3489,630,630,620,620,1330,1330,14232.3489,14232.3489,1940.21,1940.21,1940.21,1940.21,14232.3489,14232.3489,630,630,1670,1670,630,630,1670,1670,524.96,524.96,524.96,524.96,524.96,524.96,1000,1000,2500,2500,4500.048,4500.048,0,0,4984.5,4984.5,630,630,1670,1670,630,630,1670,1670,459.984,1099.941,12552.84553,12552.84553,12552.84553,12552.84553,12552.84553,12552.84553,12552.84553,12552.84553,12552.84553,12552.84553,12552.84553,12552.84553,12552.84553,12552.84553,17201.21952,17201.21952,17201.21952,17201.21952,17201.21952,17201.21952,17201.21952,17201.21952,17201.21952,17201.21952,17201.21952,17201.21952,17201.21952,17201.21952
2036,10,671,671,671,671,537,537,537,537,14232.3489,14232.3489,630,630,620,620,1330,1330,14232.3489,14232.3489,1940.21,1940.21,1940.21,1940.21,14232.3489,14232.3489,630,630,1670,1670,630,630,1670,1670,524.96,524.96,524.96,524.96,524.96,524.96,1000,1000,2500,2500,4500.048,4500.048,0,0,4984.5,4984.5,630,630,1670,1670,630,630,1670,1670,459.984,1099.941,12552.84553,12552.84553,12552.84553,12552.84553,12552.84553,12552.84553,12552.84553,12552.84553,12552.84553,12552.84553,12552.84553,12552.84553,12552.84553,12552.84553,17201.21952,17201.21952,17201.21952,17201.21952,17201.21952,17201.21952,17201.21952,17201.21952,17201.21952,17201.21952,17201.21952,17201.21952,17201.21952,17201.21952
2036,11,671,671,671,671,537,537,537,537,14232.3489,14232.3489,630,630,620,620,1330,1330,14232.3489,14232.3489,1940.21,1940.21,1940.21,1940.21,14232.3489,14232.3489,630,630,1670,1670,630,630,1670,1670,524.96,524.96,524.96,524.96,524.96,524.96,1000,1000,2500,2500,4500.048,4500.048,0,0,4984.5,4984.5,630,630,1670,1670,630,630,1670,1670,459.984,1099.941,12552.84553,12552.84553,12552.84553,12552.84553,12552.84553,12552.84553,12552.84553,12552.84553,12552.84553,12552.84553,12552.84553,12552.84553,12552.84553,12552.84553,17201.21952,17201.21952,17201.21952,17201.21952,17201.21952,17201.21952,17201.21952,17201.21952,17201.21952,17201.21952,17201.21952,17201.21952,17201.21952,17201.21952
2036,12,671,671,671,671,537,537,537,537,14232.3489,14232.3489,630,630,620,620,1330,1330,14232.3489,14232.3489,1940.21,1940.21,1940.21,1940.21,14232.3489,14232.3489,630,630,1670,1670,630,630,1670,1670,524.96,524.96,524.96,524.96,524.96,524.96,1000,1000,2500,2500,4500.048,4500.048,0,0,4984.5,4984.5,630,630,1670,1670,630,630,1670,1670,459.984,1099.941,12552.84553,12552.84553,12552.84553,12552.84553,12552.84553,12552.84553,12552.84553,12552.84553,12552.84553,12552.84553,12552.84553,12552.84553,12552.84553,12552.84553,17201.21952,17201.21952,17201.21952,17201.21952,17201.21952,17201.21952,17201.21952,17201.21952,17201.21952,17201.21952,17201.21952,17201.21952,17201.21952,17201.21952
2037,1,671,671,671,671,537,537,537,537,14232.3489,14232.3489,630,630,620,620,1330,1330,14232.3489,14232.3489,1940.21,1940.21,1940.21,1940.21,14232.3489,14232.3489,630,630,1670,1670,630,630,1670,1670,524.96,524.96,524.96,524.96,524.96,524.96,1000,1000,2500,2500,4500.048,4500.048,0,0,4984.5,4984.5,630,630,1670,1670,630,630,1670,1670,459.984,1099.941,12552.84553,12552.84553,12552.84553,12552.84553,12552.84553,12552.84553,12552.84553,12552.84553,12552.84553,12552.84553,12552.84553,12552.84553,12552.84553,12552.84553,17201.21952,17201.21952,17201.21952,17201.21952,17201.21952,17201.21952,17201.21952,17201.21952,17201.21952,17201.21952,17201.21952,17201.21952,17201.21952,17201.21952
2037,2,671,671,671,671,537,537,537,537,14232.3489,14232.3489,630,630,620,620,1330,1330,14232.3489,14232.3489,1940.21,1940.21,1940.21,1940.21,14232.3489,14232.3489,630,630,1670,1670,630,630,1670,1670,524.96,524.96,524.96,524.96,524.96,524.96,1000,1000,2500,2500,4500.048,4500.048,0,0,4984.5,4984.5,630,630,1670,1670,630,630,1670,1670,459.984,1099.941,12552.84553,12552.84553,12552.84553,12552.84553,12552.84553,12552.84553,12552.84553,12552.84553,12552.84553,12552.84553,12552.84553,12552.84553,12552.84553,12552.84553,17201.21952,17201.21952,17201.21952,17201.21952,17201.21952,17201.21952,17201.21952,17201.21952,17201.21952,17201.21952,17201.21952,17201.21952,17201.21952,17201.21952
2037,3,671,671,671,671,537,537,537,537,14232.3489,14232.3489,630,630,620,620,1330,1330,14232.3489,14232.3489,1940.21,1940.21,1940.21,1940.21,14232.3489,14232.3489,630,630,1670,1670,630,630,1670,1670,524.96,524.96,524.96,524.96,524.96,524.96,1000,1000,2500,2500,4500.048,4500.048,0,0,4984.5,4984.5,630,630,1670,1670,630,630,1670,1670,459.984,1099.941,12552.84553,12552.84553,12552.84553,12552.84553,12552.84553,12552.84553,12552.84553,12552.84553,12552.84553,12552.84553,12552.84553,12552.84553,12552.84553,12552.84553,17201.21952,17201.21952,17201.21952,17201.21952,17201.21952,17201.21952,17201.21952,17201.21952,17201.21952,17201.21952,17201.21952,17201.21952,17201.21952,17201.21952
2037,4,671,671,671,671,537,537,537,537,14232.3489,14232.3489,630,630,620,620,1330,1330,14232.3489,14232.3489,1940.21,1940.21,1940.21,1940.21,14232.3489,14232.3489,630,630,1670,1670,630,630,1670,1670,524.96,524.96,524.96,524.96,524.96,524.96,1000,1000,2500,2500,4500.048,4500.048,0,0,4984.5,4984.5,630,630,1670,1670,630,630,1670,1670,459.984,1099.941,12552.84553,12552.84553,12552.84553,12552.84553,12552.84553,12552.84553,12552.84553,12552.84553,12552.84553,12552.84553,12552.84553,12552.84553,12552.84553,12552.84553,17201.21952,17201.21952,17201.21952,17201.21952,17201.21952,17201.21952,17201.21952,17201.21952,17201.21952,17201.21952,17201.21952,17201.21952,17201.21952,17201.21952
2037,5,671,671,671,671,537,537,537,537,14232.3489,14232.3489,630,630,620,620,1330,1330,14232.3489,14232.3489,1940.21,1940.21,1940.21,1940.21,14232.3489,14232.3489,630,630,1670,1670,630,630,1670,1670,524.96,524.96,524.96,524.96,524.96,524.96,1000,1000,2500,2500,4500.048,4500.048,0,0,4984.5,4984.5,630,630,1670,1670,630,630,1670,1670,459.984,1099.941,12552.84553,12552.84553,12552.84553,12552.84553,12552.84553,12552.84553,12552.84553,12552.84553,12552.84553,12552.84553,12552.84553,12552.84553,12552.84553,12552.84553,17201.21952,17201.21952,17201.21952,17201.21952,17201.21952,17201.21952,17201.21952,17201.21952,17201.21952,17201.21952,17201.21952,17201.21952,17201.21952,17201.21952
2037,6,671,671,671,671,537,537,537,537,14232.3489,14232.3489,630,630,620,620,1330,1330,14232.3489,14232.3489,1940.21,1940.21,1940.21,1940.21,14232.3489,14232.3489,630,630,1670,1670,630,630,1670,1670,524.96,524.96,524.96,524.96,524.96,524.96,1000,1000,2500,2500,4500.048,4500.048,0,0,4984.5,4984.5,630,630,1670,1670,630,630,1670,1670,459.984,1099.941,12552.84553,12552.84553,12552.84553,12552.84553,12552.84553,12552.84553,12552.84553,12552.84553,12552.84553,12552.84553,12552.84553,12552.84553,12552.84553,12552.84553,17201.21952,17201.21952,17201.21952,17201.21952,17201.21952,17201.21952,17201.21952,17201.21952,17201.21952,17201.21952,17201.21952,17201.21952,17201.21952,17201.21952
2037,7,671,671,671,671,537,537,537,537,14232.3489,14232.3489,630,630,620,620,1330,1330,14232.3489,14232.3489,1940.21,1940.21,1940.21,1940.21,14232.3489,14232.3489,630,630,1670,1670,630,630,1670,1670,524.96,524.96,524.96,524.96,524.96,524.96,1000,1000,2500,2500,4500.048,4500.048,0,0,4984.5,4984.5,630,630,1670,1670,630,630,1670,1670,459.984,1099.941,12552.84553,12552.84553,12552.84553,12552.84553,12552.84553,12552.84553,12552.84553,12552.84553,12552.84553,12552.84553,12552.84553,12552.84553,12552.84553,12552.84553,17201.21952,17201.21952,17201.21952,17201.21952,17201.21952,17201.21952,17201.21952,17201.21952,17201.21952,17201.21952,17201.21952,17201.21952,17201.21952,17201.21952
2037,8,671,671,671,671,537,537,537,537,14232.3489,14232.3489,630,630,620,620,1330,1330,14232.3489,14232.3489,1940.21,1940.21,1940.21,1940.21,14232.3489,14232.3489,630,630,1670,1670,630,630,1670,1670,524.96,524.96,524.96,524.96,524.96,524.96,1000,1000,2500,2500,4500.048,4500.048,0,0,4984.5,4984.5,630,630,1670,1670,630,630,1670,1670,459.984,1099.941,12552.84553,12552.84553,12552.84553,12552.84553,12552.84553,12552.84553,12552.84553,12552.84553,12552.84553,12552.84553,12552.84553,12552.84553,12552.84553,12552.84553,17201.21952,17201.21952,17201.21952,17201.21952,17201.21952,17201.21952,17201.21952,17201.21952,17201.21952,17201.21952,17201.21952,17201.21952,17201.21952,17201.21952
2037,9,671,671,671,671,537,537,537,537,14232.3489,14232.3489,630,630,620,620,1330,1330,14232.3489,14232.3489,1940.21,1940.21,1940.21,1940.21,14232.3489,14232.3489,630,630,1670,1670,630,630,1670,1670,524.96,524.96,524.96,524.96,524.96,524.96,1000,1000,2500,2500,4500.048,4500.048,0,0,4984.5,4984.5,630,630,1670,1670,630,630,1670,1670,459.984,1099.941,12552.84553,12552.84553,12552.84553,12552.84553,12552.84553,12552.84553,12552.84553,12552.84553,12552.84553,12552.84553,12552.84553,12552.84553,12552.84553,12552.84553,17201.21952,17201.21952,17201.21952,17201.21952,17201.21952,17201.21952,17201.21952,17201.21952,17201.21952,17201.21952,17201.21952,17201.21952,17201.21952,17201.21952
2037,10,671,671,671,671,537,537,537,537,14232.3489,14232.3489,630,630,620,620,1330,1330,14232.3489,14232.3489,1940.21,1940.21,1940.21,1940.21,14232.3489,14232.3489,630,630,1670,1670,630,630,1670,1670,524.96,524.96,524.96,524.96,524.96,524.96,1000,1000,2500,2500,4500.048,4500.048,0,0,4984.5,4984.5,630,630,1670,1670,630,630,1670,1670,459.984,1099.941,12552.84553,12552.84553,12552.84553,12552.84553,12552.84553,12552.84553,12552.84553,12552.84553,12552.84553,12552.84553,12552.84553,12552.84553,12552.84553,12552.84553,17201.21952,17201.21952,17201.21952,17201.21952,17201.21952,17201.21952,17201.21952,17201.21952,17201.21952,17201.21952,17201.21952,17201.21952,17201.21952,17201.21952
2037,11,671,671,671,671,537,537,537,537,14232.3489,14232.3489,630,630,620,620,1330,1330,14232.3489,14232.3489,1940.21,1940.21,1940.21,1940.21,14232.3489,14232.3489,630,630,1670,1670,630,630,1670,1670,524.96,524.96,524.96,524.96,524.96,524.96,1000,1000,2500,2500,4500.048,4500.048,0,0,4984.5,4984.5,630,630,1670,1670,630,630,1670,1670,459.984,1099.941,12552.84553,12552.84553,12552.84553,12552.84553,12552.84553,12552.84553,12552.84553,12552.84553,12552.84553,12552.84553,12552.84553,12552.84553,12552.84553,12552.84553,17201.21952,17201.21952,17201.21952,17201.21952,17201.21952,17201.21952,17201.21952,17201.21952,17201.21952,17201.21952,17201.21952,17201.21952,17201.21952,17201.21952
2037,12,671,671,671,671,537,537,537,537,14232.3489,14232.3489,630,630,620,620,1330,1330,14232.3489,14232.3489,1940.21,1940.21,1940.21,1940.21,14232.3489,14232.3489,630,630,1670,1670,630,630,1670,1670,524.96,524.96,524.96,524.96,524.96,524.96,1000,1000,2500,2500,4500.048,4500.048,0,0,4984.5,4984.5,630,630,1670,1670,630,630,1670,1670,459.984,1099.941,12552.84553,12552.84553,12552.84553,12552.84553,12552.84553,12552.84553,12552.84553,12552.84553,12552.84553,12552.84553,12552.84553,12552.84553,12552.84553,12552.84553,17201.21952,17201.21952,17201.21952,17201.21952,17201.21952,17201.21952,17201.21952,17201.21952,17201.21952,17201.21952,17201.21952,17201.21952,17201.21952,17201.21952
2038,1,671,671,671,671,537,537,537,537,14232.3489,14232.3489,630,630,620,620,1330,1330,14232.3489,14232.3489,1940.21,1940.21,1940.21,1940.21,14232.3489,14232.3489,630,630,1670,1670,630,630,1670,1670,524.96,524.96,524.96,524.96,524.96,524.96,1000,1000,2500,2500,4500.048,4500.048,0,0,4984.5,4984.5,630,630,1670,1670,630,630,1670,1670,459.984,1099.941,12552.84553,12552.84553,12552.84553,12552.84553,12552.84553,12552.84553,12552.84553,12552.84553,12552.84553,12552.84553,12552.84553,12552.84553,12552.84553,12552.84553,17201.21952,17201.21952,17201.21952,17201.21952,17201.21952,17201.21952,17201.21952,17201.21952,17201.21952,17201.21952,17201.21952,17201.21952,17201.21952,17201.21952
2038,2,671,671,671,671,537,537,537,537,14232.3489,14232.3489,630,630,620,620,1330,1330,14232.3489,14232.3489,1940.21,1940.21,1940.21,1940.21,14232.3489,14232.3489,630,630,1670,1670,630,630,1670,1670,524.96,524.96,524.96,524.96,524.96,524.96,1000,1000,2500,2500,4500.048,4500.048,0,0,4984.5,4984.5,630,630,1670,1670,630,630,1670,1670,459.984,1099.941,12552.84553,12552.84553,12552.84553,12552.84553,12552.84553,12552.84553,12552.84553,12552.84553,12552.84553,12552.84553,12552.84553,12552.84553,12552.84553,12552.84553,17201.21952,17201.21952,17201.21952,17201.21952,17201.21952,17201.21952,17201.21952,17201.21952,17201.21952,17201.21952,17201.21952,17201.21952,17201.21952,17201.21952
2038,3,671,671,671,671,537,537,537,537,14232.3489,14232.3489,630,630,620,620,1330,1330,14232.3489,14232.3489,1940.21,1940.21,1940.21,1940.21,14232.3489,14232.3489,630,630,1670,1670,630,630,1670,1670,524.96,524.96,524.96,524.96,524.96,524.96,1000,1000,2500,2500,4500.048,4500.048,0,0,4984.5,4984.5,630,630,1670,1670,630,630,1670,1670,459.984,1099.941,12552.84553,12552.84553,12552.84553,12552.84553,12552.84553,12552.84553,12552.84553,12552.84553,12552.84553,12552.84553,12552.84553,12552.84553,12552.84553,12552.84553,17201.21952,17201.21952,17201.21952,17201.21952,17201.21952,17201.21952,17201.21952,17201.21952,17201.21952,17201.21952,17201.21952,17201.21952,17201.21952,17201.21952
2038,4,671,671,671,671,537,537,537,537,14232.3489,14232.3489,630,630,620,620,1330,1330,14232.3489,14232.3489,1940.21,1940.21,1940.21,1940.21,14232.3489,14232.3489,630,630,1670,1670,630,630,1670,1670,524.96,524.96,524.96,524.96,524.96,524.96,1000,1000,2500,2500,4500.048,4500.048,0,0,4984.5,4984.5,630,630,1670,1670,630,630,1670,1670,459.984,1099.941,12552.84553,12552.84553,12552.84553,12552.84553,12552.84553,12552.84553,12552.84553,12552.84553,12552.84553,12552.84553,12552.84553,12552.84553,12552.84553,12552.84553,17201.21952,17201.21952,17201.21952,17201.21952,17201.21952,17201.21952,17201.21952,17201.21952,17201.21952,17201.21952,17201.21952,17201.21952,17201.21952,17201.21952
2038,5,671,671,671,671,537,537,537,537,14232.3489,14232.3489,630,630,620,620,1330,1330,14232.3489,14232.3489,1940.21,1940.21,1940.21,1940.21,14232.3489,14232.3489,630,630,1670,1670,630,630,1670,1670,524.96,524.96,524.96,524.96,524.96,524.96,1000,1000,2500,2500,4500.048,4500.048,0,0,4984.5,4984.5,630,630,1670,1670,630,630,1670,1670,459.984,1099.941,12552.84553,12552.84553,12552.84553,12552.84553,12552.84553,12552.84553,12552.84553,12552.84553,12552.84553,12552.84553,12552.84553,12552.84553,12552.84553,12552.84553,17201.21952,17201.21952,17201.21952,17201.21952,17201.21952,17201.21952,17201.21952,17201.21952,17201.21952,17201.21952,17201.21952,17201.21952,17201.21952,17201.21952
2038,6,671,671,671,671,537,537,537,537,14232.3489,14232.3489,630,630,620,620,1330,1330,14232.3489,14232.3489,1940.21,1940.21,1940.21,1940.21,14232.3489,14232.3489,630,630,1670,1670,630,630,1670,1670,524.96,524.96,524.96,524.96,524.96,524.96,1000,1000,2500,2500,4500.048,4500.048,0,0,4984.5,4984.5,630,630,1670,1670,630,630,1670,1670,459.984,1099.941,12552.84553,12552.84553,12552.84553,12552.84553,12552.84553,12552.84553,12552.84553,12552.84553,12552.84553,12552.84553,12552.84553,12552.84553,12552.84553,12552.84553,17201.21952,17201.21952,17201.21952,17201.21952,17201.21952,17201.21952,17201.21952,17201.21952,17201.21952,17201.21952,17201.21952,17201.21952,17201.21952,17201.21952
2038,7,671,671,671,671,537,537,537,537,14232.3489,14232.3489,630,630,620,620,1330,1330,14232.3489,14232.3489,1940.21,1940.21,1940.21,1940.21,14232.3489,14232.3489,630,630,1670,1670,630,630,1670,1670,524.96,524.96,524.96,524.96,524.96,524.96,1000,1000,2500,2500,4500.048,4500.048,0,0,4984.5,4984.5,630,630,1670,1670,630,630,1670,1670,459.984,1099.941,12552.84553,12552.84553,12552.84553,12552.84553,12552.84553,12552.84553,12552.84553,12552.84553,12552.84553,12552.84553,12552.84553,12552.84553,12552.84553,12552.84553,17201.21952,17201.21952,17201.21952,17201.21952,17201.21952,17201.21952,17201.21952,17201.21952,17201.21952,17201.21952,17201.21952,17201.21952,17201.21952,17201.21952
2038,8,671,671,671,671,537,537,537,537,14232.3489,14232.3489,630,630,620,620,1330,1330,14232.3489,14232.3489,1940.21,1940.21,1940.21,1940.21,14232.3489,14232.3489,630,630,1670,1670,630,630,1670,1670,524.96,524.96,524.96,524.96,524.96,524.96,1000,1000,2500,2500,4500.048,4500.048,0,0,4984.5,4984.5,630,630,1670,1670,630,630,1670,1670,459.984,1099.941,12552.84553,12552.84553,12552.84553,12552.84553,12552.84553,12552.84553,12552.84553,12552.84553,12552.84553,12552.84553,12552.84553,12552.84553,12552.84553,12552.84553,17201.21952,17201.21952,17201.21952,17201.21952,17201.21952,17201.21952,17201.21952,17201.21952,17201.21952,17201.21952,17201.21952,17201.21952,17201.21952,17201.21952
2038,9,671,671,671,671,537,537,537,537,14232.3489,14232.3489,630,630,620,620,1330,1330,14232.3489,14232.3489,1940.21,1940.21,1940.21,1940.21,14232.3489,14232.3489,630,630,1670,1670,630,630,1670,1670,524.96,524.96,524.96,524.96,524.96,524.96,1000,1000,2500,2500,4500.048,4500.048,0,0,4984.5,4984.5,630,630,1670,1670,630,630,1670,1670,459.984,1099.941,12552.84553,12552.84553,12552.84553,12552.84553,12552.84553,12552.84553,12552.84553,12552.84553,12552.84553,12552.84553,12552.84553,12552.84553,12552.84553,12552.84553,17201.21952,17201.21952,17201.21952,17201.21952,17201.21952,17201.21952,17201.21952,17201.21952,17201.21952,17201.21952,17201.21952,17201.21952,17201.21952,17201.21952
2038,10,671,671,671,671,537,537,537,537,14232.3489,14232.3489,630,630,620,620,1330,1330,14232.3489,14232.3489,1940.21,1940.21,1940.21,1940.21,14232.3489,14232.3489,630,630,1670,1670,630,630,1670,1670,524.96,524.96,524.96,524.96,524.96,524.96,1000,1000,2500,2500,4500.048,4500.048,0,0,4984.5,4984.5,630,630,1670,1670,630,630,1670,1670,459.984,1099.941,12552.84553,12552.84553,12552.84553,12552.84553,12552.84553,12552.84553,12552.84553,12552.84553,12552.84553,12552.84553,12552.84553,12552.84553,12552.84553,12552.84553,17201.21952,17201.21952,17201.21952,17201.21952,17201.21952,17201.21952,17201.21952,17201.21952,17201.21952,17201.21952,17201.21952,17201.21952,17201.21952,17201.21952
2038,11,671,671,671,671,537,537,537,537,14232.3489,14232.3489,630,630,620,620,1330,1330,14232.3489,14232.3489,1940.21,1940.21,1940.21,1940.21,14232.3489,14232.3489,630,630,1670,1670,630,630,1670,1670,524.96,524.96,524.96,524.96,524.96,524.96,1000,1000,2500,2500,4500.048,4500.048,0,0,4984.5,4984.5,630,630,1670,1670,630,630,1670,1670,459.984,1099.941,12552.84553,12552.84553,12552.84553,12552.84553,12552.84553,12552.84553,12552.84553,12552.84553,12552.84553,12552.84553,12552.84553,12552.84553,12552.84553,12552.84553,17201.21952,17201.21952,17201.21952,17201.21952,17201.21952,17201.21952,17201.21952,17201.21952,17201.21952,17201.21952,17201.21952,17201.21952,17201.21952,17201.21952
2038,12,671,671,671,671,537,537,537,537,14232.3489,14232.3489,630,630,620,620,1330,1330,14232.3489,14232.3489,1940.21,1940.21,1940.21,1940.21,14232.3489,14232.3489,630,630,1670,1670,630,630,1670,1670,524.96,524.96,524.96,524.96,524.96,524.96,1000,1000,2500,2500,4500.048,4500.048,0,0,4984.5,4984.5,630,630,1670,1670,630,630,1670,1670,459.984,1099.941,12552.84553,12552.84553,12552.84553,12552.84553,12552.84553,12552.84553,12552.84553,12552.84553,12552.84553,12552.84553,12552.84553,12552.84553,12552.84553,12552.84553,17201.21952,17201.21952,17201.21952,17201.21952,17201.21952,17201.21952,17201.21952,17201.21952,17201.21952,17201.21952,17201.21952,17201.21952,17201.21952,17201.21952
2039,1,671,671,671,671,537,537,537,537,14232.3489,14232.3489,630,630,620,620,1330,1330,14232.3489,14232.3489,1940.21,1940.21,1940.21,1940.21,14232.3489,14232.3489,630,630,1670,1670,630,630,1670,1670,524.96,524.96,524.96,524.96,524.96,524.96,1000,1000,2500,2500,4500.048,4500.048,0,0,4984.5,4984.5,630,630,1670,1670,630,630,1670,1670,459.984,1099.941,12552.84553,12552.84553,12552.84553,12552.84553,12552.84553,12552.84553,12552.84553,12552.84553,12552.84553,12552.84553,12552.84553,12552.84553,12552.84553,12552.84553,17201.21952,17201.21952,17201.21952,17201.21952,17201.21952,17201.21952,17201.21952,17201.21952,17201.21952,17201.21952,17201.21952,17201.21952,17201.21952,17201.21952
2039,2,671,671,671,671,537,537,537,537,14232.3489,14232.3489,630,630,620,620,1330,1330,14232.3489,14232.3489,1940.21,1940.21,1940.21,1940.21,14232.3489,14232.3489,630,630,1670,1670,630,630,1670,1670,524.96,524.96,524.96,524.96,524.96,524.96,1000,1000,2500,2500,4500.048,4500.048,0,0,4984.5,4984.5,630,630,1670,1670,630,630,1670,1670,459.984,1099.941,12552.84553,12552.84553,12552.84553,12552.84553,12552.84553,12552.84553,12552.84553,12552.84553,12552.84553,12552.84553,12552.84553,12552.84553,12552.84553,12552.84553,17201.21952,17201.21952,17201.21952,17201.21952,17201.21952,17201.21952,17201.21952,17201.21952,17201.21952,17201.21952,17201.21952,17201.21952,17201.21952,17201.21952
2039,3,671,671,671,671,537,537,537,537,14232.3489,14232.3489,630,630,620,620,1330,1330,14232.3489,14232.3489,1940.21,1940.21,1940.21,1940.21,14232.3489,14232.3489,630,630,1670,1670,630,630,1670,1670,524.96,524.96,524.96,524.96,524.96,524.96,1000,1000,2500,2500,4500.048,4500.048,0,0,4984.5,4984.5,630,630,1670,1670,630,630,1670,1670,459.984,1099.941,12552.84553,12552.84553,12552.84553,12552.84553,12552.84553,12552.84553,12552.84553,12552.84553,12552.84553,12552.84553,12552.84553,12552.84553,12552.84553,12552.84553,17201.21952,17201.21952,17201.21952,17201.21952,17201.21952,17201.21952,17201.21952,17201.21952,17201.21952,17201.21952,17201.21952,17201.21952,17201.21952,17201.21952
2039,4,671,671,671,671,537,537,537,537,14232.3489,14232.3489,630,630,620,620,1330,1330,14232.3489,14232.3489,1940.21,1940.21,1940.21,1940.21,14232.3489,14232.3489,630,630,1670,1670,630,630,1670,1670,524.96,524.96,524.96,524.96,524.96,524.96,1000,1000,2500,2500,4500.048,4500.048,0,0,4984.5,4984.5,630,630,1670,1670,630,630,1670,1670,459.984,1099.941,12552.84553,12552.84553,12552.84553,12552.84553,12552.84553,12552.84553,12552.84553,12552.84553,12552.84553,12552.84553,12552.84553,12552.84553,12552.84553,12552.84553,17201.21952,17201.21952,17201.21952,17201.21952,17201.21952,17201.21952,17201.21952,17201.21952,17201.21952,17201.21952,17201.21952,17201.21952,17201.21952,17201.21952
2039,5,671,671,671,671,537,537,537,537,14232.3489,14232.3489,630,630,620,620,1330,1330,14232.3489,14232.3489,1940.21,1940.21,1940.21,1940.21,14232.3489,14232.3489,630,630,1670,1670,630,630,1670,1670,524.96,524.96,524.96,524.96,524.96,524.96,1000,1000,2500,2500,4500.048,4500.048,0,0,4984.5,4984.5,630,630,1670,1670,630,630,1670,1670,459.984,1099.941,12552.84553,12552.84553,12552.84553,12552.84553,12552.84553,12552.84553,12552.84553,12552.84553,12552.84553,12552.84553,12552.84553,12552.84553,12552.84553,12552.84553,17201.21952,17201.21952,17201.21952,17201.21952,17201.21952,17201.21952,17201.21952,17201.21952,17201.21952,17201.21952,17201.21952,17201.21952,17201.21952,17201.21952
2039,6,671,671,671,671,537,537,537,537,14232.3489,14232.3489,630,630,620,620,1330,1330,14232.3489,14232.3489,1940.21,1940.21,1940.21,1940.21,14232.3489,14232.3489,630,630,1670,1670,630,630,1670,1670,524.96,524.96,524.96,524.96,524.96,524.96,1000,1000,2500,2500,4500.048,4500.048,0,0,4984.5,4984.5,630,630,1670,1670,630,630,1670,1670,459.984,1099.941,12552.84553,12552.84553,12552.84553,12552.84553,12552.84553,12552.84553,12552.84553,12552.84553,12552.84553,12552.84553,12552.84553,12552.84553,12552.84553,12552.84553,17201.21952,17201.21952,17201.21952,17201.21952,17201.21952,17201.21952,17201.21952,17201.21952,17201.21952,17201.21952,17201.21952,17201.21952,17201.21952,17201.21952
2039,7,671,671,671,671,537,537,537,537,14232.3489,14232.3489,630,630,620,620,1330,1330,14232.3489,14232.3489,1940.21,1940.21,1940.21,1940.21,14232.3489,14232.3489,630,630,1670,1670,630,630,1670,1670,524.96,524.96,524.96,524.96,524.96,524.96,1000,1000,2500,2500,4500.048,4500.048,0,0,4984.5,4984.5,630,630,1670,1670,630,630,1670,1670,459.984,1099.941,12552.84553,12552.84553,12552.84553,12552.84553,12552.84553,12552.84553,12552.84553,12552.84553,12552.84553,12552.84553,12552.84553,12552.84553,12552.84553,12552.84553,17201.21952,17201.21952,17201.21952,17201.21952,17201.21952,17201.21952,17201.21952,17201.21952,17201.21952,17201.21952,17201.21952,17201.21952,17201.21952,17201.21952
2039,8,671,671,671,671,537,537,537,537,14232.3489,14232.3489,630,630,620,620,1330,1330,14232.3489,14232.3489,1940.21,1940.21,1940.21,1940.21,14232.3489,14232.3489,630,630,1670,1670,630,630,1670,1670,524.96,524.96,524.96,524.96,524.96,524.96,1000,1000,2500,2500,4500.048,4500.048,0,0,4984.5,4984.5,630,630,1670,1670,630,630,1670,1670,459.984,1099.941,12552.84553,12552.84553,12552.84553,12552.84553,12552.84553,12552.84553,12552.84553,12552.84553,12552.84553,12552.84553,12552.84553,12552.84553,12552.84553,12552.84553,17201.21952,17201.21952,17201.21952,17201.21952,17201.21952,17201.21952,17201.21952,17201.21952,17201.21952,17201.21952,17201.21952,17201.21952,17201.21952,17201.21952
2039,9,671,671,671,671,537,537,537,537,14232.3489,14232.3489,630,630,620,620,1330,1330,14232.3489,14232.3489,1940.21,1940.21,1940.21,1940.21,14232.3489,14232.3489,630,630,1670,1670,630,630,1670,1670,524.96,524.96,524.96,524.96,524.96,524.96,1000,1000,2500,2500,4500.048,4500.048,0,0,4984.5,4984.5,630,630,1670,1670,630,630,1670,1670,459.984,1099.941,12552.84553,12552.84553,12552.84553,12552.84553,12552.84553,12552.84553,12552.84553,12552.84553,12552.84553,12552.84553,12552.84553,12552.84553,12552.84553,12552.84553,17201.21952,17201.21952,17201.21952,17201.21952,17201.21952,17201.21952,17201.21952,17201.21952,17201.21952,17201.21952,17201.21952,17201.21952,17201.21952,17201.21952
2039,10,671,671,671,671,537,537,537,537,14232.3489,14232.3489,630,630,620,620,1330,1330,14232.3489,14232.3489,1940.21,1940.21,1940.21,1940.21,14232.3489,14232.3489,630,630,1670,1670,630,630,1670,1670,524.96,524.96,524.96,524.96,524.96,524.96,1000,1000,2500,2500,4500.048,4500.048,0,0,4984.5,4984.5,630,630,1670,1670,630,630,1670,1670,459.984,1099.941,12552.84553,12552.84553,12552.84553,12552.84553,12552.84553,12552.84553,12552.84553,12552.84553,12552.84553,12552.84553,12552.84553,12552.84553,12552.84553,12552.84553,17201.21952,17201.21952,17201.21952,17201.21952,17201.21952,17201.21952,17201.21952,17201.21952,17201.21952,17201.21952,17201.21952,17201.21952,17201.21952,17201.21952
2039,11,671,671,671,671,537,537,537,537,14232.3489,14232.3489,630,630,620,620,1330,1330,14232.3489,14232.3489,1940.21,1940.21,1940.21,1940.21,14232.3489,14232.3489,630,630,1670,1670,630,630,1670,1670,524.96,524.96,524.96,524.96,524.96,524.96,1000,1000,2500,2500,4500.048,4500.048,0,0,4984.5,4984.5,630,630,1670,1670,630,630,1670,1670,459.984,1099.941,12552.84553,12552.84553,12552.84553,12552.84553,12552.84553,12552.84553,12552.84553,12552.84553,12552.84553,12552.84553,12552.84553,12552.84553,12552.84553,12552.84553,17201.21952,17201.21952,17201.21952,17201.21952,17201.21952,17201.21952,17201.21952,17201.21952,17201.21952,17201.21952,17201.21952,17201.21952,17201.21952,17201.21952
2039,12,671,671,671,671,537,537,537,537,14232.3489,14232.3489,630,630,620,620,1330,1330,14232.3489,14232.3489,1940.21,1940.21,1940.21,1940.21,14232.3489,14232.3489,630,630,1670,1670,630,630,1670,1670,524.96,524.96,524.96,524.96,524.96,524.96,1000,1000,2500,2500,4500.048,4500.048,0,0,4984.5,4984.5,630,630,1670,1670,630,630,1670,1670,459.984,1099.941,12552.84553,12552.84553,12552.84553,12552.84553,12552.84553,12552.84553,12552.84553,12552.84553,12552.84553,12552.84553,12552.84553,12552.84553,12552.84553,12552.84553,17201.21952,17201.21952,17201.21952,17201.21952,17201.21952,17201.21952,17201.21952,17201.21952,17201.21952,17201.21952,17201.21952,17201.21952,17201.21952,17201.21952
2040,1,671,671,671,671,537,537,537,537,14232.3489,14232.3489,630,630,620,620,1330,1330,14232.3489,14232.3489,1940.21,1940.21,1940.21,1940.21,14232.3489,14232.3489,630,630,1670,1670,630,630,1670,1670,524.96,524.96,524.96,524.96,524.96,524.96,1000,1000,2500,2500,4500.048,4500.048,0,0,4984.5,4984.5,630,630,1670,1670,630,630,1670,1670,459.984,1099.941,12552.84553,12552.84553,12552.84553,12552.84553,12552.84553,12552.84553,12552.84553,12552.84553,12552.84553,12552.84553,12552.84553,12552.84553,12552.84553,12552.84553,17201.21952,17201.21952,17201.21952,17201.21952,17201.21952,17201.21952,17201.21952,17201.21952,17201.21952,17201.21952,17201.21952,17201.21952,17201.21952,17201.21952
2040,2,671,671,671,671,537,537,537,537,14232.3489,14232.3489,630,630,620,620,1330,1330,14232.3489,14232.3489,1940.21,1940.21,1940.21,1940.21,14232.3489,14232.3489,630,630,1670,1670,630,630,1670,1670,524.96,524.96,524.96,524.96,524.96,524.96,1000,1000,2500,2500,4500.048,4500.048,0,0,4984.5,4984.5,630,630,1670,1670,630,630,1670,1670,459.984,1099.941,12552.84553,12552.84553,12552.84553,12552.84553,12552.84553,12552.84553,12552.84553,12552.84553,12552.84553,12552.84553,12552.84553,12552.84553,12552.84553,12552.84553,17201.21952,17201.21952,17201.21952,17201.21952,17201.21952,17201.21952,17201.21952,17201.21952,17201.21952,17201.21952,17201.21952,17201.21952,17201.21952,17201.21952
2040,3,671,671,671,671,537,537,537,537,14232.3489,14232.3489,630,630,620,620,1330,1330,14232.3489,14232.3489,1940.21,1940.21,1940.21,1940.21,14232.3489,14232.3489,630,630,1670,1670,630,630,1670,1670,524.96,524.96,524.96,524.96,524.96,524.96,1000,1000,2500,2500,4500.048,4500.048,0,0,4984.5,4984.5,630,630,1670,1670,630,630,1670,1670,459.984,1099.941,12552.84553,12552.84553,12552.84553,12552.84553,12552.84553,12552.84553,12552.84553,12552.84553,12552.84553,12552.84553,12552.84553,12552.84553,12552.84553,12552.84553,17201.21952,17201.21952,17201.21952,17201.21952,17201.21952,17201.21952,17201.21952,17201.21952,17201.21952,17201.21952,17201.21952,17201.21952,17201.21952,17201.21952
2040,4,671,671,671,671,537,537,537,537,14232.3489,14232.3489,630,630,620,620,1330,1330,14232.3489,14232.3489,1940.21,1940.21,1940.21,1940.21,14232.3489,14232.3489,630,630,1670,1670,630,630,1670,1670,524.96,524.96,524.96,524.96,524.96,524.96,1000,1000,2500,2500,4500.048,4500.048,0,0,4984.5,4984.5,630,630,1670,1670,630,630,1670,1670,459.984,1099.941,12552.84553,12552.84553,12552.84553,12552.84553,12552.84553,12552.84553,12552.84553,12552.84553,12552.84553,12552.84553,12552.84553,12552.84553,12552.84553,12552.84553,17201.21952,17201.21952,17201.21952,17201.21952,17201.21952,17201.21952,17201.21952,17201.21952,17201.21952,17201.21952,17201.21952,17201.21952,17201.21952,17201.21952
2040,5,671,671,671,671,537,537,537,537,14232.3489,14232.3489,630,630,620,620,1330,1330,14232.3489,14232.3489,1940.21,1940.21,1940.21,1940.21,14232.3489,14232.3489,630,630,1670,1670,630,630,1670,1670,524.96,524.96,524.96,524.96,524.96,524.96,1000,1000,2500,2500,4500.048,4500.048,0,0,4984.5,4984.5,630,630,1670,1670,630,630,1670,1670,459.984,1099.941,12552.84553,12552.84553,12552.84553,12552.84553,12552.84553,12552.84553,12552.84553,12552.84553,12552.84553,12552.84553,12552.84553,12552.84553,12552.84553,12552.84553,17201.21952,17201.21952,17201.21952,17201.21952,17201.21952,17201.21952,17201.21952,17201.21952,17201.21952,17201.21952,17201.21952,17201.21952,17201.21952,17201.21952
2040,6,671,671,671,671,537,537,537,537,14232.3489,14232.3489,630,630,620,620,1330,1330,14232.3489,14232.3489,1940.21,1940.21,1940.21,1940.21,14232.3489,14232.3489,630,630,1670,1670,630,630,1670,1670,524.96,524.96,524.96,524.96,524.96,524.96,1000,1000,2500,2500,4500.048,4500.048,0,0,4984.5,4984.5,630,630,1670,1670,630,630,1670,1670,459.984,1099.941,12552.84553,12552.84553,12552.84553,12552.84553,12552.84553,12552.84553,12552.84553,12552.84553,12552.84553,12552.84553,12552.84553,12552.84553,12552.84553,12552.84553,17201.21952,17201.21952,17201.21952,17201.21952,17201.21952,17201.21952,17201.21952,17201.21952,17201.21952,17201.21952,17201.21952,17201.21952,17201.21952,17201.21952
2040,7,671,671,671,671,537,537,537,537,14232.3489,14232.3489,630,630,620,620,1330,1330,14232.3489,14232.3489,1940.21,1940.21,1940.21,1940.21,14232.3489,14232.3489,630,630,1670,1670,630,630,1670,1670,524.96,524.96,524.96,524.96,524.96,524.96,1000,1000,2500,2500,4500.048,4500.048,0,0,4984.5,4984.5,630,630,1670,1670,630,630,1670,1670,459.984,1099.941,12552.84553,12552.84553,12552.84553,12552.84553,12552.84553,12552.84553,12552.84553,12552.84553,12552.84553,12552.84553,12552.84553,12552.84553,12552.84553,12552.84553,17201.21952,17201.21952,17201.21952,17201.21952,17201.21952,17201.21952,17201.21952,17201.21952,17201.21952,17201.21952,17201.21952,17201.21952,17201.21952,17201.21952
2040,8,671,671,671,671,537,537,537,537,14232.3489,14232.3489,630,630,620,620,1330,1330,14232.3489,14232.3489,1940.21,1940.21,1940.21,1940.21,14232.3489,14232.3489,630,630,1670,1670,630,630,1670,1670,524.96,524.96,524.96,524.96,524.96,524.96,1000,1000,2500,2500,4500.048,4500.048,0,0,4984.5,4984.5,630,630,1670,1670,630,630,1670,1670,459.984,1099.941,12552.84553,12552.84553,12552.84553,12552.84553,12552.84553,12552.84553,12552.84553,12552.84553,12552.84553,12552.84553,12552.84553,12552.84553,12552.84553,12552.84553,17201.21952,17201.21952,17201.21952,17201.21952,17201.21952,17201.21952,17201.21952,17201.21952,17201.21952,17201.21952,17201.21952,17201.21952,17201.21952,17201.21952
2040,9,671,671,671,671,537,537,537,537,14232.3489,14232.3489,630,630,620,620,1330,1330,14232.3489,14232.3489,1940.21,1940.21,1940.21,1940.21,14232.3489,14232.3489,630,630,1670,1670,630,630,1670,1670,524.96,524.96,524.96,524.96,524.96,524.96,1000,1000,2500,2500,4500.048,4500.048,0,0,4984.5,4984.5,630,630,1670,1670,630,630,1670,1670,459.984,1099.941,12552.84553,12552.84553,12552.84553,12552.84553,12552.84553,12552.84553,12552.84553,12552.84553,12552.84553,12552.84553,12552.84553,12552.84553,12552.84553,12552.84553,17201.21952,17201.21952,17201.21952,17201.21952,17201.21952,17201.21952,17201.21952,17201.21952,17201.21952,17201.21952,17201.21952,17201.21952,17201.21952,17201.21952
2040,10,671,671,671,671,537,537,537,537,14232.3489,14232.3489,630,630,620,620,1330,1330,14232.3489,14232.3489,1940.21,1940.21,1940.21,1940.21,14232.3489,14232.3489,630,630,1670,1670,630,630,1670,1670,524.96,524.96,524.96,524.96,524.96,524.96,1000,1000,2500,2500,4500.048,4500.048,0,0,4984.5,4984.5,630,630,1670,1670,630,630,1670,1670,459.984,1099.941,12552.84553,12552.84553,12552.84553,12552.84553,12552.84553,12552.84553,12552.84553,12552.84553,12552.84553,12552.84553,12552.84553,12552.84553,12552.84553,12552.84553,17201.21952,17201.21952,17201.21952,17201.21952,17201.21952,17201.21952,17201.21952,17201.21952,17201.21952,17201.21952,17201.21952,17201.21952,17201.21952,17201.21952
2040,11,671,671,671,671,537,537,537,537,14232.3489,14232.3489,630,630,620,620,1330,1330,14232.3489,14232.3489,1940.21,1940.21,1940.21,1940.21,14232.3489,14232.3489,630,630,1670,1670,630,630,1670,1670,524.96,524.96,524.96,524.96,524.96,524.96,1000,1000,2500,2500,4500.048,4500.048,0,0,4984.5,4984.5,630,630,1670,1670,630,630,1670,1670,459.984,1099.941,12552.84553,12552.84553,12552.84553,12552.84553,12552.84553,12552.84553,12552.84553,12552.84553,12552.84553,12552.84553,12552.84553,12552.84553,12552.84553,12552.84553,17201.21952,17201.21952,17201.21952,17201.21952,17201.21952,17201.21952,17201.21952,17201.21952,17201.21952,17201.21952,17201.21952,17201.21952,17201.21952,17201.21952
2040,12,671,671,671,671,537,537,537,537,14232.3489,14232.3489,630,630,620,620,1330,1330,14232.3489,14232.3489,1940.21,1940.21,1940.21,1940.21,14232.3489,14232.3489,630,630,1670,1670,630,630,1670,1670,524.96,524.96,524.96,524.96,524.96,524.96,1000,1000,2500,2500,4500.048,4500.048,0,0,4984.5,4984.5,630,630,1670,1670,630,630,1670,1670,459.984,1099.941,12552.84553,12552.84553,12552.84553,12552.84553,12552.84553,12552.84553,12552.84553,12552.84553,12552.84553,12552.84553,12552.84553,12552.84553,12552.84553,12552.84553,17201.21952,17201.21952,17201.21952,17201.21952,17201.21952,17201.21952,17201.21952,17201.21952,17201.21952,17201.21952,17201.21952,17201.21952,17201.21952,17201.21952
2041,1,671,671,671,671,537,537,537,537,14232.3489,14232.3489,630,630,620,620,1330,1330,14232.3489,14232.3489,1940.21,1940.21,1940.21,1940.21,14232.3489,14232.3489,630,630,1670,1670,630,630,1670,1670,524.96,524.96,524.96,524.96,524.96,524.96,1000,1000,2500,2500,4500.048,4500.048,0,0,4984.5,4984.5,630,630,1670,1670,630,630,1670,1670,459.984,1099.941,12552.84553,12552.84553,12552.84553,12552.84553,12552.84553,12552.84553,12552.84553,12552.84553,12552.84553,12552.84553,12552.84553,12552.84553,12552.84553,12552.84553,17201.21952,17201.21952,17201.21952,17201.21952,17201.21952,17201.21952,17201.21952,17201.21952,17201.21952,17201.21952,17201.21952,17201.21952,17201.21952,17201.21952
2041,2,671,671,671,671,537,537,537,537,14232.3489,14232.3489,630,630,620,620,1330,1330,14232.3489,14232.3489,1940.21,1940.21,1940.21,1940.21,14232.3489,14232.3489,630,630,1670,1670,630,630,1670,1670,524.96,524.96,524.96,524.96,524.96,524.96,1000,1000,2500,2500,4500.048,4500.048,0,0,4984.5,4984.5,630,630,1670,1670,630,630,1670,1670,459.984,1099.941,12552.84553,12552.84553,12552.84553,12552.84553,12552.84553,12552.84553,12552.84553,12552.84553,12552.84553,12552.84553,12552.84553,12552.84553,12552.84553,12552.84553,17201.21952,17201.21952,17201.21952,17201.21952,17201.21952,17201.21952,17201.21952,17201.21952,17201.21952,17201.21952,17201.21952,17201.21952,17201.21952,17201.21952
2041,3,671,671,671,671,537,537,537,537,14232.3489,14232.3489,630,630,620,620,1330,1330,14232.3489,14232.3489,1940.21,1940.21,1940.21,1940.21,14232.3489,14232.3489,630,630,1670,1670,630,630,1670,1670,524.96,524.96,524.96,524.96,524.96,524.96,1000,1000,2500,2500,4500.048,4500.048,0,0,4984.5,4984.5,630,630,1670,1670,630,630,1670,1670,459.984,1099.941,12552.84553,12552.84553,12552.84553,12552.84553,12552.84553,12552.84553,12552.84553,12552.84553,12552.84553,12552.84553,12552.84553,12552.84553,12552.84553,12552.84553,17201.21952,17201.21952,17201.21952,17201.21952,17201.21952,17201.21952,17201.21952,17201.21952,17201.21952,17201.21952,17201.21952,17201.21952,17201.21952,17201.21952
2041,4,671,671,671,671,537,537,537,537,14232.3489,14232.3489,630,630,620,620,1330,1330,14232.3489,14232.3489,1940.21,1940.21,1940.21,1940.21,14232.3489,14232.3489,630,630,1670,1670,630,630,1670,1670,524.96,524.96,524.96,524.96,524.96,524.96,1000,1000,2500,2500,4500.048,4500.048,0,0,4984.5,4984.5,630,630,1670,1670,630,630,1670,1670,459.984,1099.941,12552.84553,12552.84553,12552.84553,12552.84553,12552.84553,12552.84553,12552.84553,12552.84553,12552.84553,12552.84553,12552.84553,12552.84553,12552.84553,12552.84553,17201.21952,17201.21952,17201.21952,17201.21952,17201.21952,17201.21952,17201.21952,17201.21952,17201.21952,17201.21952,17201.21952,17201.21952,17201.21952,17201.21952
2041,5,671,671,671,671,537,537,537,537,14232.3489,14232.3489,630,630,620,620,1330,1330,14232.3489,14232.3489,1940.21,1940.21,1940.21,1940.21,14232.3489,14232.3489,630,630,1670,1670,630,630,1670,1670,524.96,524.96,524.96,524.96,524.96,524.96,1000,1000,2500,2500,4500.048,4500.048,0,0,4984.5,4984.5,630,630,1670,1670,630,630,1670,1670,459.984,1099.941,12552.84553,12552.84553,12552.84553,12552.84553,12552.84553,12552.84553,12552.84553,12552.84553,12552.84553,12552.84553,12552.84553,12552.84553,12552.84553,12552.84553,17201.21952,17201.21952,17201.21952,17201.21952,17201.21952,17201.21952,17201.21952,17201.21952,17201.21952,17201.21952,17201.21952,17201.21952,17201.21952,17201.21952
2041,6,671,671,671,671,537,537,537,537,14232.3489,14232.3489,630,630,620,620,1330,1330,14232.3489,14232.3489,1940.21,1940.21,1940.21,1940.21,14232.3489,14232.3489,630,630,1670,1670,630,630,1670,1670,524.96,524.96,524.96,524.96,524.96,524.96,1000,1000,2500,2500,4500.048,4500.048,0,0,4984.5,4984.5,630,630,1670,1670,630,630,1670,1670,459.984,1099.941,12552.84553,12552.84553,12552.84553,12552.84553,12552.84553,12552.84553,12552.84553,12552.84553,12552.84553,12552.84553,12552.84553,12552.84553,12552.84553,12552.84553,17201.21952,17201.21952,17201.21952,17201.21952,17201.21952,17201.21952,17201.21952,17201.21952,17201.21952,17201.21952,17201.21952,17201.21952,17201.21952,17201.21952
2041,7,671,671,671,671,537,537,537,537,14232.3489,14232.3489,630,630,620,620,1330,1330,14232.3489,14232.3489,1940.21,1940.21,1940.21,1940.21,14232.3489,14232.3489,630,630,1670,1670,630,630,1670,1670,524.96,524.96,524.96,524.96,524.96,524.96,1000,1000,2500,2500,4500.048,4500.048,0,0,4984.5,4984.5,630,630,1670,1670,630,630,1670,1670,459.984,1099.941,12552.84553,12552.84553,12552.84553,12552.84553,12552.84553,12552.84553,12552.84553,12552.84553,12552.84553,12552.84553,12552.84553,12552.84553,12552.84553,12552.84553,17201.21952,17201.21952,17201.21952,17201.21952,17201.21952,17201.21952,17201.21952,17201.21952,17201.21952,17201.21952,17201.21952,17201.21952,17201.21952,17201.21952
2041,8,671,671,671,671,537,537,537,537,14232.3489,14232.3489,630,630,620,620,1330,1330,14232.3489,14232.3489,1940.21,1940.21,1940.21,1940.21,14232.3489,14232.3489,630,630,1670,1670,630,630,1670,1670,524.96,524.96,524.96,524.96,524.96,524.96,1000,1000,2500,2500,4500.048,4500.048,0,0,4984.5,4984.5,630,630,1670,1670,630,630,1670,1670,459.984,1099.941,12552.84553,12552.84553,12552.84553,12552.84553,12552.84553,12552.84553,12552.84553,12552.84553,12552.84553,12552.84553,12552.84553,12552.84553,12552.84553,12552.84553,17201.21952,17201.21952,17201.21952,17201.21952,17201.21952,17201.21952,17201.21952,17201.21952,17201.21952,17201.21952,17201.21952,17201.21952,17201.21952,17201.21952
2041,9,671,671,671,671,537,537,537,537,14232.3489,14232.3489,630,630,620,620,1330,1330,14232.3489,14232.3489,1940.21,1940.21,1940.21,1940.21,14232.3489,14232.3489,630,630,1670,1670,630,630,1670,1670,524.96,524.96,524.96,524.96,524.96,524.96,1000,1000,2500,2500,4500.048,4500.048,0,0,4984.5,4984.5,630,630,1670,1670,630,630,1670,1670,459.984,1099.941,12552.84553,12552.84553,12552.84553,12552.84553,12552.84553,12552.84553,12552.84553,12552.84553,12552.84553,12552.84553,12552.84553,12552.84553,12552.84553,12552.84553,17201.21952,17201.21952,17201.21952,17201.21952,17201.21952,17201.21952,17201.21952,17201.21952,17201.21952,17201.21952,17201.21952,17201.21952,17201.21952,17201.21952
2041,10,671,671,671,671,537,537,537,537,14232.3489,14232.3489,630,630,620,620,1330,1330,14232.3489,14232.3489,1940.21,1940.21,1940.21,1940.21,14232.3489,14232.3489,630,630,1670,1670,630,630,1670,1670,524.96,524.96,524.96,524.96,524.96,524.96,1000,1000,2500,2500,4500.048,4500.048,0,0,4984.5,4984.5,630,630,1670,1670,630,630,1670,1670,459.984,1099.941,12552.84553,12552.84553,12552.84553,12552.84553,12552.84553,12552.84553,12552.84553,12552.84553,12552.84553,12552.84553,12552.84553,12552.84553,12552.84553,12552.84553,17201.21952,17201.21952,17201.21952,17201.21952,17201.21952,17201.21952,17201.21952,17201.21952,17201.21952,17201.21952,17201.21952,17201.21952,17201.21952,17201.21952
2041,11,671,671,671,671,537,537,537,537,14232.3489,14232.3489,630,630,620,620,1330,1330,14232.3489,14232.3489,1940.21,1940.21,1940.21,1940.21,14232.3489,14232.3489,630,630,1670,1670,630,630,1670,1670,524.96,524.96,524.96,524.96,524.96,524.96,1000,1000,2500,2500,4500.048,4500.048,0,0,4984.5,4984.5,630,630,1670,1670,630,630,1670,1670,459.984,1099.941,12552.84553,12552.84553,12552.84553,12552.84553,12552.84553,12552.84553,12552.84553,12552.84553,12552.84553,12552.84553,12552.84553,12552.84553,12552.84553,12552.84553,17201.21952,17201.21952,17201.21952,17201.21952,17201.21952,17201.21952,17201.21952,17201.21952,17201.21952,17201.21952,17201.21952,17201.21952,17201.21952,17201.21952
2041,12,671,671,671,671,537,537,537,537,14232.3489,14232.3489,630,630,620,620,1330,1330,14232.3489,14232.3489,1940.21,1940.21,1940.21,1940.21,14232.3489,14232.3489,630,630,1670,1670,630,630,1670,1670,524.96,524.96,524.96,524.96,524.96,524.96,1000,1000,2500,2500,4500.048,4500.048,0,0,4984.5,4984.5,630,630,1670,1670,630,630,1670,1670,459.984,1099.941,12552.84553,12552.84553,12552.84553,12552.84553,12552.84553,12552.84553,12552.84553,12552.84553,12552.84553,12552.84553,12552.84553,12552.84553,12552.84553,12552.84553,17201.21952,17201.21952,17201.21952,17201.21952,17201.21952,17201.21952,17201.21952,17201.21952,17201.21952,17201.21952,17201.21952,17201.21952,17201.21952,17201.21952
2042,1,671,671,671,671,537,537,537,537,14232.3489,14232.3489,630,630,620,620,1330,1330,14232.3489,14232.3489,1940.21,1940.21,1940.21,1940.21,14232.3489,14232.3489,630,630,1670,1670,630,630,1670,1670,524.96,524.96,524.96,524.96,524.96,524.96,1000,1000,2500,2500,4500.048,4500.048,0,0,4984.5,4984.5,630,630,1670,1670,630,630,1670,1670,459.984,1099.941,12552.84553,12552.84553,12552.84553,12552.84553,12552.84553,12552.84553,12552.84553,12552.84553,12552.84553,12552.84553,12552.84553,12552.84553,12552.84553,12552.84553,17201.21952,17201.21952,17201.21952,17201.21952,17201.21952,17201.21952,17201.21952,17201.21952,17201.21952,17201.21952,17201.21952,17201.21952,17201.21952,17201.21952
2042,2,671,671,671,671,537,537,537,537,14232.3489,14232.3489,630,630,620,620,1330,1330,14232.3489,14232.3489,1940.21,1940.21,1940.21,1940.21,14232.3489,14232.3489,630,630,1670,1670,630,630,1670,1670,524.96,524.96,524.96,524.96,524.96,524.96,1000,1000,2500,2500,4500.048,4500.048,0,0,4984.5,4984.5,630,630,1670,1670,630,630,1670,1670,459.984,1099.941,12552.84553,12552.84553,12552.84553,12552.84553,12552.84553,12552.84553,12552.84553,12552.84553,12552.84553,12552.84553,12552.84553,12552.84553,12552.84553,12552.84553,17201.21952,17201.21952,17201.21952,17201.21952,17201.21952,17201.21952,17201.21952,17201.21952,17201.21952,17201.21952,17201.21952,17201.21952,17201.21952,17201.21952
2042,3,671,671,671,671,537,537,537,537,14232.3489,14232.3489,630,630,620,620,1330,1330,14232.3489,14232.3489,1940.21,1940.21,1940.21,1940.21,14232.3489,14232.3489,630,630,1670,1670,630,630,1670,1670,524.96,524.96,524.96,524.96,524.96,524.96,1000,1000,2500,2500,4500.048,4500.048,0,0,4984.5,4984.5,630,630,1670,1670,630,630,1670,1670,459.984,1099.941,12552.84553,12552.84553,12552.84553,12552.84553,12552.84553,12552.84553,12552.84553,12552.84553,12552.84553,12552.84553,12552.84553,12552.84553,12552.84553,12552.84553,17201.21952,17201.21952,17201.21952,17201.21952,17201.21952,17201.21952,17201.21952,17201.21952,17201.21952,17201.21952,17201.21952,17201.21952,17201.21952,17201.21952
2042,4,671,671,671,671,537,537,537,537,14232.3489,14232.3489,630,630,620,620,1330,1330,14232.3489,14232.3489,1940.21,1940.21,1940.21,1940.21,14232.3489,14232.3489,630,630,1670,1670,630,630,1670,1670,524.96,524.96,524.96,524.96,524.96,524.96,1000,1000,2500,2500,4500.048,4500.048,0,0,4984.5,4984.5,630,630,1670,1670,630,630,1670,1670,459.984,1099.941,12552.84553,12552.84553,12552.84553,12552.84553,12552.84553,12552.84553,12552.84553,12552.84553,12552.84553,12552.84553,12552.84553,12552.84553,12552.84553,12552.84553,17201.21952,17201.21952,17201.21952,17201.21952,17201.21952,17201.21952,17201.21952,17201.21952,17201.21952,17201.21952,17201.21952,17201.21952,17201.21952,17201.21952
2042,5,671,671,671,671,537,537,537,537,14232.3489,14232.3489,630,630,620,620,1330,1330,14232.3489,14232.3489,1940.21,1940.21,1940.21,1940.21,14232.3489,14232.3489,630,630,1670,1670,630,630,1670,1670,524.96,524.96,524.96,524.96,524.96,524.96,1000,1000,2500,2500,4500.048,4500.048,0,0,4984.5,4984.5,630,630,1670,1670,630,630,1670,1670,459.984,1099.941,12552.84553,12552.84553,12552.84553,12552.84553,12552.84553,12552.84553,12552.84553,12552.84553,12552.84553,12552.84553,12552.84553,12552.84553,12552.84553,12552.84553,17201.21952,17201.21952,17201.21952,17201.21952,17201.21952,17201.21952,17201.21952,17201.21952,17201.21952,17201.21952,17201.21952,17201.21952,17201.21952,17201.21952
2042,6,671,671,671,671,537,537,537,537,14232.3489,14232.3489,630,630,620,620,1330,1330,14232.3489,14232.3489,1940.21,1940.21,1940.21,1940.21,14232.3489,14232.3489,630,630,1670,1670,630,630,1670,1670,524.96,524.96,524.96,524.96,524.96,524.96,1000,1000,2500,2500,4500.048,4500.048,0,0,4984.5,4984.5,630,630,1670,1670,630,630,1670,1670,459.984,1099.941,12552.84553,12552.84553,12552.84553,12552.84553,12552.84553,12552.84553,12552.84553,12552.84553,12552.84553,12552.84553,12552.84553,12552.84553,12552.84553,12552.84553,17201.21952,17201.21952,17201.21952,17201.21952,17201.21952,17201.21952,17201.21952,17201.21952,17201.21952,17201.21952,17201.21952,17201.21952,17201.21952,17201.21952
2042,7,671,671,671,671,537,537,537,537,14232.3489,14232.3489,630,630,620,620,1330,1330,14232.3489,14232.3489,1940.21,1940.21,1940.21,1940.21,14232.3489,14232.3489,630,630,1670,1670,630,630,1670,1670,524.96,524.96,524.96,524.96,524.96,524.96,1000,1000,2500,2500,4500.048,4500.048,0,0,4984.5,4984.5,630,630,1670,1670,630,630,1670,1670,459.984,1099.941,12552.84553,12552.84553,12552.84553,12552.84553,12552.84553,12552.84553,12552.84553,12552.84553,12552.84553,12552.84553,12552.84553,12552.84553,12552.84553,12552.84553,17201.21952,17201.21952,17201.21952,17201.21952,17201.21952,17201.21952,17201.21952,17201.21952,17201.21952,17201.21952,17201.21952,17201.21952,17201.21952,17201.21952
2042,8,671,671,671,671,537,537,537,537,14232.3489,14232.3489,630,630,620,620,1330,1330,14232.3489,14232.3489,1940.21,1940.21,1940.21,1940.21,14232.3489,14232.3489,630,630,1670,1670,630,630,1670,1670,524.96,524.96,524.96,524.96,524.96,524.96,1000,1000,2500,2500,4500.048,4500.048,0,0,4984.5,4984.5,630,630,1670,1670,630,630,1670,1670,459.984,1099.941,12552.84553,12552.84553,12552.84553,12552.84553,12552.84553,12552.84553,12552.84553,12552.84553,12552.84553,12552.84553,12552.84553,12552.84553,12552.84553,12552.84553,17201.21952,17201.21952,17201.21952,17201.21952,17201.21952,17201.21952,17201.21952,17201.21952,17201.21952,17201.21952,17201.21952,17201.21952,17201.21952,17201.21952
2042,9,671,671,671,671,537,537,537,537,14232.3489,14232.3489,630,630,620,620,1330,1330,14232.3489,14232.3489,1940.21,1940.21,1940.21,1940.21,14232.3489,14232.3489,630,630,1670,1670,630,630,1670,1670,524.96,524.96,524.96,524.96,524.96,524.96,1000,1000,2500,2500,4500.048,4500.048,0,0,4984.5,4984.5,630,630,1670,1670,630,630,1670,1670,459.984,1099.941,12552.84553,12552.84553,12552.84553,12552.84553,12552.84553,12552.84553,12552.84553,12552.84553,12552.84553,12552.84553,12552.84553,12552.84553,12552.84553,12552.84553,17201.21952,17201.21952,17201.21952,17201.21952,17201.21952,17201.21952,17201.21952,17201.21952,17201.21952,17201.21952,17201.21952,17201.21952,17201.21952,17201.21952
2042,10,671,671,671,671,537,537,537,537,14232.3489,14232.3489,630,630,620,620,1330,1330,14232.3489,14232.3489,1940.21,1940.21,1940.21,1940.21,14232.3489,14232.3489,630,630,1670,1670,630,630,1670,1670,524.96,524.96,524.96,524.96,524.96,524.96,1000,1000,2500,2500,4500.048,4500.048,0,0,4984.5,4984.5,630,630,1670,1670,630,630,1670,1670,459.984,1099.941,12552.84553,12552.84553,12552.84553,12552.84553,12552.84553,12552.84553,12552.84553,12552.84553,12552.84553,12552.84553,12552.84553,12552.84553,12552.84553,12552.84553,17201.21952,17201.21952,17201.21952,17201.21952,17201.21952,17201.21952,17201.21952,17201.21952,17201.21952,17201.21952,17201.21952,17201.21952,17201.21952,17201.21952
2042,11,671,671,671,671,537,537,537,537,14232.3489,14232.3489,630,630,620,620,1330,1330,14232.3489,14232.3489,1940.21,1940.21,1940.21,1940.21,14232.3489,14232.3489,630,630,1670,1670,630,630,1670,1670,524.96,524.96,524.96,524.96,524.96,524.96,1000,1000,2500,2500,4500.048,4500.048,0,0,4984.5,4984.5,630,630,1670,1670,630,630,1670,1670,459.984,1099.941,12552.84553,12552.84553,12552.84553,12552.84553,12552.84553,12552.84553,12552.84553,12552.84553,12552.84553,12552.84553,12552.84553,12552.84553,12552.84553,12552.84553,17201.21952,17201.21952,17201.21952,17201.21952,17201.21952,17201.21952,17201.21952,17201.21952,17201.21952,17201.21952,17201.21952,17201.21952,17201.21952,17201.21952
2042,12,671,671,671,671,537,537,537,537,14232.3489,14232.3489,630,630,620,620,1330,1330,14232.3489,14232.3489,1940.21,1940.21,1940.21,1940.21,14232.3489,14232.3489,630,630,1670,1670,630,630,1670,1670,524.96,524.96,524.96,524.96,524.96,524.96,1000,1000,2500,2500,4500.048,4500.048,0,0,4984.5,4984.5,630,630,1670,1670,630,630,1670,1670,459.984,1099.941,12552.84553,12552.84553,12552.84553,12552.84553,12552.84553,12552.84553,12552.84553,12552.84553,12552.84553,12552.84553,12552.84553,12552.84553,12552.84553,12552.84553,17201.21952,17201.21952,17201.21952,17201.21952,17201.21952,17201.21952,17201.21952,17201.21952,17201.21952,17201.21952,17201.21952,17201.21952,17201.21952,17201.21952
2043,1,671,671,671,671,537,537,537,537,14232.3489,14232.3489,630,630,620,620,1330,1330,14232.3489,14232.3489,1940.21,1940.21,1940.21,1940.21,14232.3489,14232.3489,630,630,1670,1670,630,630,1670,1670,524.96,524.96,524.96,524.96,524.96,524.96,1000,1000,2500,2500,4500.048,4500.048,0,0,4984.5,4984.5,630,630,1670,1670,630,630,1670,1670,459.984,1099.941,12552.84553,12552.84553,12552.84553,12552.84553,12552.84553,12552.84553,12552.84553,12552.84553,12552.84553,12552.84553,12552.84553,12552.84553,12552.84553,12552.84553,17201.21952,17201.21952,17201.21952,17201.21952,17201.21952,17201.21952,17201.21952,17201.21952,17201.21952,17201.21952,17201.21952,17201.21952,17201.21952,17201.21952
2043,2,671,671,671,671,537,537,537,537,14232.3489,14232.3489,630,630,620,620,1330,1330,14232.3489,14232.3489,1940.21,1940.21,1940.21,1940.21,14232.3489,14232.3489,630,630,1670,1670,630,630,1670,1670,524.96,524.96,524.96,524.96,524.96,524.96,1000,1000,2500,2500,4500.048,4500.048,0,0,4984.5,4984.5,630,630,1670,1670,630,630,1670,1670,459.984,1099.941,12552.84553,12552.84553,12552.84553,12552.84553,12552.84553,12552.84553,12552.84553,12552.84553,12552.84553,12552.84553,12552.84553,12552.84553,12552.84553,12552.84553,17201.21952,17201.21952,17201.21952,17201.21952,17201.21952,17201.21952,17201.21952,17201.21952,17201.21952,17201.21952,17201.21952,17201.21952,17201.21952,17201.21952
2043,3,671,671,671,671,537,537,537,537,14232.3489,14232.3489,630,630,620,620,1330,1330,14232.3489,14232.3489,1940.21,1940.21,1940.21,1940.21,14232.3489,14232.3489,630,630,1670,1670,630,630,1670,1670,524.96,524.96,524.96,524.96,524.96,524.96,1000,1000,2500,2500,4500.048,4500.048,0,0,4984.5,4984.5,630,630,1670,1670,630,630,1670,1670,459.984,1099.941,12552.84553,12552.84553,12552.84553,12552.84553,12552.84553,12552.84553,12552.84553,12552.84553,12552.84553,12552.84553,12552.84553,12552.84553,12552.84553,12552.84553,17201.21952,17201.21952,17201.21952,17201.21952,17201.21952,17201.21952,17201.21952,17201.21952,17201.21952,17201.21952,17201.21952,17201.21952,17201.21952,17201.21952
2043,4,671,671,671,671,537,537,537,537,14232.3489,14232.3489,630,630,620,620,1330,1330,14232.3489,14232.3489,1940.21,1940.21,1940.21,1940.21,14232.3489,14232.3489,630,630,1670,1670,630,630,1670,1670,524.96,524.96,524.96,524.96,524.96,524.96,1000,1000,2500,2500,4500.048,4500.048,0,0,4984.5,4984.5,630,630,1670,1670,630,630,1670,1670,459.984,1099.941,12552.84553,12552.84553,12552.84553,12552.84553,12552.84553,12552.84553,12552.84553,12552.84553,12552.84553,12552.84553,12552.84553,12552.84553,12552.84553,12552.84553,17201.21952,17201.21952,17201.21952,17201.21952,17201.21952,17201.21952,17201.21952,17201.21952,17201.21952,17201.21952,17201.21952,17201.21952,17201.21952,17201.21952
2043,5,671,671,671,671,537,537,537,537,14232.3489,14232.3489,630,630,620,620,1330,1330,14232.3489,14232.3489,1940.21,1940.21,1940.21,1940.21,14232.3489,14232.3489,630,630,1670,1670,630,630,1670,1670,524.96,524.96,524.96,524.96,524.96,524.96,1000,1000,2500,2500,4500.048,4500.048,0,0,4984.5,4984.5,630,630,1670,1670,630,630,1670,1670,459.984,1099.941,12552.84553,12552.84553,12552.84553,12552.84553,12552.84553,12552.84553,12552.84553,12552.84553,12552.84553,12552.84553,12552.84553,12552.84553,12552.84553,12552.84553,17201.21952,17201.21952,17201.21952,17201.21952,17201.21952,17201.21952,17201.21952,17201.21952,17201.21952,17201.21952,17201.21952,17201.21952,17201.21952,17201.21952
2043,6,671,671,671,671,537,537,537,537,14232.3489,14232.3489,630,630,620,620,1330,1330,14232.3489,14232.3489,1940.21,1940.21,1940.21,1940.21,14232.3489,14232.3489,630,630,1670,1670,630,630,1670,1670,524.96,524.96,524.96,524.96,524.96,524.96,1000,1000,2500,2500,4500.048,4500.048,0,0,4984.5,4984.5,630,630,1670,1670,630,630,1670,1670,459.984,1099.941,12552.84553,12552.84553,12552.84553,12552.84553,12552.84553,12552.84553,12552.84553,12552.84553,12552.84553,12552.84553,12552.84553,12552.84553,12552.84553,12552.84553,17201.21952,17201.21952,17201.21952,17201.21952,17201.21952,17201.21952,17201.21952,17201.21952,17201.21952,17201.21952,17201.21952,17201.21952,17201.21952,17201.21952
2043,7,671,671,671,671,537,537,537,537,14232.3489,14232.3489,630,630,620,620,1330,1330,14232.3489,14232.3489,1940.21,1940.21,1940.21,1940.21,14232.3489,14232.3489,630,630,1670,1670,630,630,1670,1670,524.96,524.96,524.96,524.96,524.96,524.96,1000,1000,2500,2500,4500.048,4500.048,0,0,4984.5,4984.5,630,630,1670,1670,630,630,1670,1670,459.984,1099.941,12552.84553,12552.84553,12552.84553,12552.84553,12552.84553,12552.84553,12552.84553,12552.84553,12552.84553,12552.84553,12552.84553,12552.84553,12552.84553,12552.84553,17201.21952,17201.21952,17201.21952,17201.21952,17201.21952,17201.21952,17201.21952,17201.21952,17201.21952,17201.21952,17201.21952,17201.21952,17201.21952,17201.21952
2043,8,671,671,671,671,537,537,537,537,14232.3489,14232.3489,630,630,620,620,1330,1330,14232.3489,14232.3489,1940.21,1940.21,1940.21,1940.21,14232.3489,14232.3489,630,630,1670,1670,630,630,1670,1670,524.96,524.96,524.96,524.96,524.96,524.96,1000,1000,2500,2500,4500.048,4500.048,0,0,4984.5,4984.5,630,630,1670,1670,630,630,1670,1670,459.984,1099.941,12552.84553,12552.84553,12552.84553,12552.84553,12552.84553,12552.84553,12552.84553,12552.84553,12552.84553,12552.84553,12552.84553,12552.84553,12552.84553,12552.84553,17201.21952,17201.21952,17201.21952,17201.21952,17201.21952,17201.21952,17201.21952,17201.21952,17201.21952,17201.21952,17201.21952,17201.21952,17201.21952,17201.21952
2043,9,671,671,671,671,537,537,537,537,14232.3489,14232.3489,630,630,620,620,1330,1330,14232.3489,14232.3489,1940.21,1940.21,1940.21,1940.21,14232.3489,14232.3489,630,630,1670,1670,630,630,1670,1670,524.96,524.96,524.96,524.96,524.96,524.96,1000,1000,2500,2500,4500.048,4500.048,0,0,4984.5,4984.5,630,630,1670,1670,630,630,1670,1670,459.984,1099.941,12552.84553,12552.84553,12552.84553,12552.84553,12552.84553,12552.84553,12552.84553,12552.84553,12552.84553,12552.84553,12552.84553,12552.84553,12552.84553,12552.84553,17201.21952,17201.21952,17201.21952,17201.21952,17201.21952,17201.21952,17201.21952,17201.21952,17201.21952,17201.21952,17201.21952,17201.21952,17201.21952,17201.21952
2043,10,671,671,671,671,537,537,537,537,14232.3489,14232.3489,630,630,620,620,1330,1330,14232.3489,14232.3489,1940.21,1940.21,1940.21,1940.21,14232.3489,14232.3489,630,630,1670,1670,630,630,1670,1670,524.96,524.96,524.96,524.96,524.96,524.96,1000,1000,2500,2500,4500.048,4500.048,0,0,4984.5,4984.5,630,630,1670,1670,630,630,1670,1670,459.984,1099.941,12552.84553,12552.84553,12552.84553,12552.84553,12552.84553,12552.84553,12552.84553,12552.84553,12552.84553,12552.84553,12552.84553,12552.84553,12552.84553,12552.84553,17201.21952,17201.21952,17201.21952,17201.21952,17201.21952,17201.21952,17201.21952,17201.21952,17201.21952,17201.21952,17201.21952,17201.21952,17201.21952,17201.21952
2043,11,671,671,671,671,537,537,537,537,14232.3489,14232.3489,630,630,620,620,1330,1330,14232.3489,14232.3489,1940.21,1940.21,1940.21,1940.21,14232.3489,14232.3489,630,630,1670,1670,630,630,1670,1670,524.96,524.96,524.96,524.96,524.96,524.96,1000,1000,2500,2500,4500.048,4500.048,0,0,4984.5,4984.5,630,630,1670,1670,630,630,1670,1670,459.984,1099.941,12552.84553,12552.84553,12552.84553,12552.84553,12552.84553,12552.84553,12552.84553,12552.84553,12552.84553,12552.84553,12552.84553,12552.84553,12552.84553,12552.84553,17201.21952,17201.21952,17201.21952,17201.21952,17201.21952,17201.21952,17201.21952,17201.21952,17201.21952,17201.21952,17201.21952,17201.21952,17201.21952,17201.21952
2043,12,671,671,671,671,537,537,537,537,14232.3489,14232.3489,630,630,620,620,1330,1330,14232.3489,14232.3489,1940.21,1940.21,1940.21,1940.21,14232.3489,14232.3489,630,630,1670,1670,630,630,1670,1670,524.96,524.96,524.96,524.96,524.96,524.96,1000,1000,2500,2500,4500.048,4500.048,0,0,4984.5,4984.5,630,630,1670,1670,630,630,1670,1670,459.984,1099.941,12552.84553,12552.84553,12552.84553,12552.84553,12552.84553,12552.84553,12552.84553,12552.84553,12552.84553,12552.84553,12552.84553,12552.84553,12552.84553,12552.84553,17201.21952,17201.21952,17201.21952,17201.21952,17201.21952,17201.21952,17201.21952,17201.21952,17201.21952,17201.21952,17201.21952,17201.21952,17201.21952,17201.21952
2044,1,671,671,671,671,537,537,537,537,14232.3489,14232.3489,630,630,620,620,1330,1330,14232.3489,14232.3489,1940.21,1940.21,1940.21,1940.21,14232.3489,14232.3489,630,630,1670,1670,630,630,1670,1670,524.96,524.96,524.96,524.96,524.96,524.96,1000,1000,2500,2500,4500.048,4500.048,0,0,4984.5,4984.5,630,630,1670,1670,630,630,1670,1670,459.984,1099.941,12552.84553,12552.84553,12552.84553,12552.84553,12552.84553,12552.84553,12552.84553,12552.84553,12552.84553,12552.84553,12552.84553,12552.84553,12552.84553,12552.84553,17201.21952,17201.21952,17201.21952,17201.21952,17201.21952,17201.21952,17201.21952,17201.21952,17201.21952,17201.21952,17201.21952,17201.21952,17201.21952,17201.21952
2044,2,671,671,671,671,537,537,537,537,14232.3489,14232.3489,630,630,620,620,1330,1330,14232.3489,14232.3489,1940.21,1940.21,1940.21,1940.21,14232.3489,14232.3489,630,630,1670,1670,630,630,1670,1670,524.96,524.96,524.96,524.96,524.96,524.96,1000,1000,2500,2500,4500.048,4500.048,0,0,4984.5,4984.5,630,630,1670,1670,630,630,1670,1670,459.984,1099.941,12552.84553,12552.84553,12552.84553,12552.84553,12552.84553,12552.84553,12552.84553,12552.84553,12552.84553,12552.84553,12552.84553,12552.84553,12552.84553,12552.84553,17201.21952,17201.21952,17201.21952,17201.21952,17201.21952,17201.21952,17201.21952,17201.21952,17201.21952,17201.21952,17201.21952,17201.21952,17201.21952,17201.21952
2044,3,671,671,671,671,537,537,537,537,14232.3489,14232.3489,630,630,620,620,1330,1330,14232.3489,14232.3489,1940.21,1940.21,1940.21,1940.21,14232.3489,14232.3489,630,630,1670,1670,630,630,1670,1670,524.96,524.96,524.96,524.96,524.96,524.96,1000,1000,2500,2500,4500.048,4500.048,0,0,4984.5,4984.5,630,630,1670,1670,630,630,1670,1670,459.984,1099.941,12552.84553,12552.84553,12552.84553,12552.84553,12552.84553,12552.84553,12552.84553,12552.84553,12552.84553,12552.84553,12552.84553,12552.84553,12552.84553,12552.84553,17201.21952,17201.21952,17201.21952,17201.21952,17201.21952,17201.21952,17201.21952,17201.21952,17201.21952,17201.21952,17201.21952,17201.21952,17201.21952,17201.21952
2044,4,671,671,671,671,537,537,537,537,14232.3489,14232.3489,630,630,620,620,1330,1330,14232.3489,14232.3489,1940.21,1940.21,1940.21,1940.21,14232.3489,14232.3489,630,630,1670,1670,630,630,1670,1670,524.96,524.96,524.96,524.96,524.96,524.96,1000,1000,2500,2500,4500.048,4500.048,0,0,4984.5,4984.5,630,630,1670,1670,630,630,1670,1670,459.984,1099.941,12552.84553,12552.84553,12552.84553,12552.84553,12552.84553,12552.84553,12552.84553,12552.84553,12552.84553,12552.84553,12552.84553,12552.84553,12552.84553,12552.84553,17201.21952,17201.21952,17201.21952,17201.21952,17201.21952,17201.21952,17201.21952,17201.21952,17201.21952,17201.21952,17201.21952,17201.21952,17201.21952,17201.21952
2044,5,671,671,671,671,537,537,537,537,14232.3489,14232.3489,630,630,620,620,1330,1330,14232.3489,14232.3489,1940.21,1940.21,1940.21,1940.21,14232.3489,14232.3489,630,630,1670,1670,630,630,1670,1670,524.96,524.96,524.96,524.96,524.96,524.96,1000,1000,2500,2500,4500.048,4500.048,0,0,4984.5,4984.5,630,630,1670,1670,630,630,1670,1670,459.984,1099.941,12552.84553,12552.84553,12552.84553,12552.84553,12552.84553,12552.84553,12552.84553,12552.84553,12552.84553,12552.84553,12552.84553,12552.84553,12552.84553,12552.84553,17201.21952,17201.21952,17201.21952,17201.21952,17201.21952,17201.21952,17201.21952,17201.21952,17201.21952,17201.21952,17201.21952,17201.21952,17201.21952,17201.21952
2044,6,671,671,671,671,537,537,537,537,14232.3489,14232.3489,630,630,620,620,1330,1330,14232.3489,14232.3489,1940.21,1940.21,1940.21,1940.21,14232.3489,14232.3489,630,630,1670,1670,630,630,1670,1670,524.96,524.96,524.96,524.96,524.96,524.96,1000,1000,2500,2500,4500.048,4500.048,0,0,4984.5,4984.5,630,630,1670,1670,630,630,1670,1670,459.984,1099.941,12552.84553,12552.84553,12552.84553,12552.84553,12552.84553,12552.84553,12552.84553,12552.84553,12552.84553,12552.84553,12552.84553,12552.84553,12552.84553,12552.84553,17201.21952,17201.21952,17201.21952,17201.21952,17201.21952,17201.21952,17201.21952,17201.21952,17201.21952,17201.21952,17201.21952,17201.21952,17201.21952,17201.21952
2044,7,671,671,671,671,537,537,537,537,14232.3489,14232.3489,630,630,620,620,1330,1330,14232.3489,14232.3489,1940.21,1940.21,1940.21,1940.21,14232.3489,14232.3489,630,630,1670,1670,630,630,1670,1670,524.96,524.96,524.96,524.96,524.96,524.96,1000,1000,2500,2500,4500.048,4500.048,0,0,4984.5,4984.5,630,630,1670,1670,630,630,1670,1670,459.984,1099.941,12552.84553,12552.84553,12552.84553,12552.84553,12552.84553,12552.84553,12552.84553,12552.84553,12552.84553,12552.84553,12552.84553,12552.84553,12552.84553,12552.84553,17201.21952,17201.21952,17201.21952,17201.21952,17201.21952,17201.21952,17201.21952,17201.21952,17201.21952,17201.21952,17201.21952,17201.21952,17201.21952,17201.21952
2044,8,671,671,671,671,537,537,537,537,14232.3489,14232.3489,630,630,620,620,1330,1330,14232.3489,14232.3489,1940.21,1940.21,1940.21,1940.21,14232.3489,14232.3489,630,630,1670,1670,630,630,1670,1670,524.96,524.96,524.96,524.96,524.96,524.96,1000,1000,2500,2500,4500.048,4500.048,0,0,4984.5,4984.5,630,630,1670,1670,630,630,1670,1670,459.984,1099.941,12552.84553,12552.84553,12552.84553,12552.84553,12552.84553,12552.84553,12552.84553,12552.84553,12552.84553,12552.84553,12552.84553,12552.84553,12552.84553,12552.84553,17201.21952,17201.21952,17201.21952,17201.21952,17201.21952,17201.21952,17201.21952,17201.21952,17201.21952,17201.21952,17201.21952,17201.21952,17201.21952,17201.21952
2044,9,671,671,671,671,537,537,537,537,14232.3489,14232.3489,630,630,620,620,1330,1330,14232.3489,14232.3489,1940.21,1940.21,1940.21,1940.21,14232.3489,14232.3489,630,630,1670,1670,630,630,1670,1670,524.96,524.96,524.96,524.96,524.96,524.96,1000,1000,2500,2500,4500.048,4500.048,0,0,4984.5,4984.5,630,630,1670,1670,630,630,1670,1670,459.984,1099.941,12552.84553,12552.84553,12552.84553,12552.84553,12552.84553,12552.84553,12552.84553,12552.84553,12552.84553,12552.84553,12552.84553,12552.84553,12552.84553,12552.84553,17201.21952,17201.21952,17201.21952,17201.21952,17201.21952,17201.21952,17201.21952,17201.21952,17201.21952,17201.21952,17201.21952,17201.21952,17201.21952,17201.21952
2044,10,671,671,671,671,537,537,537,537,14232.3489,14232.3489,630,630,620,620,1330,1330,14232.3489,14232.3489,1940.21,1940.21,1940.21,1940.21,14232.3489,14232.3489,630,630,1670,1670,630,630,1670,1670,524.96,524.96,524.96,524.96,524.96,524.96,1000,1000,2500,2500,4500.048,4500.048,0,0,4984.5,4984.5,630,630,1670,1670,630,630,1670,1670,459.984,1099.941,12552.84553,12552.84553,12552.84553,12552.84553,12552.84553,12552.84553,12552.84553,12552.84553,12552.84553,12552.84553,12552.84553,12552.84553,12552.84553,12552.84553,17201.21952,17201.21952,17201.21952,17201.21952,17201.21952,17201.21952,17201.21952,17201.21952,17201.21952,17201.21952,17201.21952,17201.21952,17201.21952,17201.21952
2044,11,671,671,671,671,537,537,537,537,14232.3489,14232.3489,630,630,620,620,1330,1330,14232.3489,14232.3489,1940.21,1940.21,1940.21,1940.21,14232.3489,14232.3489,630,630,1670,1670,630,630,1670,1670,524.96,524.96,524.96,524.96,524.96,524.96,1000,1000,2500,2500,4500.048,4500.048,0,0,4984.5,4984.5,630,630,1670,1670,630,630,1670,1670,459.984,1099.941,12552.84553,12552.84553,12552.84553,12552.84553,12552.84553,12552.84553,12552.84553,12552.84553,12552.84553,12552.84553,12552.84553,12552.84553,12552.84553,12552.84553,17201.21952,17201.21952,17201.21952,17201.21952,17201.21952,17201.21952,17201.21952,17201.21952,17201.21952,17201.21952,17201.21952,17201.21952,17201.21952,17201.21952
2044,12,671,671,671,671,537,537,537,537,14232.3489,14232.3489,630,630,620,620,1330,1330,14232.3489,14232.3489,1940.21,1940.21,1940.21,1940.21,14232.3489,14232.3489,630,630,1670,1670,630,630,1670,1670,524.96,524.96,524.96,524.96,524.96,524.96,1000,1000,2500,2500,4500.048,4500.048,0,0,4984.5,4984.5,630,630,1670,1670,630,630,1670,1670,459.984,1099.941,12552.84553,12552.84553,12552.84553,12552.84553,12552.84553,12552.84553,12552.84553,12552.84553,12552.84553,12552.84553,12552.84553,12552.84553,12552.84553,12552.84553,17201.21952,17201.21952,17201.21952,17201.21952,17201.21952,17201.21952,17201.21952,17201.21952,17201.21952,17201.21952,17201.21952,17201.21952,17201.21952,17201.21952
2045,1,671,671,671,671,537,537,537,537,14232.3489,14232.3489,630,630,620,620,1330,1330,14232.3489,14232.3489,1940.21,1940.21,1940.21,1940.21,14232.3489,14232.3489,630,630,1670,1670,630,630,1670,1670,524.96,524.96,524.96,524.96,524.96,524.96,1000,1000,2500,2500,4500.048,4500.048,0,0,4984.5,4984.5,630,630,1670,1670,630,630,1670,1670,459.984,1099.941,12552.84553,12552.84553,12552.84553,12552.84553,12552.84553,12552.84553,12552.84553,12552.84553,12552.84553,12552.84553,12552.84553,12552.84553,12552.84553,12552.84553,17201.21952,17201.21952,17201.21952,17201.21952,17201.21952,17201.21952,17201.21952,17201.21952,17201.21952,17201.21952,17201.21952,17201.21952,17201.21952,17201.21952
2045,2,671,671,671,671,537,537,537,537,14232.3489,14232.3489,630,630,620,620,1330,1330,14232.3489,14232.3489,1940.21,1940.21,1940.21,1940.21,14232.3489,14232.3489,630,630,1670,1670,630,630,1670,1670,524.96,524.96,524.96,524.96,524.96,524.96,1000,1000,2500,2500,4500.048,4500.048,0,0,4984.5,4984.5,630,630,1670,1670,630,630,1670,1670,459.984,1099.941,12552.84553,12552.84553,12552.84553,12552.84553,12552.84553,12552.84553,12552.84553,12552.84553,12552.84553,12552.84553,12552.84553,12552.84553,12552.84553,12552.84553,17201.21952,17201.21952,17201.21952,17201.21952,17201.21952,17201.21952,17201.21952,17201.21952,17201.21952,17201.21952,17201.21952,17201.21952,17201.21952,17201.21952
2045,3,671,671,671,671,537,537,537,537,14232.3489,14232.3489,630,630,620,620,1330,1330,14232.3489,14232.3489,1940.21,1940.21,1940.21,1940.21,14232.3489,14232.3489,630,630,1670,1670,630,630,1670,1670,524.96,524.96,524.96,524.96,524.96,524.96,1000,1000,2500,2500,4500.048,4500.048,0,0,4984.5,4984.5,630,630,1670,1670,630,630,1670,1670,459.984,1099.941,12552.84553,12552.84553,12552.84553,12552.84553,12552.84553,12552.84553,12552.84553,12552.84553,12552.84553,12552.84553,12552.84553,12552.84553,12552.84553,12552.84553,17201.21952,17201.21952,17201.21952,17201.21952,17201.21952,17201.21952,17201.21952,17201.21952,17201.21952,17201.21952,17201.21952,17201.21952,17201.21952,17201.21952
2045,4,671,671,671,671,537,537,537,537,14232.3489,14232.3489,630,630,620,620,1330,1330,14232.3489,14232.3489,1940.21,1940.21,1940.21,1940.21,14232.3489,14232.3489,630,630,1670,1670,630,630,1670,1670,524.96,524.96,524.96,524.96,524.96,524.96,1000,1000,2500,2500,4500.048,4500.048,0,0,4984.5,4984.5,630,630,1670,1670,630,630,1670,1670,459.984,1099.941,12552.84553,12552.84553,12552.84553,12552.84553,12552.84553,12552.84553,12552.84553,12552.84553,12552.84553,12552.84553,12552.84553,12552.84553,12552.84553,12552.84553,17201.21952,17201.21952,17201.21952,17201.21952,17201.21952,17201.21952,17201.21952,17201.21952,17201.21952,17201.21952,17201.21952,17201.21952,17201.21952,17201.21952
2045,5,671,671,671,671,537,537,537,537,14232.3489,14232.3489,630,630,620,620,1330,1330,14232.3489,14232.3489,1940.21,1940.21,1940.21,1940.21,14232.3489,14232.3489,630,630,1670,1670,630,630,1670,1670,524.96,524.96,524.96,524.96,524.96,524.96,1000,1000,2500,2500,4500.048,4500.048,0,0,4984.5,4984.5,630,630,1670,1670,630,630,1670,1670,459.984,1099.941,12552.84553,12552.84553,12552.84553,12552.84553,12552.84553,12552.84553,12552.84553,12552.84553,12552.84553,12552.84553,12552.84553,12552.84553,12552.84553,12552.84553,17201.21952,17201.21952,17201.21952,17201.21952,17201.21952,17201.21952,17201.21952,17201.21952,17201.21952,17201.21952,17201.21952,17201.21952,17201.21952,17201.21952
2045,6,671,671,671,671,537,537,537,537,14232.3489,14232.3489,630,630,620,620,1330,1330,14232.3489,14232.3489,1940.21,1940.21,1940.21,1940.21,14232.3489,14232.3489,630,630,1670,1670,630,630,1670,1670,524.96,524.96,524.96,524.96,524.96,524.96,1000,1000,2500,2500,4500.048,4500.048,0,0,4984.5,4984.5,630,630,1670,1670,630,630,1670,1670,459.984,1099.941,12552.84553,12552.84553,12552.84553,12552.84553,12552.84553,12552.84553,12552.84553,12552.84553,12552.84553,12552.84553,12552.84553,12552.84553,12552.84553,12552.84553,17201.21952,17201.21952,17201.21952,17201.21952,17201.21952,17201.21952,17201.21952,17201.21952,17201.21952,17201.21952,17201.21952,17201.21952,17201.21952,17201.21952
2045,7,671,671,671,671,537,537,537,537,14232.3489,14232.3489,630,630,620,620,1330,1330,14232.3489,14232.3489,1940.21,1940.21,1940.21,1940.21,14232.3489,14232.3489,630,630,1670,1670,630,630,1670,1670,524.96,524.96,524.96,524.96,524.96,524.96,1000,1000,2500,2500,4500.048,4500.048,0,0,4984.5,4984.5,630,630,1670,1670,630,630,1670,1670,459.984,1099.941,12552.84553,12552.84553,12552.84553,12552.84553,12552.84553,12552.84553,12552.84553,12552.84553,12552.84553,12552.84553,12552.84553,12552.84553,12552.84553,12552.84553,17201.21952,17201.21952,17201.21952,17201.21952,17201.21952,17201.21952,17201.21952,17201.21952,17201.21952,17201.21952,17201.21952,17201.21952,17201.21952,17201.21952
2045,8,671,671,671,671,537,537,537,537,14232.3489,14232.3489,630,630,620,620,1330,1330,14232.3489,14232.3489,1940.21,1940.21,1940.21,1940.21,14232.3489,14232.3489,630,630,1670,1670,630,630,1670,1670,524.96,524.96,524.96,524.96,524.96,524.96,1000,1000,2500,2500,4500.048,4500.048,0,0,4984.5,4984.5,630,630,1670,1670,630,630,1670,1670,459.984,1099.941,12552.84553,12552.84553,12552.84553,12552.84553,12552.84553,12552.84553,12552.84553,12552.84553,12552.84553,12552.84553,12552.84553,12552.84553,12552.84553,12552.84553,17201.21952,17201.21952,17201.21952,17201.21952,17201.21952,17201.21952,17201.21952,17201.21952,17201.21952,17201.21952,17201.21952,17201.21952,17201.21952,17201.21952
2045,9,671,671,671,671,537,537,537,537,14232.3489,14232.3489,630,630,620,620,1330,1330,14232.3489,14232.3489,1940.21,1940.21,1940.21,1940.21,14232.3489,14232.3489,630,630,1670,1670,630,630,1670,1670,524.96,524.96,524.96,524.96,524.96,524.96,1000,1000,2500,2500,4500.048,4500.048,0,0,4984.5,4984.5,630,630,1670,1670,630,630,1670,1670,459.984,1099.941,12552.84553,12552.84553,12552.84553,12552.84553,12552.84553,12552.84553,12552.84553,12552.84553,12552.84553,12552.84553,12552.84553,12552.84553,12552.84553,12552.84553,17201.21952,17201.21952,17201.21952,17201.21952,17201.21952,17201.21952,17201.21952,17201.21952,17201.21952,17201.21952,17201.21952,17201.21952,17201.21952,17201.21952
2045,10,671,671,671,671,537,537,537,537,14232.3489,14232.3489,630,630,620,620,1330,1330,14232.3489,14232.3489,1940.21,1940.21,1940.21,1940.21,14232.3489,14232.3489,630,630,1670,1670,630,630,1670,1670,524.96,524.96,524.96,524.96,524.96,524.96,1000,1000,2500,2500,4500.048,4500.048,0,0,4984.5,4984.5,630,630,1670,1670,630,630,1670,1670,459.984,1099.941,12552.84553,12552.84553,12552.84553,12552.84553,12552.84553,12552.84553,12552.84553,12552.84553,12552.84553,12552.84553,12552.84553,12552.84553,12552.84553,12552.84553,17201.21952,17201.21952,17201.21952,17201.21952,17201.21952,17201.21952,17201.21952,17201.21952,17201.21952,17201.21952,17201.21952,17201.21952,17201.21952,17201.21952
2045,11,671,671,671,671,537,537,537,537,14232.3489,14232.3489,630,630,620,620,1330,1330,14232.3489,14232.3489,1940.21,1940.21,1940.21,1940.21,14232.3489,14232.3489,630,630,1670,1670,630,630,1670,1670,524.96,524.96,524.96,524.96,524.96,524.96,1000,1000,2500,2500,4500.048,4500.048,0,0,4984.5,4984.5,630,630,1670,1670,630,630,1670,1670,459.984,1099.941,12552.84553,12552.84553,12552.84553,12552.84553,12552.84553,12552.84553,12552.84553,12552.84553,12552.84553,12552.84553,12552.84553,12552.84553,12552.84553,12552.84553,17201.21952,17201.21952,17201.21952,17201.21952,17201.21952,17201.21952,17201.21952,17201.21952,17201.21952,17201.21952,17201.21952,17201.21952,17201.21952,17201.21952
2045,12,671,671,671,671,537,537,537,537,14232.3489,14232.3489,630,630,620,620,1330,1330,14232.3489,14232.3489,1940.21,1940.21,1940.21,1940.21,14232.3489,14232.3489,630,630,1670,1670,630,630,1670,1670,524.96,524.96,524.96,524.96,524.96,524.96,1000,1000,2500,2500,4500.048,4500.048,0,0,4984.5,4984.5,630,630,1670,1670,630,630,1670,1670,459.984,1099.941,12552.84553,12552.84553,12552.84553,12552.84553,12552.84553,12552.84553,12552.84553,12552.84553,12552.84553,12552.84553,12552.84553,12552.84553,12552.84553,12552.84553,17201.21952,17201.21952,17201.21952,17201.21952,17201.21952,17201.21952,17201.21952,17201.21952,17201.21952,17201.21952,17201.21952,17201.21952,17201.21952,17201.21952
2046,1,671,671,671,671,537,537,537,537,14232.3489,14232.3489,630,630,620,620,1330,1330,14232.3489,14232.3489,1940.21,1940.21,1940.21,1940.21,14232.3489,14232.3489,630,630,1670,1670,630,630,1670,1670,524.96,524.96,524.96,524.96,524.96,524.96,1000,1000,2500,2500,4500.048,4500.048,0,0,4984.5,4984.5,630,630,1670,1670,630,630,1670,1670,459.984,1099.941,12552.84553,12552.84553,12552.84553,12552.84553,12552.84553,12552.84553,12552.84553,12552.84553,12552.84553,12552.84553,12552.84553,12552.84553,12552.84553,12552.84553,17201.21952,17201.21952,17201.21952,17201.21952,17201.21952,17201.21952,17201.21952,17201.21952,17201.21952,17201.21952,17201.21952,17201.21952,17201.21952,17201.21952
2046,2,671,671,671,671,537,537,537,537,14232.3489,14232.3489,630,630,620,620,1330,1330,14232.3489,14232.3489,1940.21,1940.21,1940.21,1940.21,14232.3489,14232.3489,630,630,1670,1670,630,630,1670,1670,524.96,524.96,524.96,524.96,524.96,524.96,1000,1000,2500,2500,4500.048,4500.048,0,0,4984.5,4984.5,630,630,1670,1670,630,630,1670,1670,459.984,1099.941,12552.84553,12552.84553,12552.84553,12552.84553,12552.84553,12552.84553,12552.84553,12552.84553,12552.84553,12552.84553,12552.84553,12552.84553,12552.84553,12552.84553,17201.21952,17201.21952,17201.21952,17201.21952,17201.21952,17201.21952,17201.21952,17201.21952,17201.21952,17201.21952,17201.21952,17201.21952,17201.21952,17201.21952
2046,3,671,671,671,671,537,537,537,537,14232.3489,14232.3489,630,630,620,620,1330,1330,14232.3489,14232.3489,1940.21,1940.21,1940.21,1940.21,14232.3489,14232.3489,630,630,1670,1670,630,630,1670,1670,524.96,524.96,524.96,524.96,524.96,524.96,1000,1000,2500,2500,4500.048,4500.048,0,0,4984.5,4984.5,630,630,1670,1670,630,630,1670,1670,459.984,1099.941,12552.84553,12552.84553,12552.84553,12552.84553,12552.84553,12552.84553,12552.84553,12552.84553,12552.84553,12552.84553,12552.84553,12552.84553,12552.84553,12552.84553,17201.21952,17201.21952,17201.21952,17201.21952,17201.21952,17201.21952,17201.21952,17201.21952,17201.21952,17201.21952,17201.21952,17201.21952,17201.21952,17201.21952
2046,4,671,671,671,671,537,537,537,537,14232.3489,14232.3489,630,630,620,620,1330,1330,14232.3489,14232.3489,1940.21,1940.21,1940.21,1940.21,14232.3489,14232.3489,630,630,1670,1670,630,630,1670,1670,524.96,524.96,524.96,524.96,524.96,524.96,1000,1000,2500,2500,4500.048,4500.048,0,0,4984.5,4984.5,630,630,1670,1670,630,630,1670,1670,459.984,1099.941,12552.84553,12552.84553,12552.84553,12552.84553,12552.84553,12552.84553,12552.84553,12552.84553,12552.84553,12552.84553,12552.84553,12552.84553,12552.84553,12552.84553,17201.21952,17201.21952,17201.21952,17201.21952,17201.21952,17201.21952,17201.21952,17201.21952,17201.21952,17201.21952,17201.21952,17201.21952,17201.21952,17201.21952
2046,5,671,671,671,671,537,537,537,537,14232.3489,14232.3489,630,630,620,620,1330,1330,14232.3489,14232.3489,1940.21,1940.21,1940.21,1940.21,14232.3489,14232.3489,630,630,1670,1670,630,630,1670,1670,524.96,524.96,524.96,524.96,524.96,524.96,1000,1000,2500,2500,4500.048,4500.048,0,0,4984.5,4984.5,630,630,1670,1670,630,630,1670,1670,459.984,1099.941,12552.84553,12552.84553,12552.84553,12552.84553,12552.84553,12552.84553,12552.84553,12552.84553,12552.84553,12552.84553,12552.84553,12552.84553,12552.84553,12552.84553,17201.21952,17201.21952,17201.21952,17201.21952,17201.21952,17201.21952,17201.21952,17201.21952,17201.21952,17201.21952,17201.21952,17201.21952,17201.21952,17201.21952
2046,6,671,671,671,671,537,537,537,537,14232.3489,14232.3489,630,630,620,620,1330,1330,14232.3489,14232.3489,1940.21,1940.21,1940.21,1940.21,14232.3489,14232.3489,630,630,1670,1670,630,630,1670,1670,524.96,524.96,524.96,524.96,524.96,524.96,1000,1000,2500,2500,4500.048,4500.048,0,0,4984.5,4984.5,630,630,1670,1670,630,630,1670,1670,459.984,1099.941,12552.84553,12552.84553,12552.84553,12552.84553,12552.84553,12552.84553,12552.84553,12552.84553,12552.84553,12552.84553,12552.84553,12552.84553,12552.84553,12552.84553,17201.21952,17201.21952,17201.21952,17201.21952,17201.21952,17201.21952,17201.21952,17201.21952,17201.21952,17201.21952,17201.21952,17201.21952,17201.21952,17201.21952
2046,7,671,671,671,671,537,537,537,537,14232.3489,14232.3489,630,630,620,620,1330,1330,14232.3489,14232.3489,1940.21,1940.21,1940.21,1940.21,14232.3489,14232.3489,630,630,1670,1670,630,630,1670,1670,524.96,524.96,524.96,524.96,524.96,524.96,1000,1000,2500,2500,4500.048,4500.048,0,0,4984.5,4984.5,630,630,1670,1670,630,630,1670,1670,459.984,1099.941,12552.84553,12552.84553,12552.84553,12552.84553,12552.84553,12552.84553,12552.84553,12552.84553,12552.84553,12552.84553,12552.84553,12552.84553,12552.84553,12552.84553,17201.21952,17201.21952,17201.21952,17201.21952,17201.21952,17201.21952,17201.21952,17201.21952,17201.21952,17201.21952,17201.21952,17201.21952,17201.21952,17201.21952
2046,8,671,671,671,671,537,537,537,537,14232.3489,14232.3489,630,630,620,620,1330,1330,14232.3489,14232.3489,1940.21,1940.21,1940.21,1940.21,14232.3489,14232.3489,630,630,1670,1670,630,630,1670,1670,524.96,524.96,524.96,524.96,524.96,524.96,1000,1000,2500,2500,4500.048,4500.048,0,0,4984.5,4984.5,630,630,1670,1670,630,630,1670,1670,459.984,1099.941,12552.84553,12552.84553,12552.84553,12552.84553,12552.84553,12552.84553,12552.84553,12552.84553,12552.84553,12552.84553,12552.84553,12552.84553,12552.84553,12552.84553,17201.21952,17201.21952,17201.21952,17201.21952,17201.21952,17201.21952,17201.21952,17201.21952,17201.21952,17201.21952,17201.21952,17201.21952,17201.21952,17201.21952
2046,9,671,671,671,671,537,537,537,537,14232.3489,14232.3489,630,630,620,620,1330,1330,14232.3489,14232.3489,1940.21,1940.21,1940.21,1940.21,14232.3489,14232.3489,630,630,1670,1670,630,630,1670,1670,524.96,524.96,524.96,524.96,524.96,524.96,1000,1000,2500,2500,4500.048,4500.048,0,0,4984.5,4984.5,630,630,1670,1670,630,630,1670,1670,459.984,1099.941,12552.84553,12552.84553,12552.84553,12552.84553,12552.84553,12552.84553,12552.84553,12552.84553,12552.84553,12552.84553,12552.84553,12552.84553,12552.84553,12552.84553,17201.21952,17201.21952,17201.21952,17201.21952,17201.21952,17201.21952,17201.21952,17201.21952,17201.21952,17201.21952,17201.21952,17201.21952,17201.21952,17201.21952
2046,10,671,671,671,671,537,537,537,537,14232.3489,14232.3489,630,630,620,620,1330,1330,14232.3489,14232.3489,1940.21,1940.21,1940.21,1940.21,14232.3489,14232.3489,630,630,1670,1670,630,630,1670,1670,524.96,524.96,524.96,524.96,524.96,524.96,1000,1000,2500,2500,4500.048,4500.048,0,0,4984.5,4984.5,630,630,1670,1670,630,630,1670,1670,459.984,1099.941,12552.84553,12552.84553,12552.84553,12552.84553,12552.84553,12552.84553,12552.84553,12552.84553,12552.84553,12552.84553,12552.84553,12552.84553,12552.84553,12552.84553,17201.21952,17201.21952,17201.21952,17201.21952,17201.21952,17201.21952,17201.21952,17201.21952,17201.21952,17201.21952,17201.21952,17201.21952,17201.21952,17201.21952
2046,11,671,671,671,671,537,537,537,537,14232.3489,14232.3489,630,630,620,620,1330,1330,14232.3489,14232.3489,1940.21,1940.21,1940.21,1940.21,14232.3489,14232.3489,630,630,1670,1670,630,630,1670,1670,524.96,524.96,524.96,524.96,524.96,524.96,1000,1000,2500,2500,4500.048,4500.048,0,0,4984.5,4984.5,630,630,1670,1670,630,630,1670,1670,459.984,1099.941,12552.84553,12552.84553,12552.84553,12552.84553,12552.84553,12552.84553,12552.84553,12552.84553,12552.84553,12552.84553,12552.84553,12552.84553,12552.84553,12552.84553,17201.21952,17201.21952,17201.21952,17201.21952,17201.21952,17201.21952,17201.21952,17201.21952,17201.21952,17201.21952,17201.21952,17201.21952,17201.21952,17201.21952
2046,12,671,671,671,671,537,537,537,537,14232.3489,14232.3489,630,630,620,620,1330,1330,14232.3489,14232.3489,1940.21,1940.21,1940.21,1940.21,14232.3489,14232.3489,630,630,1670,1670,630,630,1670,1670,524.96,524.96,524.96,524.96,524.96,524.96,1000,1000,2500,2500,4500.048,4500.048,0,0,4984.5,4984.5,630,630,1670,1670,630,630,1670,1670,459.984,1099.941,12552.84553,12552.84553,12552.84553,12552.84553,12552.84553,12552.84553,12552.84553,12552.84553,12552.84553,12552.84553,12552.84553,12552.84553,12552.84553,12552.84553,17201.21952,17201.21952,17201.21952,17201.21952,17201.21952,17201.21952,17201.21952,17201.21952,17201.21952,17201.21952,17201.21952,17201.21952,17201.21952,17201.21952
2047,1,671,671,671,671,537,537,537,537,14232.3489,14232.3489,630,630,620,620,1330,1330,14232.3489,14232.3489,1940.21,1940.21,1940.21,1940.21,14232.3489,14232.3489,630,630,1670,1670,630,630,1670,1670,524.96,524.96,524.96,524.96,524.96,524.96,1000,1000,2500,2500,4500.048,4500.048,0,0,4984.5,4984.5,630,630,1670,1670,630,630,1670,1670,459.984,1099.941,12552.84553,12552.84553,12552.84553,12552.84553,12552.84553,12552.84553,12552.84553,12552.84553,12552.84553,12552.84553,12552.84553,12552.84553,12552.84553,12552.84553,17201.21952,17201.21952,17201.21952,17201.21952,17201.21952,17201.21952,17201.21952,17201.21952,17201.21952,17201.21952,17201.21952,17201.21952,17201.21952,17201.21952
2047,2,671,671,671,671,537,537,537,537,14232.3489,14232.3489,630,630,620,620,1330,1330,14232.3489,14232.3489,1940.21,1940.21,1940.21,1940.21,14232.3489,14232.3489,630,630,1670,1670,630,630,1670,1670,524.96,524.96,524.96,524.96,524.96,524.96,1000,1000,2500,2500,4500.048,4500.048,0,0,4984.5,4984.5,630,630,1670,1670,630,630,1670,1670,459.984,1099.941,12552.84553,12552.84553,12552.84553,12552.84553,12552.84553,12552.84553,12552.84553,12552.84553,12552.84553,12552.84553,12552.84553,12552.84553,12552.84553,12552.84553,17201.21952,17201.21952,17201.21952,17201.21952,17201.21952,17201.21952,17201.21952,17201.21952,17201.21952,17201.21952,17201.21952,17201.21952,17201.21952,17201.21952
2047,3,671,671,671,671,537,537,537,537,14232.3489,14232.3489,630,630,620,620,1330,1330,14232.3489,14232.3489,1940.21,1940.21,1940.21,1940.21,14232.3489,14232.3489,630,630,1670,1670,630,630,1670,1670,524.96,524.96,524.96,524.96,524.96,524.96,1000,1000,2500,2500,4500.048,4500.048,0,0,4984.5,4984.5,630,630,1670,1670,630,630,1670,1670,459.984,1099.941,12552.84553,12552.84553,12552.84553,12552.84553,12552.84553,12552.84553,12552.84553,12552.84553,12552.84553,12552.84553,12552.84553,12552.84553,12552.84553,12552.84553,17201.21952,17201.21952,17201.21952,17201.21952,17201.21952,17201.21952,17201.21952,17201.21952,17201.21952,17201.21952,17201.21952,17201.21952,17201.21952,17201.21952
2047,4,671,671,671,671,537,537,537,537,14232.3489,14232.3489,630,630,620,620,1330,1330,14232.3489,14232.3489,1940.21,1940.21,1940.21,1940.21,14232.3489,14232.3489,630,630,1670,1670,630,630,1670,1670,524.96,524.96,524.96,524.96,524.96,524.96,1000,1000,2500,2500,4500.048,4500.048,0,0,4984.5,4984.5,630,630,1670,1670,630,630,1670,1670,459.984,1099.941,12552.84553,12552.84553,12552.84553,12552.84553,12552.84553,12552.84553,12552.84553,12552.84553,12552.84553,12552.84553,12552.84553,12552.84553,12552.84553,12552.84553,17201.21952,17201.21952,17201.21952,17201.21952,17201.21952,17201.21952,17201.21952,17201.21952,17201.21952,17201.21952,17201.21952,17201.21952,17201.21952,17201.21952
2047,5,671,671,671,671,537,537,537,537,14232.3489,14232.3489,630,630,620,620,1330,1330,14232.3489,14232.3489,1940.21,1940.21,1940.21,1940.21,14232.3489,14232.3489,630,630,1670,1670,630,630,1670,1670,524.96,524.96,524.96,524.96,524.96,524.96,1000,1000,2500,2500,4500.048,4500.048,0,0,4984.5,4984.5,630,630,1670,1670,630,630,1670,1670,459.984,1099.941,12552.84553,12552.84553,12552.84553,12552.84553,12552.84553,12552.84553,12552.84553,12552.84553,12552.84553,12552.84553,12552.84553,12552.84553,12552.84553,12552.84553,17201.21952,17201.21952,17201.21952,17201.21952,17201.21952,17201.21952,17201.21952,17201.21952,17201.21952,17201.21952,17201.21952,17201.21952,17201.21952,17201.21952
2047,6,671,671,671,671,537,537,537,537,14232.3489,14232.3489,630,630,620,620,1330,1330,14232.3489,14232.3489,1940.21,1940.21,1940.21,1940.21,14232.3489,14232.3489,630,630,1670,1670,630,630,1670,1670,524.96,524.96,524.96,524.96,524.96,524.96,1000,1000,2500,2500,4500.048,4500.048,0,0,4984.5,4984.5,630,630,1670,1670,630,630,1670,1670,459.984,1099.941,12552.84553,12552.84553,12552.84553,12552.84553,12552.84553,12552.84553,12552.84553,12552.84553,12552.84553,12552.84553,12552.84553,12552.84553,12552.84553,12552.84553,17201.21952,17201.21952,17201.21952,17201.21952,17201.21952,17201.21952,17201.21952,17201.21952,17201.21952,17201.21952,17201.21952,17201.21952,17201.21952,17201.21952
2047,7,671,671,671,671,537,537,537,537,14232.3489,14232.3489,630,630,620,620,1330,1330,14232.3489,14232.3489,1940.21,1940.21,1940.21,1940.21,14232.3489,14232.3489,630,630,1670,1670,630,630,1670,1670,524.96,524.96,524.96,524.96,524.96,524.96,1000,1000,2500,2500,4500.048,4500.048,0,0,4984.5,4984.5,630,630,1670,1670,630,630,1670,1670,459.984,1099.941,12552.84553,12552.84553,12552.84553,12552.84553,12552.84553,12552.84553,12552.84553,12552.84553,12552.84553,12552.84553,12552.84553,12552.84553,12552.84553,12552.84553,17201.21952,17201.21952,17201.21952,17201.21952,17201.21952,17201.21952,17201.21952,17201.21952,17201.21952,17201.21952,17201.21952,17201.21952,17201.21952,17201.21952
2047,8,671,671,671,671,537,537,537,537,14232.3489,14232.3489,630,630,620,620,1330,1330,14232.3489,14232.3489,1940.21,1940.21,1940.21,1940.21,14232.3489,14232.3489,630,630,1670,1670,630,630,1670,1670,524.96,524.96,524.96,524.96,524.96,524.96,1000,1000,2500,2500,4500.048,4500.048,0,0,4984.5,4984.5,630,630,1670,1670,630,630,1670,1670,459.984,1099.941,12552.84553,12552.84553,12552.84553,12552.84553,12552.84553,12552.84553,12552.84553,12552.84553,12552.84553,12552.84553,12552.84553,12552.84553,12552.84553,12552.84553,17201.21952,17201.21952,17201.21952,17201.21952,17201.21952,17201.21952,17201.21952,17201.21952,17201.21952,17201.21952,17201.21952,17201.21952,17201.21952,17201.21952
2047,9,671,671,671,671,537,537,537,537,14232.3489,14232.3489,630,630,620,620,1330,1330,14232.3489,14232.3489,1940.21,1940.21,1940.21,1940.21,14232.3489,14232.3489,630,630,1670,1670,630,630,1670,1670,524.96,524.96,524.96,524.96,524.96,524.96,1000,1000,2500,2500,4500.048,4500.048,0,0,4984.5,4984.5,630,630,1670,1670,630,630,1670,1670,459.984,1099.941,12552.84553,12552.84553,12552.84553,12552.84553,12552.84553,12552.84553,12552.84553,12552.84553,12552.84553,12552.84553,12552.84553,12552.84553,12552.84553,12552.84553,17201.21952,17201.21952,17201.21952,17201.21952,17201.21952,17201.21952,17201.21952,17201.21952,17201.21952,17201.21952,17201.21952,17201.21952,17201.21952,17201.21952
2047,10,671,671,671,671,537,537,537,537,14232.3489,14232.3489,630,630,620,620,1330,1330,14232.3489,14232.3489,1940.21,1940.21,1940.21,1940.21,14232.3489,14232.3489,630,630,1670,1670,630,630,1670,1670,524.96,524.96,524.96,524.96,524.96,524.96,1000,1000,2500,2500,4500.048,4500.048,0,0,4984.5,4984.5,630,630,1670,1670,630,630,1670,1670,459.984,1099.941,12552.84553,12552.84553,12552.84553,12552.84553,12552.84553,12552.84553,12552.84553,12552.84553,12552.84553,12552.84553,12552.84553,12552.84553,12552.84553,12552.84553,17201.21952,17201.21952,17201.21952,17201.21952,17201.21952,17201.21952,17201.21952,17201.21952,17201.21952,17201.21952,17201.21952,17201.21952,17201.21952,17201.21952
2047,11,671,671,671,671,537,537,537,537,14232.3489,14232.3489,630,630,620,620,1330,1330,14232.3489,14232.3489,1940.21,1940.21,1940.21,1940.21,14232.3489,14232.3489,630,630,1670,1670,630,630,1670,1670,524.96,524.96,524.96,524.96,524.96,524.96,1000,1000,2500,2500,4500.048,4500.048,0,0,4984.5,4984.5,630,630,1670,1670,630,630,1670,1670,459.984,1099.941,12552.84553,12552.84553,12552.84553,12552.84553,12552.84553,12552.84553,12552.84553,12552.84553,12552.84553,12552.84553,12552.84553,12552.84553,12552.84553,12552.84553,17201.21952,17201.21952,17201.21952,17201.21952,17201.21952,17201.21952,17201.21952,17201.21952,17201.21952,17201.21952,17201.21952,17201.21952,17201.21952,17201.21952
2047,12,671,671,671,671,537,537,537,537,14232.3489,14232.3489,630,630,620,620,1330,1330,14232.3489,14232.3489,1940.21,1940.21,1940.21,1940.21,14232.3489,14232.3489,630,630,1670,1670,630,630,1670,1670,524.96,524.96,524.96,524.96,524.96,524.96,1000,1000,2500,2500,4500.048,4500.048,0,0,4984.5,4984.5,630,630,1670,1670,630,630,1670,1670,459.984,1099.941,12552.84553,12552.84553,12552.84553,12552.84553,12552.84553,12552.84553,12552.84553,12552.84553,12552.84553,12552.84553,12552.84553,12552.84553,12552.84553,12552.84553,17201.21952,17201.21952,17201.21952,17201.21952,17201.21952,17201.21952,17201.21952,17201.21952,17201.21952,17201.21952,17201.21952,17201.21952,17201.21952,17201.21952
2048,1,671,671,671,671,537,537,537,537,14232.3489,14232.3489,630,630,620,620,1330,1330,14232.3489,14232.3489,1940.21,1940.21,1940.21,1940.21,14232.3489,14232.3489,630,630,1670,1670,630,630,1670,1670,524.96,524.96,524.96,524.96,524.96,524.96,1000,1000,2500,2500,4500.048,4500.048,0,0,4984.5,4984.5,630,630,1670,1670,630,630,1670,1670,459.984,1099.941,12552.84553,12552.84553,12552.84553,12552.84553,12552.84553,12552.84553,12552.84553,12552.84553,12552.84553,12552.84553,12552.84553,12552.84553,12552.84553,12552.84553,17201.21952,17201.21952,17201.21952,17201.21952,17201.21952,17201.21952,17201.21952,17201.21952,17201.21952,17201.21952,17201.21952,17201.21952,17201.21952,17201.21952
2048,2,671,671,671,671,537,537,537,537,14232.3489,14232.3489,630,630,620,620,1330,1330,14232.3489,14232.3489,1940.21,1940.21,1940.21,1940.21,14232.3489,14232.3489,630,630,1670,1670,630,630,1670,1670,524.96,524.96,524.96,524.96,524.96,524.96,1000,1000,2500,2500,4500.048,4500.048,0,0,4984.5,4984.5,630,630,1670,1670,630,630,1670,1670,459.984,1099.941,12552.84553,12552.84553,12552.84553,12552.84553,12552.84553,12552.84553,12552.84553,12552.84553,12552.84553,12552.84553,12552.84553,12552.84553,12552.84553,12552.84553,17201.21952,17201.21952,17201.21952,17201.21952,17201.21952,17201.21952,17201.21952,17201.21952,17201.21952,17201.21952,17201.21952,17201.21952,17201.21952,17201.21952
2048,3,671,671,671,671,537,537,537,537,14232.3489,14232.3489,630,630,620,620,1330,1330,14232.3489,14232.3489,1940.21,1940.21,1940.21,1940.21,14232.3489,14232.3489,630,630,1670,1670,630,630,1670,1670,524.96,524.96,524.96,524.96,524.96,524.96,1000,1000,2500,2500,4500.048,4500.048,0,0,4984.5,4984.5,630,630,1670,1670,630,630,1670,1670,459.984,1099.941,12552.84553,12552.84553,12552.84553,12552.84553,12552.84553,12552.84553,12552.84553,12552.84553,12552.84553,12552.84553,12552.84553,12552.84553,12552.84553,12552.84553,17201.21952,17201.21952,17201.21952,17201.21952,17201.21952,17201.21952,17201.21952,17201.21952,17201.21952,17201.21952,17201.21952,17201.21952,17201.21952,17201.21952
2048,4,671,671,671,671,537,537,537,537,14232.3489,14232.3489,630,630,620,620,1330,1330,14232.3489,14232.3489,1940.21,1940.21,1940.21,1940.21,14232.3489,14232.3489,630,630,1670,1670,630,630,1670,1670,524.96,524.96,524.96,524.96,524.96,524.96,1000,1000,2500,2500,4500.048,4500.048,0,0,4984.5,4984.5,630,630,1670,1670,630,630,1670,1670,459.984,1099.941,12552.84553,12552.84553,12552.84553,12552.84553,12552.84553,12552.84553,12552.84553,12552.84553,12552.84553,12552.84553,12552.84553,12552.84553,12552.84553,12552.84553,17201.21952,17201.21952,17201.21952,17201.21952,17201.21952,17201.21952,17201.21952,17201.21952,17201.21952,17201.21952,17201.21952,17201.21952,17201.21952,17201.21952
2048,5,671,671,671,671,537,537,537,537,14232.3489,14232.3489,630,630,620,620,1330,1330,14232.3489,14232.3489,1940.21,1940.21,1940.21,1940.21,14232.3489,14232.3489,630,630,1670,1670,630,630,1670,1670,524.96,524.96,524.96,524.96,524.96,524.96,1000,1000,2500,2500,4500.048,4500.048,0,0,4984.5,4984.5,630,630,1670,1670,630,630,1670,1670,459.984,1099.941,12552.84553,12552.84553,12552.84553,12552.84553,12552.84553,12552.84553,12552.84553,12552.84553,12552.84553,12552.84553,12552.84553,12552.84553,12552.84553,12552.84553,17201.21952,17201.21952,17201.21952,17201.21952,17201.21952,17201.21952,17201.21952,17201.21952,17201.21952,17201.21952,17201.21952,17201.21952,17201.21952,17201.21952
2048,6,671,671,671,671,537,537,537,537,14232.3489,14232.3489,630,630,620,620,1330,1330,14232.3489,14232.3489,1940.21,1940.21,1940.21,1940.21,14232.3489,14232.3489,630,630,1670,1670,630,630,1670,1670,524.96,524.96,524.96,524.96,524.96,524.96,1000,1000,2500,2500,4500.048,4500.048,0,0,4984.5,4984.5,630,630,1670,1670,630,630,1670,1670,459.984,1099.941,12552.84553,12552.84553,12552.84553,12552.84553,12552.84553,12552.84553,12552.84553,12552.84553,12552.84553,12552.84553,12552.84553,12552.84553,12552.84553,12552.84553,17201.21952,17201.21952,17201.21952,17201.21952,17201.21952,17201.21952,17201.21952,17201.21952,17201.21952,17201.21952,17201.21952,17201.21952,17201.21952,17201.21952
2048,7,671,671,671,671,537,537,537,537,14232.3489,14232.3489,630,630,620,620,1330,1330,14232.3489,14232.3489,1940.21,1940.21,1940.21,1940.21,14232.3489,14232.3489,630,630,1670,1670,630,630,1670,1670,524.96,524.96,524.96,524.96,524.96,524.96,1000,1000,2500,2500,4500.048,4500.048,0,0,4984.5,4984.5,630,630,1670,1670,630,630,1670,1670,459.984,1099.941,12552.84553,12552.84553,12552.84553,12552.84553,12552.84553,12552.84553,12552.84553,12552.84553,12552.84553,12552.84553,12552.84553,12552.84553,12552.84553,12552.84553,17201.21952,17201.21952,17201.21952,17201.21952,17201.21952,17201.21952,17201.21952,17201.21952,17201.21952,17201.21952,17201.21952,17201.21952,17201.21952,17201.21952
2048,8,671,671,671,671,537,537,537,537,14232.3489,14232.3489,630,630,620,620,1330,1330,14232.3489,14232.3489,1940.21,1940.21,1940.21,1940.21,14232.3489,14232.3489,630,630,1670,1670,630,630,1670,1670,524.96,524.96,524.96,524.96,524.96,524.96,1000,1000,2500,2500,4500.048,4500.048,0,0,4984.5,4984.5,630,630,1670,1670,630,630,1670,1670,459.984,1099.941,12552.84553,12552.84553,12552.84553,12552.84553,12552.84553,12552.84553,12552.84553,12552.84553,12552.84553,12552.84553,12552.84553,12552.84553,12552.84553,12552.84553,17201.21952,17201.21952,17201.21952,17201.21952,17201.21952,17201.21952,17201.21952,17201.21952,17201.21952,17201.21952,17201.21952,17201.21952,17201.21952,17201.21952
2048,9,671,671,671,671,537,537,537,537,14232.3489,14232.3489,630,630,620,620,1330,1330,14232.3489,14232.3489,1940.21,1940.21,1940.21,1940.21,14232.3489,14232.3489,630,630,1670,1670,630,630,1670,1670,524.96,524.96,524.96,524.96,524.96,524.96,1000,1000,2500,2500,4500.048,4500.048,0,0,4984.5,4984.5,630,630,1670,1670,630,630,1670,1670,459.984,1099.941,12552.84553,12552.84553,12552.84553,12552.84553,12552.84553,12552.84553,12552.84553,12552.84553,12552.84553,12552.84553,12552.84553,12552.84553,12552.84553,12552.84553,17201.21952,17201.21952,17201.21952,17201.21952,17201.21952,17201.21952,17201.21952,17201.21952,17201.21952,17201.21952,17201.21952,17201.21952,17201.21952,17201.21952
2048,10,671,671,671,671,537,537,537,537,14232.3489,14232.3489,630,630,620,620,1330,1330,14232.3489,14232.3489,1940.21,1940.21,1940.21,1940.21,14232.3489,14232.3489,630,630,1670,1670,630,630,1670,1670,524.96,524.96,524.96,524.96,524.96,524.96,1000,1000,2500,2500,4500.048,4500.048,0,0,4984.5,4984.5,630,630,1670,1670,630,630,1670,1670,459.984,1099.941,12552.84553,12552.84553,12552.84553,12552.84553,12552.84553,12552.84553,12552.84553,12552.84553,12552.84553,12552.84553,12552.84553,12552.84553,12552.84553,12552.84553,17201.21952,17201.21952,17201.21952,17201.21952,17201.21952,17201.21952,17201.21952,17201.21952,17201.21952,17201.21952,17201.21952,17201.21952,17201.21952,17201.21952
2048,11,671,671,671,671,537,537,537,537,14232.3489,14232.3489,630,630,620,620,1330,1330,14232.3489,14232.3489,1940.21,1940.21,1940.21,1940.21,14232.3489,14232.3489,630,630,1670,1670,630,630,1670,1670,524.96,524.96,524.96,524.96,524.96,524.96,1000,1000,2500,2500,4500.048,4500.048,0,0,4984.5,4984.5,630,630,1670,1670,630,630,1670,1670,459.984,1099.941,12552.84553,12552.84553,12552.84553,12552.84553,12552.84553,12552.84553,12552.84553,12552.84553,12552.84553,12552.84553,12552.84553,12552.84553,12552.84553,12552.84553,17201.21952,17201.21952,17201.21952,17201.21952,17201.21952,17201.21952,17201.21952,17201.21952,17201.21952,17201.21952,17201.21952,17201.21952,17201.21952,17201.21952
2048,12,671,671,671,671,537,537,537,537,14232.3489,14232.3489,630,630,620,620,1330,1330,14232.3489,14232.3489,1940.21,1940.21,1940.21,1940.21,14232.3489,14232.3489,630,630,1670,1670,630,630,1670,1670,524.96,524.96,524.96,524.96,524.96,524.96,1000,1000,2500,2500,4500.048,4500.048,0,0,4984.5,4984.5,630,630,1670,1670,630,630,1670,1670,459.984,1099.941,12552.84553,12552.84553,12552.84553,12552.84553,12552.84553,12552.84553,12552.84553,12552.84553,12552.84553,12552.84553,12552.84553,12552.84553,12552.84553,12552.84553,17201.21952,17201.21952,17201.21952,17201.21952,17201.21952,17201.21952,17201.21952,17201.21952,17201.21952,17201.21952,17201.21952,17201.21952,17201.21952,17201.21952
2049,1,671,671,671,671,537,537,537,537,0,0,630,630,620,620,1330,1330,0,0,1837.19,1837.19,1837.19,1837.19,0,0,630,630,1670,1670,630,630,1670,1670,524.96,524.96,524.96,524.96,524.96,524.96,1000,1000,2500,2500,4500.048,4500.048,0,0,4984.5,4984.5,630,630,1670,1670,630,630,1670,1670,459.984,1099.941,12552.84553,12552.84553,12552.84553,12552.84553,12552.84553,12552.84553,12552.84553,12552.84553,12552.84553,12552.84553,12552.84553,12552.84553,12552.84553,12552.84553,17201.21952,17201.21952,17201.21952,17201.21952,17201.21952,17201.21952,17201.21952,17201.21952,17201.21952,17201.21952,17201.21952,17201.21952,17201.21952,17201.21952
2049,2,671,671,671,671,537,537,537,537,0,0,630,630,620,620,1330,1330,0,0,1837.19,1837.19,1837.19,1837.19,0,0,630,630,1670,1670,630,630,1670,1670,524.96,524.96,524.96,524.96,524.96,524.96,1000,1000,2500,2500,4500.048,4500.048,0,0,4984.5,4984.5,630,630,1670,1670,630,630,1670,1670,459.984,1099.941,12552.84553,12552.84553,12552.84553,12552.84553,12552.84553,12552.84553,12552.84553,12552.84553,12552.84553,12552.84553,12552.84553,12552.84553,12552.84553,12552.84553,17201.21952,17201.21952,17201.21952,17201.21952,17201.21952,17201.21952,17201.21952,17201.21952,17201.21952,17201.21952,17201.21952,17201.21952,17201.21952,17201.21952
2049,3,671,671,671,671,537,537,537,537,0,0,630,630,620,620,1330,1330,0,0,1837.19,1837.19,1837.19,1837.19,0,0,630,630,1670,1670,630,630,1670,1670,524.96,524.96,524.96,524.96,524.96,524.96,1000,1000,2500,2500,4500.048,4500.048,0,0,4984.5,4984.5,630,630,1670,1670,630,630,1670,1670,459.984,1099.941,12552.84553,12552.84553,12552.84553,12552.84553,12552.84553,12552.84553,12552.84553,12552.84553,12552.84553,12552.84553,12552.84553,12552.84553,12552.84553,12552.84553,17201.21952,17201.21952,17201.21952,17201.21952,17201.21952,17201.21952,17201.21952,17201.21952,17201.21952,17201.21952,17201.21952,17201.21952,17201.21952,17201.21952
2049,4,671,671,671,671,537,537,537,537,0,0,630,630,620,620,1330,1330,0,0,1837.19,1837.19,1837.19,1837.19,0,0,630,630,1670,1670,630,630,1670,1670,524.96,524.96,524.96,524.96,524.96,524.96,1000,1000,2500,2500,4500.048,4500.048,0,0,4984.5,4984.5,630,630,1670,1670,630,630,1670,1670,459.984,1099.941,12552.84553,12552.84553,12552.84553,12552.84553,12552.84553,12552.84553,12552.84553,12552.84553,12552.84553,12552.84553,12552.84553,12552.84553,12552.84553,12552.84553,17201.21952,17201.21952,17201.21952,17201.21952,17201.21952,17201.21952,17201.21952,17201.21952,17201.21952,17201.21952,17201.21952,17201.21952,17201.21952,17201.21952
2049,5,671,671,671,671,537,537,537,537,0,0,630,630,620,620,1330,1330,0,0,1837.19,1837.19,1837.19,1837.19,0,0,630,630,1670,1670,630,630,1670,1670,524.96,524.96,524.96,524.96,524.96,524.96,1000,1000,2500,2500,4500.048,4500.048,0,0,4984.5,4984.5,630,630,1670,1670,630,630,1670,1670,459.984,1099.941,12552.84553,12552.84553,12552.84553,12552.84553,12552.84553,12552.84553,12552.84553,12552.84553,12552.84553,12552.84553,12552.84553,12552.84553,12552.84553,12552.84553,17201.21952,17201.21952,17201.21952,17201.21952,17201.21952,17201.21952,17201.21952,17201.21952,17201.21952,17201.21952,17201.21952,17201.21952,17201.21952,17201.21952
2049,6,671,671,671,671,537,537,537,537,0,0,630,630,620,620,1330,1330,0,0,1837.19,1837.19,1837.19,1837.19,0,0,630,630,1670,1670,630,630,1670,1670,524.96,524.96,524.96,524.96,524.96,524.96,1000,1000,2500,2500,4500.048,4500.048,0,0,4984.5,4984.5,630,630,1670,1670,630,630,1670,1670,459.984,1099.941,12552.84553,12552.84553,12552.84553,12552.84553,12552.84553,12552.84553,12552.84553,12552.84553,12552.84553,12552.84553,12552.84553,12552.84553,12552.84553,12552.84553,17201.21952,17201.21952,17201.21952,17201.21952,17201.21952,17201.21952,17201.21952,17201.21952,17201.21952,17201.21952,17201.21952,17201.21952,17201.21952,17201.21952
2049,7,671,671,671,671,537,537,537,537,0,0,630,630,620,620,1330,1330,0,0,1837.19,1837.19,1837.19,1837.19,0,0,630,630,1670,1670,630,630,1670,1670,524.96,524.96,524.96,524.96,524.96,524.96,1000,1000,2500,2500,4500.048,4500.048,0,0,4984.5,4984.5,630,630,1670,1670,630,630,1670,1670,459.984,1099.941,12552.84553,12552.84553,12552.84553,12552.84553,12552.84553,12552.84553,12552.84553,12552.84553,12552.84553,12552.84553,12552.84553,12552.84553,12552.84553,12552.84553,17201.21952,17201.21952,17201.21952,17201.21952,17201.21952,17201.21952,17201.21952,17201.21952,17201.21952,17201.21952,17201.21952,17201.21952,17201.21952,17201.21952
2049,8,671,671,671,671,537,537,537,537,0,0,630,630,620,620,1330,1330,0,0,1837.19,1837.19,1837.19,1837.19,0,0,630,630,1670,1670,630,630,1670,1670,524.96,524.96,524.96,524.96,524.96,524.96,1000,1000,2500,2500,4500.048,4500.048,0,0,4984.5,4984.5,630,630,1670,1670,630,630,1670,1670,459.984,1099.941,12552.84553,12552.84553,12552.84553,12552.84553,12552.84553,12552.84553,12552.84553,12552.84553,12552.84553,12552.84553,12552.84553,12552.84553,12552.84553,12552.84553,17201.21952,17201.21952,17201.21952,17201.21952,17201.21952,17201.21952,17201.21952,17201.21952,17201.21952,17201.21952,17201.21952,17201.21952,17201.21952,17201.21952
2049,9,671,671,671,671,537,537,537,537,0,0,630,630,620,620,1330,1330,0,0,1837.19,1837.19,1837.19,1837.19,0,0,630,630,1670,1670,630,630,1670,1670,524.96,524.96,524.96,524.96,524.96,524.96,1000,1000,2500,2500,4500.048,4500.048,0,0,4984.5,4984.5,630,630,1670,1670,630,630,1670,1670,459.984,1099.941,12552.84553,12552.84553,12552.84553,12552.84553,12552.84553,12552.84553,12552.84553,12552.84553,12552.84553,12552.84553,12552.84553,12552.84553,12552.84553,12552.84553,17201.21952,17201.21952,17201.21952,17201.21952,17201.21952,17201.21952,17201.21952,17201.21952,17201.21952,17201.21952,17201.21952,17201.21952,17201.21952,17201.21952
2049,10,671,671,671,671,537,537,537,537,0,0,630,630,620,620,1330,1330,0,0,1837.19,1837.19,1837.19,1837.19,0,0,630,630,1670,1670,630,630,1670,1670,524.96,524.96,524.96,524.96,524.96,524.96,1000,1000,2500,2500,4500.048,4500.048,0,0,4984.5,4984.5,630,630,1670,1670,630,630,1670,1670,459.984,1099.941,12552.84553,12552.84553,12552.84553,12552.84553,12552.84553,12552.84553,12552.84553,12552.84553,12552.84553,12552.84553,12552.84553,12552.84553,12552.84553,12552.84553,17201.21952,17201.21952,17201.21952,17201.21952,17201.21952,17201.21952,17201.21952,17201.21952,17201.21952,17201.21952,17201.21952,17201.21952,17201.21952,17201.21952
2049,11,671,671,671,671,537,537,537,537,0,0,630,630,620,620,1330,1330,0,0,1837.19,1837.19,1837.19,1837.19,0,0,630,630,1670,1670,630,630,1670,1670,524.96,524.96,524.96,524.96,524.96,524.96,1000,1000,2500,2500,4500.048,4500.048,0,0,4984.5,4984.5,630,630,1670,1670,630,630,1670,1670,459.984,1099.941,12552.84553,12552.84553,12552.84553,12552.84553,12552.84553,12552.84553,12552.84553,12552.84553,12552.84553,12552.84553,12552.84553,12552.84553,12552.84553,12552.84553,17201.21952,17201.21952,17201.21952,17201.21952,17201.21952,17201.21952,17201.21952,17201.21952,17201.21952,17201.21952,17201.21952,17201.21952,17201.21952,17201.21952
2049,12,671,671,671,671,537,537,537,537,0,0,630,630,620,620,1330,1330,0,0,1837.19,1837.19,1837.19,1837.19,0,0,630,630,1670,1670,630,630,1670,1670,524.96,524.96,524.96,524.96,524.96,524.96,1000,1000,2500,2500,4500.048,4500.048,0,0,4984.5,4984.5,630,630,1670,1670,630,630,1670,1670,459.984,1099.941,12552.84553,12552.84553,12552.84553,12552.84553,12552.84553,12552.84553,12552.84553,12552.84553,12552.84553,12552.84553,12552.84553,12552.84553,12552.84553,12552.84553,17201.21952,17201.21952,17201.21952,17201.21952,17201.21952,17201.21952,17201.21952,17201.21952,17201.21952,17201.21952,17201.21952,17201.21952,17201.21952,17201.21952
2050,1,671,671,671,671,537,537,537,537,0,0,630,630,620,620,1330,1330,0,0,1837.19,1837.19,1837.19,1837.19,0,0,630,630,1670,1670,630,630,1670,1670,524.96,524.96,524.96,524.96,524.96,524.96,1000,1000,2500,2500,4500.048,4500.048,0,0,4984.5,4984.5,630,630,1670,1670,630,630,1670,1670,459.984,1099.941,12552.84553,12552.84553,12552.84553,12552.84553,12552.84553,12552.84553,12552.84553,12552.84553,12552.84553,12552.84553,12552.84553,12552.84553,12552.84553,12552.84553,17201.21952,17201.21952,17201.21952,17201.21952,17201.21952,17201.21952,17201.21952,17201.21952,17201.21952,17201.21952,17201.21952,17201.21952,17201.21952,17201.21952
2050,2,671,671,671,671,537,537,537,537,0,0,630,630,620,620,1330,1330,0,0,1837.19,1837.19,1837.19,1837.19,0,0,630,630,1670,1670,630,630,1670,1670,524.96,524.96,524.96,524.96,524.96,524.96,1000,1000,2500,2500,4500.048,4500.048,0,0,4984.5,4984.5,630,630,1670,1670,630,630,1670,1670,459.984,1099.941,12552.84553,12552.84553,12552.84553,12552.84553,12552.84553,12552.84553,12552.84553,12552.84553,12552.84553,12552.84553,12552.84553,12552.84553,12552.84553,12552.84553,17201.21952,17201.21952,17201.21952,17201.21952,17201.21952,17201.21952,17201.21952,17201.21952,17201.21952,17201.21952,17201.21952,17201.21952,17201.21952,17201.21952
2050,3,671,671,671,671,537,537,537,537,0,0,630,630,620,620,1330,1330,0,0,1837.19,1837.19,1837.19,1837.19,0,0,630,630,1670,1670,630,630,1670,1670,524.96,524.96,524.96,524.96,524.96,524.96,1000,1000,2500,2500,4500.048,4500.048,0,0,4984.5,4984.5,630,630,1670,1670,630,630,1670,1670,459.984,1099.941,12552.84553,12552.84553,12552.84553,12552.84553,12552.84553,12552.84553,12552.84553,12552.84553,12552.84553,12552.84553,12552.84553,12552.84553,12552.84553,12552.84553,17201.21952,17201.21952,17201.21952,17201.21952,17201.21952,17201.21952,17201.21952,17201.21952,17201.21952,17201.21952,17201.21952,17201.21952,17201.21952,17201.21952
2050,4,671,671,671,671,537,537,537,537,0,0,630,630,620,620,1330,1330,0,0,1837.19,1837.19,1837.19,1837.19,0,0,630,630,1670,1670,630,630,1670,1670,524.96,524.96,524.96,524.96,524.96,524.96,1000,1000,2500,2500,4500.048,4500.048,0,0,4984.5,4984.5,630,630,1670,1670,630,630,1670,1670,459.984,1099.941,12552.84553,12552.84553,12552.84553,12552.84553,12552.84553,12552.84553,12552.84553,12552.84553,12552.84553,12552.84553,12552.84553,12552.84553,12552.84553,12552.84553,17201.21952,17201.21952,17201.21952,17201.21952,17201.21952,17201.21952,17201.21952,17201.21952,17201.21952,17201.21952,17201.21952,17201.21952,17201.21952,17201.21952
2050,5,671,671,671,671,537,537,537,537,0,0,630,630,620,620,1330,1330,0,0,1837.19,1837.19,1837.19,1837.19,0,0,630,630,1670,1670,630,630,1670,1670,524.96,524.96,524.96,524.96,524.96,524.96,1000,1000,2500,2500,4500.048,4500.048,0,0,4984.5,4984.5,630,630,1670,1670,630,630,1670,1670,459.984,1099.941,12552.84553,12552.84553,12552.84553,12552.84553,12552.84553,12552.84553,12552.84553,12552.84553,12552.84553,12552.84553,12552.84553,12552.84553,12552.84553,12552.84553,17201.21952,17201.21952,17201.21952,17201.21952,17201.21952,17201.21952,17201.21952,17201.21952,17201.21952,17201.21952,17201.21952,17201.21952,17201.21952,17201.21952
2050,6,671,671,671,671,537,537,537,537,0,0,630,630,620,620,1330,1330,0,0,1837.19,1837.19,1837.19,1837.19,0,0,630,630,1670,1670,630,630,1670,1670,524.96,524.96,524.96,524.96,524.96,524.96,1000,1000,2500,2500,4500.048,4500.048,0,0,4984.5,4984.5,630,630,1670,1670,630,630,1670,1670,459.984,1099.941,12552.84553,12552.84553,12552.84553,12552.84553,12552.84553,12552.84553,12552.84553,12552.84553,12552.84553,12552.84553,12552.84553,12552.84553,12552.84553,12552.84553,17201.21952,17201.21952,17201.21952,17201.21952,17201.21952,17201.21952,17201.21952,17201.21952,17201.21952,17201.21952,17201.21952,17201.21952,17201.21952,17201.21952
2050,7,671,671,671,671,537,537,537,537,0,0,630,630,620,620,1330,1330,0,0,1837.19,1837.19,1837.19,1837.19,0,0,630,630,1670,1670,630,630,1670,1670,524.96,524.96,524.96,524.96,524.96,524.96,1000,1000,2500,2500,4500.048,4500.048,0,0,4984.5,4984.5,630,630,1670,1670,630,630,1670,1670,459.984,1099.941,12552.84553,12552.84553,12552.84553,12552.84553,12552.84553,12552.84553,12552.84553,12552.84553,12552.84553,12552.84553,12552.84553,12552.84553,12552.84553,12552.84553,17201.21952,17201.21952,17201.21952,17201.21952,17201.21952,17201.21952,17201.21952,17201.21952,17201.21952,17201.21952,17201.21952,17201.21952,17201.21952,17201.21952
2050,8,671,671,671,671,537,537,537,537,0,0,630,630,620,620,1330,1330,0,0,1837.19,1837.19,1837.19,1837.19,0,0,630,630,1670,1670,630,630,1670,1670,524.96,524.96,524.96,524.96,524.96,524.96,1000,1000,2500,2500,4500.048,4500.048,0,0,4984.5,4984.5,630,630,1670,1670,630,630,1670,1670,459.984,1099.941,12552.84553,12552.84553,12552.84553,12552.84553,12552.84553,12552.84553,12552.84553,12552.84553,12552.84553,12552.84553,12552.84553,12552.84553,12552.84553,12552.84553,17201.21952,17201.21952,17201.21952,17201.21952,17201.21952,17201.21952,17201.21952,17201.21952,17201.21952,17201.21952,17201.21952,17201.21952,17201.21952,17201.21952
2050,9,671,671,671,671,537,537,537,537,0,0,630,630,620,620,1330,1330,0,0,1837.19,1837.19,1837.19,1837.19,0,0,630,630,1670,1670,630,630,1670,1670,524.96,524.96,524.96,524.96,524.96,524.96,1000,1000,2500,2500,4500.048,4500.048,0,0,4984.5,4984.5,630,630,1670,1670,630,630,1670,1670,459.984,1099.941,12552.84553,12552.84553,12552.84553,12552.84553,12552.84553,12552.84553,12552.84553,12552.84553,12552.84553,12552.84553,12552.84553,12552.84553,12552.84553,12552.84553,17201.21952,17201.21952,17201.21952,17201.21952,17201.21952,17201.21952,17201.21952,17201.21952,17201.21952,17201.21952,17201.21952,17201.21952,17201.21952,17201.21952
2050,10,671,671,671,671,537,537,537,537,0,0,630,630,620,620,1330,1330,0,0,1837.19,1837.19,1837.19,1837.19,0,0,630,630,1670,1670,630,630,1670,1670,524.96,524.96,524.96,524.96,524.96,524.96,1000,1000,2500,2500,4500.048,4500.048,0,0,4984.5,4984.5,630,630,1670,1670,630,630,1670,1670,459.984,1099.941,12552.84553,12552.84553,12552.84553,12552.84553,12552.84553,12552.84553,12552.84553,12552.84553,12552.84553,12552.84553,12552.84553,12552.84553,12552.84553,12552.84553,17201.21952,17201.21952,17201.21952,17201.21952,17201.21952,17201.21952,17201.21952,17201.21952,17201.21952,17201.21952,17201.21952,17201.21952,17201.21952,17201.21952
2050,11,671,671,671,671,537,537,537,537,0,0,630,630,620,620,1330,1330,0,0,1837.19,1837.19,1837.19,1837.19,0,0,630,630,1670,1670,630,630,1670,1670,524.96,524.96,524.96,524.96,524.96,524.96,1000,1000,2500,2500,4500.048,4500.048,0,0,4984.5,4984.5,630,630,1670,1670,630,630,1670,1670,459.984,1099.941,12552.84553,12552.84553,12552.84553,12552.84553,12552.84553,12552.84553,12552.84553,12552.84553,12552.84553,12552.84553,12552.84553,12552.84553,12552.84553,12552.84553,17201.21952,17201.21952,17201.21952,17201.21952,17201.21952,17201.21952,17201.21952,17201.21952,17201.21952,17201.21952,17201.21952,17201.21952,17201.21952,17201.21952
2050,12,671,671,671,671,537,537,537,537,0,0,630,630,620,620,1330,1330,0,0,1837.19,1837.19,1837.19,1837.19,0,0,630,630,1670,1670,630,630,1670,1670,524.96,524.96,524.96,524.96,524.96,524.96,1000,1000,2500,2500,4500.048,4500.048,0,0,4984.5,4984.5,630,630,1670,1670,630,630,1670,1670,459.984,1099.941,12552.84553,12552.84553,12552.84553,12552.84553,12552.84553,12552.84553,12552.84553,12552.84553,12552.84553,12552.84553,12552.84553,12552.84553,12552.84553,12552.84553,17201.21952,17201.21952,17201.21952,17201.21952,17201.21952,17201.21952,17201.21952,17201.21952,17201.21952,17201.21952,17201.21952,17201.21952,17201.21952,17201.21952
2051,1,671,671,671,671,537,537,537,537,0,0,630,630,620,620,1330,1330,0,0,1837.19,1837.19,1837.19,1837.19,0,0,630,630,1670,1670,630,630,1670,1670,524.96,524.96,524.96,524.96,524.96,524.96,1000,1000,2500,2500,4500.048,4500.048,0,0,4984.5,4984.5,630,630,1670,1670,630,630,1670,1670,459.984,1099.941,12552.84553,12552.84553,12552.84553,12552.84553,12552.84553,12552.84553,12552.84553,12552.84553,12552.84553,12552.84553,12552.84553,12552.84553,12552.84553,12552.84553,17201.21952,17201.21952,17201.21952,17201.21952,17201.21952,17201.21952,17201.21952,17201.21952,17201.21952,17201.21952,17201.21952,17201.21952,17201.21952,17201.21952
2051,2,671,671,671,671,537,537,537,537,0,0,630,630,620,620,1330,1330,0,0,1837.19,1837.19,1837.19,1837.19,0,0,630,630,1670,1670,630,630,1670,1670,524.96,524.96,524.96,524.96,524.96,524.96,1000,1000,2500,2500,4500.048,4500.048,0,0,4984.5,4984.5,630,630,1670,1670,630,630,1670,1670,459.984,1099.941,12552.84553,12552.84553,12552.84553,12552.84553,12552.84553,12552.84553,12552.84553,12552.84553,12552.84553,12552.84553,12552.84553,12552.84553,12552.84553,12552.84553,17201.21952,17201.21952,17201.21952,17201.21952,17201.21952,17201.21952,17201.21952,17201.21952,17201.21952,17201.21952,17201.21952,17201.21952,17201.21952,17201.21952
2051,3,671,671,671,671,537,537,537,537,0,0,630,630,620,620,1330,1330,0,0,1837.19,1837.19,1837.19,1837.19,0,0,630,630,1670,1670,630,630,1670,1670,524.96,524.96,524.96,524.96,524.96,524.96,1000,1000,2500,2500,4500.048,4500.048,0,0,4984.5,4984.5,630,630,1670,1670,630,630,1670,1670,459.984,1099.941,12552.84553,12552.84553,12552.84553,12552.84553,12552.84553,12552.84553,12552.84553,12552.84553,12552.84553,12552.84553,12552.84553,12552.84553,12552.84553,12552.84553,17201.21952,17201.21952,17201.21952,17201.21952,17201.21952,17201.21952,17201.21952,17201.21952,17201.21952,17201.21952,17201.21952,17201.21952,17201.21952,17201.21952
2051,4,671,671,671,671,537,537,537,537,0,0,630,630,620,620,1330,1330,0,0,1837.19,1837.19,1837.19,1837.19,0,0,630,630,1670,1670,630,630,1670,1670,524.96,524.96,524.96,524.96,524.96,524.96,1000,1000,2500,2500,4500.048,4500.048,0,0,4984.5,4984.5,630,630,1670,1670,630,630,1670,1670,459.984,1099.941,12552.84553,12552.84553,12552.84553,12552.84553,12552.84553,12552.84553,12552.84553,12552.84553,12552.84553,12552.84553,12552.84553,12552.84553,12552.84553,12552.84553,17201.21952,17201.21952,17201.21952,17201.21952,17201.21952,17201.21952,17201.21952,17201.21952,17201.21952,17201.21952,17201.21952,17201.21952,17201.21952,17201.21952
2051,5,671,671,671,671,537,537,537,537,0,0,630,630,620,620,1330,1330,0,0,1837.19,1837.19,1837.19,1837.19,0,0,630,630,1670,1670,630,630,1670,1670,524.96,524.96,524.96,524.96,524.96,524.96,1000,1000,2500,2500,4500.048,4500.048,0,0,4984.5,4984.5,630,630,1670,1670,630,630,1670,1670,459.984,1099.941,12552.84553,12552.84553,12552.84553,12552.84553,12552.84553,12552.84553,12552.84553,12552.84553,12552.84553,12552.84553,12552.84553,12552.84553,12552.84553,12552.84553,17201.21952,17201.21952,17201.21952,17201.21952,17201.21952,17201.21952,17201.21952,17201.21952,17201.21952,17201.21952,17201.21952,17201.21952,17201.21952,17201.21952
2051,6,671,671,671,671,537,537,537,537,0,0,630,630,620,620,1330,1330,0,0,1837.19,1837.19,1837.19,1837.19,0,0,630,630,1670,1670,630,630,1670,1670,524.96,524.96,524.96,524.96,524.96,524.96,1000,1000,2500,2500,4500.048,4500.048,0,0,4984.5,4984.5,630,630,1670,1670,630,630,1670,1670,459.984,1099.941,12552.84553,12552.84553,12552.84553,12552.84553,12552.84553,12552.84553,12552.84553,12552.84553,12552.84553,12552.84553,12552.84553,12552.84553,12552.84553,12552.84553,17201.21952,17201.21952,17201.21952,17201.21952,17201.21952,17201.21952,17201.21952,17201.21952,17201.21952,17201.21952,17201.21952,17201.21952,17201.21952,17201.21952
2051,7,671,671,671,671,537,537,537,537,0,0,630,630,620,620,1330,1330,0,0,1837.19,1837.19,1837.19,1837.19,0,0,630,630,1670,1670,630,630,1670,1670,524.96,524.96,524.96,524.96,524.96,524.96,1000,1000,2500,2500,4500.048,4500.048,0,0,4984.5,4984.5,630,630,1670,1670,630,630,1670,1670,459.984,1099.941,12552.84553,12552.84553,12552.84553,12552.84553,12552.84553,12552.84553,12552.84553,12552.84553,12552.84553,12552.84553,12552.84553,12552.84553,12552.84553,12552.84553,17201.21952,17201.21952,17201.21952,17201.21952,17201.21952,17201.21952,17201.21952,17201.21952,17201.21952,17201.21952,17201.21952,17201.21952,17201.21952,17201.21952
2051,8,671,671,671,671,537,537,537,537,0,0,630,630,620,620,1330,1330,0,0,1837.19,1837.19,1837.19,1837.19,0,0,630,630,1670,1670,630,630,1670,1670,524.96,524.96,524.96,524.96,524.96,524.96,1000,1000,2500,2500,4500.048,4500.048,0,0,4984.5,4984.5,630,630,1670,1670,630,630,1670,1670,459.984,1099.941,12552.84553,12552.84553,12552.84553,12552.84553,12552.84553,12552.84553,12552.84553,12552.84553,12552.84553,12552.84553,12552.84553,12552.84553,12552.84553,12552.84553,17201.21952,17201.21952,17201.21952,17201.21952,17201.21952,17201.21952,17201.21952,17201.21952,17201.21952,17201.21952,17201.21952,17201.21952,17201.21952,17201.21952
2051,9,671,671,671,671,537,537,537,537,0,0,630,630,620,620,1330,1330,0,0,1837.19,1837.19,1837.19,1837.19,0,0,630,630,1670,1670,630,630,1670,1670,524.96,524.96,524.96,524.96,524.96,524.96,1000,1000,2500,2500,4500.048,4500.048,0,0,4984.5,4984.5,630,630,1670,1670,630,630,1670,1670,459.984,1099.941,12552.84553,12552.84553,12552.84553,12552.84553,12552.84553,12552.84553,12552.84553,12552.84553,12552.84553,12552.84553,12552.84553,12552.84553,12552.84553,12552.84553,17201.21952,17201.21952,17201.21952,17201.21952,17201.21952,17201.21952,17201.21952,17201.21952,17201.21952,17201.21952,17201.21952,17201.21952,17201.21952,17201.21952
2051,10,671,671,671,671,537,537,537,537,0,0,630,630,620,620,1330,1330,0,0,1837.19,1837.19,1837.19,1837.19,0,0,630,630,1670,1670,630,630,1670,1670,524.96,524.96,524.96,524.96,524.96,524.96,1000,1000,2500,2500,4500.048,4500.048,0,0,4984.5,4984.5,630,630,1670,1670,630,630,1670,1670,459.984,1099.941,12552.84553,12552.84553,12552.84553,12552.84553,12552.84553,12552.84553,12552.84553,12552.84553,12552.84553,12552.84553,12552.84553,12552.84553,12552.84553,12552.84553,17201.21952,17201.21952,17201.21952,17201.21952,17201.21952,17201.21952,17201.21952,17201.21952,17201.21952,17201.21952,17201.21952,17201.21952,17201.21952,17201.21952
2051,11,671,671,671,671,537,537,537,537,0,0,630,630,620,620,1330,1330,0,0,1837.19,1837.19,1837.19,1837.19,0,0,630,630,1670,1670,630,630,1670,1670,524.96,524.96,524.96,524.96,524.96,524.96,1000,1000,2500,2500,4500.048,4500.048,0,0,4984.5,4984.5,630,630,1670,1670,630,630,1670,1670,459.984,1099.941,12552.84553,12552.84553,12552.84553,12552.84553,12552.84553,12552.84553,12552.84553,12552.84553,12552.84553,12552.84553,12552.84553,12552.84553,12552.84553,12552.84553,17201.21952,17201.21952,17201.21952,17201.21952,17201.21952,17201.21952,17201.21952,17201.21952,17201.21952,17201.21952,17201.21952,17201.21952,17201.21952,17201.21952
2051,12,671,671,671,671,537,537,537,537,0,0,630,630,620,620,1330,1330,0,0,1837.19,1837.19,1837.19,1837.19,0,0,630,630,1670,1670,630,630,1670,1670,524.96,524.96,524.96,524.96,524.96,524.96,1000,1000,2500,2500,4500.048,4500.048,0,0,4984.5,4984.5,630,630,1670,1670,630,630,1670,1670,459.984,1099.941,12552.84553,12552.84553,12552.84553,12552.84553,12552.84553,12552.84553,12552.84553,12552.84553,12552.84553,12552.84553,12552.84553,12552.84553,12552.84553,12552.84553,17201.21952,17201.21952,17201.21952,17201.21952,17201.21952,17201.21952,17201.21952,17201.21952,17201.21952,17201.21952,17201.21952,17201.21952,17201.21952,17201.21952
2052,1,671,671,671,671,537,537,537,537,0,0,630,630,620,620,1330,1330,0,0,1837.19,1837.19,1837.19,1837.19,0,0,630,630,1670,1670,630,630,1670,1670,524.96,524.96,524.96,524.96,524.96,524.96,1000,1000,2500,2500,4500.048,4500.048,0,0,4984.5,4984.5,630,630,1670,1670,630,630,1670,1670,459.984,1099.941,12552.84553,12552.84553,12552.84553,12552.84553,12552.84553,12552.84553,12552.84553,12552.84553,12552.84553,12552.84553,12552.84553,12552.84553,12552.84553,12552.84553,17201.21952,17201.21952,17201.21952,17201.21952,17201.21952,17201.21952,17201.21952,17201.21952,17201.21952,17201.21952,17201.21952,17201.21952,17201.21952,17201.21952
2052,2,671,671,671,671,537,537,537,537,0,0,630,630,620,620,1330,1330,0,0,1837.19,1837.19,1837.19,1837.19,0,0,630,630,1670,1670,630,630,1670,1670,524.96,524.96,524.96,524.96,524.96,524.96,1000,1000,2500,2500,4500.048,4500.048,0,0,4984.5,4984.5,630,630,1670,1670,630,630,1670,1670,459.984,1099.941,12552.84553,12552.84553,12552.84553,12552.84553,12552.84553,12552.84553,12552.84553,12552.84553,12552.84553,12552.84553,12552.84553,12552.84553,12552.84553,12552.84553,17201.21952,17201.21952,17201.21952,17201.21952,17201.21952,17201.21952,17201.21952,17201.21952,17201.21952,17201.21952,17201.21952,17201.21952,17201.21952,17201.21952
2052,3,671,671,671,671,537,537,537,537,0,0,630,630,620,620,1330,1330,0,0,1837.19,1837.19,1837.19,1837.19,0,0,630,630,1670,1670,630,630,1670,1670,524.96,524.96,524.96,524.96,524.96,524.96,1000,1000,2500,2500,4500.048,4500.048,0,0,4984.5,4984.5,630,630,1670,1670,630,630,1670,1670,459.984,1099.941,12552.84553,12552.84553,12552.84553,12552.84553,12552.84553,12552.84553,12552.84553,12552.84553,12552.84553,12552.84553,12552.84553,12552.84553,12552.84553,12552.84553,17201.21952,17201.21952,17201.21952,17201.21952,17201.21952,17201.21952,17201.21952,17201.21952,17201.21952,17201.21952,17201.21952,17201.21952,17201.21952,17201.21952
2052,4,671,671,671,671,537,537,537,537,0,0,630,630,620,620,1330,1330,0,0,1837.19,1837.19,1837.19,1837.19,0,0,630,630,1670,1670,630,630,1670,1670,524.96,524.96,524.96,524.96,524.96,524.96,1000,1000,2500,2500,4500.048,4500.048,0,0,4984.5,4984.5,630,630,1670,1670,630,630,1670,1670,459.984,1099.941,12552.84553,12552.84553,12552.84553,12552.84553,12552.84553,12552.84553,12552.84553,12552.84553,12552.84553,12552.84553,12552.84553,12552.84553,12552.84553,12552.84553,17201.21952,17201.21952,17201.21952,17201.21952,17201.21952,17201.21952,17201.21952,17201.21952,17201.21952,17201.21952,17201.21952,17201.21952,17201.21952,17201.21952
2052,5,671,671,671,671,537,537,537,537,0,0,630,630,620,620,1330,1330,0,0,1837.19,1837.19,1837.19,1837.19,0,0,630,630,1670,1670,630,630,1670,1670,524.96,524.96,524.96,524.96,524.96,524.96,1000,1000,2500,2500,4500.048,4500.048,0,0,4984.5,4984.5,630,630,1670,1670,630,630,1670,1670,459.984,1099.941,12552.84553,12552.84553,12552.84553,12552.84553,12552.84553,12552.84553,12552.84553,12552.84553,12552.84553,12552.84553,12552.84553,12552.84553,12552.84553,12552.84553,17201.21952,17201.21952,17201.21952,17201.21952,17201.21952,17201.21952,17201.21952,17201.21952,17201.21952,17201.21952,17201.21952,17201.21952,17201.21952,17201.21952
2052,6,671,671,671,671,537,537,537,537,0,0,630,630,620,620,1330,1330,0,0,1837.19,1837.19,1837.19,1837.19,0,0,630,630,1670,1670,630,630,1670,1670,524.96,524.96,524.96,524.96,524.96,524.96,1000,1000,2500,2500,4500.048,4500.048,0,0,4984.5,4984.5,630,630,1670,1670,630,630,1670,1670,459.984,1099.941,12552.84553,12552.84553,12552.84553,12552.84553,12552.84553,12552.84553,12552.84553,12552.84553,12552.84553,12552.84553,12552.84553,12552.84553,12552.84553,12552.84553,17201.21952,17201.21952,17201.21952,17201.21952,17201.21952,17201.21952,17201.21952,17201.21952,17201.21952,17201.21952,17201.21952,17201.21952,17201.21952,17201.21952
2052,7,671,671,671,671,537,537,537,537,0,0,630,630,620,620,1330,1330,0,0,1837.19,1837.19,1837.19,1837.19,0,0,630,630,1670,1670,630,630,1670,1670,524.96,524.96,524.96,524.96,524.96,524.96,1000,1000,2500,2500,4500.048,4500.048,0,0,4984.5,4984.5,630,630,1670,1670,630,630,1670,1670,459.984,1099.941,12552.84553,12552.84553,12552.84553,12552.84553,12552.84553,12552.84553,12552.84553,12552.84553,12552.84553,12552.84553,12552.84553,12552.84553,12552.84553,12552.84553,17201.21952,17201.21952,17201.21952,17201.21952,17201.21952,17201.21952,17201.21952,17201.21952,17201.21952,17201.21952,17201.21952,17201.21952,17201.21952,17201.21952
2052,8,671,671,671,671,537,537,537,537,0,0,630,630,620,620,1330,1330,0,0,1837.19,1837.19,1837.19,1837.19,0,0,630,630,1670,1670,630,630,1670,1670,524.96,524.96,524.96,524.96,524.96,524.96,1000,1000,2500,2500,4500.048,4500.048,0,0,4984.5,4984.5,630,630,1670,1670,630,630,1670,1670,459.984,1099.941,12552.84553,12552.84553,12552.84553,12552.84553,12552.84553,12552.84553,12552.84553,12552.84553,12552.84553,12552.84553,12552.84553,12552.84553,12552.84553,12552.84553,17201.21952,17201.21952,17201.21952,17201.21952,17201.21952,17201.21952,17201.21952,17201.21952,17201.21952,17201.21952,17201.21952,17201.21952,17201.21952,17201.21952
2052,9,671,671,671,671,537,537,537,537,0,0,630,630,620,620,1330,1330,0,0,1837.19,1837.19,1837.19,1837.19,0,0,630,630,1670,1670,630,630,1670,1670,524.96,524.96,524.96,524.96,524.96,524.96,1000,1000,2500,2500,4500.048,4500.048,0,0,4984.5,4984.5,630,630,1670,1670,630,630,1670,1670,459.984,1099.941,12552.84553,12552.84553,12552.84553,12552.84553,12552.84553,12552.84553,12552.84553,12552.84553,12552.84553,12552.84553,12552.84553,12552.84553,12552.84553,12552.84553,17201.21952,17201.21952,17201.21952,17201.21952,17201.21952,17201.21952,17201.21952,17201.21952,17201.21952,17201.21952,17201.21952,17201.21952,17201.21952,17201.21952
2052,10,671,671,671,671,537,537,537,537,0,0,630,630,620,620,1330,1330,0,0,1837.19,1837.19,1837.19,1837.19,0,0,630,630,1670,1670,630,630,1670,1670,524.96,524.96,524.96,524.96,524.96,524.96,1000,1000,2500,2500,4500.048,4500.048,0,0,4984.5,4984.5,630,630,1670,1670,630,630,1670,1670,459.984,1099.941,12552.84553,12552.84553,12552.84553,12552.84553,12552.84553,12552.84553,12552.84553,12552.84553,12552.84553,12552.84553,12552.84553,12552.84553,12552.84553,12552.84553,17201.21952,17201.21952,17201.21952,17201.21952,17201.21952,17201.21952,17201.21952,17201.21952,17201.21952,17201.21952,17201.21952,17201.21952,17201.21952,17201.21952
2052,11,671,671,671,671,537,537,537,537,0,0,630,630,620,620,1330,1330,0,0,1837.19,1837.19,1837.19,1837.19,0,0,630,630,1670,1670,630,630,1670,1670,524.96,524.96,524.96,524.96,524.96,524.96,1000,1000,2500,2500,4500.048,4500.048,0,0,4984.5,4984.5,630,630,1670,1670,630,630,1670,1670,459.984,1099.941,12552.84553,12552.84553,12552.84553,12552.84553,12552.84553,12552.84553,12552.84553,12552.84553,12552.84553,12552.84553,12552.84553,12552.84553,12552.84553,12552.84553,17201.21952,17201.21952,17201.21952,17201.21952,17201.21952,17201.21952,17201.21952,17201.21952,17201.21952,17201.21952,17201.21952,17201.21952,17201.21952,17201.21952
2052,12,671,671,671,671,537,537,537,537,0,0,630,630,620,620,1330,1330,0,0,1837.19,1837.19,1837.19,1837.19,0,0,630,630,1670,1670,630,630,1670,1670,524.96,524.96,524.96,524.96,524.96,524.96,1000,1000,2500,2500,4500.048,4500.048,0,0,4984.5,4984.5,630,630,1670,1670,630,630,1670,1670,459.984,1099.941,12552.84553,12552.84553,12552.84553,12552.84553,12552.84553,12552.84553,12552.84553,12552.84553,12552.84553,12552.84553,12552.84553,12552.84553,12552.84553,12552.84553,17201.21952,17201.21952,17201.21952,17201.21952,17201.21952,17201.21952,17201.21952,17201.21952,17201.21952,17201.21952,17201.21952,17201.21952,17201.21952,17201.21952
2053,1,671,671,671,671,537,537,537,537,0,0,630,630,620,620,1330,1330,0,0,1837.19,1837.19,1837.19,1837.19,0,0,630,630,1670,1670,630,630,1670,1670,524.96,524.96,524.96,524.96,524.96,524.96,1000,1000,2500,2500,4500.048,4500.048,0,0,4984.5,4984.5,630,630,1670,1670,630,630,1670,1670,459.984,1099.941,12552.84553,12552.84553,12552.84553,12552.84553,12552.84553,12552.84553,12552.84553,12552.84553,12552.84553,12552.84553,12552.84553,12552.84553,12552.84553,12552.84553,17201.21952,17201.21952,17201.21952,17201.21952,17201.21952,17201.21952,17201.21952,17201.21952,17201.21952,17201.21952,17201.21952,17201.21952,17201.21952,17201.21952
2053,2,671,671,671,671,537,537,537,537,0,0,630,630,620,620,1330,1330,0,0,1837.19,1837.19,1837.19,1837.19,0,0,630,630,1670,1670,630,630,1670,1670,524.96,524.96,524.96,524.96,524.96,524.96,1000,1000,2500,2500,4500.048,4500.048,0,0,4984.5,4984.5,630,630,1670,1670,630,630,1670,1670,459.984,1099.941,12552.84553,12552.84553,12552.84553,12552.84553,12552.84553,12552.84553,12552.84553,12552.84553,12552.84553,12552.84553,12552.84553,12552.84553,12552.84553,12552.84553,17201.21952,17201.21952,17201.21952,17201.21952,17201.21952,17201.21952,17201.21952,17201.21952,17201.21952,17201.21952,17201.21952,17201.21952,17201.21952,17201.21952
2053,3,671,671,671,671,537,537,537,537,0,0,630,630,620,620,1330,1330,0,0,1837.19,1837.19,1837.19,1837.19,0,0,630,630,1670,1670,630,630,1670,1670,524.96,524.96,524.96,524.96,524.96,524.96,1000,1000,2500,2500,4500.048,4500.048,0,0,4984.5,4984.5,630,630,1670,1670,630,630,1670,1670,459.984,1099.941,12552.84553,12552.84553,12552.84553,12552.84553,12552.84553,12552.84553,12552.84553,12552.84553,12552.84553,12552.84553,12552.84553,12552.84553,12552.84553,12552.84553,17201.21952,17201.21952,17201.21952,17201.21952,17201.21952,17201.21952,17201.21952,17201.21952,17201.21952,17201.21952,17201.21952,17201.21952,17201.21952,17201.21952
2053,4,671,671,671,671,537,537,537,537,0,0,630,630,620,620,1330,1330,0,0,1837.19,1837.19,1837.19,1837.19,0,0,630,630,1670,1670,630,630,1670,1670,524.96,524.96,524.96,524.96,524.96,524.96,1000,1000,2500,2500,4500.048,4500.048,0,0,4984.5,4984.5,630,630,1670,1670,630,630,1670,1670,459.984,1099.941,12552.84553,12552.84553,12552.84553,12552.84553,12552.84553,12552.84553,12552.84553,12552.84553,12552.84553,12552.84553,12552.84553,12552.84553,12552.84553,12552.84553,17201.21952,17201.21952,17201.21952,17201.21952,17201.21952,17201.21952,17201.21952,17201.21952,17201.21952,17201.21952,17201.21952,17201.21952,17201.21952,17201.21952
2053,5,671,671,671,671,537,537,537,537,0,0,630,630,620,620,1330,1330,0,0,1837.19,1837.19,1837.19,1837.19,0,0,630,630,1670,1670,630,630,1670,1670,524.96,524.96,524.96,524.96,524.96,524.96,1000,1000,2500,2500,4500.048,4500.048,0,0,4984.5,4984.5,630,630,1670,1670,630,630,1670,1670,459.984,1099.941,12552.84553,12552.84553,12552.84553,12552.84553,12552.84553,12552.84553,12552.84553,12552.84553,12552.84553,12552.84553,12552.84553,12552.84553,12552.84553,12552.84553,17201.21952,17201.21952,17201.21952,17201.21952,17201.21952,17201.21952,17201.21952,17201.21952,17201.21952,17201.21952,17201.21952,17201.21952,17201.21952,17201.21952
2053,6,671,671,671,671,537,537,537,537,0,0,630,630,620,620,1330,1330,0,0,1837.19,1837.19,1837.19,1837.19,0,0,630,630,1670,1670,630,630,1670,1670,524.96,524.96,524.96,524.96,524.96,524.96,1000,1000,2500,2500,4500.048,4500.048,0,0,4984.5,4984.5,630,630,1670,1670,630,630,1670,1670,459.984,1099.941,12552.84553,12552.84553,12552.84553,12552.84553,12552.84553,12552.84553,12552.84553,12552.84553,12552.84553,12552.84553,12552.84553,12552.84553,12552.84553,12552.84553,17201.21952,17201.21952,17201.21952,17201.21952,17201.21952,17201.21952,17201.21952,17201.21952,17201.21952,17201.21952,17201.21952,17201.21952,17201.21952,17201.21952
2053,7,671,671,671,671,537,537,537,537,0,0,630,630,620,620,1330,1330,0,0,1837.19,1837.19,1837.19,1837.19,0,0,630,630,1670,1670,630,630,1670,1670,524.96,524.96,524.96,524.96,524.96,524.96,1000,1000,2500,2500,4500.048,4500.048,0,0,4984.5,4984.5,630,630,1670,1670,630,630,1670,1670,459.984,1099.941,12552.84553,12552.84553,12552.84553,12552.84553,12552.84553,12552.84553,12552.84553,12552.84553,12552.84553,12552.84553,12552.84553,12552.84553,12552.84553,12552.84553,17201.21952,17201.21952,17201.21952,17201.21952,17201.21952,17201.21952,17201.21952,17201.21952,17201.21952,17201.21952,17201.21952,17201.21952,17201.21952,17201.21952
2053,8,671,671,671,671,537,537,537,537,0,0,630,630,620,620,1330,1330,0,0,1837.19,1837.19,1837.19,1837.19,0,0,630,630,1670,1670,630,630,1670,1670,524.96,524.96,524.96,524.96,524.96,524.96,1000,1000,2500,2500,4500.048,4500.048,0,0,4984.5,4984.5,630,630,1670,1670,630,630,1670,1670,459.984,1099.941,12552.84553,12552.84553,12552.84553,12552.84553,12552.84553,12552.84553,12552.84553,12552.84553,12552.84553,12552.84553,12552.84553,12552.84553,12552.84553,12552.84553,17201.21952,17201.21952,17201.21952,17201.21952,17201.21952,17201.21952,17201.21952,17201.21952,17201.21952,17201.21952,17201.21952,17201.21952,17201.21952,17201.21952
2053,9,671,671,671,671,537,537,537,537,0,0,630,630,620,620,1330,1330,0,0,1837.19,1837.19,1837.19,1837.19,0,0,630,630,1670,1670,630,630,1670,1670,524.96,524.96,524.96,524.96,524.96,524.96,1000,1000,2500,2500,4500.048,4500.048,0,0,4984.5,4984.5,630,630,1670,1670,630,630,1670,1670,459.984,1099.941,12552.84553,12552.84553,12552.84553,12552.84553,12552.84553,12552.84553,12552.84553,12552.84553,12552.84553,12552.84553,12552.84553,12552.84553,12552.84553,12552.84553,17201.21952,17201.21952,17201.21952,17201.21952,17201.21952,17201.21952,17201.21952,17201.21952,17201.21952,17201.21952,17201.21952,17201.21952,17201.21952,17201.21952
2053,10,671,671,671,671,537,537,537,537,0,0,630,630,620,620,1330,1330,0,0,1837.19,1837.19,1837.19,1837.19,0,0,630,630,1670,1670,630,630,1670,1670,524.96,524.96,524.96,524.96,524.96,524.96,1000,1000,2500,2500,4500.048,4500.048,0,0,4984.5,4984.5,630,630,1670,1670,630,630,1670,1670,459.984,1099.941,12552.84553,12552.84553,12552.84553,12552.84553,12552.84553,12552.84553,12552.84553,12552.84553,12552.84553,12552.84553,12552.84553,12552.84553,12552.84553,12552.84553,17201.21952,17201.21952,17201.21952,17201.21952,17201.21952,17201.21952,17201.21952,17201.21952,17201.21952,17201.21952,17201.21952,17201.21952,17201.21952,17201.21952
2053,11,671,671,671,671,537,537,537,537,0,0,630,630,620,620,1330,1330,0,0,1837.19,1837.19,1837.19,1837.19,0,0,630,630,1670,1670,630,630,1670,1670,524.96,524.96,524.96,524.96,524.96,524.96,1000,1000,2500,2500,4500.048,4500.048,0,0,4984.5,4984.5,630,630,1670,1670,630,630,1670,1670,459.984,1099.941,12552.84553,12552.84553,12552.84553,12552.84553,12552.84553,12552.84553,12552.84553,12552.84553,12552.84553,12552.84553,12552.84553,12552.84553,12552.84553,12552.84553,17201.21952,17201.21952,17201.21952,17201.21952,17201.21952,17201.21952,17201.21952,17201.21952,17201.21952,17201.21952,17201.21952,17201.21952,17201.21952,17201.21952
2053,12,671,671,671,671,537,537,537,537,0,0,630,630,620,620,1330,1330,0,0,1837.19,1837.19,1837.19,1837.19,0,0,630,630,1670,1670,630,630,1670,1670,524.96,524.96,524.96,524.96,524.96,524.96,1000,1000,2500,2500,4500.048,4500.048,0,0,4984.5,4984.5,630,630,1670,1670,630,630,1670,1670,459.984,1099.941,12552.84553,12552.84553,12552.84553,12552.84553,12552.84553,12552.84553,12552.84553,12552.84553,12552.84553,12552.84553,12552.84553,12552.84553,12552.84553,12552.84553,17201.21952,17201.21952,17201.21952,17201.21952,17201.21952,17201.21952,17201.21952,17201.21952,17201.21952,17201.21952,17201.21952,17201.21952,17201.21952,17201.21952
